# x |x| K_N count nontrivial_mass_2^-64 min_program kt depth0 open_progs speed_nontrivial_lo_2^-128 speed_nontrivial_hi_2^-128 honest_nontrivial_lo_2^-128 honest_nontrivial_hi_2^-128 kt_program
0010 4 4 24012201 73801962323181568 0001001010 4 0 0 1243467306529956122149645392250483490 1243467306529956122149645392256923892 263497905828424875996759094641778881 263497905828424875996759094663597476 0001001010
000010 6 6 23856015 40829505027178496 000001001010 6 0 0 671486087854348126571430648673591101 671486087854348126571430648680737923 104252282231741739703031986522621463 104252282231741739703031986540894360 000001001010
0000110 7 7 10285961 18634815234375680 0000010010110 7 0 0 310906435754038155855469620506918168 310906435754038155855469620509760767 41942598386825677901101353565950203 41942598386825677901101353572586170 0000010010110
00000010 8 8 16969045 17637622235004928 00000001001010 8 0 0 283371497241130732088032134725912935 283371497241130732088032134731289983 35066546880736679164088208861098048 35066546880736679164088208878010929 00000001001010
00011010 8 8 6550274 12347994292617216 00010001101010 8 0 0 203851259596475993245615734421314691 203851259596475993245615734423498437 24698643334714591702863789657339708 24698643334714591702863789663864629 00010001101010
000000110 9 9 7270833 7944632776261632 000000010010110 9 0 0 128030417170301097654795666442193218 128030417170301097654795666444356079 14265618438449428845359415741057379 14265618438449428845359415748286398 000000010010110
0000000010 10 10 9521144 6587859611942912 0000000001001010 10 0 0 103656875870753857174167928473083161 103656875870753857174167928476022401 10731691251443320295925606994215519 10731691251443320295925607003614739 0000000001001010
0000011010 10 10 4716190 4837797961662464 0000010001101010 10 0 0 78171688162748382881881807351698594 78171688162748382881881807353118630 7919234967177380091551166702937951 7919234967177380091551166707594424 0000010001101010
0001100010 10 10 4574061 4707258898317312 0001000110001010 10 0 0 75114655461712694526609874371898181 75114655461712694526609874373482497 7684938332171664322722765501590802 7684938332171664322722765506055793 0001000110001010
0000001110 10 10 3744382 4092848576135168 0000000100101110 10 0 0 66629513185558539380181094034513483 66629513185558539380181094035574801 6710894385241396427122352070743188 6710894385241396427122352074464986 0000000100101110
00000000110 11 11 4325191 3033226918494208 00000000010010110 11 0 0 47456001913300592582847942208021706 47456001913300592582847942209338480 4533224599228967703635004561897429 4533224599228967703635004565989825 00000000010010110
00011000110 11 11 2197713 2346385160536064 00010001100011010 11 0 0 37577333986551961138967324567542810 37577333986551961138967324568234330 3519187577316322122810606841515424 3519187577316322122810606843598468 00010001100011010
000000000010 12 12 4672479 2246244625809408 000000000001001010 12 0 0 34710821820569146861330552841866424 34710821820569146861330552843237995 3101097619429370958923192392944840 3101097619429370958923192396599204 000000000001001010
00000111010 11 11 2144843 2122775623892992 00000100100111010 11 0 0 34537467907074388457627693382840582 34537467907074388457627693383420116 3194447983772540302178892731673992 3194447983772540302178892733752988 00000100100111010
00000110110 11 11 2115022 2108948840710144 00000100100110110 11 0 0 34468818233536419438121632174709288 34468818233536419438121632175263438 3177455785848540801766760085914668 3177455785848540801766760087964522 00000100100110110
000001100010 12 12 2861778 1760605685940224 000001000110001010 12 0 0 27550999034097549342720502482900101 27550999034097549342720502483766575 2434610786755810565511516555007558 2434610786755810565511516557235906 000001000110001010
000000011010 12 12 2715116 1734644177305600 000000010001101010 12 0 0 27488917765087515555660605128427839 27488917765087515555660605129191150 2404200560957981183428628822394717 2404200560957981183428628824538075 000000010001101010
000110000010 12 12 2551249 1691715022880768 000100011000001010 12 0 0 26570788567343185120359618978923123 26570788567343185120359618979698624 2340803071160294089340211886880824 2340803071160294089340211888831022 000100011000001010
000001110110 12 12 1602546 1527882790731776 00000100011010110 12 0 0 24353623053058443036490398626912814 24353623053058443036490398627410690 2118977597302613475304718387096024 2118977597302613475304718388286617 00000100011010110
000101101010 12 12 1419754 1460828041641984 000100010110101010 12 0 0 23375609721255497752648352567064176 23375609721255497752648352567511437 2026774132271476767994083920428357 2026774132271476767994083921427763 000100010110101010
000110011010 12 12 1414138 1459706333757440 000100011001101010 12 0 0 23372403982353185846474860466558573 23372403982353185846474860467001599 2025620476937718800767396554898819 2025620476937718800767396555891879 000100011001101010
000000001110 12 12 2057355 1446951421739008 000000000100101110 12 0 0 23115227243548598378951733873250338 23115227243548598378951733873809000 2008007078019637925021903760437467 2008007078019637925021903762066528 000000000100101110
0000000000110 13 13 2292848 1053903193899008 0000000000010010110 13 0 0 16128161023905261266800840234844602 16128161023905261266800840235575884 1350560831393582155016131783518727 1350560831393582155016131785247127 0000000000010010110
0000011100010 13 13 1549569 890361174032384 0000010001100010110 13 0 0 13972215665168773154240971362373554 13972215665168773154240971362824972 1146038252601452045288849792011694 1146038252601452045288849793170656 0000010001100010110
0000011000110 13 13 1360327 829433296453632 0000010001100011010 13 0 0 13055291103310991126478319260311833 13055291103310991126478319260721006 1067284953009148668149534432319286 1067284953009148668149534433333965 0000010001100011010
0000000011110 13 13 1227366 806430365974528 0000000001001011110 13 0 0 12799782191619648245982770911942735 12799782191619648245982770912286993 1039928612835820875575259950459239 1039928612835820875575259951365803 0000000001001011110
0001100000110 13 13 1132514 752939668865024 0001000110000011010 13 0 0 12040142981727847398834523496126667 12040142981727847398834523496447647 971857579650349072051708995845786 971857579650349072051708996694025 0001000110000011010
0000000111010 13 13 1241543 752136954576896 0000000100100111010 13 0 0 12013250680625730819917669853665054 12013250680625730819917669854012192 970250895437489028523403030664914 970250895437489028523403031605240 0000000100100111010
0000000110110 13 13 1213178 744808557576192 0000000100100110110 13 0 0 11977384724858574574691289692942820 11977384724858574574691289693266512 962318132250905202190328093174207 962318132250905202190328094086180 0000000100100110110
00000000000010 14 14 2111091 718553674153984 00000000000001001010 14 0 0 10950605637191317515558300947779601 10950605637191317515558300948444891 861367355361427790224707192296978 861367355361427790224707193828124 00000000000001001010
00000001100010 14 14 1493156 593536789512192 00000001000110001010 14 0 0 9152232497572345821530890059846386 9152232497572345821530890060301791 712449035403226432177020252709133 712449035403226432177020253809860 00000001000110001010
00000110000010 14 14 1439353 587617896759296 00000100011000001010 14 0 0 9068503888306912570170327924985447 9068503888306912570170327925425408 705439129729964033056883527762014 705439129729964033056883528830523 00000100011000001010
00000000011010 14 14 1383875 578481956061184 00000000010001101010 14 0 0 9017974957743107313269844939648513 9017974957743107313269844940066242 695565024995005983784766771206876 695565024995005983784766772210292 00000000010001101010
00011000000010 14 14 1312207 565889992753152 00010001100000001010 14 0 0 8766943871180799848107428959020635 8766943871180799848107428959418860 679740421421535778680254346753240 679740421421535778680254347731498 00010001100000001010
00000000001110 14 14 1118694 518091494653952 00000000000100101110 14 0 0 7917132981414388704248530794529712 7917132981414388704248530794878528 620873211524773596542936846635530 620873211524773596542936847465783 00000000000100101110
00000101101010 14 14 899021 497296403857408 00000100010110101010 14 0 0 7817456287814276297514837090967497 7817456287814276297514837091258766 598365921307156359165331580163106 598365921307156359165331580846692 00000100010110101010
00000110011010 14 14 898522 497158822297600 00000100011001101010 14 0 0 7817500609944504375573347266233643 7817500609944504375573347266524747 598260935864842434755684804720935 598260935864842434755684805404020 00000100011001101010
00000001110110 14 14 882029 496123651293184 0000000100011010110 14 0 0 7767655018037756678054931843328517 7767655018037756678054931843607360 596624336387455345590398827059927 596624336387455345590398827726570 0000000100011010110
00010110100010 14 14 790752 469276968353792 00010001011010001010 14 0 0 7331272675432113773064310284303090 7331272675432113773064310284553560 564148736907472617072834958228400 564148736907472617072834958849216 00010001011010001010
00010110001010 14 14 810510 459702655778816 00010001011000101010 14 0 0 7144790413094694107482347216179322 7144790413094694107482347216438096 551762011200500702085563634450294 551762011200500702085563635085155 00010001011000101010
00011001100010 14 14 809798 458395232501760 00010001100110001010 14 0 0 7143170777169696092036536155798558 7143170777169696092036536156056032 550779200164178826042931744486837 550779200164178826042931745121082 00010001100110001010
00011000011010 14 14 767521 440542865391616 00010001100001101010 14 0 0 6984387395649596684426333017064508 6984387395649596684426333017297037 530785620501524186109669226606489 530785620501524186109669227183335 00010001100001101010
00011000001110 14 14 703851 423565270712320 00010001100000111010 14 0 0 6688483178842683828607576708615348 6688483178842683828607576708830902 510027339526606111689786449246411 510027339526606111689786449785024 00010001100000111010
00000110001110 14 14 663902 392513655406592 00000100100110001110 14 0 0 6281798231881489225686941186669571 6281798231881489225686941186858964 473646442896385576496409587085027 473646442896385576496409587576336 00000100100110001110
00000001101110 14 14 683397 387327549505536 00000001001001101110 14 0 0 6208007447565098499122819889220277 6208007447565098499122819889412731 467468783723481290430826830776157 467468783723481290430826831277298 00000001001001101110
00000001111010 14 14 679993 386924762103808 00000001001001111010 14 0 0 6205604925966508623849198082344207 6205604925966508623849198082533679 467033391918418877423215175725429 467033391918418877423215176223164 00000001001001111010
00000111000110 14 14 612407 364710696321024 00000100100111000110 14 0 0 5873086212279236632467118795940902 5873086212279236632467118796110940 440477362975036684512397329077920 440477362975036684512397329527309 00000100100111000110
000000000000110 15 15 1060838 340693079818240 000000000000010010110 15 0 0 5143074369533143833402698291024072 5143074369533143833402698291396790 382691728804145354583120233647192 382691728804145354583120234506913 000000000000010010110
000001110000010 15 15 770434 293797665701888 000001000110000010110 15 0 0 4551218277921184129002179967119103 4551218277921184129002179967365922 331370788313300346676185168645842 331370788313300346676185169270716 000001000110000010110
000000011100010 15 15 769216 289434801012736 000000010001100010110 15 0 0 4482202160837565387187140940627905 4482202160837565387187140940872802 326401340948204602470436892781425 326401340948204602470436893398856 000000010001100010110
000000011000110 15 15 696433 275705728335872 000000010001100011010 15 0 0 4285376620140992778900752723121799 4285376620140992778900752723350931 310913579579751160583907328992298 310913579579751160583907329551951 000000010001100011010
000001100000110 15 15 649509 264313403080704 000001000110000011010 15 0 0 4138620116828684863142039480730181 4138620116828684863142039480932726 298501363646079080155455715243254 298501363646079080155455715758440 000001000110000011010
000110000000110 15 15 614349 261347895934976 000100011000000011010 15 0 0 4059727886273035873723941937676344 4059727886273035873723941937873836 294799945336846053545856129425531 294799945336846053545856129920380 000100011000000011010
000001110001110 15 15 512504 259131759919104 00000100011000110110 15 0 0 4014413657110236671529134078250338 4014413657110236671529134078424387 292201639695276894286697612788762 292201639695276894286697613225208 00000100011000110110
000000000011110 15 15 596899 257368382242816 000000000001001011110 15 0 0 4033447081904270464813411145902402 4033447081904270464813411146088930 290723956533987212439423301444396 290723956533987212439423301924294 000000000001001011110
000000000111010 15 15 628307 252949078999040 000000000100100111010 15 0 0 3980008930195393809558652499375096 3980008930195393809558652499575181 285744380216237771979963310823917 285744380216237771979963311309490 000000000100100111010
000000000110110 15 15 611016 250375865106432 000000000100100110110 15 0 0 3967527520675560076918188292427191 3967527520675560076918188292613165 283252870612947967044531383172262 283252870612947967044531383640550 000000000100100110110
0001011010011010 16 16 377816 247722414178304 000100011010011010 16 0 0 3744798434191659508828864064323534 3744798434191659508828864064509067 261813223631151367388455877179344 261813223631151367388455877557100 000100011010011010
000110011000110 15 15 439856 240887502209024 000100011001100011010 15 0 0 3770568451054870611153430161830475 3770568451054870611153430161990739 271946515757507657997299193768599 271946515757507657997299194150670 000100011001100011010
000101100011010 15 15 437403 240610728476672 000100010110001101010 15 0 0 3769414306197862168950310136373496 3769414306197862168950310136531677 271693178530418859370002525327422 271693178530418859370002525707040 000100010110001101010
000101101000110 15 15 408215 231529775104000 000100010110100011010 15 0 0 3649086141014089064439122657526606 3649086141014089064439122657672761 261614293877277851294653493885324 261614293877277851294653494235750 000100010110100011010
000110000111010 15 15 396761 219541799960576 000100011000011101010 15 0 0 3398030014556203739058151821698143 3398030014556203739058151821836497 247445284684063486237215355143870 247445284684063486237215355469060 000100011000011101010
0000000000000010 16 16 846962 218976575553536 0000000000000001001010 16 0 0 3307945537003383925520434800455680 3307945537003383925520434800781852 232127099463998173762112269880761 232127099463998173762112270727718 0000000000000001001010
000001011010110 15 15 398321 212640735428608 000001001001011010110 15 0 0 3396274474749287449090434099234001 3396274474749287449090434099365964 240758961147833403406325743560206 240758961147833403406325743879602 000001001001011010110
000001110011010 15 15 397889 212584330428416 000001001001110011010 15 0 0 3396101236638952896385840593333423 3396101236638952896385840593465006 240709919401017143094156005494084 240709919401017143094156005813048 000001001001110011010
000110000110110 15 15 372874 206174586667008 000100011000011011010 15 0 0 3293675686527956641980942105427013 3293675686527956641980942105549150 233410505717752269085871512666035 233410505717752269085871512967337 000100011000011011010
000001100110110 15 15 365876 198440776630272 000001001001100110110 15 0 0 3190417688239427220404834293944485 3190417688239427220404834294062477 224890766996435444704597494435087 224890766996435444704597494722039 000001001001100110110
000001011101010 15 15 365912 198432278970368 000001001001011101010 15 0 0 3190197771716164799985941706646503 3190197771716164799985941706764581 224873684111271030264060384449632 224873684111271030264060384736620 000001001001011101010
000001100111010 15 15 365311 198354013257728 000001001001100111010 15 0 0 3190006184803433340678368856567540 3190006184803433340678368856685074 224807174776789454960390167755931 224807174776789454960390168042319 000001001001100111010
000001011011010 15 15 364021 198231455694848 000001001001011011010 15 0 0 3189352738153696552700263353846336 3189352738153696552700263353962883 224685444475643092895717873298347 224685444475643092895717873583445 000001001001011011010
000000011101110 15 15 366604 197042009800704 00000100001100110110 15 0 0 3160689798952097122892102829531341 3160689798952097122892102829642585 223251547805701724267463151556553 223251547805701724267463151841031 00000100001100110110
000000011110110 15 15 365916 197001878700032 00000100001100111010 15 0 0 3160526979720198988853546564209254 3160526979720198988853546564319922 223213845132838619499201821102163 223213845132838619499201821385953 00000100001100111010
0000000111101110 16 16 384849 188508647981056 00000001000110101110 16 0 0 2875632246497448274250177417641325 2875632246497448274250177417787045 199876249728867898406825220391322 199876249728867898406825220776170 00000001000110101110
0000000110000010 16 16 638327 187051219615744 0000000100011000001010 16 0 0 2858064988830782999674981879489428 2858064988830782999674981879723716 198528266412903259070191289545297 198528266412903259070191290183623 0000000100011000001010
0000000001100010 16 16 645504 186884932239360 0000000001000110001010 16 0 0 2855364082922858561325907683232657 2855364082922858561325907683466742 198345341489455732993573040917272 198345341489455732993573041562766 0000000001000110001010
0000011000000010 16 16 613263 184520426913792 0000010001100000001010 16 0 0 2823789979635990339470203690551257 2823789979635990339470203690778639 195886000971180430052240579228651 195886000971180430052240579841913 0000010001100000001010
0000000000011010 16 16 597408 182110119788544 0000000000010001101010 16 0 0 2807033912885149778307727911975763 2807033912885149778307727912194740 193509122357568256921026341250557 193509122357568256921026341847963 0000000000010001101010
0001011000100010 16 16 510670 179255979802624 000100010111010100010 16 0 0 2635989724479057402779268100234339 2635989724479057402779268100427604 189060281668745720455151681080284 189060281668745720455151681590945 000100010111010100010
0001100000000010 16 16 571943 178715694727168 0001000110000000001010 16 0 0 2742450207721364910383921998346636 2742450207721364910383921998558490 189785181443456603718168968189586 189785181443456603718168968761529 0001000110000000001010
0000000000001110 16 16 535604 172229438472192 0000000000000100101110 16 0 0 2553278999535314800768793899435823 2553278999535314800768793899642329 181911897682728768569973563851767 181911897682728768569973564387367 0000000000000100101110
0000000101101010 16 16 430518 160034977742848 0000000100010110101010 16 0 0 2486113182431744299930111919627352 2486113182431744299930111919793434 170154527877680359327852113186280 170154527877680359327852113616798 0000000100010110101010
0000000110011010 16 16 430482 160025280512000 0000000100011001101010 16 0 0 2486262914052061897021074485461629 2486262914052061897021074485627152 170153563470512723659843981642154 170153563470512723659843982072635 0000000100011001101010
0000010110100010 16 16 431874 158012626960384 0000010001011010001010 16 0 0 2433273038243560108810278374308297 2433273038243560108810278374468543 167820584337810038541803148494519 167820584337810038541803148926392 0000010001011010001010
0000000001110110 16 16 419028 157386979409920 000000000100011010110 16 0 0 2433010035425727833267799935770468 2433010035425727833267799935924756 167213660176660674073239619321497 167213660176660674073239619740520 000000000100011010110
0000010110001010 16 16 442834 156624069066752 0000010001011000101010 16 0 0 2403187109401644948947797393178733 2403187109401644948947797393342783 166144615918021705849403256338578 166144615918021705849403256781335 0000010001011000101010
0000011001100010 16 16 440219 156182199140352 0000010001100110001010 16 0 0 2402621398459881684593305267578009 2402621398459881684593305267739695 165832616050556459992728602024227 165832616050556459992728602464425 0000010001100110001010
0000000111100010 16 16 437009 154093653852160 0000000100011000101110 16 0 0 2383214112845979457518728600229711 2383214112845979457518728600381776 163772403234177885888510275645101 163772403234177885888510276082110 0000000100011000101110
0001010110101010 16 16 289072 150974886838272 0001000101011010101010 16 0 0 2346248054536844101357706483953564 2346248054536844101357706484093890 160424239888721636672644756984882 160424239888721636672644757273946 0001000101011010101010
0001100110011010 16 16 286975 150749661102080 0001000110011001101010 16 0 0 2345552964142842151919078272009224 2345552964142842151919078272147580 160234879060975327674068379654958 160234879060975327674068379941932 0001000110011001101010
0001100101101010 16 16 285402 150356101169152 0001000110010110101010 16 0 0 2343391661081174635398533881670991 2343391661081174635398533881807988 159862795008126220801178586860862 159862795008126220801178587146264 0001000110010110101010
0001011001101010 16 16 283955 150208797212672 0001000101100110101010 16 0 0 2342723478599865892278254371582282 2342723478599865892278254371718074 159728700578980600337528444615494 159728700578980600337528444899447 0001000101100110101010
0001011010000010 16 16 373116 149454728462336 0001000101101000001010 16 0 0 2314109093942574503098723141616284 2314109093942574503098723141755103 158835334589256731772959880331638 158835334589256731772959880704754 0001000101101000001010
0000011000011010 16 16 405239 148960748503040 0000010001100001101010 16 0 0 2327525467872587238441564254685077 2327525467872587238441564254829383 158509135521923844323064487194893 158509135521923844323064487600127 0000010001100001101010
0001100001110110 16 16 292999 148582321618944 000110000100011010110 16 0 0 2314711077210377659492315616164749 2314711077210377659492315616282509 157991895067029535648297731563834 157991895067029535648297731856833 000110000100011010110
0001100001100010 16 16 411584 148218306363392 0001000110000110001010 16 0 0 2283335698064362698482068532421472 2283335698064362698482068532569300 157354435337881956570770930554305 157354435337881956570770930965873 0001000110000110001010
0001100110000010 16 16 381393 147995555266560 0001000110011000001010 16 0 0 2289231954659820361104787431245953 2289231954659820361104787431388281 157264888188565174667564099940190 157264888188565174667564100321560 0001000110011000001010
0001011000001010 16 16 380283 147896410308608 0001000101100000101010 16 0 0 2288629876849955750483899180997758 2288629876849955750483899181139287 157167454288256279278203414553197 157167454288256279278203414933476 0001000101100000101010
0000000000111110 16 16 372782 147158850338816 0000000000010010111110 16 0 0 2282682703098289602055489783307212 2282682703098289602055489783439183 156446234632677719797539000532888 156446234632677719797539000905649 0000000000010010111110
0001100000011010 16 16 375384 144996627906560 0001000110000001101010 16 0 0 2269724580784846239557575527881714 2269724580784846239557575528016697 154324566766558313504775585974402 154324566766558313504775586349784 0001000110000001101010
0000011000001110 16 16 355584 139426508308480 0000010001100000111010 16 0 0 2152526912270438164874213334201439 2152526912270438164874213334333341 147959614713075249896108094786065 147959614713075249896108095141571 0000010001100000111010
0000011100000110 16 16 351111 135170514485248 0000010001100000110110 16 0 0 2106978610869689601744224128333678 2106978610869689601744224128454394 143778920473873372546318174948351 143778920473873372546318175299451 0000010001100000110110
0000010111011010 16 16 272947 134107979841536 000001010001101011010 16 0 0 2106253881442030230807492552381902 2106253881442030230807492552487689 142746705659940946937718608744803 142746705659940946937718609017750 000001010001101011010
0000011001110110 16 16 272269 134015948423168 000001100100011010110 16 0 0 2105974037590196939098441262701097 2105974037590196939098441262806278 142668581213104758807502213071883 142668581213104758807502213344152 000001100100011010110
0000000110001110 16 16 317261 126757277532160 0000000100100110001110 16 0 0 2005829164638792663271894379362712 2005829164638792663271894379472226 135100200768805622386343496491911 135100200768805622386343496809171 0000000100100110001110
0000000001111010 16 16 321445 125980576317440 0000000001001001111010 16 0 0 1978606197754565386472648976862268 1978606197754565386472648976973261 134063151371241135623389532660023 134063151371241135623389532981467 0000000001001001111010
0000000001101110 16 16 316413 124174483849216 0000000001001001101110 16 0 0 1969378697422152298418505658901904 1969378697422152298418505659008065 132383241731969724021630227724615 132383241731969724021630228041028 0000000001001001101110
0001100000001110 16 16 296183 124118590554112 0001000110000000111010 16 0 0 1962488522313520993317892724321850 1962488522313520993317892724421242 132267716577672314110023283384460 132267716577672314110023283680643 0001000110000000111010
0000000111000110 16 16 298025 119643796668416 0000000100100111000110 16 0 0 1900729349900529382357266055417888 1900729349900529382357266055519751 127551601550365946207738330069925 127551601550365946207738330367949 0000000100100111000110
0000010110110110 16 16 207516 105546103390208 0000010001011101010110 16 0 0 1692578895922778137501279754824753 1692578895922778137501279754903299 112649070010426584243263601728061 112649070010426584243263601935577 0000010001011101010110
0000011100111010 16 16 206921 105481611771904 0000010001100110110110 16 0 0 1692313543256221238993227627570343 1692313543256221238993227627648338 112591204347883278142232212515698 112591204347883278142232212722618 0000010001100110110110
0000010111010110 16 16 206101 105366335520768 0000010001011011010110 16 0 0 1691696828919927388379210830745919 1691696828919927388379210830823331 112482654091663855778344006179303 112482654091663855778344006385403 0000010001011011010110
0000011100110110 16 16 206110 105362443206656 0000010001100111010110 16 0 0 1691684809008279459247451655273134 1691684809008279459247451655350539 112479407645825832772308584629910 112479407645825832772308584836020 0000010001100111010110
00000000000000110 17 17 434393 104313791709184 00000000000000010010110 17 0 0 1564501765930863677102462952845200 1564501765930863677102462953028079 104409778828448439473042242373779 104409778828448439473042242808170 00000000000000010010110
00000101110110110 17 17 231197 102861069352960 000001000101101010110 17 0 0 1570514448562707888565210414875935 1570514448562707888565210414981336 103143934057340431175667496101920 103143934057340431175667496333113 000001000101101010110
00000111001110110 17 17 229165 102634123952128 000001000110011010110 17 0 0 1569596557539451120385443351100758 1569596557539451120385443351204414 102950928213336136029912379633020 102950928213336136029912379862183 000001000110011010110
00000111000000010 17 17 324055 91682360000512 00000100011000000010110 17 0 0 1409668122415356988482808902330356 1409668122415356988482808902465256 92095743295474158200366501325513 92095743295474158200366501649567 00000100011000000010110
00000001110000010 17 17 326649 90770384093184 00000001000110000010110 17 0 0 1394955738440101976987038840753035 1394955738440101976987038840886916 91166345953348909789924485284617 91166345953348909789924485611264 00000001000110000010110
00000000011100010 17 17 323801 89932613812224 00000000010001100010110 17 0 0 1381913746618052507908775586543008 1381913746618052507908775586673841 90315519816603391861791164496001 90315519816603391861791164819796 00000000010001100010110
00000000011000110 17 17 298755 86746704379904 00000000010001100011010 17 0 0 1337874692853347051324112293787617 1337874692853347051324112293910593 87126920951794261317635344968167 87126920951794261317635345266913 00000000010001100011010
00000110000000110 17 17 292029 85970808471552 00000100011000000011010 17 0 0 1318251126635335448591302850752527 1318251126635335448591302850870824 86298947489065950381388954584436 86298947489065950381388954876463 00000100011000000011010
00000001100000110 17 17 293830 85239246356480 00000001000110000011010 17 0 0 1317449184147142428334608420743846 1317449184147142428334608420860421 85655063534550707007769096126362 85655063534550707007769096420192 00000001000110000011010
00011000000000110 17 17 279509 84229559943168 00010001100000000011010 17 0 0 1287187276965046826878139811089835 1287187276965046826878139811205557 84503384215216244671416962019583 84503384215216244671416962299092 00010001100000000011010
00000000000011110 17 17 258432 81009768923136 00000000000001001011110 17 0 0 1252770783994150051591013086279818 1252770783994150051591013086385624 81400943834886121123161465832285 81400943834886121123161466090715 00000000000001001011110
00000000000111010 17 17 274913 80540090761216 00000000000100100111010 17 0 0 1254761468429321355763781680836971 1254761468429321355763781680946470 80990463261240182314047384489469 80990463261240182314047384764381 00000000000100100111010
00000000000110110 17 17 266699 79802899890176 00000000000100100110110 17 0 0 1251158364194484884991119816960919 1251158364194484884991119817063894 80342721302770798239203712971748 80342721302770798239203713238447 00000000000100100110110
00000001110001110 17 17 231073 79548355969024 0000000100011000110110 17 0 0 1219194199686845302388256180464467 1219194199686845302388256180562326 79830085623678436484405308989967 79830085623678436484405309221033 0000000100011000110110
00011000000110110 17 17 199604 78376358379520 010001101000000110110 17 0 0 1116105960568959252912711582229238 1116105960568959252912711582318656 77799136812475891875512025312873 77799136812475891875512025512433 010001101000000110110
00000110011000110 17 17 215677 77507583803392 00000100011001100011010 17 0 0 1200518570051948733055066843978824 1200518570051948733055066844077480 77894297274111691880811914526668 77894297274111691880811914742345 00000100011001100011010
00000101100011010 17 17 215158 77417892806656 00000100010110001101010 17 0 0 1200107194997073363220129938796789 1200107194997073363220129938895356 77817585761131836446848566066033 77817585761131836446848566281191 00000100010110001101010
00011000011100010 17 17 214035 77218596257792 00010001100001110001010 17 0 0 1197017095109890304893364343198223 1197017095109890304893364343290072 77621158183424223433511171882050 77621158183424223433511172096080 00010001100001110001010
00000101101000110 17 17 202872 74972764569600 00000100010110100011010 17 0 0 1168484935593155647091430215309062 1168484935593155647091430215400296 75399098695758873248775920388549 75399098695758873248775920591421 00000100010110100011010
00000111000011010 17 17 213108 74959275687936 00000100011000011010110 17 0 0 1174705965456726115162343300170145 1174705965456726115162343300256820 75451014229457106852236667554771 75451014229457106852236667767879 00000100011000011010110
00000101110001010 17 17 216474 74341387599872 00000100100101110001010 17 0 0 1155831950588735205052299980034024 1155831950588735205052299980124207 74750902081854235399558565353073 74750902081854235399558565569546 00000100100101110001010
00000110011100010 17 17 216007 74311792590848 00000100100110011100010 17 0 0 1155786100802594176602499866301115 1155786100802594176602499866390762 74729321668191428901484068645978 74729321668191428901484068861984 00000100100110011100010
00010110001100010 17 17 192013 73959739490304 00010001011000110001010 17 0 0 1140578954067158373435724558827832 1140578954067158373435724558912703 74287733634276564377339247982758 74287733634276564377339248174764 00010001011000110001010
000001011010011010 18 18 207864 73806429290496 00000100011010011010 18 0 0 1093573607867277685917533431755173 1093573607867277685917533431869359 69854230200339643110135961708198 69854230200339643110135961916051 00000100011010011010
00011000000011110 17 17 184336 73566523490304 00010001100000001111010 17 0 0 1145509870149914222576257627805962 1145509870149914222576257627887066 73992030863133295671692524395492 73992030863133295671692524579827 00010001100000001111010
00000110000111010 17 17 191780 70991187279872 00000100011000011101010 17 0 0 1092512753899883512902214143677716 1092512753899883512902214143757642 71274308656911894473249209421757 71274308656911894473249209613537 00000100011000011101010
00000101100010110 17 17 204751 70535241269248 00000100100101100010110 17 0 0 1102144013144494462053918937663323 1102144013144494462053918937747052 70968017179094199119828835614499 70968017179094199119828835819248 00000100100101100010110
00000111001100010 17 17 204536 70524780675072 00000100100111001100010 17 0 0 1102108993897929389984340263266618 1102108993897929389984340263350103 70959537292731838894141358989957 70959537292731838894141359194492 00000100100111001100010
00010110001000110 17 17 182592 70039910744064 00010001011000100011010 17 0 0 1084867651066588828624368160950762 1084867651066588828624368161028750 70382507575266056550049070158585 70382507575266056550049070341174 00010001011000100011010
00000110000011110 17 17 176681 69435024998400 00000100100110000011110 17 0 0 1091912364579722077833857239402605 1091912364579722077833857239477385 69922354394847552890879562026327 69922354394847552890879562203008 00000100100110000011110
00011000011000110 17 17 184584 69152488292352 00010001100001100011010 17 0 0 1077381145379064679564368039271587 1077381145379064679564368039350189 69487752942694866292938291907120 69487752942694866292938292091691 00010001100001100011010
00010110100000110 17 17 165303 68706197569536 00010001011010000011010 17 0 0 1080722207991838082976714156115468 1080722207991838082976714156185784 69176948427200968656989922417161 69176948427200968656989922582464 00010001011010000011010
00000001100011110 17 17 180570 68670764089344 00000001001001100011110 17 0 0 1081531916345778701265182555965079 1081531916345778701265182556038962 69164409574623096961005638163521 69164409574623096961005638344091 00000001001001100011110
00000001110011010 17 17 187758 67926702948352 00000001001001110011010 17 0 0 1073703839415372141643958782052036 1073703839415372141643958782129167 68433189764742047516381003068298 68433189764742047516381003256056 00000001001001110011010
00000001011010110 17 17 186832 67801033211904 00000001001001011010110 17 0 0 1073027641216810781049910587827152 1073027641216810781049910587903559 68320027517980110861263394256049 68320027517980110861263394442881 00000001001001011010110
00000101101100010 17 17 188905 67700336361472 00000100011000100110110 17 0 0 1064055441473387630133152207509347 1064055441473387630133152207586518 68164147808952420767101445053165 68164147808952420767101445242069 00000100011000100110110
00000101110100010 17 17 188900 67698012717056 00000100011000100111010 17 0 0 1064044446108492070989570496275977 1064044446108492070989570496353179 68162074305172926909560765599476 68162074305172926909560765788375 00000100011000100111010
00000000011011110 17 17 180472 67410795167744 00000000010010011011110 17 0 0 1063272765648405616474204801663838 1063272765648405616474204801735277 67903656100708158585924452858840 67903656100708158585924453039312 00000000010010011011110
00000110000110110 17 17 182003 67389739761664 00000100011000011011010 17 0 0 1064944062385304456213247486140751 1064944062385304456213247486214486 67888352998203620112263202592868 67888352998203620112263202774871 00000100011000011011010
00000000011111010 17 17 179591 67299579002880 00000000010010011111010 17 0 0 1062643647959163117566779608119768 1062643647959163117566779608191027 67802497605761769885665538617166 67802497605761769885665538796757 00000000010010011111010
00011001100000110 17 17 164931 66868714930176 00010001100110000011010 17 0 0 1053539787334166045787973073885033 1053539787334166045787973073954628 67339787971097434485584031378373 67339787971097434485584031543304 00010001100110000011010
00010110000011010 17 17 164980 66835420545024 00010001011000001101010 17 0 0 1053280744281286554754679912648833 1053280744281286554754679912718600 67305739726961032520919507054767 67305739726961032520919507219747 00010001011000001101010
00000001011101010 17 17 176726 64194250539008 00000001001001011101010 17 0 0 1020313878687519041038623723102119 1020313878687519041038623723173014 64707974310018539048395099729895 64707974310018539048395099906620 00000001001001011101010
000000000000000010 18 18 330617 64193059356672 000000000000000001001010 18 0 0 966042872752712714239801561987338 966042872752712714239801562142642 61027802311548626018852376109558 61027802311548626018852376440175 000000000000000001001010
00000001100110110 17 17 175595 64052239794176 00000001001001100110110 17 0 0 1019796809698103283210781523537764 1019796809698103283210781523607696 64589765418296669223823226512200 64589765418296669223823226687794 00000001001001100110110
00011000000111010 17 17 171188 64027417903104 00010001100000011101010 17 0 0 1009493133353478011514317671450636 1009493133353478011514317671520722 64450298440154869261847820561432 64450298440154869261847820732620 00010001100000011101010
00000001100111010 17 17 175178 64026151223296 00000001001001100111010 17 0 0 1019679210323734933447103001413338 1019679210323734933447103001482931 64567265875345242175878195837860 64567265875345242175878196013038 00000001001001100111010
00000001011011010 17 17 174869 63994207404032 00000001001001011011010 17 0 0 1019507383448007295744810913006404 1019507383448007295744810913075869 64538534491685287391928758368349 64538534491685287391928758543218 00000001001001011011010
00000000011101110 17 17 166530 62437634080768 0000000100001100110110 17 0 0 991982240884499870719373137804009 991982240884499870719373137867614 62944716092926929240402216420911 62944716092926929240402216587441 0000000100001100110110
00000000011110110 17 17 166208 62416444456960 0000000100001100111010 17 0 0 991894391272329950268691225582292 991894391272329950268691225645621 62926567773161349382959652919743 62926567773161349382959653085951 0000000100001100111010
00000111000001110 17 17 157352 62169651609600 00000100100111000001110 17 0 0 986742331032992343448018648598198 986742331032992343448018648662424 62670580710635799303195172791080 62670580710635799303195172948432 00000100100111000001110
00000001111000110 17 17 159507 61282950578176 00000001001001111000110 17 0 0 975475873822189735445343954069793 975475873822189735445343954132077 61798081241685555454234529545027 61798081241685555454234529704534 00000001001001111000110
000001011000100010 18 18 240720 58224254386176 00000100010111010100010 18 0 0 852750681500448987325987260874169 852750681500448987325987260988284 55123272241381788869554925356580 55123272241381788869554925597294 00000100010111010100010
000000000110000010 18 18 261418 56327288127488 000000000100011000001010 18 0 0 856571674596228718085434315870229 856571674596228718085434315990591 53606571922589643040289386172269 53606571922589643040289386433687 000000000100011000001010
000000011000000010 18 18 257825 56116625014784 000000010001100000001010 18 0 0 853943685446359416626681007480090 853943685446359416626681007600097 53411546270432697303593353418005 53411546270432697303593353675830 000000010001100000001010
000000000001100010 18 18 260923 56071955677184 000000000001000110001010 18 0 0 852788486205404137430867241535588 852788486205404137430867241654032 53363034907074735856926646297165 53363034907074735856926646558088 000000000001000110001010
000001100000000010 18 18 249823 55420781592576 000001000110000000001010 18 0 0 844168279387391230167203275327410 844168279387391230167203275445150 52755040587110623704141746207953 52755040587110623704141746457776 000001000110000000001010
000000000000001110 18 18 233570 55369812410368 000000000000000100101110 18 0 0 791333926734517408889449044817431 791333926734517408889449044927477 52203525843903317637505110007757 52203525843903317637505110241303 000000000000000100101110
000000000000011010 18 18 245153 54806416719872 000000000000010001101010 18 0 0 839237772126693791045163915010866 839237772126693791045163915122512 52200149523424465425245760380696 52200149523424465425245760625849 000000000000010001101010
000000000111101110 18 18 164425 54710753034240 0000000001000110101110 18 0 0 826036509834021527185641078686495 826036509834021527185641078762839 51989280837621277616078036237952 51989280837621277616078036402376 0000000001000110101110
000110000000000010 18 18 236796 53970659704832 000100011000000000001010 18 0 0 823406847371401416209917175745778 823406847371401416209917175858144 51381041777561774464941560782945 51381041777561774464941561019741 000100011000000000001010
000101100000100010 18 18 190737 50486652698624 000100010110000010001010 18 0 0 749779320874095120940244869349151 749779320874095120940244869440816 47891815680273197540861198444310 47891815680273197540861198635046 000100010110000010001010
000101100010000010 18 18 188312 50036008288256 000100010110001000001010 18 0 0 743212789357090391777112762941309 743212789357090391777112763030736 47464771949952431899268606245427 47464771949952431899268606433738 000100010110001000001010
000001011101100010 18 18 153994 49626962984960 00000100010110100010110 18 0 0 755779873556404362931149155834518 755779873556404362931149155909752 47216754595945343931886493750368 47216754595945343931886493904361 00000100010110100010110
000000010110100010 18 18 190871 49231188459520 000000010001011010001010 18 0 0 753248682533473179734034010945844 753248682533473179734034011036629 46875345517223188399136976841286 46875345517223188399136977032157 000000010001011010001010
000000000110011010 18 18 189785 49120173621248 000000000100011001101010 18 0 0 757291041794641251295666705830935 757291041794641251295666705921596 46807662925196513504047195698809 46807662925196513504047195888587 000000000100011001101010
000000000101101010 18 18 189596 49118932107264 000000000100010110101010 18 0 0 757235073663551639837571297609559 757235073663551639837571297700592 46804992666923654189553515495377 46804992666923654189553515684967 000000000100010110101010
000000010110001010 18 18 197130 48988321480704 000000010001011000101010 18 0 0 747637076369670076510166584490447 747637076369670076510166584582805 46602611883016922444076827271088 46602611883016922444076827468165 000000010001011000101010
000000011001100010 18 18 195968 48872508358656 000000010001100110001010 18 0 0 747496219614136400230724079076223 747496219614136400230724079167354 46526246384078531572222568729529 46526246384078531572222568925481 000000010001100110001010
000001011010000010 18 18 179965 48231216054272 000001000101101000001010 18 0 0 739272037239645930389524611399656 739272037239645930389524611487338 45932096230388700985117571617006 45932096230388700985117571796971 000001000101101000001010
000000000001110110 18 18 177413 48146415616000 00000000000100011010110 18 0 0 738885688151554376317897766170966 738885688151554376317897766252396 45849598753463705541743568188902 45849598753463705541743568366315 00000000000100011010110
000001100110000010 18 18 186138 48118859038720 000001000110011000001010 18 0 0 737356277400880903156285410508276 737356277400880903156285410598087 45823366176260905545577469053257 45823366176260905545577469239394 000001000110011000001010
000001011000001010 18 18 185909 48087041048576 000001000101100000101010 18 0 0 737151974372824063291344810806183 737151974372824063291344810896013 45794564237345945279934357666725 45794564237345945279934357852632 000001000101100000101010
000001100001100010 18 18 191155 47761537892352 000001000110000110001010 18 0 0 730205657930496418741182110551764 730205657930496418741182110639598 45454987990458706273498836079138 45454987990458706273498836270258 000001000110000110001010
000000011110000010 18 18 182758 47528628191232 000000010001100000101110 18 0 0 730583810125519860637122831095825 730583810125519860637122831181058 45281340116486896240751220367113 45281340116486896240751220549871 000000010001100000101110
000001010110101010 18 18 153706 47023533326336 000001000101011010101010 18 0 0 723331881373095534805630445072858 723331881373095534805630445161509 44771884374791901710877842334044 44771884374791901710877842487746 000001000101011010101010
000001100110011010 18 18 153009 46971356184576 000001000110011001101010 18 0 0 723197535353399747014218481921885 723197535353399747014218482009592 44732644215280051628288283488419 44732644215280051628288283641423 000001000110011001101010
000001100101101010 18 18 152216 46869006778368 000001000110010110101010 18 0 0 722637136706474763143119203834382 722637136706474763143119203921492 44644880505495463971096387272611 44644880505495463971096387424823 000001000110010110101010
000001011001101010 18 18 151585 46820344463360 000001000101100110101010 18 0 0 722404373471593103829454031017806 722404373471593103829454031104538 44604127570857791750143686918843 44604127570857791750143687070425 000001000101100110101010
000000011000011010 18 18 180857 46705437310976 000000010001100001101010 18 0 0 723703202452336022307427297022020 723703202452336022307427297102820 44533704556342898486399109449270 44533704556342898486399109630127 000000010001100001101010
000001100000011010 18 18 176024 46445524680704 000001000110000001101010 18 0 0 719628911941303438740473914745647 719628911941303438740473914826044 44285894593389832297835251030751 44285894593389832297835251206775 000001000110000001101010
000110000001100010 18 18 177063 46238074404864 000100011000000110001010 18 0 0 710895811808887275771962070542017 710895811808887275771962070623866 44044323467250019109289954073209 44044323467250019109289954250272 000100011000000110001010
000110000110000010 18 18 173503 46026975084544 000100011000011000001010 18 0 0 706886580826205228556668732757382 706886580826205228556668732839857 43833695800859676278795328550717 43833695800859676278795328724207 000100011000011000001010
000000000111100010 18 18 175084 46025238642688 000000000100011000101110 18 0 0 708549565670211134534197595303142 708549565670211134534197595383212 43854897961207278269958938180930 43854897961207278269958938356014 000000000100011000101110
000101101000000010 18 18 159196 46004384563200 000100010110100000001010 18 0 0 708197410827753938591675326720058 708197410827753938591675326799148 43830646193505910422004485451505 43830646193505910422004485610701 000100010110100000001010
000101100000001010 18 18 166124 45882649083904 000100010110000000101010 18 0 0 704694643274857959335727241619540 704694643274857959335727241702807 43683871969526912941401603510398 43683871969526912941401603676490 000100010110000000101010
000110011000000010 18 18 165018 45778957500416 000100011001100000001010 18 0 0 704520645643980607361447427469492 704520645643980607361447427551717 43614028485442233929313744557306 43614028485442233929313744722322 000100011001100000001010
000101100011000110 18 18 134088 45481715564544 0001000101110101000110 18 0 0 680142499139948659803934234727790 680142499139948659803934234799521 43109736433185918525393367891437 43109736433185918525393368025394 0001000101110101000110
000110000000011010 18 18 165360 45224311128064 000100011000000001101010 18 0 0 701956198944820316953224967449980 701956198944820316953224967526686 43129332134558440421559287655293 43129332134558440421559287820653 000100011000000001101010
000001100001110110 18 18 135890 45210033717248 00000110000100011010110 18 0 0 697282189180030757832232794411856 697282189180030757832232794481288 43072523173864722905300840065946 43072523173864722905300840201836 00000110000100011010110
000001110011100010 18 18 142796 44270316683264 00000100011001100010110 18 0 0 679755257876608847270081693547261 679755257876608847270081693616284 42155991621897247109665985804547 42155991621897247109665985947343 00000100011001100010110
000001011100010110 18 18 142268 44181892366336 00000100010110001010110 18 0 0 679322864238079041535813606387539 679322864238079041535813606456184 42081284355937724202548892796562 42081284355937724202548892938830 00000100010110001010110
000000000000111110 18 18 143939 43771630714880 000000000000010010111110 18 0 0 675243050231658740516539984643883 675243050231658740516539984714145 41713440362956920842140134072345 41713440362956920842140134216284 000000000000010010111110
000000011000001110 18 18 158524 43499864981504 000000010001100000111010 18 0 0 666147669903023884727769602845147 666147669903023884727769602920163 41369215140552714578550462692519 41369215140552714578550462851020 000000010001100000111010
000101011010100010 18 18 124683 43369958998016 000100010101101010001010 18 0 0 667630793825088982155334466300216 667630793825088982155334466371102 41306181695501186345411364718526 41306181695501186345411364843203 000100010101101010001010
000101100110100010 18 18 124318 43336421343232 000100010110011010001010 18 0 0 667492107914517374956644926598032 667492107914517374956644926668553 41278727075008577045238404384889 41278727075008577045238404509203 000100010110011010001010
000001110000000110 18 18 161086 43218360074240 000001000110000000110110 18 0 0 662432612323671251265809415143477 662432612323671251265809415215964 41144075958993545957100659423000 41144075958993545957100659584082 000001000110000000110110
000101011010001010 18 18 122974 42247731019776 000100010101101000101010 18 0 0 649684401176235824466909172038984 649684401176235824466909172107239 40233215128930037504738604728495 40233215128930037504738604851466 000100010101101000101010
000110010110100010 18 18 122743 42229712289792 000100011001011010001010 18 0 0 649657366930433397658576729285632 649657366930433397658576729353589 40220665552841125859660493211707 40220665552841125859660493334450 000100011001011010001010
000000011100000110 18 18 156119 42101492416512 000000010001100000110110 18 0 0 649756061924584166463462752678362 649756061924584166463462752746852 40115405278331763009108449055030 40115405278331763009108449211149 000000010001100000110110
000001110000011110 18 18 128317 42003186319360 00000100011000001110110 18 0 0 644809326299255484533821674870946 644809326299255484533821674934538 39999548230427847694497678905971 39999548230427847694497679034286 00000100011000001110110
00010110001001100010 20 20 123952 41838761213952 00010001101001100010 20 0 0 595856301001188056882870452394434 595856301001188056882870452468296 35698360537790546217536507612624 35698360537790546217536507736536 00010001101001100010
000101100110001010 18 18 125161 41096595898368 000100010110011000101010 18 0 0 630316228620689588157650007527223 630316228620689588157650007595746 39068652436268200883552543013965 39068652436268200883552543139102 000100010110011000101010
000110011001100010 18 18 124263 41008381296640 000100011001100110001010 18 0 0 630420327843602523592989922485056 630420327843602523592989922552498 39045582678887392054961927896542 39045582678887392054961928020805 000100011001100110001010
000110010110001010 18 18 123637 40937581445120 000100011001011000101010 18 0 0 630118351010617363464971525579034 630118351010617363464971525645996 38991488109491543207565634959405 38991488109491543207565635083038 000100011001011000101010
000101011000101010 18 18 123523 40923396308992 000100010101100010101010 18 0 0 630039177589515152974512176747202 630039177589515152974512176814160 38979222529974747375176853443076 38979222529974747375176853566594 000100010101100010101010
000000010111011010 18 18 123985 40862092361728 00000001010001101011010 18 0 0 636303320078932322461473182887028 636303320078932322461473182946262 38970349023799975981455772495516 38970349023799975981455772619501 00000001010001101011010
000000011001110110 18 18 123347 40823555096576 00000001100100011010110 18 0 0 636171366521098630358272605544888 636171366521098630358272605603382 38939820291499686640381300999580 38939820291499686640381301122927 00000001100100011010110
000001100000001110 18 18 137998 40237644382208 000001000110000000111010 18 0 0 629497060522728532957506656369041 629497060522728532957506656429936 38405561808378075783085452558207 38405561808378075783085452696205 000001000110000000111010
000000000001111010 18 18 144384 39891152928768 000000000001001001111010 18 0 0 616392154849818067543172066924886 616392154849818067543172066990041 37976106069929601323292685769413 37976106069929601323292685913796 000000000001001001111010
000101101000011010 18 18 110934 39846676529152 000100010110100001101010 18 0 0 612107422643360100506831382413755 612107422643360100506831382470670 37936258480065269507023972724787 37936258480065269507023972835721 000100010110100001101010
000000000110001110 18 18 139747 39712056147968 000000000100100110001110 18 0 0 623120563656611675475417209846004 623120563656611675475417209907538 37915561293275018838082780950986 37915561293275018838082781090732 000000000100100110001110
000110000110011010 18 18 117237 39699397738496 000100011000011001101010 18 0 0 620065661287959752546816752087862 620065661287959752546816752147436 37875034424688972938684967098870 37875034424688972938684967216097 000100011000011001101010
000110000101101010 18 18 117147 39699154468864 000100011000010110101010 18 0 0 619994176724060045946243402014488 619994176724060045946243402074479 37872526228904683582315009881945 37872526228904683582315009999083 000100011000010110101010
000110000001110110 18 18 113133 39510201073664 00011000000100011010110 18 0 0 616114818474721701290133162999711 616114818474721701290133163052727 37689596024754785268865218391065 37689596024754785268865218504198 00011000000100011010110
000110000000001110 18 18 130935 39440600793088 000100011000000000111010 18 0 0 616346619978236531037604523150632 616346619978236531037604523209845 37635959920726660201257806960783 37635959920726660201257807091718 000100011000000000111010
000101100010011010 18 18 114310 39267636084736 000100010110001001101010 18 0 0 607996684975271579900209521721125 607996684975271579900209521781416 37425020138434672268713973778054 37425020138434672268713973892362 000100010110001001101010
000101101001100010 18 18 114261 39265832534016 000100010110100110001010 18 0 0 607991673417072858179824640594822 607991673417072858179824640655092 37423686858214071196791364775510 37423686858214071196791364889770 000100010110100110001010
000110011000001110 18 18 112307 39085720731648 000100011001100000111010 18 0 0 604726157290851708758582520705897 604726157290851708758582520768213 37230088513936509126878975525201 37230088513936509126878975637381 000100011001100000111010
000101100000111010 18 18 110852 38939708620800 000100010110000011101010 18 0 0 604306758114846298162543131183974 604306758114846298162543131245147 37124219697503106129329643441771 37124219697503106129329643552621 000100010110000011101010
000000000001101110 18 18 136652 38864219537408 000000000001001001101110 18 0 0 611419802833566126897148195771535 611419802833566126897148195829652 37117863899420409760660342900321 37117863899420409760660343036973 000000000001001001101110
000000000111000110 18 18 134063 37909285568512 000000000100100111000110 18 0 0 596272311321736888255056137394055 596272311321736888255056137451405 36192982727259850142993637391084 36192982727259850142993637525147 000000000100100111000110
000110011000011010 18 18 105988 37499510456320 000100011001100001101010 18 0 0 587753737503841465653560351488019 587753737503841465653560351540881 35791786759270222281159875591527 35791786759270222281159875697515 000100011001100001101010
000101100001101010 18 18 105809 37470267768832 000100010110000110101010 18 0 0 587593181090795894957133285230900 587593181090795894957133285283719 35766575540710267819895797996544 35766575540710267819895798102353 000100010110000110101010
000101101000001110 18 18 100406 36811300667392 000100010110100000111010 18 0 0 575532899810487821286282535086763 575532899810487821286282535140744 35123596092140467411720759524002 35123596092140467411720759624407 000100010110100000111010
000110000001111010 18 18 104371 36482358181888 000100011000000111101010 18 0 0 558310021020032468364846039556430 558310021020032468364846039607601 34698480601332580850493364272685 34698480601332580850493364376991 000100011000000111101010
000110000110001110 18 18 100446 35276395118592 000100011000011000111010 18 0 0 551427262359560550927618371369980 551427262359560550927618371420639 33631929852564980818009587166220 33631929852564980818009587266647 000100011000011000111010
000000010110101110 18 18 105154 34715071414272 000000010010010110101110 18 0 0 549357743715789269364562193214294 549357743715789269364562193263106 33171822317959617955333991224689 33171822317959617955333991329843 000000010010010110101110
000000011110011010 18 18 104937 34708704460800 000000010010011110011010 18 0 0 549332899700561373396285096664552 549332899700561373396285096713164 33166685271545545341272265645270 33166685271545545341272265750207 000000010010011110011010
000110000001101110 18 18 96793 34378025533440 000100011000000110111010 18 0 0 543153932002153633666851324203487 543153932002153633666851324249485 32840704998609810748218938244031 32840704998609810748218938340824 000100011000000110111010
000001011010001110 18 18 98321 34261549711360 000001001001011010001110 18 0 0 541875191712206415264853244492588 541875191712206415264853244540478 32736282565843163039396705097816 32736282565843163039396705196137 000001001001011010001110
000000011100011110 18 18 97003 33722472595456 00000100001100110001110 18 0 0 533600110897401644896718900761804 533600110897401644896718900806395 32225025549027064632799047021211 32225025549027064632799047118214 00000100001100110001110
000001011000110110 18 18 100948 33720023121920 000001001001011000110110 18 0 0 531696183723941828383293869832102 531696183723941828383293869880934 32207805624038357863807148494340 32207805624038357863807148595288 000001001001011000110110
000001110011000110 18 18 100882 33717514928128 000001001001110011000110 18 0 0 531686888952379998585293799649475 531686888952379998585293799698230 32205798645471842650567397551718 32205798645471842650567397652599 000001001001110011000110
000000011100111010 18 18 101166 33306498301952 000000010001100110110110 18 0 0 529072886247509684696173676216950 529072886247509684696173676262784 31833770711263347032728290616549 31833770711263347032728290717715 000000010001100110110110
000001100110001110 18 18 96343 33297019174912 000001001001100110001110 18 0 0 528411095556375838914653244374495 528411095556375838914653244421175 31827747147700929676116013450052 31827747147700929676116013546394 000001001001100110001110
000001011000111010 18 18 96204 33277809262592 000001001001011000111010 18 0 0 528301340304563405137213470814215 528301340304563405137213470860922 31811094330964164623900906623672 31811094330964164623900906719876 000001001001011000111010
000000011100110110 18 18 100832 33273606569984 000000010001100111010110 18 0 0 528907630398461442552148983990009 528907630398461442552148984035661 31806217247808007112136462855221 31806217247808007112136462956053 000000010001100111010110
000000010110110110 18 18 100505 33248021315584 000000010001011101010110 18 0 0 528770364284295850336463968068223 528770364284295850336463968113591 31784414782038099302833255299164 31784414782038099302833255399669 000000010001011101010110
000000010111010110 18 18 100404 33239146168320 000000010001011011010110 18 0 0 528695230104934323875274580839679 528695230104934323875274580885061 31775911698141526857270868668368 31775911698141526857270868768772 000000010001011011010110
000000000111110110 18 18 95273 32951140089856 00000001000011001111010 18 0 0 513690714616429619258801960997236 513690714616429619258801961040319 31402462841793679358610372670110 31402462841793679358610372765383 00000001000011001111010
000000011001101110 18 18 99435 32869216944128 000000010010011001101110 18 0 0 522870955316346070361612471062178 522870955316346070361612471106908 31426126686455067039875270253245 31426126686455067039875270352680 000000010010011001101110
000000011001111010 18 18 99309 32861155491840 000000010010011001111010 18 0 0 522828432075996617549169686145114 522828432075996617549169686189787 31419249353159148848407759792467 31419249353159148848407759891776 000000010010011001111010
000000010111101010 18 18 99107 32831661146112 000000010010010111101010 18 0 0 522665025280331821608487454767476 522665025280331821608487454812160 31393779486792683959093618979731 31393779486792683959093619078838 000000010010010111101010
000000010110111010 18 18 99071 32826577649664 000000010010010110111010 18 0 0 522637277185942321761066735960247 522637277185942321761066736004948 31389449480985206597757675622424 31389449480985206597757675721495 000000010010010110111010
000001100001101110 18 18 98208 32819346669568 000001001001100001101110 18 0 0 519680285097558088058941836137282 519680285097558088058941836181934 31353803546500325616822503263620 31353803546500325616822503361828 000001001001100001101110
000001100001111010 18 18 95846 32561522802688 000001001001100001111010 18 0 0 518341225140881180362172983779125 518341225140881180362172983822314 31134948792041876123257459268416 31134948792041876123257459364262 000001001001100001111010
000000000111011110 18 18 93976 32192365330432 00000001000011001101110 18 0 0 509699001667197154957650813146035 509699001667197154957650813187707 30757853799015996700368486961535 30757853799015996700368487055511 00000001000011001101110
000110000111000110 18 18 86383 31984537567232 000100011000011100011010 18 0 0 508691225124299302617140050450483 508691225124299302617140050491310 30577454964568560558100372441127 30577454964568560558100372527510 000100011000011100011010
000000011110001110 18 18 92047 31937083211776 00000100001100111000110 18 0 0 507508757803053013591252129687136 507508757803053013591252129728372 30532393724626618186752529466977 30532393724626618186752529559024 00000100001100111000110
000001011100011010 18 18 92514 31605280210944 000001001001011100011010 18 0 0 503055726343592935336980967685101 503055726343592935336980967728777 30219023189106531822473347140505 30219023189106531822473347233019 000001001001011100011010
000001100111000110 18 18 92457 31603501826048 000001001001100111000110 18 0 0 503071780089649630064120905796476 503071780089649630064120905840021 30218386077968219825033241334440 30218386077968219825033241426897 000001001001100111000110
000001110000111010 18 18 91888 30873348997120 000001001001110000111010 18 0 0 492507450598906373721695718947777 492507450598906373721695718988049 29517004411109704397711783728325 29517004411109704397711783820213 000001001001110000111010
000001110000110110 18 18 91100 30778381565952 000001001001110000110110 18 0 0 492188389556179496012906415830349 492188389556179496012906415869901 29442537311703684639363224858060 29442537311703684639363224949160 000001001001110000110110
000001011011000110 18 18 89014 30702129119232 000001001001011011000110 18 0 0 489892661909973252821266917902600 489892661909973252821266917943616 29362113354958645689459922624391 29362113354958645689459922713405 000001001001011011000110
000001011101000110 18 18 88882 30686467588096 000001001001011101000110 18 0 0 489847077884513923392497272944567 489847077884513923392497272985489 29350328473585394569588019531889 29350328473585394569588019620771 000001001001011101000110
0000000000000000110 19 19 180684 30627202072576 0000000000000000010010110 19 0 0 458822056597067598657298588536650 458822056597067598657298588620776 27661175710433748210346053207035 27661175710433748210346053387713 0000000000000000010010110
0000000101110110110 19 19 104139 29722708803584 00000001000101101010110 19 0 0 449865542648152685599528745807227 449865542648152685599528745864777 26868423703931387557422419095687 26868423703931387557422419199826 00000001000101101010110
0000000111001110110 19 19 103895 29703549222912 00000001000110011010110 19 0 0 449819386682359577127498878324523 449819386682359577127498878381691 26854304974874508568530895295218 26854304974874508568530895399113 00000001000110011010110
0000010111000100010 19 19 135360 29159136952320 000001000101111010100010 19 0 0 430568865085489055619352937137111 430568865085489055619352937206917 26291677799819841260372518001306 26291677799819841260372518136666 000001000101111010100010
0000000111100011110 19 19 102206 29079361290240 00000001000110001101110 19 0 0 434504176857991440657479337881967 434504176857991440657479337935496 26260245957726712279309396811659 26260245957726712279309396913865 00000001000110001101110
0000000000000011110 19 19 126230 28300705529856 01000110100000000011110 19 0 0 405042342839827627725977596176644 405042342839827627725977596239008 25412910581853454531560732180738 25412910581853454531560732306961 01000110100000000011110
00010110100001110110 20 20 91611 27434002939904 000100011000110011010 20 0 0 397765078517586864529703914628679 397765078517586864529703914681620 23498237209942235831429529317708 23498237209942235831429529409299 000100011000110011010
0000011100000000010 19 19 142068 27421579411456 0000010001100000000010110 19 0 0 419870292278315715781916649611549 419870292278315715781916649680259 24836476924453570438017709079904 24836476924453570438017709221972 0000010001100000000010110
0000000111000000010 19 19 142201 27187847626752 0000000100011000000010110 19 0 0 416290620855120483525642137867229 416290620855120483525642137935105 24623209432506075976301020595862 24623209432506075976301020738063 0000000100011000000010110
0000000001110000010 19 19 141390 27032809373696 0000000001000110000010110 19 0 0 413797593961661331733492496818664 413797593961661331733492496885339 24480817823567656386880845364636 24480817823567656386880845506026 0000000001000110000010110
0000000000011100010 19 19 139425 26870741467136 0000000000010001100010110 19 0 0 411284088946007469476003131822691 411284088946007469476003131887631 24332553934513311770360453815921 24332553934513311770360453955344 0000000000010001100010110
0000000110000000110 19 19 135778 26338601730048 0000000100011000000011010 19 0 0 401332094641760931179172481309553 401332094641760931179172481372377 23834545907411695597718944916343 23834545907411695597718945052121 0000000100011000000011010
0000011000000000110 19 19 134067 26246276710400 0000010001100000000011010 19 0 0 398660054734441480050066762408013 398660054734441480050066762470970 23741774821288420131543509521951 23741774821288420131543509656018 0000010001100000000011010
0000000000011000110 19 19 132882 26136822153216 0000000000010001100011010 19 0 0 401181781135301451450840000896892 401181781135301451450840000959304 23669608943569684670091426387301 23669608943569684670091426520178 0000000000010001100011010
0000000001100000110 19 19 132758 25936644800512 0000000001000110000011010 19 0 0 398129050951583350591495661259120 398129050951583350591495661319673 23491680482045795983096183609473 23491680482045795983096183742231 0000000001000110000011010
0001100000000000110 19 19 128223 25664937787392 0001000110000000000011010 19 0 0 389467652468768632627610151873068 389467652468768632627610151934025 23209978173224487462959051607046 23209978173224487462959051735264 0001000110000000000011010
0000011000000110110 19 19 105517 25563729231872 00010001101000000110110 19 0 0 357919851280231432384090479083466 357919851280231432384090479135374 22868403978851880361286177598708 22868403978851880361286177704118 00010001101000000110110
0000000000001111110 19 19 97341 25234493145088 0000000000000100101111110 19 0 0 384986540142957181605281951460068 384986540142957181605281951513266 22840036665571937075806324874257 22840036665571937075806324971597 0000000000000100101111110
0000000001111100010 19 19 109742 25234426036224 0000000001000110001011110 19 0 0 386465197420199668460700710945561 386465197420199668460700711001135 22853207200864036193971337355035 22853207200864036193971337464777 0000000001000110001011110
0000000001110001110 19 19 106060 24966569394176 000000000100011000110110 19 0 0 369184740803337181614343608925362 369184740803337181614343608979536 22446896067935589207218983442834 22446896067935589207218983548813 000000000100011000110110
00010101101001101010 20 20 91068 24656585162752 0001010001101001101010 20 0 0 363159838930059352831720597931253 363159838930059352831720597988804 21154836023010081366619635687401 21154836023010081366619635778431 0001010001101001101010
00011001011010011010 20 20 90517 24601052577792 0001100100011010011010 20 0 0 362944971847364068393454248753476 362944971847364068393454248810549 21113712369348806044538945068584 21113712369348806044538945159073 0001100100011010011010
0000000000000111010 19 19 122691 24499349094400 0000000000000100100111010 19 0 0 379355393108832672360198906707423 379355393108832672360198906762173 22207030357235948366458711308345 22207030357235948366458711431036 0000000000000100100111010
0000000000000110110 19 19 120044 24310865461248 0000000000000100100110110 19 0 0 378416232466234257258161437088066 378416232466234257258161437141173 22055147890550035123225700133105 22055147890550035123225700253149 0000000000000100100110110
0000011000011100010 19 19 107328 23846446956544 0000010001100001110001010 19 0 0 367212019835296464406021243097818 367212019835296464406021243151800 21606547733908292365187837621678 21606547733908292365187837729006 0000010001100001110001010
0000000110011000110 19 19 107011 23785629548544 0000000100011001100011010 19 0 0 366311732614723861349559417796020 366311732614723861349559417851003 21549160448889221566624117070601 21549160448889221566624117177611 0000000100011001100011010
0000000101100011010 19 19 106557 23759356428288 0000000100010110001101010 19 0 0 366188929357884761721246499857289 366188929357884761721246499912207 21528498451173168901343515375600 21528498451173168901343515482157 0000000100010110001101010
0001100001110000010 19 19 103606 23734660366336 0001000110000111000001010 19 0 0 365112685946062237241154222009854 365112685946062237241154222063789 21499843836732998532668495420771 21499843836732998532668495524372 0001000110000111000001010
00000000011111011110 20 20 82230 23692197232640 00000000010001101011110 20 0 0 347891654912260080131712192021720 347891654912260080131712192068540 20356124905539201760239711322400 20356124905539201760239711404630 00000000010001101011110
0000010110001100010 19 19 103292 23662644166656 0000010001011000110001010 19 0 0 361798817212017416833074710439910 361798817212017416833074710494129 21422085363367369278972197850282 21422085363367369278972197953527 0000010001011000110001010
0000011100001100010 19 19 108050 23648383533056 0000010001100001100010110 19 0 0 364470773327784581083976921418722 364470773327784581083976921470874 21428196876380114882022991781060 21428196876380114882022991889110 0000010001100001100010110
0001100001110001110 19 19 83486 23286289268736 000110000100011000110110 19 0 0 354820037016950450359007952240242 354820037016950450359007952289047 21059908256703194918056301435500 21059908256703194918056301518975 000110000100011000110110
0000011100000011010 19 19 102234 23153036230656 0000010001100000011010110 19 0 0 360016013241381367368661783110257 360016013241381367368661783159195 21000263949184082955258836925433 21000263949184082955258837027667 0000010001100000011010110
0000000101101000110 19 19 101832 23126956048384 0000000100010110100011010 19 0 0 358066042798437574297244536500222 358066042798437574297244536551787 20963422590919655702257350839895 20963422590919655702257350941727 0000000100010110100011010
0000010111000001010 19 19 102762 22912241238016 0000010010010111000001010 19 0 0 354513945346010366837800269453209 354513945346010366837800269504735 20769939225588093146129203610720 20769939225588093146129203713477 0000010010010111000001010
0000011001110000010 19 19 102600 22906033668096 0000010010011001110000010 19 0 0 354505598702593964218900323512347 354505598702593964218900323563670 20765770065926439429764038747876 20765770065926439429764038850475 0000010010011001110000010
0000000111000011010 19 19 101530 22831467331584 0000000100011000011010110 19 0 0 355192199797553144549404575140955 355192199797553144549404575188432 20708195711815615376604350102947 20708195711815615376604350204477 0000000100011000011010110
0000000101110001010 19 19 103959 22768863150080 0000000100100101110001010 19 0 0 352290597937433860861954375214814 352290597937433860861954375264838 20638971850576763814283828279173 20638971850576763814283828383127 0000000100100101110001010
0001010110001101010 19 19 86305 22765398654976 0001000101011000110101010 19 0 0 349104803655520778968741912567615 349104803655520778968741912623116 20600017285567432095851178046524 20600017285567432095851178132812 0001000101011000110101010
0000000110011100010 19 19 103561 22752689913856 0000000100100110011100010 19 0 0 352247253499389852919222552645117 352247253499389852919222552694731 20627312013077824267610218888840 20627312013077824267610218992400 0000000100100110011100010
0000010110001000110 19 19 99423 22742304817152 0000010001011000100011010 19 0 0 349446341066149576690087714719470 349446341066149576690087714769715 20598513639979420453304024136984 20598513639979420453304024236403 0000010001011000100011010
0001100110011000110 19 19 85673 22673249796096 0001000110011001100011010 19 0 0 348834554102071458420339056431571 348834554102071458420339056486362 20532596898095368202964652434857 20532596898095368202964652520526 0001000110011001100011010
0001011001100011010 19 19 85520 22664055881728 0001000101100110001101010 19 0 0 348773527878656029972138019779477 348773527878656029972138019834252 20524388079787325688014013149337 20524388079787325688014013234834 0001000101100110001101010
0001100101100011010 19 19 85374 22654828412928 0001000110010110001101010 19 0 0 348766379601703305945313619464739 348766379601703305945313619519408 20518850415816112415938648572262 20518850415816112415938648657634 0001000110010110001101010
0000011100001111010 19 19 76018 22594438823936 000001000110000111010110 19 0 0 331854531869908733419147435631711 331854531869908733419147435670738 20353601645294798385329705726849 20353601645294798385329705802867 000001000110000111010110
0000011000000011110 19 19 91481 22412506693632 0000010001100000001111010 19 0 0 345814982306135722633830817720771 345814982306135722633830817768417 20307209209152998781705828962645 20307209209152998781705829054125 0000010001100000001111010
0001011000110000010 19 19 89521 22391359012864 0001000101100011000001010 19 0 0 344175219217719415933909350946872 344175219217719415933909350995577 20281737532940417959526130437759 20281737532940417959526130527259 0001000101100011000001010
0000000111100000110 19 19 95420 22365555654656 0000000100011000001101110 19 0 0 343319757504689177912550209398834 343319757504689177912550209444236 20251857675599070337271375750600 20251857675599070337271375846020 0000000100011000001101110
0001100000011100010 19 19 95600 22254750531584 0001000110000001110001010 19 0 0 344917804037903859264481387813652 344917804037903859264481387860065 20177856898165312200281295720540 20177856898165312200281295816140 0001000110000001110001010
0000010110100000110 19 19 92444 22253550960640 0000010001011010000011010 19 0 0 345243514719237874613960298707948 345243514719237874613960298753945 20176629988449847161946070222652 20176629988449847161946070315096 0000010001011010000011010
0001100000000110110 19 19 90402 22242620604416 010001100011000000110110 19 0 0 330325948127133840921855759688046 330325948127133840921855759731959 20044583492787513968856160286679 20044583492787513968856160377050 0001000110000000011011010
00000101101100110110 20 20 64151 22181962579968 000001000110100110110 20 0 0 332413941863248618831609514078105 332413941863248618831609514110869 19062115616328357158303864979499 19062115616328357158303865043650 000001000110100110110
00000101110100111010 20 20 64130 22181316657152 000001000110100111010 20 0 0 332411273904980420824048474419016 332411273904980420824048474451768 19061633809972304933387860858161 19061633809972304933387860922291 000001000110100111010
0000010110000011010 19 19 94575 22123032608768 0000010001011000001101010 19 0 0 340956665866053298647806964231286 340956665866053298647806964278065 20014907946933281839514952375854 20014907946933281839514952470412 0000010001011000001101010
0000011000011000110 19 19 95985 22100240760832 0000010001100001100011010 19 0 0 341764811974662386259983706041922 341764811974662386259983706088344 20019183604811036380561452537974 20019183604811036380561452633908 0000010001100001100011010
0001100101101000110 19 19 81425 22058733928448 0001000110010110100011010 19 0 0 341001845617899083589514947999484 341001845617899083589514948051160 19986903338308529146793188451679 19986903338308529146793188533102 0001000110010110100011010
0001010110100011010 19 19 81421 22054967443456 0001000101011010001101010 19 0 0 340975588212001983063800902735689 340975588212001983063800902787425 19983615313473160204855114837000 19983615313473160204855114918419 0001000101011010001101010
0000000110000111010 19 19 94647 21982699585536 0000000100011000011101010 19 0 0 336974383132893466499965828865157 336974383132893466499965828908856 19900558983621555836579965245018 19900558983621555836579965339665 0000000100011000011101010
0000010110000010110 19 19 98240 21916169535488 0000010010010110000010110 19 0 0 340678848190180200566173394637586 340678848190180200566173394685659 19876986026275699004812052515624 19876986026275699004812052613862 0000010010010110000010110
0000011100110000010 19 19 98168 21914407927808 0000010010011100110000010 19 0 0 340672801570697350992689686546788 340672801570697350992689686594797 19875667088175133243569537052973 19875667088175133243569537151141 0000010010011100110000010
0000011001100000110 19 19 93053 21899719475200 0000010001100110000011010 19 0 0 340420006556228207906914008297026 340420006556228207906914008342381 19859801487073367536309486609975 19859801487073367536309486703015 0000010001100110000011010
0000000111001100010 19 19 98894 21768269987840 0000000100100111001100010 19 0 0 338369854739405592846998494184893 338369854739405592846998494231021 19741635300359158430011487069501 19741635300359158430011487168394 0000000100100111001100010
0000000101100010110 19 19 98712 21736871428096 0000000100100101100010110 19 0 0 338201439474294538895742514072679 338201439474294538895742514118749 19715917244348142598520839495468 19715917244348142598520839594178 0000000100100101100010110
0001010110101000110 19 19 77653 21668596547584 0001000101011010100011010 19 0 0 336354493435379710523965110631522 336354493435379710523965110680523 19640768307994091290329549140136 19640768307994091290329549217788 0001000101011010100011010
0001011001101000110 19 19 77543 21663789875200 0001000101100110100011010 19 0 0 336324888470007672735089753835605 336324888470007672735089753884470 19636536392518963290772221013595 19636536392518963290772221091137 0001000101100110100011010
0001100000011000110 19 19 90468 21579727634432 0001000110000001100011010 19 0 0 334662880702422736379915860249794 334662880702422736379915860294444 19557237485461049717000980621228 19557237485461049717000980711684 0001000110000001100011010
0001011000001000110 19 19 87205 21567857754112 0001000101100000100011010 19 0 0 332920962359518975960645144991423 332920962359518975960645145037905 19543952742003712924730364753911 19543952742003712924730364841115 0001000101100000100011010
0001011010000000110 19 19 84631 21558714171392 0001000101101000000011010 19 0 0 333339951566594874319785558333770 333339951566594874319785558376890 19537795624890053096673449429094 19537795624890053096673449513725 0001000101101000000011010
0001100110000000110 19 19 86940 21432952160256 0001000110011000000011010 19 0 0 330534617266588766940553250961775 330534617266588766940553251005841 19416941833133185706654779564424 19416941833133185706654779651364 0001000110011000000011010
0001011000000011010 19 19 86609 21389650165760 0001000101100000001101010 19 0 0 330337108758131584038228548533812 330337108758131584038228548577687 19382517313576634869705280620719 19382517313576634869705280707328 0001000101100000001101010
0001100110000111010 19 19 73980 21379273457664 0001000110011000011101010 19 0 0 312281573845878281015576655059220 312281573845878281015576655101228 19222397808216198476422853625625 19222397808216198476422853699605 0001000110011000011101010
0000010111000111010 19 19 76435 21276714336256 000001010001100011011010 19 0 0 327191041692555655268194938129413 327191041692555655268194938171144 19262264295786486653528207076061 19262264295786486653528207152480 000001010001100011011010
0000011001110001110 19 19 75608 21203674726400 000001100100011000110110 19 0 0 327012606000097984130543745994820 327012606000097984130543746035772 19212130519942871532130601980729 19212130519942871532130602056337 000001100100011000110110
00000001011010011010 20 20 97920 21182082449408 0000000100011010011010 20 0 0 311403954609950583610370327026833 311403954609950583610370327079750 18179136589603274866198159424215 18179136589603274866198159522126 0000000100011010011010
0000000110000110110 19 19 90535 21030441582592 0000000100011000011011010 19 0 0 329772317036441844828428794265818 329772317036441844828428794307305 19089082547998143024538445744354 19089082547998143024538445834889 0000000100011000011011010
0000000001110011010 19 19 90711 21021792927744 0000000001001001110011010 19 0 0 329674158110182973389111340068276 329674158110182973389111340110078 19081010959300203953789155661204 19081010959300203953789155751915 0000000001001001110011010
0000010110110000010 19 19 90952 20994479620096 0000010001100000100110110 19 0 0 327954522773391006457131940461343 327954522773391006457131940505246 19050628408188416494990853602297 19050628408188416494990853693249 0000010001100000100110110
0000010111010000010 19 19 90922 20994169241600 0000010001100000100111010 19 0 0 327952717056838434365624580162947 327952717056838434365624580206829 19050363426271603068419399273382 19050363426271603068419399364302 0000010001100000100111010
0000000101110100010 19 19 92637 20971637440512 0000000100011000100111010 19 0 0 327480563035927293865771372599044 327480563035927293865771372642337 19027454036960562570496377166595 19027454036960562570496377259230 0000000100011000100111010
0000000110000011110 19 19 84379 20964641341440 0000000100100110000011110 19 0 0 327538730801493684544067766014703 327538730801493684544067766056337 19024331985622755256560499304305 19024331985622755256560499388684 0000000100100110000011110
0000000001011010110 19 19 90166 20962711961600 0000000001001001011010110 19 0 0 329361093982142888143784594846191 329361093982142888143784594887754 19032719503181007505673661229344 19032719503181007505673661319510 0000000001001001011010110
0000000101101100010 19 19 92467 20940406652928 0000000100011000100110110 19 0 0 327351769375351999109016465797040 327351769375351999109016465840157 19003012679594334709023265239525 19003012679594334709023265331990 0000000100011000100110110
0001011000100000110 19 19 80525 20926448009216 0001000101100010000011010 19 0 0 322879614084721315064270770079063 322879614084721315064270770119634 18961469949238613550997087567294 18961469949238613550997087647819 0001000101100010000011010
0001011000001100010 19 19 80181 20845883817984 0001000101100000110001010 19 0 0 322250180509371688899848068425734 322250180509371688899848068466208 18892320956325291172055031485434 18892320956325291172055031565615 0001000101100000110001010
0001100001100000110 19 19 84668 20783027978240 0001000110000110000011010 19 0 0 324762196760847639577011990382398 324762196760847639577011990422829 18856468126465657867777720278008 18856468126465657867777720362675 0001000110000110000011010
0001011000110011010 19 19 73421 20645589024768 0001000101100011001101010 19 0 0 320835516511817079797778626960646 320835516511817079797778627005522 18717216948264995408233659610984 18717216948264995408233659684403 0001000101100011001101010
0001011010011000110 19 19 73388 20644683055104 0001000101101001100011010 19 0 0 320832604537507026347025456510037 320832604537507026347025456554882 18716547669501370393340300049920 18716547669501370393340300123307 0001000101101001100011010
0000000001100011110 19 19 83155 20612403691520 0000000001001001100011110 19 0 0 322687446242311537376637222309462 322687446242311537376637222349164 18708676523806583664516650018192 18708676523806583664516650101347 0000000001001001100011110
0000011000000111010 19 19 88002 20610063269888 0000010001100000011101010 19 0 0 322040129163937152492727691624976 322040129163937152492727691664848 18693420390459088986414105012496 18693420390459088986414105100493 0000010001100000011101010
0000011100000001110 19 19 81055 20275064209408 0000010001100000001110110 19 0 0 317408464938256062260741604311062 317408464938256062260741604349119 18400759972826432629608395075759 18400759972826432629608395156814 0000010001100000001110110
0000000000011111010 19 19 81696 20219162525696 0000000000010010011111010 19 0 0 316916069244628921218165813559607 316916069244628921218165813597907 18352061061501277812977645140710 18352061061501277812977645222406 0000000000010010011111010
0000000000011011110 19 19 81550 20215345709056 0000000000010010011011110 19 0 0 316942556625173086352650239332880 316942556625173086352650239370698 18350323538528042609005503911635 18350323538528042609005503993185 0000000000010010011011110
0001100000000011110 19 19 75650 20189945004032 0001000110000000001111010 19 0 0 315734867768687989334276195018195 315734867768687989334276195055510 18322416389713781864410435212239 18322416389713781864410435287889 0001000110000000001111010
0001100000000111010 19 19 83249 20132231380992 0001000110000000011101010 19 0 0 315120600648092360700954910295963 315120600648092360700954910334716 18264054096326276196622957207507 18264054096326276196622957290756 0001000110000000011101010
0000011100001110110 19 19 68407 20097938751488 000001110000100011010110 19 0 0 314347499580055426091705798218042 314347499580055426091705798254139 18236418311121076412848757691057 18236418311121076412848757759464 000001110000100011010110
0000000001011101010 19 19 85901 20026971127808 0000000001001001011101010 19 0 0 315827231359261956760429472174919 315827231359261956760429472213639 18187428237094191833844428585627 18187428237094191833844428671528 0000000001001001011101010
0001011000011101010 19 19 68469 19990791061504 0001000101100001110101010 19 0 0 303896880868392644989002649165033 303896880868392644989002649203178 18076412664053103504684969303061 18076412664053103504684969371530 0001000101100001110101010
0000000001100110110 19 19 85514 19984256335872 0000000001001001100110110 19 0 0 315663862908271149340711355638285 315663862908271149340711355676549 18154453968429727024281280926607 18154453968429727024281281012119 0000000001001001100110110
0000000001100111010 19 19 85297 19974886260736 0000000001001001100111010 19 0 0 315624431598884744081653430376823 315624431598884744081653430414918 18147146922014117894639323008025 18147146922014117894639323093322 0000000001001001100111010
0000000001011011010 19 19 85180 19966799642624 0000000001001001011011010 19 0 0 315580760684957203781247457729974 315580760684957203781247457768075 18140513549730080695587233277126 18140513549730080695587233362306 0000000001001001011011010
00010110000010000010 20 20 101048 19861346451456 00010001011101010000010 20 0 0 290080583451906326281605379885980 290080583451906326281605379943346 17038770837028062065947110340558 17038770837028062065947110441602 00010001011101010000010
0000011100001101110 19 19 68206 19860012662784 000001000110000110110110 19 0 0 310961920184702142600901109063343 310961920184702142600901109097982 18020833616574965660238480434371 18020833616574965660238480502577 000001000110000110110110
0000000001111101110 19 19 63364 19846045630464 00000100000011100111010 19 0 0 310312525510998703869660763174012 310312525510998703869660763205047 18008105245519986333087427251412 18008105245519986333087427314776 00000100000011100111010
0000000001111011110 19 19 63174 19829335523328 00000100000011100110110 19 0 0 310248828220664803645226259060365 310248828220664803645226259091207 17995254326811845533426723450498 17995254326811845533426723513672 00000100000011100110110
0000010101101010110 19 19 73007 19751573127168 0000010010010101101010110 19 0 0 310311053620611716419571917673148 310311053620611716419571917713316 17928269313972712518319929110515 17928269313972712518319929183522 0000010010010101101010110
0000011100101101010 19 19 72954 19750163841024 0000010010011100101101010 19 0 0 310307601020579530914049274907350 310307601020579530914049274947488 17927274675052804973264901454051 17927274675052804973264901527005 0000010010011100101101010
0000010110011010110 19 19 72817 19739904573440 0000010010010110011010110 19 0 0 310262657883306824840778219918085 310262657883306824840778219958065 17919128114990828043957685767654 17919128114990828043957685840469 0000010010010110011010110
0000011100110011010 19 19 72744 19737899696128 0000010010011100110011010 19 0 0 310256347969534391327193726652329 310256347969534391327193726692260 17917651014065626342601552772917 17917651014065626342601552845661 0000010010011100110011010
0000010111011000110 19 19 64922 19735483777024 000001010001101011000110 19 0 0 309272274799460105396156817417596 309272274799460105396156817451932 17910581963412290427153737842341 17910581963412290427153737907263 000001010001101011000110
0001011010000110110 19 19 67770 19655792001024 0001000101101000011011010 19 0 0 295574091565285973185163862598708 295574091565285973185163862637141 17721298952137603402751816945384 17721298952137603402751817013150 0001000101101000011011010
0000000000011110110 19 19 79131 19556705763328 000000000100001100111010 19 0 0 306914878847428909656559856290958 306914878847428909656559856326945 17749172545114881543404842188973 17749172545114881543404842268102 000000000100001100111010
0000000000011101110 19 19 78126 19429173755904 000000000100001100110110 19 0 0 306254718828072559307557202453371 306254718828072559307557202488507 17645713175091479652057389675744 17645713175091479652057389753870 000000000100001100110110
0001011000011011010 19 19 66635 19152844619776 0001000101100001101101010 19 0 0 297290756440792404902746144112794 297290756440792404902746144149940 17358057174727333368392131124826 17358057174727333368392131191461 0001000101100001101101010
0000000111000001110 19 19 76349 19066274185216 0000000100100111000001110 19 0 0 300406365917344432027327067772136 300406365917344432027327067807809 17314899429937493295239627214001 17314899429937493295239627290349 0000000100100111000001110
0000000001111000110 19 19 74669 18674853347328 0000000001001001111000110 19 0 0 295325332572118126075708599786530 295325332572118126075708599820164 16966726296392824052248282085554 16966726296392824052248282160223 0000000001001001111000110
0001100110000110110 19 19 64041 18674693963776 0001000110011000011011010 19 0 0 293724465744904739543563290257365 293724465744904739543563290292930 16951966154601135238167002511297 16951966154601135238167002575338 0001000110011000011011010
0001011010000111010 19 19 62383 18582863872000 0001000101101000011101010 19 0 0 290073742123466607665492405180448 290073742123466607665492405214648 16854507012494490624127602252603 16854507012494490624127602314986 0001000101101000011101010
00000000000000000010 20 20 132293 18188414746624 00000000000000000001001010 20 0 0 274085503089723613073111425278722 274085503089723613073111425340421 15680462997754655085219005024621 15680462997754655085219005156914 00000000000000000001001010
0001100001110011010 19 19 62673 18047553241088 0001000110000111001101010 19 0 0 284065914851423451685240855525027 284065914851423451685240855558417 16381904343067441907051175246956 16381904343067441907051175309629 0001000110000111001101010
0001100001011010110 19 19 61579 17929106096128 0001000110000101101011010 19 0 0 283430701581978965716736348084474 283430701581978965716736348117010 16285144689356191539479765675441 16285144689356191539479765737019 0001000110000101101011010
0001100001100111010 19 19 61101 17921707343872 0001000110000110011101010 19 0 0 274930355725380037030270887570347 274930355725380037030270887603002 16196189735359364488662665023881 16196189735359364488662665084971 0001000110000110011101010
0000010111001101010 19 19 64642 17912077221888 0000010010010111001101010 19 0 0 283940117101244207380401697560653 283940117101244207380401697594524 16274839378922969416955856939548 16274839378922969416955857004189 0000010010010111001101010
0000011001011010110 19 19 64630 17910500163584 0000010010011001011010110 19 0 0 283942243695936083251109433497501 283942243695936083251109433531248 16273832397237930181574580526596 16273832397237930181574580591224 0000010010011001011010110
0000011001110011010 19 19 64565 17908763721728 0000010010011001110011010 19 0 0 283936881518600471689864364491817 283936881518600471689864364525531 16272560674442091821224983666765 16272560674442091821224983731330 0000010010011001110011010
0000010101101011010 19 19 64602 17907723534336 0000010010010101101011010 19 0 0 283920168406983780302150045586234 283920168406983780302150045620059 16271348396228535866364931753833 16271348396228535866364931818435 0000010010010101101011010
0000010110100111010 19 19 61772 17288996585472 0000010010010110100111010 19 0 0 275023228560114281354116970735779 275023228560114281354116970766896 15714770758248478560741160146747 15714770758248478560741160208519 0000010010010110100111010
0000010111010011010 19 19 61756 17288753315840 0000010010010111010011010 19 0 0 275021822128263101355187502346292 275021822128263101355187502377394 15714562192980849633704969529476 15714562192980849633704969591232 0000010010010111010011010
0000010110100110110 19 19 61751 17287016873984 0000010010010110100110110 19 0 0 275013149603555343632778621650844 275013149603555343632778621681917 15713133667884779304245507585712 15713133667884779304245507647463 0000010010010110100110110
0000011000011101110 19 19 59077 17286656163840 000001100100001100110110 19 0 0 274381148607043765110730020945940 274381148607043765110730020975544 15710613999017673741824489299342 15710613999017673741824489358419 000001100100001100110110
0000010110110011010 19 19 61704 17285792137216 0000010010010110110011010 19 0 0 275009807656695320441504757070650 275009807656695320441504757101700 15712256245077905972221253627422 15712256245077905972221253689126 0000010010010110110011010
0000011000011110110 19 19 58988 17282361196544 000001100100001100111010 19 0 0 274358616317561849598654040809946 274358616317561849598654040839522 15707114907362572539861736720343 15707114907362572539861736779331 000001100100001100111010
00000001011000100010 20 20 111798 17263553937408 0000000100010111010100010 20 0 0 253607202675042692981516429692146 253607202675042692981516429750961 14835385149072245213734433157723 14835385149072245213734433269510 0000000100010111010100010
0000010110001110110 19 19 61759 17209153814528 0000010001011100011010110 19 0 0 271602741801633338625672375220718 271602741801633338625672375252574 15630178596281521804095485116454 15630178596281521804095485178213 0000010001011100011010110
0000011100110001110 19 19 61683 17207014719488 0000010001100111000110110 19 0 0 271594910205991008863324570044697 271594910205991008863324570076474 15628564820046856234825157824797 15628564820046856234825157886480 0000010001100111000110110
0001100000011110110 19 19 57314 17103667068928 000110000100001100111010 19 0 0 269258437465877005448932763079251 269258437465877005448932763108339 15524197835761250597008239421496 15524197835761250597008239478810 000110000100001100111010
0001100001100110110 19 19 58120 17004891209728 0001000110000110011011010 19 0 0 270161522562323886520268804955301 270161522562323886520268804985197 15453117998560970549760426727666 15453117998560970549760426785771 0001000110000110011011010
0000010101110101010 19 19 61222 17000529133568 0000010010010101110101010 19 0 0 270779802956070434783766861064361 270779802956070434783766861095840 15454053796451243918426873252359 15454053796451243918426873313581 0000010010010101110101010
0000011001100110110 19 19 61112 16994740994048 0000010010011001100110110 19 0 0 270767758401264596019640837328382 270767758401264596019640837359646 15449892341563772862600108464729 15449892341563772862600108525841 0000010010011001100110110
0000011001100111010 19 19 61011 16993893744640 0000010010011001100111010 19 0 0 270756269875578585088768246705877 270756269875578585088768246737160 15449024356825468189617470730346 15449024356825468189617470791357 0000010010011001100111010
0000011001011101010 19 19 60928 16986755039232 0000010010011001011101010 19 0 0 270731716170017640041311839770805 270731716170017640041311839801965 15443583529056638032747955724017 15443583529056638032747955784945 0000010010011001011101010
0000011001011011010 19 19 60859 16983584145408 0000010010011001011011010 19 0 0 270714055997427441787527095806104 270714055997427441787527095837239 15440972753481212528738601499855 15440972753481212528738601560714 0000010010011001011011010
0000010110011011010 19 19 60837 16979792494592 0000010010010110011011010 19 0 0 270693324001897498933134622243702 270693324001897498933134622274852 15437855159538627183971581436069 15437855159538627183971581496906 0000010010010110011011010
0001100001011101010 19 19 57726 16976906813440 0001000110000101110101010 19 0 0 270041654010478997040291612735791 270041654010478997040291612765479 15431391159716170374786263654964 15431391159716170374786263712690 0001000110000101110101010
0000010101101101010 19 19 60774 16976051175424 0000010010010101101101010 19 0 0 270672704256089372233263106796351 270672704256089372233263106827484 15434772165174259230814079427123 15434772165174259230814079487897 0000010010010101101101010
0000010110011101010 19 19 60777 16975975677952 0000010010010110011101010 19 0 0 270672843831372571423211759857325 270672843831372571423211759888464 15434731146594813007093331885365 15434731146594813007093331946142 0000010010010110011101010
0001100001011011010 19 19 57676 16970053320704 0001000110000101101101010 19 0 0 270000396644205430365892917036780 270000396644205430365892917066498 15425668014299867229428014537368 15425668014299867229428014595044 0001000110000101101101010
0001100000011101110 19 19 54950 16874129588224 000110000100001100110110 19 0 0 268000816825996833502799152873681 268000816825996833502799152901170 15335879411540240012688832342921 15335879411540240012688832397871 000110000100001100110110
0000010111010001110 19 19 59509 16763391574016 0000010001011011000110110 19 0 0 265064891333816243469880740732184 265064891333816243469880740762295 15227808131076895628375817330634 15227808131076895628375817390143 0000010001011011000110110
0000010110110001110 19 19 59488 16762737262592 0000010001011101000110110 19 0 0 265065877458371985041535681313255 265065877458371985041535681343356 15227523729600180241638225694576 15227523729600180241638225754063 0000010001011101000110110
00000000000000001110 20 20 111235 16737487552512 00000000000000000100101110 20 0 0 234480054645595675285071336786242 234480054645595675285071336842035 14275832627354150812224171274469 14275832627354150812224171385653 00000000000000000100101110
0000011100111000110 19 19 57127 16523259281408 0000010001100110001110110 19 0 0 263070327357758424891378908018398 263070327357758424891378908047349 15020095030122363755752959199544 15020095030122363755752959256666 0000010001100110001110110
0000010111000110110 19 19 56972 16509854285824 0000010001011000111010110 19 0 0 262997065146607174326536386309238 262997065146607174326536386338149 15009132799315920746333098837204 15009132799315920746333098894176 0000010001011000111010110
00000000000110000010 20 20 110015 16255067095040 00000000000100011000001010 20 0 0 247369878942132857870007713277657 247369878942132857870007713329449 14027857109521855494693384232730 14027857109521855494693384342745 00000000000100011000001010
00000000011000000010 20 20 109776 16253188046848 00000000010001100000001010 20 0 0 247458149583566181637099104091617 247458149583566181637099104143615 14027200621022560531117705491093 14027200621022560531117705600869 00000000010001100000001010
00011000000111101110 20 20 60794 16231696433152 000110000001000110101110 20 0 0 244587770580870053077564105029158 244587770580870053077564105067237 13984603265436850606901006027987 13984603265436850606901006088781 000110000001000110101110
0000000101111011010 19 19 56498 16210288705536 000001000001110100111010 19 0 0 258189370042630076631975842509226 258189370042630076631975842535841 14732854511631178778665652239396 14732854511631178778665652295879 000001000001110100111010
00000001100000000010 20 20 108546 16184737005568 00000001000110000000001010 20 0 0 246497017245353682947543601891439 246497017245353682947543601943177 13968656485578081952655399041072 13968656485578081952655399149618 00000001000110000000001010
00000000000001100010 20 20 109073 16168412774400 00000000000001000110001010 20 0 0 246055944117513360386746632040138 246055944117513360386746632090796 13952779148907994906384443710114 13952779148907994906384443819187 00000000000001000110001010
0000000101110111010 19 19 55990 16152642191360 000001000001110100110110 19 0 0 257970144528440594318193078732475 257970144528440594318193078758782 14688786584396145545673695241146 14688786584396145545673695297136 000001000001110100110110
00010110100101101010 20 20 65300 16149118976000 00010001100110110011010 20 0 0 245555868174667521173474933678566 245555868174667521173474933720492 13915222793308430121810736122193 13915222793308430121810736187489 00010001100110110011010
0000000110011101110 19 19 55923 16149102198784 000001000001101100110110 19 0 0 257965457304279942946806987465172 257965457304279942946806987491322 14686301258086594147088208065897 14686301258086594147088208121820 000001000001101100110110
0000000110011110110 19 19 55865 16147265093632 000001000001101100111010 19 0 0 257959486152751165858914464700813 257959486152751165858914464726929 14684933877944997163295701131869 14684933877944997163295701187734 000001000001101100111010
00010110011010011010 20 20 64955 16135361658880 00010001011101010011010 20 0 0 245507769493466035452628389996405 245507769493466035452628390037994 13905285178398639235595854034216 13905285178398639235595854099167 00010001011101010011010
00010101101010011010 20 20 65158 16132643749888 00010001011011010011010 20 0 0 245472733763964313932041747178018 245472733763964313932041747219864 13902519110061802018269229894817 13902519110061802018269229959971 00010001011011010011010
00010110100110011010 20 20 64750 16117837856768 00010001100111010011010 20 0 0 245419644072342040309837784935154 245419644072342040309837784976610 13891750706856290448328439738851 13891750706856290448328439803597 00010001100111010011010
00000110000000000010 20 20 106053 16018508349440 00000100011000000000001010 20 0 0 244018641966514411035683223984735 244018641966514411035683224035692 13825134759338420211071961865906 13825134759338420211071961971959 00000100011000000000001010
00000101100000100010 20 20 101516 15967446892544 00000100010110000010001010 20 0 0 236592820824286160042469492094003 236592820824286160042469492149330 13738270738188916815763409136315 13738270738188916815763409237829 00000100010110000010001010
00000000000000011010 20 20 104530 15865701466112 00000000000000010001101010 20 0 0 242651934352935317806798062925932 242651934352935317806798062974213 13698197630183859601087979573623 13698197630183859601087979678153 00000000000000010001101010
00000000000111101110 20 20 70441 15854502674432 000000000001000110101110 20 0 0 237486516665790653914089125113991 237486516665790653914089125153063 13650532636170752197890592702850 13650532636170752197890592773288 000000000001000110101110
00000101100010000010 20 20 100137 15850669080576 00000100010110001000001010 20 0 0 234909776754981079315797605616694 234909776754981079315797605670823 13638012663314788455052081323545 13638012663314788455052081423681 00000100010110001000001010
00011000000000000010 20 20 101373 15658360242176 00010001100000000000001010 20 0 0 238842062963701178964334193064212 238842062963701178964334193113101 13515602377278400948566266849899 13515602377278400948566266951272 00010001100000000000001010
00000111001110001110 20 20 64070 15207254458368 000001000110011000110110 20 0 0 228601400317299801574798667363055 228601400317299801574798667401956 13096108808749974779541835154533 13096108808749974779541835218602 000001000110011000110110
00000101110001110110 20 20 63862 15183841853440 000001000101100011010110 20 0 0 228533573787032816901731030436776 228533573787032816901731030475648 13080180275362633673266527135162 13080180275362633673266527199024 000001000101100011010110
00010101100010001010 20 20 80177 14981953224704 0001010001011101010001010 20 0 0 217978932504675671379507342990282 217978932504675671379507343037283 12853178675392893648894684073501 12853178675392893648894684153644 0001010001011101010001010
00011001011000100010 20 20 80431 14981659623424 0001100100010111010100010 20 0 0 218037489552615487252846358253229 218037489552615487252846358300371 12856075308747790207624654809558 12856075308747790207624654889987 0001100100010111010100010
00000101110110001110 20 20 60883 14811404435456 000001000101101000110110 20 0 0 224014716057169521163745288551277 224014716057169521163745288588149 12764663106100855891873584775889 12764663106100855891873584836772 000001000101101000110110
00000001100111101110 20 20 54974 14724758503424 000000011001000110101110 20 0 0 224612856870388310494006078883407 224612856870388310494006078914773 12703203700560042172018826431426 12703203700560042172018826486400 000000011001000110101110
00000001011110111010 20 20 54967 14721822490624 000000010100011010111010 20 0 0 224580852988679231650289122045187 224580852988679231650289122076727 12700465313832260584789420400693 12700465313832260584789420455660 000000010100011010111010
00000110000111101110 20 20 54627 14630311165952 000001100001000110101110 20 0 0 223185234819510057999023534751659 223185234819510057999023534783729 12622418865829866241215495676003 12622418865829866241215495730628 000001100001000110101110
00000000010110100010 20 20 88943 14566155091968 00000000010001011010001010 20 0 0 222516066426174150290324110553845 222516066426174150290324110598432 12572940935299588284126882157832 12572940935299588284126882246775 00000000010001011010001010
00000101110110000010 20 20 71857 14531870851072 0000010001011010000010110 20 0 0 220580591303160596717762624734624 220580591303160596717762624774709 12533196551380320566350133045209 12533196551380320566350133117066 0000010001011010000010110
00000000010110001010 20 20 90058 14500279353344 00000000010001011000101010 20 0 0 221215856054457226978973687290921 221215856054457226978973687335348 12509054368621729082537274607290 12509054368621729082537274697307 00000000010001011000101010
00000001011101100010 20 20 73189 14494516379648 0000000100010110100010110 20 0 0 219759837916794972432574140720664 219759837916794972432574140760844 12499427372994324054576498607478 12499427372994324054576498680667 0000000100010110100010110
00000000011001100010 20 20 90066 14473377087488 00000000010001100110001010 20 0 0 221183772613752301858792119989079 221183772613752301858792120033291 12492336163869252939743845118219 12492336163869252939743845208276 00000000010001100110001010
00000001011010000010 20 20 87778 14472429174784 00000001000101101000001010 20 0 0 221228778187050905283098854012305 221228778187050905283098854057135 12492889806068004634072960537881 12492889806068004634072960625659 00000001000101101000001010
00010101011010101010 20 20 70946 14470105530368 00010001010101101010101010 20 0 0 220293836209567708889167809956263 220293836209567708889167810004240 12470586783432436192048863545386 12470586783432436192048863616308 00010001010101101010101010
00000000000101101010 20 20 87417 14465793785856 00000000000100010110101010 20 0 0 222394909218898734071236648987656 222394909218898734071236649030822 12493404313639679102174438590065 12493404313639679102174438677482 00000000000100010110101010
00000000000110011010 20 20 87464 14465743454208 00000000000100011001101010 20 0 0 222407275472877480203212969832067 222407275472877480203212969875069 12493702526728315591730149508823 12493702526728315591730149596287 00000000000100011001101010
00000001100110000010 20 20 89710 14462589337600 00000001000110011000001010 20 0 0 221193024404547280934091656768126 221193024404547280934091656813388 12485080922327193725644314853839 12485080922327193725644314943546 00000001000110011000001010
00000001011000001010 20 20 89457 14453294759936 00000001000101100000101010 20 0 0 221134608317890868275195290619679 221134608317890868275195290664886 12477479895818376222964462581894 12477479895818376222964462671351 00000001000101100000101010
0000000101110101110 19 19 50860 14391420387328 0000000100100101110101110 19 0 0 231878477386162125070903364498799 231878477386162125070903364521361 13095965596533200897749349024992 13095965596533200897749349075850 0000000100100101110101110
00011001100101101010 20 20 69668 14381622493184 00010001100110010110101010 20 0 0 219886775440465629527579974777374 219886775440465629527579974824282 12403598059596314976157492312589 12403598059596314976157492382251 00010001100110010110101010
00011001100110011010 20 20 69585 14378921361408 00010001100110011001101010 20 0 0 219947988227291656027412524283716 219947988227291656027412524330419 12403457199409295671195553188532 12403457199409295671195553258115 00010001100110011001101010
00011001010110101010 20 20 69649 14371396780032 00010001100101011010101010 20 0 0 219899596710685792508882591247215 219899596710685792508882591294076 12397409360480737385469963333660 12397409360480737385469963403307 00010001100101011010101010
00010110011001101010 20 20 69131 14352337862656 00010001011001100110101010 20 0 0 219820725628634454215094385983414 219820725628634454215094386029832 12383164743498981747920740817416 12383164743498981747920740886547 00010001011001100110101010
0000000101111010110 19 19 50582 14343546601472 0000000100100101111010110 19 0 0 231671099881347177092634523348349 231671099881347177092634523370673 13057984761242387374655950564161 13057984761242387374655950614738 0000000100100101111010110
0000000111001111010 19 19 50547 14339520069632 0000000100100111001111010 19 0 0 231665325376682808590244297562764 231665325376682808590244297585101 13055436990155542965711934062470 13055436990155542965711934113017 0000000100100111001111010
0000000111100111010 19 19 50516 14338286944256 0000000100100111100111010 19 0 0 231659558639333137527130392475762 231659558639333137527130392498084 13054448024486477497556881250922 13054448024486477497556881301438 0000000100100111100111010
0000000101101110110 19 19 50498 14337766850560 0000000100100101101110110 19 0 0 231658931195319178300163680211309 231658931195319178300163680233600 13054099307138186744785471432533 13054099307138186744785471483031 0000000100100101101110110
0000000111001101110 19 19 50489 14337531969536 0000000100100111001101110 19 0 0 231658611946794166162661239708004 231658611946794166162661239730275 13053941212262361127116351540424 13053941212262361127116351590913 0000000100100111001101110
0000000101101101110 19 19 50495 14337364197376 0000000100100101101101110 19 0 0 231657252791792700755567756711192 231657252791792700755567756733477 13053786840699994432368953018163 13053786840699994432368953068658 0000000100100101101101110
0000000111100110110 19 19 50449 14336122683392 0000000100100111100110110 19 0 0 231652155315776768351164968963233 231652155315776768351164968985486 13052815836465335514894493570351 13052815836465335514894493620800 0000000100100111100110110
00010110010110101010 20 20 69296 14335141216256 00010001011001011010101010 20 0 0 219710186408808097453994553170618 219710186408808097453994553217261 12369180788874928729242632512185 12369180788874928729242632581481 00010001011001011010101010
00011001011001101010 20 20 69205 14331643166720 00010001100101100110101010 20 0 0 219701650160219743748104750926794 219701650160219743748104750973286 12366722021824956863626475375451 12366722021824956863626475444654 00010001100101100110101010
00010101100110101010 20 20 69020 14313666379776 00010001010110011010101010 20 0 0 219604433069862784788512405655954 219604433069862784788512405702399 12352633267845556375437846729715 12352633267845556375437846798735 00010001010110011010101010
00000001100001100010 20 20 89797 14307366535168 00000001000110000110001010 20 0 0 218500313283317237822702351787374 218500313283317237822702351830839 12345983312453665057744684254757 12345983312453665057744684344554 00000001000110000110001010
00000101100000001010 20 20 85910 14237590093824 00000100010110000000101010 20 0 0 217655434781035451295275352564758 217655434781035451295275352609166 12285525851212269508283084480974 12285525851212269508283084566858 00000100010110000000101010
00000000000001110110 20 20 80424 14211216310272 0000000000000100011010110 20 0 0 217427108778590444871776541348595 217427108778590444871776541388037 12266483021242653081288044849732 12266483021242653081288044930155 0000000000000100011010110
00000101101000000010 20 20 83878 14210067070976 00000100010110100000001010 20 0 0 217505021451178042189021327502642 217505021451178042189021327546231 12267801778247189678187614272182 12267801778247189678187614356060 00000100010110100000001010
00000110011000000010 20 20 85908 14208842334208 00000100011001100000001010 20 0 0 217609845916418282294750400342548 217609845916418282294750400386818 12267410447611429941273336271011 12267410447611429941273336356919 00000100011001100000001010
00010101101000100010 20 20 73354 14190571945984 00010001010110100010001010 20 0 0 208122737958102234310382561628376 208122737958102234310382561673586 12184448342362124602961812851210 12184448342362124602961812924561 00010001010110100010001010
00010110000000100010 20 20 83597 14190571945984 00010001011000000010001010 20 0 0 213535422170525915033586623618637 213535422170525915033586623665264 12228239645862368381390596961228 12228239645862368381390597044825 00010001011000000010001010
00000110000001100010 20 20 87205 14181998788608 00000100011000000110001010 20 0 0 216627297237972503514066196926463 216627297237972503514066196969097 12237989922008791825219309449438 12237989922008791825219309536643 00000100011000000110001010
00000110000110000010 20 20 87673 14169944358912 00000100011000011000001010 20 0 0 216795769213941419586483128807099 216795769213941419586483128850935 12231054276970245705214959727263 12231054276970245705214959814936 00000100011000011000001010
00000001111000000010 20 20 83512 14060271697920 00000001000110000000101110 20 0 0 215655948664701064475009319903656 215655948664701064475009319944821 12141619800067781165387565460139 12141619800067781165387565543651 00000001000110000000101110
00010110001000000010 20 20 81728 14030810906624 00010001011000100000001010 20 0 0 211117461217714677296260375765293 211117461217714677296260375810284 12090196048299141188325287978277 12090196048299141188325288060005 00010001011000100000001010
00000001010110101010 20 20 77511 13987391471616 00000001000101011010101010 20 0 0 214571748379914574656670458434184 214571748379914574656670458477628 12072646781456998528717896668592 12072646781456998528717896746103 00000001000101011010101010
00000001100110011010 20 20 77283 13976511447040 00000001000110011001101010 20 0 0 214548106318805942342920683110509 214548106318805942342920683153527 12065201498476649526461706103519 12065201498476649526461706180802 00000001000110011001101010
00000001100101101010 20 20 77199 13951723110400 00000001000110010110101010 20 0 0 214409180224987702065393342363039 214409180224987702065393342406080 12045644509067666679472491173596 12045644509067666679472491250795 00000001000110010110101010
00000001011001101010 20 20 76855 13938754322432 00000001000101100110101010 20 0 0 214345006303176374602779583933787 214345006303176374602779583976683 12035623010361436617401056847507 12035623010361436617401056924362 00000001000101100110101010
00000001100000011010 20 20 83980 13934107033600 00000001000110000001101010 20 0 0 215075008262430898976097123233782 215075008262430898976097123273622 12039754570371056362901471681610 12039754570371056362901471765590 00000001000110000001101010
00000000011000011010 20 20 83912 13896559624192 00000000010001100001101010 20 0 0 214628424279329226137803897119767 214628424279329226137803897158802 12007939101954393122905005132848 12007939101954393122905005216760 00000000010001100001101010
00011000000110000010 20 20 82862 13863357513728 00010001100000011000001010 20 0 0 212084890559732692996444687138180 212084890559732692996444687179856 11964463103724917185030217188943 11964463103724917185030217271804 00010001100000011000001010
00000110000000011010 20 20 82015 13815576002560 00000100011000000001101010 20 0 0 213292858667433844567380629877056 213292858667433844567380629916523 11937641619007831009817687015280 11937641619007831009817687097295 00000100011000000001101010
00011000000001100010 20 20 82051 13765445681152 00010001100000000110001010 20 0 0 211417111456030010773882275490482 211417111456030010773882275530674 11887624814951075301219365719478 11887624814951075301219365801529 00010001100000000110001010
00000101100011000110 20 20 69086 13698378760192 000001000101110101000110 20 0 0 204001806420414075579497138951502 204001806420414075579497138989693 11773887066455129763802971725493 11773887066455129763802971794573 000001000101110101000110
00000000011110000010 20 20 80510 13691466547200 00000000010001100000101110 20 0 0 210284613293546130504653917613408 210284613293546130504653917652709 11824483322921694999212221983068 11824483322921694999212222063578 00000000010001100000101110
00011000011000000010 20 20 80808 13678782971904 00010001100001100000001010 20 0 0 209971659577324033247660678620187 209971659577324033247660678661309 11811694302201241220696862439906 11811694302201241220696862520714 00010001100001100000001010
00010110100000000010 20 20 76787 13666955034624 00010001011010000000001010 20 0 0 209788093535675248137920675783613 209788093535675248137920675824113 11801854207005001114021040510486 11801854207005001114021040587273 00010001011010000000001010
00011001100000000010 20 20 78056 13607152648192 00010001100110000000001010 20 0 0 209054217196998169183539141454347 209054217196998169183539141495237 11751595479454645645068646770609 11751595479454645645068646848665 00010001100110000000001010
00010110000000001010 20 20 77938 13601012187136 00010001011000000000101010 20 0 0 209016462297812934011695897295854 209016462297812934011695897336720 11746592736028478078542519423474 11746592736028478078542519501412 00010001011000000000101010
00000000000111100010 20 20 79278 13559538909184 00000000000100011000101110 20 0 0 207588599234925048999541687875431 207588599234925048999541687914099 11704001351213416773378614049645 11704001351213416773378614128923 00000000000100011000101110
00000101011010100010 20 20 72949 13501582016512 00000100010101101010001010 20 0 0 206341759531040774265049315302155 206341759531040774265049315344510 11651152864489943631861879777581 11651152864489943631861879850530 00000100010101101010001010
00000101100110100010 20 20 72774 13493898051584 00000100010110011010001010 20 0 0 206309590897688570288630098823696 206309590897688570288630098865868 11645358015837924567646133767009 11645358015837924567646133839783 00000100010110011010001010
00011000000000011010 20 20 77771 13486935506944 00010001100000000001101010 20 0 0 208534129284784125658764954860646 208534129284784125658764954898319 11655209203741353857017993406338 11655209203741353857017993484109 00010001100000000001101010
00000001100001110110 20 20 67887 13411119267840 0000000110000100011010110 20 0 0 205827997271366757732519099859746 205827997271366757732519099896465 11578270132728990388072313129824 11578270132728990388072313197711 0000000110000100011010110
00010110011000100010 20 20 68838 13359093121024 00010001011001100010001010 20 0 0 199196109581340647068061751274790 199196109581340647068061751316025 11495596593134360213615399784263 11495596593134360213615399853097 00010001011001100010001010
00010101100010100010 20 20 68656 13351476264960 00010001010110001010001010 20 0 0 199157235625669569777360105479902 199157235625669569777360105521066 11490162054970000527188454855765 11490162054970000527188454924415 00010001010110001010001010
00011001100001110110 20 20 58589 13281641103360 0001100110000100011010110 20 0 0 203970385467460068603613789158406 203970385467460068603613789196398 11464621354939515166714003189539 11464621354939515166714003248128 0001100110000100011010110
00010110000111011010 20 20 58538 13279569117184 0001011000010001101011010 20 0 0 203952815670830842779329945905528 203952815670830842779329945943539 11462751244245973225779247687220 11462751244245973225779247745756 0001011000010001101011010
00000101011010001010 20 20 71985 13251811213312 00000100010101101000101010 20 0 0 202263254134709506729892307978036 202263254134709506729892308019412 11431411358935668814575928081288 11431411358935668814575928153244 00000100010101101000101010
00000110010110100010 20 20 71743 13231653388288 00000100011001011010001010 20 0 0 202233098331590073908787652209123 202233098331590073908787652250117 11419029074047153059147027897474 11419029074047153059147027969216 00000100011001011010001010
00000111001110000010 20 20 68649 13208207228928 0000010001100110000010110 20 0 0 202404804037014263160212826114250 202404804037014263160212826151393 11402415346513560293741590792028 11402415346513560293741590860677 0000010001100110000010110
00000101110000010110 20 20 68426 13195364270080 0000010001011000001010110 20 0 0 202337251380712776816137560674992 202337251380712776816137560712044 11392377928867427329623173919816 11392377928867427329623173988242 0000010001011000001010110
00000001110011100010 20 20 69211 13114917519360 0000000100011001100010110 20 0 0 200608116121740213938714925447623 200608116121740213938714925483988 11318562128267111003296960399446 11318562128267111003296960468657 0000000100011001100010110
00000001011100010110 20 20 68728 13077521104896 0000000100010110001010110 20 0 0 200418723026754877247068391036640 200418723026754877247068391072727 11289507483594866740469440059846 11289507483594866740469440128571 0000000100010110001010110
00000111000000000110 20 20 75403 13026082160640 00000100011000000000110110 20 0 0 198664784650985432408921984982649 198664784650985432408921985018403 11237202011268768419060844685092 11237202011268768419060844760495 00000100011000000000110110
00000000011000001110 20 20 74820 13001679699968 00000000010001100000111010 20 0 0 198709229120273143795092933149497 198709229120273143795092933186630 11210776304605832163757418727600 11210776304605832163757418802401 00000000010001100000111010
00000101100110001010 20 20 71451 12990992613376 00000100010110011000101010 20 0 0 198270753136825006562392899235312 198270753136825006562392899275479 11194837859464033330235808739677 11194837859464033330235808811126 00000100010110011000101010
00000110011001100010 20 20 71545 12965994561536 00000100011001100110001010 20 0 0 198306279804497631361371780855588 198306279804497631361371780895639 11188323299005715988698989432689 11188323299005715988698989504234 00000100011001100110001010
00000110010110001010 20 20 71043 12947321520128 00000100011001011000101010 20 0 0 198230490510672839632600688379296 198230490510672839632600688418979 11175641013346634017568142660610 11175641013346634017568142731650 00000100011001011000101010
00000101011000101010 20 20 70900 12940904235008 00000100010101100010101010 20 0 0 198194690402321464123241131657336 198194690402321464123241131697018 11170564628220140009961999757240 11170564628220140009961999828136 00000100010101100010101010
00000000000000111110 20 20 69164 12923615313920 00000000000000010010111110 20 0 0 198400089920616237422201943246936 198400089920616237422201943282804 11158404877909180868821278722812 11158404877909180868821278791973 00000000000000010010111110
00000001110000000110 20 20 74573 12844812730368 00000001000110000000110110 20 0 0 196379142123598968099144213784339 196379142123598968099144213819128 11083959491830986035961191353164 11083959491830986035961191427737 00000001000110000000110110
00011000000000001110 20 20 69914 12834570240000 00010001100000000000111010 20 0 0 192522801030891244031530236347305 192522801030891244031530236381453 11050492268290318232519153571214 11050492268290318232519153641128 00010001100000000000111010
00010101101010000010 20 20 63706 12768853884928 00010001010110101000001010 20 0 0 196075543914409492517444448159672 196075543914409492517444448198162 11023623414673251051582085997602 11023623414673251051582086061308 00010001010110101000001010
00010110011010000010 20 20 63527 12760389779456 00010001011001101000001010 20 0 0 196040735871868369539450122759314 196040735871868369539450122797619 11017274288397324076305618663895 11017274288397324076305618727422 00010001011001101000001010
00000000011100000110 20 20 72151 12611995303936 00000000010001100000110110 20 0 0 193841353634272259248162421592333 193841353634272259248162421625506 10889282524577445183641202851223 10889282524577445183641202923374 00000000010001100000110110
00000101101000011010 20 20 65758 12540515975168 00000100010110100001101010 20 0 0 191374284527618772151074111236140 191374284527618772151074111270675 10818162842346873321271769484948 10818162842346873321271769550706 00000100010110100001101010
00000101100010011010 20 20 67033 12524753780736 00000100010110001001101010 20 0 0 192625471772977819398064419074738 192625471772977819398064419111351 10815539088641956907246471636571 10815539088641956907246471703602 00000100010110001001101010
00000101101001100010 20 20 67021 12524451790848 00000100010110100110001010 20 0 0 192624640406030801481787452188143 192624640406030801481787452224745 10815332041452329125821880640911 10815332041452329125821880707932 00000100010110100110001010
00010101101000001010 20 20 62972 12518789480448 00010001010110100000101010 20 0 0 192197638803439712944502841906492 192197638803439712944502841944187 10807804119794024247943413881828 10807804119794024247943413944799 00010001010110100000101010
00000001100000001110 20 20 69942 12516247732224 00000001000110000000111010 20 0 0 192823740380296555762550895715834 192823740380296555762550895748732 10809960189294287961789056024756 10809960189294287961789056094698 00000001000110000000111010
00011001011010000010 20 20 62871 12514578399232 00010001100101101000001010 20 0 0 192191083520070711367291988265085 192191083520070711367291988302634 10805045207227802693363625801620 10805045207227802693363625864491 00010001100101101000001010
00011000000111100010 20 20 63870 12406424076288 00010001100000011110001010 20 0 0 191172671709800555839263528892797 191172671709800555839263528927623 10716528566774777791619962038429 10716528566774777791619962102299 00010001100000011110001010
00000110000110011010 20 20 65920 12375629496320 00000100011000011001101010 20 0 0 191981388010533197438242691078566 191981388010533197438242691112710 10695801467821397104739265971638 10695801467821397104739266037558 00000100011000011001101010
00000110000101101010 20 20 65824 12374513811456 00000100011000010110101010 20 0 0 191957302038197413120595416754383 191957302038197413120595416788733 10694437897028609766638714879208 10694437897028609766638714945032 00000100011000010110101010
00011000000000111110 20 20 58564 12300257853440 00010001100000000011111010 20 0 0 188947992608624146092412450897004 188947992608624146092412450931097 10620811698476805882329929968218 10620811698476805882329930026782 00010001100000000011111010
00011001100110000010 20 20 63166 12280393629696 00010001100110011000001010 20 0 0 188708546612688244359732028015425 188708546612688244359732028052717 10602701605927539417404688177350 10602701605927539417404688240515 00010001100110011000001010
00011001011000001010 20 20 62860 12269815595008 00010001100101100000101010 20 0 0 188655472631612544996382887791672 188655472631612544996382887828824 10594618241649204986147631571363 10594618241649204986147631634188 00010001100101100000101010
00010110011000001010 20 20 62865 12268431474688 00010001011001100000101010 20 0 0 188652691993329583945818757911984 188652691993329583945818757949138 10593658131052135847738698395102 10593658131052135847738698457966 00010001011001100000101010
00010101100000101010 20 20 62811 12266594369536 00010001010110000010101010 20 0 0 188637287612787161664460804451551 188637287612787161664460804488708 10592114837812858556928078896083 10592114837812858556928078958893 00010001010110000010101010
00000110000000001110 20 20 67941 12266283991040 00000100011000000000111010 20 0 0 190377268807755288943240492678400 190377268807755288943240492710903 10602637791713435968745792857723 10602637791713435968745792925664 00000100011000000000111010
00000001110000011110 20 20 60613 12259145285632 0000000100011000001110110 20 0 0 187509613523037461229863362780500 187509613523037461229863362813257 10580098757139730592693663262662 10580098757139730592693663323275 0000000100011000001110110
00000000010111011010 20 20 59953 12207924445184 0000000001010001101011010 20 0 0 189199874000870446648000163511293 189199874000870446648000163541639 10549423182354051082427077479635 10549423182354051082427077539588 0000000001010001101011010
00000000011001110110 20 20 59691 12197489016832 0000000001100100011010110 20 0 0 189162437535188372352541393878301 189162437535188372352541393908316 10541742859263408136595141685955 10541742859263408136595141745646 0000000001100100011010110
00000110000001110110 20 20 59600 12185593970688 0000011000000100011010110 20 0 0 188604802839060579037697179728975 188604802839060579037697179759207 10529326915358637225681274595760 10529326915358637225681274655360 0000011000000100011010110
00011000000110011010 20 20 62715 12139481792512 00010001100000011001101010 20 0 0 188539973641398481158390762302561 188539973641398481158390762335733 10492897763958955629767336651561 10492897763958955629767336714276 00010001100000011001101010
00011000000101101010 20 20 62634 12138517102592 00010001100000010110101010 20 0 0 188520458845791704579564737511626 188520458845791704579564737544966 10491753994515745371558250590079 10491753994515745371558250652713 00010001100000010110101010
00000000000001111010 20 20 67764 12102437699584 00000000000001001001111010 20 0 0 185549654707608423146170774093837 185549654707608423146170774125505 10434630113086854136059483400121 10434630113086854136059483467885 00000000000001001001111010
00011000010110100010 20 20 61923 12069319475200 00010001100001011010001010 20 0 0 185794650932111043350997597578447 185794650932111043350997597612551 10423330419192875352734527396565 10423330419192875352734527458488 00010001100001011010001010
00000000000110001110 20 20 66077 11981658521600 00000000000100100110001110 20 0 0 187107479558929719850811997531795 187107479558929719850811997562383 10363632735263280502239516139642 10363632735263280502239516205719 00000000000100100110001110
00011000000001110110 20 20 56975 11979729141760 0001100000000100011010110 20 0 0 185322265511982242057569556329329 185322265511982242057569556358855 10349990287596011538583913042859 10349990287596011538583913099834 0001100000000100011010110
00011000010110001010 20 20 62725 11970895937536 00010001100001011000101010 20 0 0 183703965894104991653535146317029 183703965894104991653535146351111 10328251071971038393981145062937 10328251071971038393981145125610 00010001100001011000101010
00000001111000011010 20 20 61807 11960712167424 00000001000110000110101110 20 0 0 186077523011093793346803465664088 186077523011093793346803465694702 10341346893447838330885952062488 10341346893447838330885952124295 00000001000110000110101110
00000110011000011010 20 20 62724 11958354968576 00000100011001100001101010 20 0 0 185929240514517094055282341884695 185929240514517094055282341916786 10337909737922026049582060998952 10337909737922026049582061061676 00000100011001100001101010
00000110000111100010 20 20 62500 11951719579648 00000100100110000111100010 20 0 0 185048778459857836858087552478490 185048778459857836858087552511133 10328896288642126978023160863630 10328896288642126978023160926130 00000100100110000111100010
00000101100001101010 20 20 62458 11947986649088 00000100010110000110101010 20 0 0 185872872548221341654897117421754 185872872548221341654897117453773 10329758370838153895754266886523 10329758370838153895754266948981 00000100010110000110101010
00011000011001100010 20 20 62936 11939849699328 00010001100001100110001010 20 0 0 183663629055272733683164438865282 183663629055272733683164438899307 10308567536047412432478416738042 10308567536047412432478416800970 00010001100001100110001010
00000001100111100010 20 20 63072 11928726405120 00000001001001100111100010 20 0 0 184629641437318647225108492329042 184629641437318647225108492361137 10308445826663769653277058215528 10308445826663769653277058278600 00000001001001100111100010
00000001011110001010 20 20 62889 11920153247744 00000001001001011110001010 20 0 0 184581847925156111757266214994554 184581847925156111757266215026627 10301673908223894230858446994110 10301673908223894230858447056999 00000001001001011110001010
00000110011000001110 20 20 61423 11910145638400 00000100011001100000111010 20 0 0 183268233251992801152094055108041 183268233251992801152094055142478 10280006534919804935972413762426 10280006534919804935972413823819 00000100011001100000111010
00010110100000011010 20 20 58705 11893469085696 00010001011010000001101010 20 0 0 183157513091862336124786724156803 183157513091862336124786724188439 10269695408206519215675891042026 10269695408206519215675891100730 00010001011010000001101010
00000101100000111010 20 20 60893 11863454646272 00000100010110000011101010 20 0 0 183124982178998635397375294550626 183124982178998635397375294584773 10247992159306722307726665723999 10247992159306722307726665784892 00000100010110000011101010
00010110100001100010 20 20 58969 11810245705728 00010001011010000110001010 20 0 0 182174212033165727348036775095001 182174212033165727348036775127342 10200987024660638278301574517606 10200987024660638278301574576575 00010001011010000110001010
00010110000010011010 20 20 58342 11803308326912 00010001011000001001101010 20 0 0 182305904953927427268729687364776 182305904953927427268729687398386 10195971947801984877245622597477 10195971947801984877245622655818 00010001011000001001101010
00010110100110000010 20 20 58265 11799239852032 00010001011010011000001010 20 0 0 182297054140827946333806766476185 182297054140827946333806766509723 10193360951636649128483793223513 10193360951636649128483793281778 00010001011010011000001010
00000000000001101110 20 20 64176 11743673712640 00000000000001001001101110 20 0 0 183841158723924536518909773501686 183841158723924536518909773530526 10160512351556352500006403022860 10160512351556352500006403087036 00000000000001001001101110
00000110000000111110 20 20 55923 11712241598464 00000100100110000000111110 20 0 0 181650128894016365638099995064075 181650128894016365638099995095221 10123542753187784469450411174307 10123542753187784469450411230230 00000100100110000000111110
00011001100001100010 20 20 60317 11711075581952 00010001100110000110001010 20 0 0 180520686018927382863133284038299 180520686018927382863133284071214 10114434816056176242846636096436 10114434816056176242846636156753 00010001100110000110001010
00010110000110001010 20 20 60209 11705279053824 00010001011000011000101010 20 0 0 180482485128615444356176481055820 180482485128615444356176481088738 10109499459831704142055299195021 10109499459831704142055299255230 00010001011000011000101010
00011000011001110110 20 20 48794 11657757589504 0001100001100100011010110 20 0 0 180947494292423522977859962566130 180947494292423522977859962595125 10073762300684376463556425713130 10073762300684376463556425761924 0001100001100100011010110
00011000010111011010 20 20 48540 11647204720640 0001100001010001101011010 20 0 0 180893259661282238253118570960959 180893259661282238253118570989866 10065556098066464732718044322875 10065556098066464732718044371415 0001100001010001101011010
00000001100000111110 20 20 55729 11599330934784 00000001001001100000111110 20 0 0 180167332420520118180053814480058 180167332420520118180053814510111 10027436538592951080269061579173 10027436538592951080269061634902 00000001001001100000111110
00011001100000011010 20 20 57136 11529772597248 00010001100110000001101010 20 0 0 179604171329171312679992320004097 179604171329171312679992320034531 9969186948917409019566464677552 9969186948917409019566464734688 00010001100110000001101010
00010110000001101010 20 20 56974 11522306736128 00010001011000000110101010 20 0 0 179563574264573462239001074557694 179563574264573462239001074588074 9963317799896884102009959574435 9963317799896884102009959631409 00010001011000000110101010
00000000000111000110 20 20 63451 11520629014528 00000000000100100111000110 20 0 0 180258575626939065470500182194691 180258575626939065470500182223090 9963967432606218222401584387905 9963967432606218222401584451356 00000000000100100111000110
00010110000011100010 20 20 54757 11512601116672 00010001011000001110001010 20 0 0 176914360005720222426230061727030 176914360005720222426230061759511 9940741141577055568050041796086 9940741141577055568050041850842 00010001011000001110001010
00010110001000011010 20 20 56281 11510831120384 00010001011000100001101010 20 0 0 176806808739529425009420905313402 176806808739529425009420905344076 9937201526609287247584133488278 9937201526609287247584133544558 00010001011000100001101010
00010110000110100010 20 20 55996 11471765372928 00010001011000011010001010 20 0 0 176503934176561708223729617993165 176503934176561708223729618023746 9905160817193499836147931456491 9905160817193499836147931512485 00010001011000011010001010
00011000011000011010 20 20 58329 11458628812800 00010001100001100001101010 20 0 0 178535520265721523243954650219235 178535520265721523243954650248633 9907006243381459589933705264175 9907006243381459589933705322504 00010001100001100001101010
00000000011000111110 20 20 54883 11425829355520 00000000010010011000111110 20 0 0 177733780434806506427891127268466 177733780434806506427891127297232 9878718522322546754217186712581 9878718522322546754217186767464 00000000010010011000111110
00000101110110011010 20 20 46942 11417038094336 0000010100011010110011010 20 0 0 168726641241240255096247965652017 168726641241240255096247965678897 9788775417643700467229247358394 9788775417643700467229247405331 0000010100011010110011010
00000101101000001110 20 20 56489 11326248189952 00000100010110100000111010 20 0 0 175758267589984246930345858990263 175758267589984246930345859021053 9786904044813684702799655291580 9786904044813684702799655348067 00000100010110100000111010
00000000000110111110 20 20 53861 11226012712960 00000000000100100110111110 20 0 0 174834020509415092813899363428169 174834020509415092813899363455738 9706656486719978759250228419584 9706656486719978759250228473445 00000000000100100110111110
00000000000111111010 20 20 53431 11207088013312 00000000000100100111111010 20 0 0 174724407947104254155951012870242 174724407947104254155951012897841 9691582974728587199437071289832 9691582974728587199437071343263 00000000000100100111111010
00000110000001111010 20 20 54800 11066880819200 00000100011000000111101010 20 0 0 168914100070392703379019412904082 168914100070392703379019412931315 9541387748632475079527368567788 9541387748632475079527368622572 00000100011000000111101010
00011000011100000110 20 20 53823 11053081559040 00010001100001110000011010 20 0 0 171197986160778434792784307207190 171197986160778434792784307235078 9550747501245252936699366372621 9550747501245252936699366426443 00010001100001110000011010
00000111000011000110 20 20 55568 11031380230144 00000100011000011000110110 20 0 0 171658319916509634767619843005911 171658319916509634767619843033760 9533799430813561310698524851829 9533799430813561310698524907371 00000100011000011000110110
00000111000011100010 20 20 56984 10977592475648 00000100100111000011100010 20 0 0 171328351149988912303013867486850 171328351149988912303013867515243 9494158951565770678968258740848 9494158951565770678968258797832 00000100100111000011100010
00000001011000101110 20 20 57114 10937276825600 00000001001001011000101110 20 0 0 170782179741781448059355091999183 170782179741781448059355092026813 9459624403898752675709007086003 9459624403898752675709007143117 00000001001001011000101110
00000001111001100010 20 20 57086 10936337301504 00000001001001111001100010 20 0 0 170778152568091147806648310785698 170778152568091147806648310813312 9458913529301285016909573941482 9458913529301285016909573998568 00000001001001111001100010
00000110000110001110 20 20 53605 10808973066240 00000100011000011000111010 20 0 0 168123964578020157943255038499390 168123964578020157943255038526965 9337893852805526509390681199811 9337893852805526509390681253387 00000100011000011000111010
00000101100010001110 20 20 54300 10780711845888 00000100100101100010001110 20 0 0 167951929820237763175155352389402 167951929820237763175155352417622 9321895361150106827593903175414 9321895361150106827593903229714 00000100100101100010001110
00000101110001000110 20 20 54034 10773682192384 00000100100101110001000110 20 0 0 167891305474464827516576273940072 167891305474464827516576273968079 9316077786272105578835335191462 9316077786272105578835335245496 00000100100101110001000110
00010110001000001110 20 20 50464 10759253786624 00010001011000100000111010 20 0 0 166329776609911364397881747757805 166329776609911364397881747786454 9295479416124720596820032005045 9295479416124720596820032055509 00010001011000100000111010
00000001011101101110 20 20 42189 10684930719744 000001000011001011010110 20 0 0 167111167647423678443902109490867 167111167647423678443902109513118 9241233685467108559978000971339 9241233685467108559978001013528 000001000011001011010110
00000001111001110110 20 20 42143 10682934231040 000001000011001110011010 20 0 0 167102798656949759571002010203163 167102798656949759571002010225371 9239729211382505886690389191138 9239729211382505886690389233281 000001000011001110011010
00000101100011100010 20 20 52604 10662935789568 00000100011000100110001110 20 0 0 166574811162189392001324458252682 166574811162189392001324458280445 9222721019148662827209042719195 9222721019148662827209042771799 00000100011000100110001110
00011000011000001110 20 20 50779 10620715925504 00010001100001100000111010 20 0 0 165597208372439487827904026634929 165597208372439487827904026661743 9182682724658657325484290653621 9182682724658657325484290704399 00010001100001100000111010
00000110011001110110 20 20 43743 10559428755456 0000011001100100011010110 20 0 0 164964771205261289879888619616600 164964771205261289879888619640696 9129992694206688833524087482991 9129992694206688833524087526734 0000011001100100011010110
00000101011101101010 20 20 43689 10556232695808 0000010101000110101101010 20 0 0 164946095013033690043661986717885 164946095013033690043661986741994 9127440560146463344324375944470 9127440560146463344324375988159 0000010101000110101101010
00000001011011100010 20 20 53313 10547206553600 00000001000110001001101110 20 0 0 165426332493236077122423226400249 165426332493236077122423226426042 9126274144476651550450473342431 9126274144476651550450473395744 00000001000110001001101110
00000001011110100010 20 20 53287 10546116034560 00000001000110001001111010 20 0 0 165421607688752804587707361409468 165421607688752804587707361435245 9125446034009987282126197072515 9125446034009987282126197125802 00000001000110001001111010
00000110000001101110 20 20 51532 10512268001280 00000100011000000110111010 20 0 0 164949672143938875090414663978264 164949672143938875090414664003608 9094635109804970178670709675007 9094635109804970178670709726539 00000100011000000110111010
00010110001100000110 20 20 47368 10505297068032 00010001011000110000011010 20 0 0 162940164234231603356364988238537 162940164234231603356364988264959 9078652442190736549697399328750 9078652442190736549697399376116 00010001011000110000011010
00000110010111011010 20 20 43358 10503812284416 0000011001010001101011010 20 0 0 164664283735231429415834466987107 164664283735231429415834467010937 9086411922244797138322417499968 9086411922244797138322417543326 0000011001010001101011010
00000101100111011010 20 20 43272 10499928358912 0000010110010001101011010 20 0 0 164643599820408369520408027453209 164643599820408369520408027477012 9083372672491436206874662441358 9083372672491436206874662484630 0000010110010001101011010
00000101101001110110 20 20 43646 10471214153728 0000010110100100011010110 20 0 0 163864570969724986493037545970113 163864570969724986493037545993941 9056457886878562137464203731869 9056457886878562137464203775515 0000010110100100011010110
00000101110000011010 20 20 50885 10411923472384 00000100100101110000011010 20 0 0 163806062337372213872326763055473 163806062337372213872326763080750 9011505507371052976419195701345 9011505507371052976419195752230 00000100100101110000011010
00000110011100000110 20 20 50876 10411093000192 00000100100110011100000110 20 0 0 163807419281766466269812612303868 163807419281766466269812612329081 9011008301077046925500203468219 9011008301077046925500203519095 00000100100110011100000110
00010110100000001110 20 20 45989 10402427568128 00010001011010000000111010 20 0 0 163045079901483746610741477694732 163045079901483746610741477719501 8999456124948390720693372445689 8999456124948390720693372491678 00010001011010000000111010
00000001011010001110 20 20 50696 10374602555392 00000001001001011010001110 20 0 0 163289102261311994085541611693654 163289102261311994085541611718696 8979141937655320954465686000572 8979141937655320954465686051267 00000001001001011010001110
00000000011110011010 20 20 50810 10351215116288 00000000010010011110011010 20 0 0 163209504497552865724938414081636 163209504497552865724938414105754 8960933103997747107900675817293 8960933103997747107900675868103 00000000010010011110011010
00000000010110101110 20 20 50777 10350720188416 00000000010010010110101110 20 0 0 163207226600796054052126844424199 163207226600796054052126844448295 8960551771805399199387661583941 8960551771805399199387661634718 00000000010010010110101110
00000111000000111010 20 20 50806 10305589477376 00000100011000000111010110 20 0 0 161861012280513138110786332365118 161861012280513138110786332388769 8915441019790566319389303513233 8915441019790566319389303564039 00000100011000000111010110
00000111000000011110 20 20 48386 10283309334528 00000100100111000000011110 20 0 0 161328559857324372021325979401024 161328559857324372021325979426352 8898084043690395577252321207834 8898084043690395577252321256220 00000100100111000000011110
00000111000000110110 20 20 50306 10267018657792 00000100011000000110110110 20 0 0 161663434225578419239969344571641 161663434225578419239969344595021 8885533227409935282462097226958 8885533227409935282462097277262 00000100011000000110110110
00000001110011000110 20 20 50773 10237926965248 00000001001001110011000110 20 0 0 160672743007800065404183567507087 160672743007800065404183567531873 8857260688333785566961183768718 8857260688333785566961183819490 00000001001001110011000110
00000000011100111010 20 20 50385 10236014362624 00000000010001100110110110 20 0 0 161598705210737724053374163850620 161598705210737724053374163873831 8860908967073109320607607366590 8860908967073109320607607416975 00000000010001100110110110
00000000011100110110 20 20 50204 10227080495104 00000000010001100111010110 20 0 0 161555007225510560923156731475554 161555007225510560923156731498687 8854085417121038769561470118178 8854085417121038769561470168382 00000000010001100111010110
00000001011000110110 20 20 50461 10212501094400 00000001001001011000110110 20 0 0 160563875696231207169939745980349 160563875696231207169939746004963 8838410367265307260353098277243 8838410367265307260353098327702 00000001001001011000110110
00000000010111010110 20 20 50003 10208239681536 00000000010001011011010110 20 0 0 161444584436579764115052901418220 161444584436579764115052901441382 8839078592250511085207946435600 8839078592250511085207946485603 00000000010001011011010110
00000000010110110110 20 20 50015 10207182716928 00000000010001011101010110 20 0 0 161449796679953505268252007939218 161449796679953505268252007962293 8838542744306930210122040921817 8838542744306930210122040971832 00000000010001011101010110
00000101110001100010 20 20 49912 10185582051328 00000100011000100111000110 20 0 0 159784707289032406378487178370686 159784707289032406378487178396366 8813251902017820013022151431503 8813251902017820013022151481415 00000100011000100111000110
00011001100000001110 20 20 45727 10152488992768 00010001100110000000111010 20 0 0 159469230964264977679691154603275 159469230964264977679691154627460 8785221635661069115339047835437 8785221635661069115339047881163 00010001100110000000111010
00010110000000111010 20 20 45576 10145056686080 00010001011000000011101010 20 0 0 159428964201228204424240518402369 159428964201228204424240518426500 8779383402313064515159558256250 8779383402313064515159558301826 00010001011000000011101010
00000001100110001110 20 20 49340 10116241817600 00000001001001100110001110 20 0 0 159791062665748314938272042823765 159791062665748314938272042847827 8759107040746652342077970065767 8759107040746652342077970115107 00000001001001100110001110
00000001011000111010 20 20 49105 10108163588096 00000001001001011000111010 20 0 0 159752677784376085832499921267373 159752677784376085832499921291311 8752949373550351058404924667055 8752949373550351058404924716160 00000001001001011000111010
00000000011100011110 20 20 46546 10050080866304 0000000100001100110001110 20 0 0 158329220026241096102830996135127 158329220026241096102830996157840 8699809342204761097579441952096 8699809342204761097579441998642 0000000100001100110001110
00000001011011101110 20 20 40077 10014295064576 0000000100010111010101110 20 0 0 157533195167623512374902621329599 157533195167623512374902621350374 8664661115938332613312570955659 8664661115938332613312570995736 0000000100010111010101110
00000001111001111010 20 20 39854 10001770872832 0000000100011001101101110 20 0 0 157480933097197145736029357677298 157480933097197145736029357697870 8655232793985604101782042364556 8655232793985604101782042404410 0000000100011001101101110
00011000000001101110 20 20 47967 9999103295488 00010001100000000110111010 20 0 0 155451339460036724668785952794955 155451339460036724668785952818515 8636293146986083501484079183280 8636293146986083501484079231215 00010001100000000110111010
00000001011110101110 20 20 39740 9992090419200 0000000100010110110101110 20 0 0 157418135457010843057974285124072 157418135457010843057974285144671 8647371644461134408183523276249 8647371644461134408183523315989 0000000100010110110101110
00000001111001101110 20 20 39630 9984557449216 0000000100011001110101110 20 0 0 157386778730563372776892108140656 157386778730563372776892108161146 8641703229692936226667952687206 8641703229692936226667952726836 0000000100011001110101110
00000000011111000110 20 20 46654 9973484486656 00000000010010011111000110 20 0 0 157224198339144048374857585056572 157224198339144048374857585079314 8633919026526725790754194753109 8633919026526725790754194799763 00000000010010011111000110
00010110000011000110 20 20 44955 9967914450944 00010001011000001100011010 20 0 0 155536050857025199667307197648709 155536050857025199667307197672932 8618578483696148669765077017813 8618578483696148669765077062760 00010001011000001100011010
00000000000111110110 20 20 46604 9962948395008 0000000001000011001111010 20 0 0 153572775127511096319898122652020 153572775127511096319898122675022 8591017282391268797818804628423 8591017282391268797818804675024 0000000001000011001111010
00000110000111000110 20 20 47649 9945407815680 00000100011000011100011010 20 0 0 157038201786153899962253837269129 157038201786153899962253837292357 8608839196521835385816435606626 8608839196521835385816435654269 00000100011000011100011010
00011000000110001110 20 20 46231 9940634697728 00010001100000011000111010 20 0 0 156639833664925929680706665437481 156639833664925929680706665460287 8603783023801886672281434659238 8603783023801886672281434705469 00010001100000011000111010
00000001100001101110 20 20 48739 9939359629312 00000001001001100001101110 20 0 0 156800243292601762855046811519368 156800243292601762855046811541850 8603114315951352024562873673359 8603114315951352024562873722098 00000001001001100001101110
00000101100000110110 20 20 48307 9934829780992 00000100100101100000110110 20 0 0 157036882136234647576923834541467 157036882136234647576923834564738 8602592625913327986126560096558 8602592625913327986126560144865 00000100100101100000110110
00000111001100000110 20 20 48297 9934435516416 00000100100111001100000110 20 0 0 157035393380380596269608896169867 157035393380380596269608896193131 8602303378695443445720764320003 8602303378695443445720764368300 00000100100111001100000110
00000000010111101010 20 20 48096 9881629229056 00000000010010010111101010 20 0 0 156453294980635953388213944835280 156453294980635953388213944857538 8557072202000852971349546467349 8557072202000852971349546515445 00000000010010010111101010
00000001100001111010 20 20 47884 9873743937536 00000001001001100001111010 20 0 0 156452483276842566187349401603524 156452483276842566187349401625672 8551880518944538899333293904437 8551880518944538899333293952321 00000001001001100001111010
00000000011001101110 20 20 48076 9872854745088 00000000010010011001101110 20 0 0 156432899139107978571720751916566 156432899139107978571720751938645 8550956602905081057334883221230 8550956602905081057334883269306 00000000010010011001101110
00000000011001111010 20 20 48019 9870958919680 00000000010010011001111010 20 0 0 156422750609827586964675485137779 156422750609827586964675485159840 8549472390255485918594830931303 8549472390255485918594830979322 00000000010010011001111010
00000000010110111010 20 20 47810 9862083772416 00000000010010010110111010 20 0 0 156374161463285635788885694512004 156374161463285635788885694534024 8542491450401285003122111742383 8542491450401285003122111790193 00000000010010010110111010
00011000000001111010 20 20 45229 9740969050112 00010001100000000111101010 20 0 0 154069748673918204825531736730172 154069748673918204825531736751718 8434726044504490830671499756891 8434726044504490830671499802120 00010001100000000111101010
00000001110011101110 20 20 38252 9735214465024 000001000011001100110110 20 0 0 153686067513480378925462863695348 153686067513480378925462863714790 8428046917374583717419424161377 8428046917374583717419424199629 000001000011001100110110
00000001011110110110 20 20 38242 9734946029568 000001000011001011101010 20 0 0 153684521746386681957324965101394 153684521746386681957324965120840 8427829729309622584598311402992 8427829729309622584598311441234 000001000011001011101010
00000001110011110110 20 20 38140 9729384382464 000001000011001100111010 20 0 0 153654721840068973692418855454074 153654721840068973692418855473482 8423474869792842232226917646878 8423474869792842232226917685018 000001000011001100111010
00000001011101110110 20 20 38128 9729317273600 000001000011001011011010 20 0 0 153654382880296312219248347360533 153654382880296312219248347379946 8423422155942950012526251803478 8423422155942950012526251841606 000001000011001011011010
00000001111000001110 20 20 45360 9690167640064 00000001001001111000001110 20 0 0 153028308767345836123000007738056 153028308767345836123000007760299 8390055905037818036759230615873 8390055905037818036759230661233 00000001001001111000001110
00000001011100011010 20 20 46922 9666226552832 00000001001001011100011010 20 0 0 153220771661406918512553137796157 153220771661406918512553137818364 8372136764923864371994386972425 8372136764923864371994387019346 00000001001001011100011010
00000001100111000110 20 20 46842 9662669783040 00000001001001100111000110 20 0 0 153212190943886598052788561713838 153212190943886598052788561735901 8369642664836296886632245701719 8369642664836296886632245748561 00000001001001100111000110
00000000000111011110 20 20 44155 9634416951296 0000000001000011001101110 20 0 0 151987672796094614808432335937361 151987672796094614808432335958046 8339759968147726511588498714543 8339759968147726511588498758698 0000000001000011001101110
00000101101100000110 20 20 45497 9633368375296 00000100011000001100110110 20 0 0 152683263377244215253476840901932 152683263377244215253476840923760 8343515331963509874143623254184 8343515331963509874143623299681 00000100011000001100110110
00000101110100000110 20 20 45444 9631573213184 00000100011000001100111010 20 0 0 152678534704198319951947616851396 152678534704198319951947616873202 8342304731525862595714646163250 8342304731525862595714646208694 00000100011000001100111010
00000000011110001110 20 20 44029 9577441525760 0000000100001100111000110 20 0 0 151575161264819253107205388088914 151575161264819253107205388109742 8294206011773314159170023706133 8294206011773314159170023750162 0000000100001100111000110
00000001110000111010 20 20 45589 9447543930880 00000001001001110000111010 20 0 0 149865227110779724604084471008645 149865227110779724604084471029073 8180514083461119968317288996687 8180514083461119968317289042275 00000001001001110000111010
00000001011101000110 20 20 45316 9444146544640 00000001001001011101000110 20 0 0 149908504895075355719304956980075 149908504895075355719304957001081 8179997871017675405382954827720 8179997871017675405382954873022 00000001001001011101000110
00011000000111000110 20 20 43322 9431739793408 00010001100000011100011010 20 0 0 149683926900854341533772389551733 149683926900854341533772389572360 8169799414595422388707951792224 8169799414595422388707951835546 00010001100000011100011010
00000001011011000110 20 20 45227 9430900932608 00000001001001011011000110 20 0 0 149852501331696183143508616238317 149852501331696183143508616259222 8170096314138830992099357432262 8170096314138830992099357477488 00000001001001011011000110
00000001110000110110 20 20 45500 9416447361024 00000001001001110000110110 20 0 0 149752670985419984349037536064724 149752670985419984349037536084931 8157699690109497506328408633093 8157699690109497506328408678593 00000001001001110000110110
00011000011100110110 20 20 39222 9348818403328 00010001100001110011011010 20 0 0 147647008101686166675298758260826 147647008101686166675298758282662 8090703385803478044840447131040 8090703385803478044840447170262 00010001100001110011011010
00011000011100111010 20 20 38889 9299828932608 00010001100001110011101010 20 0 0 147387769948193506320354897630253 147387769948193506320354897651740 8052453008993639790326286881944 8052453008993639790326286920833 00010001100001110011101010
00011000010110110110 20 20 38881 9297178132480 00010001100001011011011010 20 0 0 147373182028383344085712700936515 147373182028383344085712700958027 8050384747783693370438999695294 8050384747783693370438999734175 00010001100001011011011010
00011000010111010110 20 20 38528 9281466269696 00010001100001011101011010 20 0 0 147298255093448037275238977623956 147298255093448037275238977645222 8038315046702893863723372427453 8038315046702893863723372465981 00010001100001011101011010
00000111000011110110 20 20 36761 9016436588544 0000011100100001100111010 20 0 0 143056859625100560444832738982894 143056859625100560444832739002125 7808941126232979772455220349776 7808941126232979772455220386537 0000011100100001100111010
00000111000011101110 20 20 36549 9001983016960 0000011100100001100110110 20 0 0 142987642320161921949275715589357 142987642320161921949275715608475 7797836857572266818323635451300 7797836857572266818323635487849 0000011100100001100110110
00000101011010110110 20 20 38238 8949956870144 00000100100101011010110110 20 0 0 141807203183368961498674111901296 141807203183368961498674111921353 7748913924748310578376699511449 7748913924748310578376699549687 00000100100101011010110110
00000111001110011010 20 20 38203 8949352890368 00000100100111001110011010 20 0 0 141805333316695534955283687633865 141805333316695534955283687653887 7748484873816754223146497113706 7748484873816754223146497151909 00000100100111001110011010
00000111001011010110 20 20 37749 8889298845696 00000100100111001011010110 20 0 0 141480651487588355338880702953920 141480651487588355338880702973656 7701414632684132860027991760218 7701414632684132860027991797967 00000100100111001011010110
00000101110011010110 20 20 37734 8888996855808 00000100100101110011010110 20 0 0 141479535130945785487025659993686 141479535130945785487025660013413 7701193342084873851256985486932 7701193342084873851256985524666 00000100100101110011010110
00000110010110110110 20 20 36028 8642539552768 00000100100110010110110110 20 0 0 138004175607981471798189001020231 138004175607981471798189001038578 7489743497858181382636032030498 7489743497858181382636032066526 00000100100110010110110110
00000101110011101010 20 20 35947 8640484343808 00000100100101110011101010 20 0 0 137990849827660767662632542590819 137990849827660767662632542609152 7488064694147373346135672998063 7488064694147373346135673034010 00000100100101110011101010
00000101011011011010 20 20 35933 8639821643776 00000100100101011011011010 20 0 0 137984180420116776229407564887980 137984180420116776229407564906313 7487419120532135672711363719261 7487419120532135672711363755194 00000100100101011011011010
00000110011100111010 20 20 35929 8639771312128 00000100100110011100111010 20 0 0 137991999767669482630142950779846 137991999767669482630142950798125 7487650244944644567687699195495 7487650244944644567687699231424 00000100100110011100111010
00000110011100110110 20 20 35799 8632112513024 00000100100110011100110110 20 0 0 137949894700517824135144216608596 137949894700517824135144216626840 7481624084267734585423347328433 7481624084267734585423347364232 00000100100110011100110110
00000101011101011010 20 20 35807 8632087347200 00000100100101011101011010 20 0 0 137943427876144944112679412468225 137943427876144944112679412486534 7481418742476188654285270202126 7481418742476188654285270237933 00000100100101011101011010
00000110010111010110 20 20 35767 8631273652224 00000100100110010111010110 20 0 0 137945732127135727043969868303400 137945732127135727043969868321629 7480979951771206420708571012394 7480979951771206420708571048161 00000100100110010111010110
00000101110011011010 20 20 35755 8630929719296 00000100100101110011011010 20 0 0 137939090726198775179435543418482 137939090726198775179435543436759 7480578567646413308952552639425 7480578567646413308952552675180 00000100100101110011011010
00000111001011101010 20 20 35049 8411190132736 00000100100111001011101010 20 0 0 134710504418116275754365036844975 134710504418116275754365036862641 7291655532891913863700927434426 7291655532891913863700927469475 00000100100111001011101010
00000111001100111010 20 20 34995 8410267385856 00000100100111001100111010 20 0 0 134701034545250278096863330836070 134701034545250278096863330853735 7290789062174225799244332807882 7290789062174225799244332842877 00000100100111001100111010
00000101100110110110 20 20 35019 8409973784576 00000100100101100110110110 20 0 0 134705700969267689378860995109477 134705700969267689378860995127115 7290743195095368044279318858868 7290743195095368044279318893887 00000100100101100110110110
00000101011011010110 20 20 34982 8408707104768 00000100100101011011010110 20 0 0 134696918026185118705848018956623 134696918026185118705848018974271 7289708573735841621654005922884 7289708573735841621654005957866 00000100100101011011010110
00000101011101010110 20 20 34967 8408665161728 00000100100101011101010110 20 0 0 134688924224879852296910203084025 134688924224879852296910203101685 7289372416254379322363880475040 7289372416254379322363880510006 00000100100101011101010110
00000111001100110110 20 20 34903 8404688961536 00000100100111001100110110 20 0 0 134677188725243543459318086455731 134677188725243543459318086473325 7286611606638253110985579163487 7286611606638253110985579198390 00000100100111001100110110
00000101100111010110 20 20 34833 8402239488000 00000100100101100111010110 20 0 0 134663586367815848008079269273119 134663586367815848008079269290695 7284679955877408297776006859496 7284679955877408297776006894329 00000100100101100111010110
00000111001011011010 20 20 34829 8402130436096 00000100100111001011011010 20 0 0 134663369359874437564929889634978 134663369359874437564929889652545 7284607114328310433612342835831 7284607114328310433612342870660 00000100100111001011011010
00000101101100111010 20 20 33159 8097397473280 00000100100101101100111010 20 0 0 130220749010154091097379977481373 130220749010154091097379977497445 7022676881374725435384519343837 7022676881374725435384519376996 00000100100101101100111010
00000101110100110110 20 20 33160 8097170980864 00000100100101110100110110 20 0 0 130219648127762012312778370760187 130219648127762012312778370776261 7022500589543204980304630931517 7022500589543204980304630964677 00000100100101110100110110
