# kind bits n floor_beta floor_trans beta_hi_2^-128 trans_hi_2^-128 honest_hi_2^-128
unknown 01000110001100001011010000110110 32 10000001 39993679 7922815459144887844866 1981017113085903839793 7922812290020288749211
unknown 010001011010100000011100101101010 33 71532 320000001 553795242089305049443214 123794003541681766423 553764276128553019413610
unknown 010001101000011000000110011110110 33 765360 320000001 51758755692918585759345 123794003541681766423 51758485187612912021956
unknown 0001000110001100001011010000110110 34 10000001 39993680 1980703864786221961217 495254265888162439626 1980703072505072187303
unknown 0100010101101010100000011100110110 34 151648 320000001 130611947592886713958549 61897001770840883212 130608502549033869638291
unknown 0100010110011010100000011100110110 34 151664 320000001 130598168507794100105404 61897001770840883212 130594724190772505725572
unknown 0100010110101000000101110100111010 34 1523487 320000001 13001122181263170869451 61897001770840883212 13001088046182146398231
unknown 0100010110101000000111001011010110 34 71532 320000001 276897621044652524721607 61897001770840883212 276882138064276509706805
unknown 0100010110101000000111001011011010 34 71532 320000001 276897621044652524721607 61897001770840883212 276882138064276509706805
unknown 0100010110101000000111001011101010 34 71532 320000001 276897621044652524721607 61897001770840883212 276882138064276509706805
unknown 0100011010000001011010010111010110 34 90 320000001 220078229206289826648733196 61897001770840883212 210713198176234940408361571
unknown 0100011010000001100101110110011010 34 54 320000001 366797048677149711081221993 61897001770840883212 341500700492518696523896338
unknown 0100011010000001110000111001111010 34 766573 320000001 25838427166840058805080 61897001770840883212 25838292341886182860152
unknown 00010001011010100000011100101101010 35 71532 320000001 138448810522326262360804 30948500885420441606 138441069032138254853403
unknown 00010001101000011000000110011110110 35 765360 320000001 12939688923229646439837 30948500885420441606 12939621296903228005489
unknown 01000101100010100000011100101101010 35 71531 320000001 138450746030155348019642 30948500885420441606 138443004323520545176390
unknown 01000101101010000001011010000110110 35 10000001 39993677 990351932393110980609 247627151519052429193 990351536252536093652
unknown 01000101101010000001110010110110110 35 71532 320000001 138448810522326262360804 30948500885420441606 138441069032138254853403
unknown 01000101101010000001110010111010110 35 71532 320000001 138448810522326262360804 30948500885420441606 138441069032138254853403
unknown 01000101101010000001110011001110110 35 101156 320000001 97903439383556508750772 30948500885420441606 97899568152264157761892
unknown 01000101101010000001110011100110110 35 9140682 320000001 1083455295161022142461 30948500885420441606 1083454821036740809081
unknown 01000101101010000001110011100111010 35 10000001 100351110 990351932393110980609 98688697257888250556 990351536252536093652
unknown 01000110011000000110011101000011010 35 1918018 320000001 5163413645900633987373 30948500885420441606 5163402877695376903494
unknown 01000110011000000111001101000011010 35 126411 320000001 78343817502298393329639 30948500885420441606 78341338561745379893154
unknown 01000110011010000001110011001110110 35 101148 320000001 97911182764691760580467 30948500885420441606 97907310921020268498824
unknown 01000110100000010111001011010110110 35 92 320000001 107646959937859154339054281 30948500885420441606 103161669940448356241593686
unknown 01000110100000011001011101100110110 35 2444 320000001 4052176888004518084776185 30948500885420441606 4045555683939151225160537
unknown 01000110100000011001011101100111010 35 71528 320000001 138456552878355919348969 30948500885420441606 138448810522326262360804
unknown 01000110100001011000000110011101010 35 1258669 320000001 7868248375294094157553 30948500885420441606 7868223370393296908088
unknown 01000110100001011000100001100111010 35 1339322 320000001 7394428161624345899786 30948500885420441606 7394406077596524071954
unknown 01000110100001100001010110001011010 35 7732082 320000001 1280834879180412494228 30948500885420441606 1280834216572738870105
unknown 01000110100001100001011000001111010 35 1927692 320000001 5137501382110338269388 30948500885420441606 5137490721712885330049
unknown 01000110100001100001011000100111010 35 6472976 320000001 1529979458333082371879 30948500885420441606 1529978512877073959629
unknown 01000110100001100110000001100111010 35 1918053 320000001 5163319425627468166518 30948500885420441606 5163308657815196419707
unknown 01000110100100011010000001100111010 35 1918021 320000001 5163405569742480504225 30948500885420441606 5163394801570908720790
unknown 01000110100100011010000001110011010 35 126415 320000001 78341338561745379893154 30948500885420441606 78338859778063757814831
unknown 000001000110001100001011010000110110 36 10000001 39993681 495175966196555490305 123813563376212384642 495175768126268046826
unknown 000100010101101010100000011100110110 36 151648 320000001 32652986898221678489638 15474250442710220803 32652125637258467409573
unknown 000100010110011010100000011100110110 36 151664 320000001 32649542126948525026351 15474250442710220803 32648681047693126431393
unknown 000100010110101000000101110100111010 36 1523487 320000001 3250280545315792717363 15474250442710220803 3250272011545536599558
unknown 000100010110101000000111001011010110 36 71532 320000001 69224405261163131180402 15474250442710220803 69220534516069127426702
unknown 000100010110101000000111001011011010 36 71532 320000001 69224405261163131180402 15474250442710220803 69220534516069127426702
unknown 000100010110101000000111001011101010 36 71532 320000001 69224405261163131180402 15474250442710220803 69220534516069127426702
unknown 000100010110110100000011100101101010 36 71530 320000001 69226340796050903111933 15474250442710220803 69222469834505565180146
unknown 000100011010000001011010010111010110 36 90 320000001 55019557301572456662183299 15474250442710220803 52678299544058735102090393
unknown 000100011010000001100101110110011010 36 54 320000001 91699262169287427770305499 15474250442710220803 85375175123129674130974085
unknown 000100011010000001110000111001111010 36 766573 320000001 6459606791710014701270 15474250442710220803 6459573085471545715038
unknown 010000011100011100001011010000110110 36 10000001 39993680 495175966196555490305 123813566472040609907 495175768126268046826
unknown 010001011000110100001011010000110110 36 10000001 39993680 495175966196555490305 123813566472040609907 495175768126268046826
unknown 010001011010100000010101101000111010 36 75872 320000001 65264658334319921704931 15474250442710220803 65261217738698944324906
unknown 010001011010100000010110110000110110 36 10000001 39995528 495175966196555490305 123807845645681214650 495175768126268046826
unknown 010001011010100000010111010000110110 36 10000001 39995528 495175966196555490305 123807845645681214650 495175768126268046826
unknown 010001011010100000011001011000111010 36 53640 320000001 92314693459014189030509 15474250442710220803 92307809953424821034906
unknown 010001100011000010101101000011011010 36 10000001 39996841 495175966196555490305 123803781332168735516 495175768126268046826
unknown 010001100110001100001011010000110110 36 10000001 39993681 495175966196555490305 123813563376212384642 495175768126268046826
unknown 010001101000000101011100010110011010 36 88508 320000001 55947034812011581999328 15474250442710220803 55944506475297373232969
unknown 010001101000000101110011011001110110 36 4876 320000001 1015537357904331644708060 15474250442710220803 1014704950233918258114037
unknown 010001101000000110010111011001100010 36 19124 320000001 258929102548709532503478 15474250442710220803 258874955935880442262469
unknown 010001101000000111001100101110110110 36 87596 320000001 56529523689911880674877 15474250442710220803 56526942433122386981696
unknown 010001101000010000011100110110011010 36 75870 320000001 65266378768176105174595 15474250442710220803 65262937991163258818522
unknown 010001101000010000011100111010011010 36 75870 320000001 65266378768176105174595 15474250442710220803 65262937991163258818522
unknown 010001101000010001011010011101000110 36 10000001 34999991 495175966196555490305 141478898012902949021 495175768126268046826
unknown 010001101000010001101001011000001010 36 10000001 34999993 495175966196555490305 141478889928392874239 495175768126268046826
unknown 010001101000010001110010110101000110 36 10000001 34999998 495175966196555490305 141478869717121729539 495175768126268046826
unknown 010001101000010001110011010011000110 36 10000001 36666661 495175966196555490305 135048025156736281485 495175768126268046826
unknown 010001101000010110000001110011011010 36 151675 320000001 32647174268281002799384 15474250442710220803 32646313313916370094717
unknown 010001101000010110000110011000111010 36 10000001 36666678 495175966196555490305 135047962543580334701 495175768126268046826
unknown 010001101000010110001100101101000110 36 10000001 35000050 495175966196555490305 141478659520244145354 495175768126268046826
unknown 010001101000010110011000110000110110 36 10000001 39990525 495175966196555490305 123823334580916882177 495175768126268046826
unknown 010001101000010110011001011000101010 36 10000001 40000097 495175966196555490305 123793703728806485135 495175768126268046826
unknown 010001101000010110011001100000111010 36 10000001 33333465 495175966196555490305 148552217932984797698 495175768126268046826
unknown 010001101000010110011001100011000110 36 10000001 36000082 495175966196555490305 137548579948832369316 495175768126268046826
unknown 010001101000011000010110011000111010 36 10000001 38333642 495175966196555490305 129175311783355234017 495175768126268046826
unknown 010001101000011000011001011000111010 36 1472056 320000001 3363839525902221858134 15474250442710220803 3363830385406519503008
unknown 010001101000011000011001110011000110 36 10000001 35000245 495175966196555490305 141477871287515875949 495175768126268046826
unknown 010001101000011001011001011000101010 36 10000001 40000077 495175966196555490305 123793765625539198327 495175768126268046826
unknown 010001101000011001100000011001111010 36 8705934 320000001 568779887045034007793 15474250442710220803 568779625715404945406
unknown 010001101000011001100000011100110110 36 151686 320000001 32644806753039312128981 15474250442710220803 32643945923538276086733
unknown 010001101000011001100000011100111010 36 10000001 79193445 495175966196555490305 62527399296008919673 495175768126268046826
unknown 010001101000011001100110000110001110 36 10000001 36000049 495175966196555490305 137548706034859038653 495175768126268046826
unknown 0000010001011010100000011100101101010 37 71532 320000001 34612202630581565590201 7737125221355110402 34610267258034563713351
unknown 0000010001101000011000000110011110110 37 765360 320000001 3234922230807411609960 7737125221355110402 3234905324225807001373
unknown 0001000101100010100000011100101101010 37 71531 320000001 34612686507538837004911 7737125221355110402 34610751080880136294098
unknown 0001000101101010000001011010000110110 37 10000001 39993678 247587983098277745153 61906786331848762442 247587884063134023413
unknown 0001000101101010000001110010110110110 37 71532 320000001 34612202630581565590201 7737125221355110402 34610267258034563713351
unknown 0001000101101010000001110010111010110 37 71532 320000001 34612202630581565590201 7737125221355110402 34610267258034563713351
unknown 0001000101101010000001110011001110110 37 101156 320000001 24475859845889127187693 7737125221355110402 24474892038066039440473
unknown 0001000101101010000001110011100110110 37 9140682 320000001 270863823790255535616 7737125221355110402 270863705259185202271
unknown 0001000101101010000001110011100111010 37 10000001 100351111 247587983098277745153 24672174068613555757 247587884063134023413
unknown 0001000110011000000110011101000011010 37 1918018 320000001 1290853411475158496844 7737125221355110402 1290850719423844225874
unknown 0001000110011000000111001101000011010 37 126411 320000001 19585954375574598332410 7737125221355110402 19585334640436344973289
unknown 0001000110011010000001110011001110110 37 101148 320000001 24477795691172940145117 7737125221355110402 24476827730255067124706
unknown 0001000110100000010111001011010110110 37 92 320000001 26911739984464788584763571 7737125221355110402 25790417485112089060398422
unknown 0001000110100000011001011101100110110 37 2444 320000001 1013044222001129521194047 7737125221355110402 1011388920984787806290135
unknown 0001000110100000011001011101100111010 37 71528 320000001 34614138219588979837243 7737125221355110402 34612202630581565590201
unknown 0001000110100001011000000110011101010 37 1258669 320000001 1967062093823523539389 7737125221355110402 1967055842598324227022
unknown 0001000110100001011000100001100111010 37 1339322 320000001 1848607040406086474947 7737125221355110402 1848601519399131017989
unknown 0001000110100001100001010110001011010 37 7732082 320000001 320208719795103123557 7737125221355110402 320208554143184717527
unknown 0001000110100001100001011000001111010 37 1927692 320000001 1284375345527584567347 7737125221355110402 1284372680428221332513
unknown 0001000110100001100001011000100111010 37 6472976 320000001 382494864583270592970 7737125221355110402 382494628219268489908
unknown 0001000110100001100001011011100111010 37 2157393 320000001 1147625897817764565751 7737125221355110402 1147623770020427649524
unknown 0001000110100001100001011110011101010 37 765360 320000001 3234922230807411609960 7737125221355110402 3234905324225807001373
unknown 0001000110100001100110000001100111010 37 1918053 320000001 1290829856406867041630 7737125221355110402 1290827164453799104927
unknown 0001000110100100011010000001100111010 37 1918021 320000001 1290851392435620126057 7737125221355110402 1290848700392727180198
unknown 0001000110100100011010000001110011010 37 126415 320000001 19585334640436344973289 7737125221355110402 19584714944515939453708
unknown 0100000101110101100000011100101101010 37 71530 320000001 34613170398025451555967 7737125221355110402 34611234917252782590073
unknown 0100000111011000011000000110011110110 37 765360 320000001 3234922230807411609960 7737125221355110402 3234905324225807001373
unknown 0100010101101010100000011001011101010 37 10000001 139194211 247587983098277745153 17787234546491021454 247587884063134023413
unknown 0100010101101010100000011100101101010 37 71533 320000001 34611718767153069908969 7737125221355110402 34609783448715497571862
unknown 0100010110001010000001011010000110110 37 10000001 39993677 247587983098277745153 61906787879763107299 247587884063134023413
unknown 0100010110011010100000011001011101010 37 10000001 144194193 247587983098277745153 17170456223370663407 247587884063134023413
unknown 0100010110011010100000011100101101010 37 71534 320000001 34611234917252782590073 7737125221355110402 34609299652922370625378
unknown 0100010110100010000001110011001110110 37 101145 320000001 24478521712104014531596 7737125221355110402 24477553693766231498070
unknown 0100010110100101101010000001100111010 37 1915147 320000001 1292788531935543616129 7737125221355110402 1292785831806870868041
unknown 0100010110101000000101011011000111010 37 75872 320000001 32632329167159960852466 7737125221355110402 32630608869349472162453
unknown 0100010110101000000101110100110001110 37 10000001 37210797 247587983098277745153 66536604377776712222 247587884063134023413
unknown 0100010110101000000110010101101101010 37 72989 320000001 33921276885157497017335 7737125221355110402 33919418006805591629311
unknown 0100010110101000000110010101110101010 37 10000001 108968106 247587983098277745153 22721144465617862073 247587884063134023413
unknown 0100010110101000000110010110011011010 37 53637 320000001 46159928380982540966092 7737125221355110402 46156486243186378885522
unknown 0100010110101000000110010110011101010 37 50580 320000001 48949784076132078880946 7737125221355110402 48945913304024208243679
unknown 0100010110101000000110011100101101010 37 54 320000001 45849631084643713885152750 7737125221355110402 42687587561564837065487043
unknown 0100010110101000000111001100101101010 37 87600 320000001 28263471216561193490848 7737125221355110402 28262180706026671725016
unknown 0100010110101000011000000101101101110 37 1532730 320000001 1615340000241895539201 7737125221355110402 1615335784663718916524
unknown 0100010110101000011000000110011110110 37 1925897 320000001 1285572426028370442344 7737125221355110402 1285569755958774905771
unknown 0100011000000111001111010000101101010 37 63228 320000001 39157969231523384415105 7737125221355110402 39155492133267341690889
unknown 0100011000011100101100000101000011010 37 10000001 36666675 247587983098277745153 67523986796478288523 247587884063134023413
unknown 0100011000011100111000110000101101010 37 10000001 39998177 247587983098277745153 61899823048704458451 247587884063134023413
unknown 0100011000110000001011101100001101110 37 10000001 39996841 247587983098277745153 61901890666084367758 247587884063134023413
unknown 0100011001011010100000011100101101010 37 71534 320000001 34611234917252782590073 7737125221355110402 34609299652922370625378
unknown 0100011001100000011100111101000011010 37 107275 320000001 23079749042840927986934 7737125221355110402 23078888492349486384085
unknown 0100011001100000011110011101000011010 37 2272466 320000001 1089512484926401781060 7737125221355110402 1089510567167337984572
unknown 0100011001100011000000101110100111010 37 2280508 320000001 1085670420174259660479 7737125221355110402 1085668515916934683878
unknown 0100011001101000000110010111011000110 37 10000001 33334201 247587983098277745153 74274468992694936645 247587884063134023413
unknown 0100011001101000011000000101101101110 37 1532732 320000001 1615337892450056859124 7737125221355110402 1615333676882881689866
unknown 0100011001101000011000000110011110110 37 1925901 320000001 1285569755958774905771 7737125221355110402 1285567085900270548028
unknown 0100011010000001000110011011001110110 37 75870 320000001 32633189384088052587298 7737125221355110402 32631468995581629409261
unknown 0100011010000001000110011101001110110 37 75870 320000001 32633189384088052587298 7737125221355110402 32631468995581629409261
unknown 0100011010000001011010010111000110110 37 10000001 100000387 247587983098277745153 24758704969519373459 247587884063134023413
unknown 0100011010000001011100001110011010110 37 75862 320000001 32636630705369757583484 7737125221355110402 32634909954007863203521
unknown 0100011010000001100101110110000110110 37 75863 320000001 32636200500517519077789 7737125221355110402 32634479794518836250258
unknown 0100011010000001100101110110011000110 37 52 320000001 47613078434053087496120163 7737125221355110402 44212144260192152674968723
unknown 0100011010000001100111000000111110110 37 769012 320000001 3219559744933447787289 7737125221355110402 3219542998547183088256
unknown 0100011010000001110000001100111110110 37 765356 320000001 3234939137565734834245 7737125221355110402 3234922230807411609960
unknown 0100011010000001110011001011101100010 37 89402 320000001 27693788489863320169552 7737125221355110402 27692549477336650222561
unknown 0100011010000100010110110011101000110 37 10000001 34999991 247587983098277745153 70739449006451474511 247587884063134023413
unknown 0100011010000100010111001110101000110 37 10000001 35714296 247587983098277745153 69324622234490091862 247587884063134023413
unknown 0100011010000100011100101101101000110 37 10000001 34999998 247587983098277745153 70739434858560864770 247587884063134023413
unknown 0100011010000100011100101110101000110 37 10000001 35000003 247587983098277745153 70739424752928179744 247587884063134023413
unknown 0100011010000101100000010110110111010 37 1218690 320000001 2031591363325177485496 7737125221355110402 2031584695231748535563
unknown 0100011010000101100000011001111011010 37 2417275 320000001 1024244274470534196481 7737125221355110402 1024242579599111459538
unknown 0100011010000101100000011100111101010 37 89408 320000001 27691930012647196557336 7737125221355110402 27690691166406752447080
unknown 0100011010000101100000011110011101010 37 10000001 63093685 247587983098277745153 39241329438449514398 247587884063134023413
unknown 0100011010000101100001110011100011010 37 10000001 40000008 247587983098277745153 61896989584871096771 247587884063134023413
unknown 0100011010000110000000011001111101110 37 764149 320000001 3240048836772357943017 7737125221355110402 3240031876562364539299
unknown 0100011010000110000001011001111011010 37 764149 320000001 3240048836772357943017 7737125221355110402 3240031876562364539299
unknown 0100011010000110000001011010011110110 37 761753 320000001 3250240010306176083059 7737125221355110402 3250222943236177087705
unknown 0100011010000110000001100001111101110 37 764149 320000001 3240048836772357943017 7737125221355110402 3240031876562364539299
unknown 0100011010000110000001100101111011010 37 50660 320000001 48872484772419276545564 7737125221355110402 48868626215276341185028
unknown 0100011010000110000001100110011110110 37 761753 320000001 3250240010306176083059 7737125221355110402 3250222943236177087705
unknown 0100011010000110000101011000001011010 37 6506823 320000001 380505214076172127289 7737125221355110402 380504980164796228608
unknown 0100011010000110000101100000100111010 37 6506823 320000001 380505214076172127289 7737125221355110402 380504980164796228608
unknown 0100011010000110000101110001100111010 37 8705976 320000001 284388571547952871660 7737125221355110402 284388440884399062461
unknown 0100011010000110000101110011100011010 37 10000001 38339717 247587983098277745153 64577421856576576969 247587884063134023413
unknown 0100011010000110000110010111000111010 37 1472758 320000001 1681118064590897180527 7737125221355110402 1681113498698880436757
unknown 0100011010000110000110011100111000110 37 10000001 36910135 247587983098277745153 67078597208348345240 247587884063134023413
unknown 0100011010000110000111001011000001010 37 10000001 34549202 247587983098277745153 71662438934791042346 247587884063134023413
unknown 0100011010000110000111001011100011010 37 10000001 38745150 247587983098277745153 63901677463392464601 247587884063134023413
unknown 0100011010000110000111001100111000110 37 10000001 40378210 247587983098277745153 61317232204467720333 247587884063134023413
unknown 0100011010000110010001100011001001010 37 10000001 36000019 247587983098277745153 68774410329360119221 247587884063134023413
unknown 0100011010000110011000000101101101110 37 1222289 320000001 2025609392353821845569 7737125221355110402 2025602763470592198269
unknown 0100011010000110011000000110011110110 37 2416654 320000001 1024507471309819506557 7737125221355110402 1024505775567233985860
unknown 0100011010000110011000000111001111010 37 10000001 40624221 247587983098277745153 60945909056834851056 247587884063134023413
unknown 0100011010000110011000000111100111010 37 10000001 40678561 247587983098277745153 60864495146983211865 247587884063134023413
unknown 0101000110100000011100110011101100010 37 101145 320000001 24478521712104014531596 7737125221355110402 24477553693766231498070
unknown 00000001000110001100001011010000110110 38 10000001 39993682 123793991549138872577 30953390070096078549 123793942031567011707
unknown 00000100010101101010100000011100110110 38 151648 320000001 8163246724555419622410 3868562610677555201 8163031409314616852394
unknown 00000100010110011010100000011100110110 38 151664 320000001 8162385531737131256588 3868562610677555201 8162170261923281607849
unknown 00000100010110101000000101110100111010 38 1523487 320000001 812570136328948179341 3868562610677555201 812568002886384149890
unknown 00000100010110101000000111001011010110 38 71532 320000001 17306101315290782795101 3868562610677555201 17305133629017281856676
unknown 00000100010110101000000111001011011010 38 71532 320000001 17306101315290782795101 3868562610677555201 17305133629017281856676
unknown 00000100010110101000000111001011101010 38 71532 320000001 17306101315290782795101 3868562610677555201 17305133629017281856676
unknown 00000100010110110100000011100101101010 38 71530 320000001 17306585199012725777984 3868562610677555201 17305617458626391295037
unknown 00000100011010000001011010010111010110 38 90 320000001 13754889325393114165545825 3868562610677555201 13169574886014683775522599
unknown 00000100011010000001100101110110011010 38 54 320000001 22924815542321856942576375 3868562610677555201 21343793780782418532743522
unknown 00000100011010000001110000111001111010 38 766573 320000001 1614901697927503675318 3868562610677555201 1614893271367886428760
unknown 00010000011100011100001011010000110110 38 10000001 39993681 123793991549138872577 30953390844053096161 123793942031567011707
unknown 00010001011000110100001011010000110110 38 10000001 39993681 123793991549138872577 30953390844053096161 123793942031567011707
unknown 00010001011010100000010101101000111010 38 75872 320000001 16316164583579980426233 3868562610677555201 16315304434674736081227
unknown 00010001011010100000010110110000110110 38 10000001 39995529 123793991549138872577 30951960637534767322 123793942031567011707
unknown 00010001011010100000010111010000110110 38 10000001 39995529 123793991549138872577 30951960637534767322 123793942031567011707
unknown 00010001011010100000011001011000111010 38 53640 320000001 23078673364753547257628 3868562610677555201 23076952488356205258727
unknown 00010001011011010000001011010000110110 38 10000001 39993678 123793991549138872577 30953393165924381221 123793942031567011707
unknown 00010001100011000010101101000011011010 38 10000001 39996842 123793991549138872577 30950944559207456302 123793942031567011707
unknown 00010001100110001100001011010000110110 38 10000001 39993682 123793991549138872577 30953390070096078549 123793942031567011707
unknown 00010001101000000101011100010110011010 38 88508 320000001 13986758703002895499832 3868562610677555201 13986126618824343308243
unknown 00010001101000000101110011011001110110 38 4876 320000001 253884339476082911177015 3868562610677555201 253676237558479564528510
unknown 00010001101000000110010111011001100010 38 19124 320000001 64732275637177383125870 3868562610677555201 64718738983970110565618
unknown 00010001101000000110010111011001101110 38 22626 320000001 54713163585493691987056 3868562610677555201 54703492677215213208093
unknown 00010001101000000110010111011001111010 38 22626 320000001 54713163585493691987056 3868562610677555201 54703492677215213208093
unknown 00010001101000000111001100101110110110 38 87596 320000001 14132380922477970168720 3868562610677555201 14131735608280596745424
unknown 00010001101000010000011100110110011010 38 75870 320000001 16316594692044026293649 3868562610677555201 16315734497790814704631
unknown 00010001101000010000011100111010011010 38 75870 320000001 16316594692044026293649 3868562610677555201 16315734497790814704631
unknown 00010001101000010001011010011101000110 38 10000001 34999992 123793991549138872577 35369723492661949035 123793942031567011707
unknown 00010001101000010001101001011000001010 38 10000001 34999994 123793991549138872577 35369721471534545832 123793942031567011707
unknown 00010001101000010001110010110101000110 38 10000001 34999999 123793991549138872577 35369716418717048390 123793942031567011707
unknown 00010001101000010001110011010011000110 38 10000001 36666662 123793991549138872577 33762005368401963476 123793942031567011707
unknown 00010001101000010110000001110011011010 38 151675 320000001 8161793567070250699846 3868562610677555201 8161578328479092523680
unknown 00010001101000010110000110011000111010 38 10000001 36666679 123793991549138872577 33761989715113830596 123793942031567011707
unknown 00010001101000010110001100101101000110 38 10000001 35000051 123793991549138872577 35369663869500655154 123793942031567011707
unknown 00010001101000010110011000110000110110 38 10000001 39990526 123793991549138872577 30955832871150038760 123793942031567011707
unknown 00010001101000010110011001011000101010 38 10000001 40000098 123793991549138872577 30948425158492868565 123793942031567011707
unknown 00010001101000010110011001100000111010 38 10000001 33333466 123793991549138872577 37138053369108999194 123793942031567011707
unknown 00010001101000010110011001100011000110 38 10000001 36000083 123793991549138872577 34387144032011822720 123793942031567011707
unknown 00010001101000011000010110011000111010 38 10000001 38333643 123793991549138872577 32293827103397928418 123793942031567011707
unknown 00010001101000011000010111011100111010 38 10000001 154998753 123793991549138872577 7986774185759934952 123793942031567011707
unknown 00010001101000011000010111100111010110 38 765360 320000001 1617461115403705804980 3868562610677555201 1617452662112903500687
unknown 00010001101000011000011001011000111010 38 1472056 320000001 840959881475555464534 3868562610677555201 840957596351629875752
unknown 00010001101000011000011001110011000110 38 10000001 35000246 123793991549138872577 35369466811329848222 123793942031567011707
unknown 00010001101000011001011001011000101010 38 10000001 40000078 123793991549138872577 30948440632675273156 123793942031567011707
unknown 00010001101000011001100000011001111010 38 8705934 320000001 142194971761258501949 3868562610677555201 142194906428851236352
unknown 00010001101000011001100000011100110110 38 151686 320000001 8161201688259828032246 3868562610677555201 8160986480884569021684
unknown 00010001101000011001100000011100111010 38 10000001 79193446 123793991549138872577 15631849626614054337 123793942031567011707
unknown 00010001101000011001100110000110001110 38 10000001 36000050 123793991549138872577 34387175553516738863 123793942031567011707
unknown 00010100011000110000101101000011011010 38 10000001 39993681 123793991549138872577 30953390844053096161 123793942031567011707
unknown 00011001000110001100001011010000110110 38 10000001 39993683 123793991549138872577 30953389296139099640 123793942031567011707
unknown 01000001011101101100000011100101101010 38 71532 320000001 17306101315290782795101 3868562610677555201 17305133629017281856676
unknown 01000001110110000001011010010111010110 38 90 320000001 13754889325393114165545825 3868562610677555201 13169574886014683775522599
unknown 01000001110110000001100101110110011010 38 54 320000001 22924815542321856942576375 3868562610677555201 21343793780782418532743522
unknown 01000001110110000001110000111001111010 38 766573 320000001 1614901697927503675318 3868562610677555201 1614893271367886428760
unknown 01000100011000110100001011010000110110 38 10000001 39996839 123793991549138872577 30950946880711755119 123793942031567011707
unknown 01000100100110001100001011010000110110 38 10000001 39993678 123793991549138872577 30953393165924381221 123793942031567011707
unknown 01000101001010001100001011010000110110 38 10000001 39993678 123793991549138872577 30953393165924381221 123793942031567011707
unknown 01000101010110101010100000011100110110 38 151649 320000001 8163192894680349193857 3868562610677555201 8162977582279152241625
unknown 01000101010110101010100000011100111010 38 10000001 118896062 123793991549138872577 10411951568971058730 123793942031567011707
unknown 01000101011001101010100000011100110110 38 151665 320000001 8162331713219136088743 3868562610677555201 8162116446243993663169
unknown 01000101011001101010100000011100111010 38 10000001 118645756 123793991549138872577 10433917579701546804 123793942031567011707
unknown 01000101011010011010100000011100110110 38 151668 320000001 8162170261923281607849 3868562610677555201 8161955003463923960251
unknown 01000101011010011010100000011100111010 38 10000001 87593433 123793991549138872577 14132795083912058509 123793942031567011707
unknown 01000101011010100110100000011100110110 38 151664 320000001 8162385531737131256588 3868562610677555201 8162170261923281607849
unknown 01000101011010100110100000011100111010 38 10000001 69846235 123793991549138872577 17723790541972380830 123793942031567011707
unknown 01000101011010101000000101110100111010 38 1523487 320000001 812570136328948179341 3868562610677555201 812568002886384149890
unknown 01000101011010101000000110011100111010 38 2261430 320000001 547414706307681544377 3868562610677555201 547413738046469751008
unknown 01000101011010101000000111001011010110 38 71533 320000001 17305859383576534954485 3868562610677555201 17304891724357748785931
unknown 01000101011010101000000111001011011010 38 71533 320000001 17305859383576534954485 3868562610677555201 17304891724357748785931
unknown 01000101011010101000000111001011101010 38 71533 320000001 17305859383576534954485 3868562610677555201 17304891724357748785931
unknown 01000101011010101000000111001100111010 38 8307090 320000001 149022105127713829380 3868562610677555201 149022033371162078448
unknown 01000101011010101000000111001110011010 38 151682 320000001 8161416906985537340615 3868562610677555201 8161201688259828032246
unknown 01000101100000110100000011100101101010 38 71531 320000001 17306343253769418502456 3868562610677555201 17305375540440068147049
unknown 01000101100010100000011001011000111010 38 53640 320000001 23078673364753547257628 3868562610677555201 23076952488356205258727
unknown 01000101100011000100001011010000110110 38 10000001 39993680 123793991549138872577 30953391618010152477 123793942031567011707
unknown 01000101100011010000001011010000110110 38 10000001 39993677 123793991549138872577 30953393939881553650 123793942031567011707
unknown 01000101100101101010100000011100110110 38 151672 320000001 8161955003463923960251 3868562610677555201 8161739756358159991688
unknown 01000101100101101010100000011100111010 38 10000001 88965994 123793991549138872577 13914755330956907815 123793942031567011707
unknown 01000101100110011010100000011100110110 38 151684 320000001 8161309296203820277018 3868562610677555201 8161094083153448360445
unknown 01000101100110011010100000011100111010 38 10000001 87366627 123793991549138872577 14169484181704534329 123793942031567011707
unknown 01000101100110100110100000011100110110 38 151674 320000001 8161847378491898907520 3868562610677555201 8161632137062594937296
unknown 01000101100110100110100000011100111010 38 10000001 69581546 123793991549138872577 17791212044719159803 123793942031567011707
unknown 01000101100110101000000101110100111010 38 1521129 320000001 813829753614177545034 3868562610677555201 813827613552122184516
unknown 01000101100110101000000110011100111010 38 2266812 320000001 546115001722851420806 3868562610677555201 546114038053984211731
unknown 01000101100110101000000111001011101010 38 71536 320000001 17305133629017281856676 3868562610677555201 17304166050955832749499
unknown 01000101100110101000000111001100111010 38 8390602 320000001 147538882107074113979 3868562610677555201 147538811771805311190
unknown 01000101100110101000000111001110011010 38 151664 320000001 8162385531737131256588 3868562610677555201 8162170261923281607849
unknown 01000101101001011010100000011100110110 38 151652 320000001 8163031409314616852394 3868562610677555201 8162816105431900319797
unknown 01000101101001100110100000011100110110 38 151668 320000001 8162170261923281607849 3868562610677555201 8161955003463923960251
unknown 01000101101001101000000101100111010110 38 1913203 320000001 647051065300117277100 3868562610677555201 647049712490797009890
unknown 01000101101001101000000101110100111010 38 1525883 320000001 811294207541063289191 3868562610677555201 811292080793256823670
unknown 01000101101001101000000110011100111010 38 2275187 320000001 544104743603659951863 3868562610677555201 544103787016290181747
unknown 01000101101001101000000111001011011010 38 71534 320000001 17305617458626391295037 3868562610677555201 17304649826461185312689
unknown 01000101101001101000000111001100111010 38 8474476 320000001 146078653038297621576 3868562610677555201 146078584088390116550
unknown 01000101101001101000000111001110011010 38 151674 320000001 8161847378491898907520 3868562610677555201 8161632137062594937296
unknown 01000101101010000001010110001000111010 38 75872 320000001 16316164583579980426233 3868562610677555201 16315304434674736081227
unknown 01000101101010000001010111010011101010 38 1521115 320000001 813837243920006228918 3868562610677555201 813835103818557440213
unknown 01000101101010000001011001110100110110 38 1909363 320000001 648352376832158303528 3868562610677555201 648351018575988940261
unknown 01000101101010000001011001110100111010 38 1909363 320000001 648352376832158303528 3868562610677555201 648351018575988940261
unknown 01000101101010000001011100011100110110 38 10000001 39995531 123793991549138872577 30951959089763810735 123793942031567011707
unknown 01000101101010000001011100111010001110 38 10000001 39090940 123793991549138872577 31668208523135546879 123793942031567011707
unknown 01000101101010000001011101001100111010 38 1915029 320000001 646434095402931378533 3868562610677555201 646432745172213886079
unknown 01000101101010000001100101100111011010 38 123846 320000001 9995801554231709339819 3868562610677555201 9995478718493179450135
unknown 01000101101010000001100101110100111010 38 1911288 320000001 647699373032939188076 3868562610677555201 647698017511390344803
unknown 01000101101010000001100110000111101110 38 3597385 320000001 344122199677093298299 3868562610677555201 344121817041576619849
unknown 01000101101010000001100110011100111010 38 10000001 139177452 123793991549138872577 8894688194790204055 123793942031567011707
unknown 01000101101010000001100111001110011010 38 5715414 320000001 216596739848658430501 3868562610677555201 216596588260977635389
unknown 01000101101010000001110000111001111010 38 10000001 49999645 123793991549138872577 24758976574441284032 123793942031567011707
unknown 01000101101010000001110010110011011010 38 1521222 320000001 813780000082420761007 3868562610677555201 813777860282022707277
unknown 01000101101010000001110011001011010110 38 87600 320000001 14131735608280596745424 3868562610677555201 14131090353013335862508
unknown 01000101101010000001110011001011011010 38 87600 320000001 14131735608280596745424 3868562610677555201 14131090353013335862508
unknown 01000101101010000001110011001011101010 38 87600 320000001 14131735608280596745424 3868562610677555201 14131090353013335862508
unknown 01000101101010000001110011001100111010 38 10000001 219474676 123793991549138872577 5640468694827371678 123793942031567011707
unknown 01000101101010000001110011001110011010 38 4640772 320000001 266753040072940509661 3868562610677555201 266752810151875521443
unknown 01000101101010000001110011100101101010 38 87600 320000001 14131735608280596745424 3868562610677555201 14131090353013335862508
unknown 01000101101010000001110011100110011010 38 268201 320000001 4615717462967626052473 3868562610677555201 4615648624318637888553
unknown 01000101101010000110000001111001111010 38 10000001 48888476 123793991549138872577 25321714656954744814 123793942031567011707
unknown 01000110000100101100001011010000110110 38 10000001 39990518 123793991549138872577 30955839063784577007 123793942031567011707
unknown 01000110000101101000011011000011000110 38 10000001 39993678 123793991549138872577 30953393165924381221 123793942031567011707
unknown 01000110000111001011101101000011000110 38 10000001 37996802 123793991549138872577 32580111328458123263 123793942031567011707
unknown 01000110000111011000000101110100111010 38 1527094 320000001 810650843553429111044 3868562610677555201 810648720177343087935
unknown 01000110001100000011001011101100111010 38 107275 320000001 11539874521420463993467 3868562610677555201 11539444246174743192043
unknown 01000110001100001000101101000011011010 38 10000001 49981031 123793991549138872577 24768197344416130090 123793942031567011707
unknown 01000110001100001000101101010000110110 38 10000001 49971555 123793991549138872577 24772894085152648840 123793942031567011707
unknown 01000110001100001001001011010000110110 38 10000001 39990517 123793991549138872577 30955839837864068497 123793942031567011707
unknown 01000110001100001010001101010000110110 38 10000001 39993678 123793991549138872577 30953393165924381221 123793942031567011707
unknown 01000110001100001010010011010000110110 38 10000001 39990517 123793991549138872577 30955839837864068497 123793942031567011707
unknown 01000110001100001010100101010000110110 38 10000001 39990517 123793991549138872577 30955839837864068497 123793942031567011707
unknown 01000110001100001010110100001101100010 38 10000001 39996841 123793991549138872577 30950945333042183879 123793942031567011707
unknown 01000110001100001011000011010000110110 38 10000001 39993678 123793991549138872577 30953393165924381221 123793942031567011707
unknown 01000110001100001011000100001011011010 38 1531301 320000001 808423712441499270816 3868562610677555201 808421600716630765850
unknown 01000110001100001011000100001100111010 38 1531301 320000001 808423712441499270816 3868562610677555201 808421600716630765850
unknown 01000110001100001011001001010000110110 38 10000001 39990518 123793991549138872577 30955839063784577007 123793942031567011707
unknown 01000110001100001011001100010000110110 38 10000001 39990518 123793991549138872577 30955839063784577007 123793942031567011707
unknown 01000110001100001011010000100100110110 38 10000001 34997766 123793991549138872577 35371973150668539098 123793942031567011707
unknown 01000110001100001011010000101001010110 38 10000001 34997766 123793991549138872577 35371973150668539098 123793942031567011707
unknown 01000110001100001011010000101100010110 38 10000001 34997768 123793991549138872577 35371971129284023910 123793942031567011707
unknown 01000110001100001011010000110010010110 38 10000001 34998884 123793991549138872577 35370843232755086560 123793942031567011707
unknown 01000110001100001011010010000011011010 38 10000001 34995531 123793991549138872577 35374232192258499376 123793942031567011707
unknown 01000110001100001011010010010000110110 38 10000001 34997767 123793991549138872577 35371972139976252625 123793942031567011707
unknown 01000110001100100100001011010000110110 38 10000001 39990517 123793991549138872577 30955839837864068497 123793942031567011707
unknown 01000110010000110100001011010000110110 38 10000001 39990518 123793991549138872577 30955839063784577007 123793942031567011707
unknown 01000110010001100011010000110011000110 38 10000001 36000019 123793991549138872577 34387205164680059611 123793942031567011707
unknown 01000110010010001100001011010000110110 38 10000001 39990518 123793991549138872577 30955839063784577007 123793942031567011707
unknown 01000110010101101010100000011100110110 38 151650 320000001 8163139065515201285191 3868562610677555201 8162923755953553977470
unknown 01000110010101101010100000011100111010 38 10000001 75371271 123793991549138872577 16424561014572518950 123793942031567011707
unknown 01000110010110011010100000011100110110 38 151666 320000001 8162277895410838783242 3868562610677555201 8162062631274347431260
unknown 01000110010110011010100000011100111010 38 10000001 73771720 123793991549138872577 16780685597209611962 123793942031567011707
unknown 01000110010110101000000101110100111010 38 1523488 320000001 812569602967256896608 3868562610677555201 812567469527493596881
unknown 01000110010110101000000111001011010110 38 71534 320000001 17305617458626391295037 3868562610677555201 17304649826461185312689
unknown 01000110010110101000000111001011011010 38 71534 320000001 17305617458626391295037 3868562610677555201 17304649826461185312689
unknown 01000110010110101000000111001011101010 38 71534 320000001 17305617458626391295037 3868562610677555201 17304649826461185312689
unknown 01000110011000110000001000110100111010 38 3017396 320000001 410267674274566637889 3868562610677555201 410267130405441862166
unknown 01000110011010000000010111100110101110 38 151674 320000001 8161847378491898907520 3868562610677555201 8161632137062594937296
unknown 01000110011010000001011010010111010110 38 92 320000001 13455869992232394292381786 3868562610677555201 12895208742556044530199211
unknown 01000110011010000001011100011100110110 38 10000001 39991060 123793991549138872577 30955419518396868573 123793942031567011707
unknown 01000110011010000001100110000111101110 38 3594344 320000001 344413344767607183648 3868562610677555201 344412961484358296665
unknown 01000110011010000001110000111001111010 38 10000001 44499699 123793991549138872577 27819065456720960628 123793942031567011707
unknown 01000110011010000110000001111001111010 38 10000001 43332936 123793991549138872577 28568109008015987537 123793942031567011707
unknown 01000110100000000110010111101110001110 38 50578 320000001 24475859845889127187693 3868562610677555201 24473924306776724425668
unknown 01000110100000000111100001110011111010 38 766569 320000001 1614910124575061442479 3868562610677555201 1614901697927503675318
unknown 01000110100000010101101001011101011010 38 90 320000001 13754889325393114165545825 3868562610677555201 13169574886014683775522599
unknown 01000110100000010101110001110011101010 38 10000001 39987365 123793991549138872577 30958279928807018790 123793942031567011707
unknown 01000110100000010110010111011001101010 38 54 320000001 22924815542321856942576375 3868562610677555201 21343793780782418532743522
unknown 01000110100000010110011010010111010110 38 120 320000001 10316166994044835624159369 3868562610677555201 9983387413591776410476809
unknown 01000110100000010110100101011101011010 38 86 320000001 14394651619597445056966561 3868562610677555201 13754889325393114165545825
unknown 01000110100000010110100101110110011010 38 52 320000001 23806539217026543748060082 3868562610677555201 22106072130096076337484362
unknown 01000110100000010111000011100111101010 38 766567 320000001 1614914337931818451485 3868562610677555201 1614905911240289907784
unknown 01000110100000010111001011010001110110 38 474819 320000001 2607183030344995197958 3868562610677555201 2607161066935216438335
unknown 01000110100000011001010111011001101010 38 54 320000001 22924815542321856942576375 3868562610677555201 21343793780782418532743522
unknown 01000110100000011001011001011101011010 38 50577 320000001 24476343778503673110290 3868562610677555201 24474408162855227751510
unknown 01000110100000011001011010010111010110 38 107 320000001 11569533077433460513075928 3868562610677555201 11152612966534957431523642
unknown 01000110100000011001011100011001110110 38 10000001 50000376 123793991549138872577 24758614600925806536 123793942031567011707
unknown 01000110100000011001011101100101101010 38 36 320000001 34387223313482785413864562 3868562610677555201 30948500982134506872478106
unknown 01000110100000011001011101100110000010 38 16866 320000001 73398555631766884554674 3868562610677555201 73381152299074112323600
unknown 01000110100000011001011101100110001110 38 2436 320000001 508185566209105203160561 3868562610677555201 507352475116959129057019
unknown 01000110100000011001011101100110011010 38 36 320000001 34387223313482785413864562 3868562610677555201 30948500982134506872478106
unknown 01000110100000011001011101100111000110 38 71528 320000001 17307069109794489918622 3868562610677555201 17306101315290782795101
unknown 01000110100000011001100101110110011010 38 52 320000001 23806539217026543748060082 3868562610677555201 22106072130096076337484362
unknown 01000110100000011001110000101111010110 38 770247 320000001 1607198780761730035819 3868562610677555201 1607190434397852485618
unknown 01000110100000011001110000111001111010 38 766563 320000001 1614922764711289580764 3868562610677555201 1614914337931818451485
unknown 01000110100000011100001011011001111010 38 2157217 320000001 573859764356288808636 3868562610677555201 573858700284013680054
unknown 01000110100000011100001011100111101010 38 765356 320000001 1617469568782867417123 3868562610677555201 1617461115403705804980
unknown 01000110100000011100001011101001111010 38 2150923 320000001 575538984559363712648 3868562610677555201 575537914250637178714
unknown 01000110100000011100001100111001111010 38 964336 320000001 1283722726607095737274 3868562610677555201 1283717401834809584690
unknown 01000110100000011100001110000111110110 38 765356 320000001 1617469568782867417123 3868562610677555201 1617461115403705804980
unknown 01000110100000011100001110010111101010 38 10000001 63999569 123793991549138872577 19342943376468367700 123793942031567011707
unknown 01000110100000011100001110011001111010 38 10000001 146568841 123793991549138872577 8446133781499850128 123793942031567011707
unknown 01000110100000011100101011100010110110 38 10000001 37142918 123793991549138872577 33329100295388215727 123793942031567011707
unknown 01000110100001000101100010011101000110 38 10000001 34999991 123793991549138872577 35369724503225737256 123793942031567011707
unknown 01000110100001000101101010010110001010 38 10000001 39999985 123793991549138872577 30948512587826727308 123793942031567011707
unknown 01000110100001000110100001100110001110 38 10000001 36666676 123793991549138872577 33761992477457740509 123793942031567011707
unknown 01000110100001000110100101100000001010 38 10000001 32500003 123793991549138872577 38090459231200079425 123793942031567011707
unknown 01000110100001000110100101100110001010 38 10000001 39062508 123793991549138872577 31691258515335991097 123793942031567011707
unknown 01000110100001000111001011000101000110 38 10000001 34999998 123793991549138872577 35369717429280432385 123793942031567011707
unknown 01000110100001010001101001011000101010 38 10000001 40000001 123793991549138872577 30948500208422001662 123793942031567011707
unknown 01000110100001010110001010010110001010 38 10000001 38571438 123793991549138872577 32094733913871198552 123793942031567011707
unknown 01000110100001011000001110011000001110 38 10000001 33333348 123793991549138872577 37138184837760079633 123793942031567011707
unknown 01000110100001011000011001100000111010 38 10000001 39999884 123793991549138872577 30948590733047632711 123793942031567011707
unknown 01000110100001011000100101100011000110 38 10000001 35000045 123793991549138872577 35369669932863808458 123793942031567011707
unknown 01000110100001011000110000101101100010 38 10000001 34996844 123793991549138872577 35372905033533317316 123793942031567011707
unknown 01000110100001011000110010110001000110 38 10000001 35000050 123793991549138872577 35369664880061036339 123793942031567011707
unknown 01000110100001100000000111001111101110 38 764149 320000001 1620024418386178971509 3868562610677555201 1620015938281182269650
unknown 01000110100001100000010110011110110110 38 764149 320000001 1620024418386178971509 3868562610677555201 1620015938281182269650
unknown 01000110100001100000010110110011110110 38 2129186 320000001 581414699930104873365 3868562610677555201 581413607656141666502
unknown 01000110100001100000010111010011110110 38 1440199 320000001 859561796172181951869 3868562610677555201 859559408837073853408
unknown 01000110100001100000011001011110110110 38 7657345 320000001 161667005898961098775 3868562610677555201 161666921448321119346
unknown 01000110100001100000011001110011110110 38 7668636 320000001 161428973716496685317 3868562610677555201 161428889514357210001
unknown 01000110100001100000011100110011110110 38 962395 320000001 1286311794310423760410 3868562610677555201 1286306448038059344305
unknown 01000110100001100001000001101100111010 38 1522271 320000001 813219222651801338198 3868562610677555201 813217085799464797688
unknown 01000110100001100001000110001100111010 38 1529482 320000001 809385163921759311257 3868562610677555201 809383047170997495172
unknown 01000110100001100001010110001000111010 38 10000001 39187613 123793991549138872577 31590085348790707791 123793942031567011707
unknown 01000110100001100001011000001100111010 38 2397266 320000001 516396611508852282100 3868562610677555201 516395749867716308509
unknown 01000110100001100001110011100111000110 38 10000001 41867964 123793991549138872577 29567715289078309968 123793942031567011707
unknown 01000110100001100100011000110010011010 38 10000001 32000026 123793991549138872577 38685594795622362148 123793942031567011707
unknown 01000110100001100110000001110011000110 38 10000001 39911060 123793991549138872577 31017468322950587504 123793942031567011707
unknown 01000110100001100110000001111001111010 38 10000001 44999469 123793991549138872577 27510103270004814388 123793942031567011707
unknown 01000110100001100110010110000110001010 38 10000001 35454626 123793991549138872577 34916178195911029351 123793942031567011707
unknown 01000110100100011000110000110011000110 38 10000001 34000016 123793991549138872577 36409984021342233336 123793942031567011707
unknown 01001001000110001100001011010000110110 38 10000001 39993678 123793991549138872577 30953393165924381221 123793942031567011707
unknown 01010001100011000010110100001101100010 38 10000001 39993680 123793991549138872577 30953391618010152477 123793942031567011707
unknown 01010010000110001100001011010000110110 38 10000001 39993678 123793991549138872577 30953393165924381221 123793942031567011707
unknown 000000010001011010100000011100101101010 39 71532 320000001 8653050657645391397551 1934281305338777601 8652566814508640928338
unknown 000000010001101000011000000110011110110 39 765360 320000001 808730557701852902490 1934281305338777601 808726331056451750344
unknown 000001000101100010100000011100101101010 39 71531 320000001 8653171626884709251228 1934281305338777601 8652687770220034073525
unknown 000001000101101010000001011010000110110 39 10000001 39993679 61896995774569436289 15476696195983623749 61896971015783505854
unknown 000001000101101010000001110010110110110 39 71532 320000001 8653050657645391397551 1934281305338777601 8652566814508640928338
unknown 000001000101101010000001110010111010110 39 71532 320000001 8653050657645391397551 1934281305338777601 8652566814508640928338
unknown 000001000101101010000001110011001110110 39 101156 320000001 6118964961472281796924 1934281305338777601 6118723009516509860119
unknown 000001000101101010000001110011100110110 39 9140682 320000001 67715955947563883904 1934281305338777601 67715926314796300568
unknown 000001000101101010000001110011100111010 39 10000001 100351112 61896995774569436289 6168043455688763444 61896971015783505854
unknown 000001000101101110100000011100101101010 39 71530 320000001 8653292599506362888992 1934281305338777601 8652808729313195647519
unknown 000001000110011000000110011101000011010 39 1918018 320000001 322713352868789624211 1934281305338777601 322712679855961056469
unknown 000001000110011000000111001101000011010 39 126411 320000001 4896488593893649583103 1934281305338777601 4896333660109086243323
unknown 000001000110011010000001110011001110110 39 101148 320000001 6119448922793235036280 1934281305338777601 6119206932563766781177
unknown 000001000110100000010111001011010110110 39 92 320000001 6727934996116197146190893 1934281305338777601 6447604371278022265099606
unknown 000001000110100000011001011101100110110 39 2444 320000001 253261055500282380298512 1934281305338777601 252847230246196951572534
unknown 000001000110100000011001011101100111010 39 71528 320000001 8653534554897244959311 1934281305338777601 8653050657645391397551
unknown 000001000110100001011000000110011101010 39 1258669 320000001 491765523455880884848 1934281305338777601 491763960649581056756
unknown 000001000110100001011000100001100111010 39 1339322 320000001 462151760101521618737 1934281305338777601 462150379849782754498
unknown 000001000110100001100001010110001011010 39 7732082 320000001 80052179948775780890 1934281305338777601 80052138535796179382
unknown 000001000110100001100001011000001111010 39 1927692 320000001 321093836381896141837 1934281305338777601 321093170107055333129
unknown 000001000110100001100001011000100111010 39 6472976 320000001 95623716145817648243 1934281305338777601 95623657054817122477
unknown 000001000110100001100001011011100111010 39 2157393 320000001 286906474454441141438 1934281305338777601 286905942505106912381
unknown 000001000110100001100001011110011101010 39 765360 320000001 808730557701852902490 1934281305338777601 808726331056451750344
unknown 000001000110100001100110000001100111010 39 1918053 320000001 322707464101716760408 1934281305338777601 322706791113449776232
unknown 000001000110100100011010000001100111010 39 1918021 320000001 322712848108905031515 1934281305338777601 322712175098181795050
unknown 000001000110100100011010000001110011010 39 126415 320000001 4896333660109086243323 1934281305338777601 4896178736128984863427
unknown 000100000101110101100000011100101101010 39 71530 320000001 8653292599506362888992 1934281305338777601 8652808729313195647519
unknown 000100000111011000011000000110011110110 39 765360 320000001 808730557701852902490 1934281305338777601 808726331056451750344
unknown 000100010101101010100000011001011101010 39 10000001 139194212 61896995774569436289 4446808604675962658 61896971015783505854
unknown 000100010101101010100000011100101101010 39 71533 320000001 8652929691788267477243 1934281305338777601 8652445862178874392966
unknown 000100010110001010000001011010000110110 39 10000001 39993678 61896995774569436289 15476696582962190611 61896971015783505854
unknown 000100010110001101100001011010000110110 39 10000001 39993681 61896995774569436289 15476695422026548081 61896971015783505854
unknown 000100010110011010100000011001011101010 39 10000001 144194194 61896995774569436289 4292614026072992492 61896971015783505854
unknown 000100010110011010100000011100101101010 39 71534 320000001 8652808729313195647519 1934281305338777601 8652324913230592656345
unknown 000100010110100010000001110011001110110 39 101145 320000001 6119630428026003632899 1934281305338777601 6119388423441557874518
unknown 000100010110100101101010000001100111010 39 1915147 320000001 323197132983885904033 1934281305338777601 323196457951717717011
unknown 000100010110101000000101011011000111010 39 75872 320000001 8158082291789990213117 1934281305338777601 8157652217337368040614
unknown 000100010110101000000101110100110001110 39 10000001 37210798 61896995774569436289 16634150647419336115 61896971015783505854
unknown 000100010110101000000110010101101101010 39 72989 320000001 8480319221289374254334 1934281305338777601 8479854501701397907328
unknown 000100010110101000000110010101110101010 39 10000001 108968107 61896995774569436289 5680286064276496402 61896971015783505854
unknown 000100010110101000000110010110011011010 39 53637 320000001 11539982095245635241523 1934281305338777601 11539121560796594721381
unknown 000100010110101000000110010110011101010 39 50580 320000001 12237446019033019720237 1934281305338777601 12236478326006052060920
unknown 000100010110101000000110011100101101010 39 54 320000001 11462407771160928471288188 1934281305338777601 10671896890391209266371761
unknown 000100010110101000000111001100101101010 39 87600 320000001 7065867804140298372712 1934281305338777601 7065545176506667931254
unknown 000100010110101000011000000101101101110 39 1532730 320000001 403835000060473884801 1934281305338777601 403833946165929729131
unknown 000100010110101000011000000110011110110 39 1925897 320000001 321393106507092610586 1934281305338777601 321392438989693726443
unknown 000100010110110100000011001011000111010 39 53640 320000001 11539336682376773628814 1934281305338777601 11538476244178102629364
unknown 000100011000000111001111010000101101010 39 63228 320000001 9789492307880846103777 1934281305338777601 9788873033316835422723
unknown 000100011000011100101100000101000011010 39 10000001 36666676 61896995774569436289 16880996238728870255 61896971015783505854
unknown 000100011000011100111000110000101101010 39 10000001 39998178 61896995774569436289 15474955375284597650 61896971015783505854
unknown 000100011000110000001011101100001101110 39 10000001 39996842 61896995774569436289 15475472279603728151 61896971015783505854
unknown 000100011000110000101011010000110110110 39 10000001 39996842 61896995774569436289 15475472279603728151 61896971015783505854
unknown 000100011000110000111001011010000110110 39 10000001 40003166 61896995774569436289 15473025801075098343 61896971015783505854
unknown 000100011001011010100000011100101101010 39 71534 320000001 8652808729313195647519 1934281305338777601 8652324913230592656345
unknown 000100011001100000011100111101000011010 39 107275 320000001 5769937260710231996734 1934281305338777601 5769722123087371596022
unknown 000100011001100000011110011101000011010 39 2272466 320000001 272378121231600445265 1934281305338777601 272377641791834496143
unknown 000100011001100011000000101110100111010 39 2280508 320000001 271417605043564915120 1934281305338777601 271417128979233670970
unknown 000100011001101000000110010111011000110 39 10000001 33334202 61896995774569436289 18568616691129733283 61896971015783505854
unknown 000100011001101000011000000101101101110 39 1532732 320000001 403834473112514214781 1934281305338777601 403833419220720422467
unknown 000100011001101000011000000110011110110 39 1925901 320000001 321392438989693726443 1934281305338777601 321391771475067637007
unknown 000100011010000001000110011011001110110 39 75870 320000001 8158297346022013146825 1934281305338777601 8157867248895407352316
unknown 000100011010000001000110011101001110110 39 75870 320000001 8158297346022013146825 1934281305338777601 8157867248895407352316
unknown 000100011010000001011010010111000110110 39 10000001 100000388 61896995774569436289 6189676180483321100 61896971015783505854
unknown 000100011010000001011100001110011010110 39 75862 320000001 8159157676342439395871 1934281305338777601 8158727488501965800881
unknown 000100011010000001100101110110000110110 39 75863 320000001 8159050125129379769448 1934281305338777601 8158619948629709062565
unknown 000100011010000001100101110110011000110 39 52 320000001 11903269608513271874030041 1934281305338777601 11053036065048038168742181
unknown 000100011010000001100111000000111110110 39 769012 320000001 804889936233361946823 1934281305338777601 804885749636795772064
unknown 000100011010000001110000001100111110110 39 765356 320000001 808734784391433708562 1934281305338777601 808730557701852902490
unknown 000100011010000001110011001011101100010 39 89402 320000001 6923447122465830042388 1934281305338777601 6923137369334162555641
unknown 000100011010000100010110110011101000110 39 10000001 34999992 61896995774569436289 17684861746330974518 61896971015783505854
unknown 000100011010000100010111001110101000110 39 10000001 35714297 61896995774569436289 17331155073350320670 61896971015783505854
unknown 000100011010000100011100101101101000110 39 10000001 34999999 61896995774569436289 17684858209358524195 61896971015783505854
unknown 000100011010000100011100101110101000110 39 10000001 35000004 61896995774569436289 17684855682950497305 61896971015783505854
unknown 000100011010000101100000010110110111010 39 1218690 320000001 507897840831294371374 1934281305338777601 507896173807937133891
unknown 000100011010000101100000011001111011010 39 2417275 320000001 256061068617633549121 1934281305338777601 256060644899777864885
unknown 000100011010000101100000011100111101010 39 89408 320000001 6922982503161799139334 1934281305338777601 6922672791601688111770
unknown 000100011010000101100000011110011101010 39 10000001 63093686 61896995774569436289 9810332204124040835 61896971015783505854
unknown 000100011010000101100001110011100011010 39 10000001 40000009 61896995774569436289 15474247009361676330 61896971015783505854
unknown 000100011010000101100011001011011000110 39 10000001 35000051 61896995774569436289 17684831934750327577 61896971015783505854
unknown 000100011010000101100110000011100110110 39 10000001 33333389 61896995774569436289 18569069578934507303 61896971015783505854
unknown 000100011010000101100110000011100111010 39 10000001 33333389 61896995774569436289 18569069578934507303 61896971015783505854
unknown 000100011010000101101100101100011000110 39 10000001 35000516 61896995774569436289 17684596982589917745 61896971015783505854
unknown 000100011010000101101100110011000001110 39 10000001 33333865 61896995774569436289 18568804416850255362 61896971015783505854
unknown 000100011010000110000000011001111101110 39 764149 320000001 810012209193089485755 1934281305338777601 810007969140591134825
unknown 000100011010000110000001011001111011010 39 764149 320000001 810012209193089485755 1934281305338777601 810007969140591134825
unknown 000100011010000110000001011010011110110 39 761753 320000001 812560002576544020765 1934281305338777601 812555735809044271927
unknown 000100011010000110000001100001111101110 39 764149 320000001 810012209193089485755 1934281305338777601 810007969140591134825
unknown 000100011010000110000001100101111011010 39 50660 320000001 12218121193104819136391 1934281305338777601 12217156553819085296257
unknown 000100011010000110000001100110011110110 39 761753 320000001 812560002576544020765 1934281305338777601 812555735809044271927
unknown 000100011010000110000101011000001011010 39 6506823 320000001 95126303519043031823 1934281305338777601 95126245041199057152
unknown 000100011010000110000101100000100111010 39 6506823 320000001 95126303519043031823 1934281305338777601 95126245041199057152
unknown 000100011010000110000101110001100111010 39 8705976 320000001 71097142886988217915 1934281305338777601 71097110221099765616
unknown 000100011010000110000101110011100011010 39 10000001 38339718 61896995774569436289 16144355043057179958 61896971015783505854
unknown 000100011010000110000101111001110100010 39 765360 320000001 808730557701852902490 1934281305338777601 808726331056451750344
unknown 000100011010000110000101111001110101110 39 765360 320000001 808730557701852902490 1934281305338777601 808726331056451750344
unknown 000100011010000110000110010111000111010 39 1472758 320000001 420279516147724295132 1934281305338777601 420278374674720109190
unknown 000100011010000110000110011100111000110 39 10000001 36910136 61896995774569436289 16769648847749846749 61896971015783505854
unknown 000100011010000110000111001011000001010 39 10000001 34549203 61896995774569436289 17915609215144272285 61896971015783505854
unknown 000100011010000110000111001011100011010 39 10000001 38745151 61896995774569436289 15975418953527633367 61896971015783505854
unknown 000100011010000110000111001100111000110 39 10000001 40378211 61896995774569436289 15329307671473858450 61896971015783505854
unknown 000100011010000110010001011011101000110 39 10000001 35000014 61896995774569436289 17684850630136609016 61896971015783505854
unknown 000100011010000110010001100011001001010 39 10000001 36000020 61896995774569436289 17193602104740223407 61896971015783505854
unknown 000100011010000110011000000101101101110 39 1222289 320000001 506402348088455461393 1934281305338777601 506400690867648049568
unknown 000100011010000110011000000110011110110 39 2416654 320000001 256126867827454876640 1934281305338777601 256126443891808496465
unknown 000100011010000110011000000111001111010 39 10000001 40624222 61896995774569436289 15236476889149782055 61896971015783505854
unknown 000100011010000110011000000111100111010 39 10000001 40678562 61896995774569436289 15216123412688239507 61896971015783505854
unknown 000100011100110001100001011010000110110 39 10000001 39993683 61896995774569436289 15476694648069549820 61896971015783505854
unknown 000101000101101010000001110010110101010 39 71533 320000001 8652929691788267477243 1934281305338777601 8652445862178874392966
unknown 000101000110100000011100110011101100010 39 101145 320000001 6119630428026003632899 1934281305338777601 6119388423441557874518
unknown 000101000110100001100000011001111011010 39 765361 320000001 808729501036360798956 1934281305338777601 808725274402004452059
unknown 000110000100011010000110000111100111010 39 766576 320000001 807447688999773195939 1934281305338777601 807443475752941816183
unknown 000110010001011010100000011100101101010 39 71532 320000001 8653050657645391397551 1934281305338777601 8652566814508640928338
unknown 000110010001101000011000000110011110110 39 765360 320000001 808730557701852902490 1934281305338777601 808726331056451750344
unknown 010000010111000101100000011100101101010 39 71531 320000001 8653171626884709251228 1934281305338777601 8652687770220034073525
unknown 010000010111010110000001011010000110110 39 10000001 39993678 61896995774569436289 15476696582962190611 61896971015783505854
unknown 010000010111011011000000101110100111010 39 1523487 320000001 406285068164474089671 1934281305338777601 406284001443192074945
unknown 010000010111011011000000111001011010110 39 71532 320000001 8653050657645391397551 1934281305338777601 8652566814508640928338
unknown 010000010111011011000000111001011011010 39 71532 320000001 8653050657645391397551 1934281305338777601 8652566814508640928338
unknown 010000010111011011000000111001011101010 39 71532 320000001 8653050657645391397551 1934281305338777601 8652566814508640928338
unknown 010000011100111000000110011101000011010 39 1918018 320000001 322713352868789624211 1934281305338777601 322712679855961056469
unknown 010000011100111000000111001101000011010 39 126411 320000001 4896488593893649583103 1934281305338777601 4896333660109086243323
unknown 010000011101100000010111001011010110110 39 92 320000001 6727934996116197146190893 1934281305338777601 6447604371278022265099606
unknown 010000011101100000011001011101100110110 39 2444 320000001 253261055500282380298512 1934281305338777601 252847230246196951572534
unknown 010000011101100000011001011101100111010 39 71528 320000001 8653534554897244959311 1934281305338777601 8653050657645391397551
unknown 010000011101100001011000000110011101010 39 1258669 320000001 491765523455880884848 1934281305338777601 491763960649581056756
unknown 010000011101100001011000100001100111010 39 1339322 320000001 462151760101521618737 1934281305338777601 462150379849782754498
unknown 010000011101100001100001010110001011010 39 7732082 320000001 80052179948775780890 1934281305338777601 80052138535796179382
unknown 010000011101100001100001011000001111010 39 1927692 320000001 321093836381896141837 1934281305338777601 321093170107055333129
unknown 010000011101100001100001011000100111010 39 6472976 320000001 95623716145817648243 1934281305338777601 95623657054817122477
unknown 010000011101100001100110000001100111010 39 1918053 320000001 322707464101716760408 1934281305338777601 322706791113449776232
unknown 010000011101100100011010000001100111010 39 1918021 320000001 322712848108905031515 1934281305338777601 322712175098181795050
unknown 010000011101100100011010000001110011010 39 126415 320000001 4896333660109086243323 1934281305338777601 4896178736128984863427
unknown 010001000101101010100000011100101101010 39 71529 320000001 8653413575510494169492 1934281305338777601 8652929691788267477243
unknown 010001000110001110100001011010000110110 39 10000001 39993678 61896995774569436289 15476696582962190611 61896971015783505854
unknown 010001000110100101101010000001100111010 39 1915144 320000001 323197639259862515534 1934281305338777601 323196964225579504796
unknown 010001000110101000011000000110011110110 39 765357 320000001 808733727714896626607 1934281305338777601 808729501036360798956
unknown 010001000111000110100001011010000110110 39 10000001 39996838 61896995774569436289 15475473827273299391 61896971015783505854
unknown 010001000111010001100001011010000110110 39 10000001 39996838 61896995774569436289 15475473827273299391 61896971015783505854
unknown 010001001001011010100000011100101101010 39 71533 320000001 8652929691788267477243 1934281305338777601 8652445862178874392966
unknown 010001001001101000011000000110011110110 39 765361 320000001 808729501036360798956 1934281305338777601 808725274402004452059
unknown 010001010001101010100000011100101101010 39 71533 320000001 8652929691788267477243 1934281305338777601 8652445862178874392966
unknown 010001010010011010100000011100101101010 39 71533 320000001 8652929691788267477243 1934281305338777601 8652445862178874392966
unknown 010001010010101000011000000110011110110 39 765361 320000001 808729501036360798956 1934281305338777601 808725274402004452059
unknown 010001010011010001100001011010000110110 39 10000001 39993677 61896995774569436289 15476696969940776825 61896971015783505854
unknown 010001010100101010100000011100101101010 39 71533 320000001 8652929691788267477243 1934281305338777601 8652445862178874392966
unknown 010001010110001010100000011001011101010 39 10000001 144194150 61896995774569436289 4292615335939010962 61896971015783505854
unknown 010001010110001010100000011100101101010 39 71532 320000001 8653050657645391397551 1934281305338777601 8652566814508640928338
unknown 010001010110100010100000011100101101010 39 71535 320000001 8652687770220034073525 1934281305338777601 8652203967663653915341
unknown 010001010110101010000001011010000110110 39 10000001 39993678 61896995774569436289 15476696582962190611 61896971015783505854
unknown 010001010110101010000001110010110110110 39 71533 320000001 8652929691788267477243 1934281305338777601 8652445862178874392966
unknown 010001010110101010000001110010111010110 39 71533 320000001 8652929691788267477243 1934281305338777601 8652445862178874392966
unknown 010001010110101010000001110011001110110 39 101160 320000001 6118723009516509860119 1934281305338777601 6118481076694181106417
unknown 010001010110101010000001110011100111010 39 10000001 48124677 61896995774569436289 12861801018273642387 61896971015783505854
unknown 010001011000001010000001011010000110110 39 10000001 39993677 61896995774569436289 15476696969940776825 61896971015783505854
unknown 010001011000011010100000011100101101010 39 71532 320000001 8653050657645391397551 1934281305338777601 8652566814508640928338
unknown 010001011000100101101010000001100111010 39 1916107 320000001 323035206093756840015 1934281305338777601 323034531737822149891
unknown 010001011000101000000110010101101101010 39 72989 320000001 8480319221289374254334 1934281305338777601 8479854501701397907328
unknown 010001011000101000000110010101110101010 39 10000001 113968081 61896995774569436289 5431082231196734264 61896971015783505854
unknown 010001011000101000000110010110011011010 39 53637 320000001 11539982095245635241523 1934281305338777601 11539121560796594721381
unknown 010001011000101000000110010110011101010 39 50580 320000001 12237446019033019720237 1934281305338777601 12236478326006052060920
unknown 010001011000101000000110011100101101010 39 57 320000001 10859123151626142762273020 1934281305338777601 10147049502339182581140363
unknown 010001011000101000000111001100101101010 39 87599 320000001 7065948465652463355171 1934281305338777601 7065625830652947244382
unknown 010001011000101000011000010110011011010 39 10000001 54177344 61896995774569436289 11424886750496483133 61896971015783505854
unknown 010001011000110001100001011010000110110 39 10000001 39993680 61896995774569436289 15476695809005076239 61896971015783505854
unknown 010001011000110100000011001011000111010 39 53640 320000001 11539336682376773628814 1934281305338777601 11538476244178102629364
unknown 010001011001001010100000011100101101010 39 71533 320000001 8652929691788267477243 1934281305338777601 8652445862178874392966
unknown 010001011001100000011001110101000011010 39 1918018 320000001 322713352868789624211 1934281305338777601 322712679855961056469
unknown 010001011001100000011100110101000011010 39 126412 320000001 4896449859528289540943 1934281305338777601 4896294928194928944514
unknown 010001011001100010100000011001011101010 39 10000001 149194131 61896995774569436289 4148755822323132386 61896971015783505854
unknown 010001011001100010100000011100101101010 39 71534 320000001 8652808729313195647519 1934281305338777601 8652324913230592656345
unknown 010001011001101010000001011010000110110 39 10000001 39993677 61896995774569436289 15476696969940776825 61896971015783505854
unknown 010001011001101010000001110010110110110 39 71548 320000001 8651115609698246456220 1934281305338777601 8650631982931156885197
unknown 010001011001101010000001110010111010110 39 71538 320000001 8652324913230592656345 1934281305338777601 8651841151249477753622
unknown 010001011001101010000001110011001110110 39 101152 320000001 6119206932563766781177 1934281305338777601 6118964961472281796924
unknown 010001011001101010000001110011100111010 39 10000001 159991055 61896995774569436289 3868778911687844908 61896971015783505854
unknown 010001011010001000011000000110011110110 39 765362 320000001 808728444373629912969 1934281305338777601 808724217750318328029
unknown 010001011010001100000010101101000111010 39 75873 320000001 8157974768925574808556 1934281305338777601 8157544705809272077831
unknown 010001011010010001101010000001100111010 39 1914177 320000001 323360911578547928144 1934281305338777601 323360235862068496893
unknown 010001011010010001101010000001110011010 39 126409 320000001 4896566064462895343287 1934281305338777601 4896411125775751999000
unknown 010001011010010010100000011100101101010 39 107278 320000001 5769775905989020465050 1934281305338777601 5769560780398297360691
unknown 010001011010010110001010000001100111010 39 2846890 320000001 217419717531302627587 1934281305338777601 217419412047898565051
unknown 010001011010010110001010000001110011010 39 176922 320000001 3498547493486904610222 1934281305338777601 3498468397198207936932
unknown 010001011010011000100000011001100110110 39 10000001 53707275 61896995774569436289 11524882236953748584 61896971015783505854
unknown 010001011010011010000001110010110110110 39 71536 320000001 8652566814508640928338 1934281305338777601 8652083025477916374750
unknown 010001011010011010000001110010111010110 39 71540 320000001 8652083025477916374750 1934281305338777601 8651599290544142589869
unknown 010001011010011010000001110011001110110 39 101144 320000001 6119690932162957144760 1934281305338777601 6119448922793235036280
unknown 010001011010011010000001110011100110110 39 9106222 320000001 67972208413400215529 1934281305338777601 67972178555934163885
unknown 010001011010011010000001110011100111010 39 10000001 104992335 61896995774569436289 5895382930979581867 61896971015783505854
unknown 010001011010100000010010011100101101010 39 107280 320000001 5769668341188386814407 1934281305338777601 5769453223618527808896
unknown 010001011010100000010100101100101101010 39 107280 320000001 5769668341188386814407 1934281305338777601 5769453223618527808896
unknown 010001011010100000010101100011000111010 39 75872 320000001 8158082291789990213117 1934281305338777601 8157652217337368040614
unknown 010001011010100000010101101000011011010 39 10000001 39996839 61896995774569436289 15475473440355877560 61896971015783505854
unknown 010001011010100000010101110100111010110 39 1521115 320000001 406918621960003114459 1934281305338777601 406917551909278720107
unknown 010001011010100000010110000011100110110 39 10000001 34999978 61896995774569436289 17684868820280119532 61896971015783505854
unknown 010001011010100000010110001001100111010 39 7836888 320000001 78981608470440069764 1934281305338777601 78981568157719940182
unknown 010001011010100000010110001110000111010 39 10000001 30000002 61896995774569436289 20632332612600830409 61896971015783505854
unknown 010001011010100000010110011101001110110 39 1909363 320000001 324176188416079151764 1934281305338777601 324175509287994470131
unknown 010001011010100000010110100101100010110 39 10000001 42611261 61896995774569436289 14525972832455958942 61896971015783505854
unknown 010001011010100000010110110000111000110 39 10000001 30000002 61896995774569436289 20632332612600830409 61896971015783505854
unknown 010001011010100000010110110011000001110 39 10000001 35645735 61896995774569436289 17364490299966886290 61896971015783505854
unknown 010001011010100000010111001110100111010 39 10000001 53748974 61896995774569436289 11515941116246984314 61896971015783505854
unknown 010001011010100000010111010011100111010 39 1913093 320000001 323544134886641756282 1934281305338777601 323543458404194945395
unknown 010001011010100000011001011000001111010 39 53638 320000001 11539766949600845248697 1934281305338777601 11538906447237055617792
unknown 010001011010100000011001011101100110110 39 1526386 320000001 405513428217167962396 1934281305338777601 405512365543989502978
unknown 010001011010100000011001011101100111010 39 71530 320000001 8653292599506362888992 1934281305338777601 8652808729313195647519
unknown 010001011010100000011001110010110001010 39 125 320000001 4951760157141521099596497 1934281305338777601 4798217206532481685655521
unknown 010001011010100000011001110011100110110 39 5798209 320000001 106751933164653108822 1934281305338777601 106751859519940046606
unknown 010001011010100000011001110011100111010 39 10000001 161061736 61896995774569436289 3843060648760734440 61896971015783505854
unknown 010001011010100000011100100010110101010 39 63230 320000001 9789182660804841648736 1934281305338777601 9788563425414968805541
unknown 010001011010100000011100100100101101010 39 89407 320000001 6923059935381906757296 1934281305338777601 6922750216893784181472
unknown 010001011010100000011100101000110101010 39 89405 320000001 6923214805018624656894 1934281305338777601 6922905072673781581827
unknown 010001011010100000011100101001001101010 39 89407 320000001 6923059935381906757296 1934281305338777601 6922750216893784181472
unknown 010001011010100000011100101010010101010 39 89407 320000001 6923059935381906757296 1934281305338777601 6922750216893784181472
unknown 010001011010100000011100101100100101010 39 89407 320000001 6923059935381906757296 1934281305338777601 6922750216893784181472
unknown 010001011010100000011100101101001001010 39 10000001 39993681 61896995774569436289 15476695422026548081 61896971015783505854
unknown 010001011010100000011100101110100111010 39 10000001 48749404 61896995774569436289 12696976144419942805 61896971015783505854
unknown 010001011010100000011100110010110001010 39 89406 320000001 6923137369334162555641 1934281305338777601 6922827643917795967449
unknown 010001011010100000011100110010110110110 39 87600 320000001 7065867804140298372712 1934281305338777601 7065545176506667931254
unknown 010001011010100000011100110010111010110 39 87600 320000001 7065867804140298372712 1934281305338777601 7065545176506667931254
unknown 010001011010100000011100110010111011010 39 87600 320000001 7065867804140298372712 1934281305338777601 7065545176506667931254
unknown 010001011010100000011100110011100110110 39 5321312 320000001 116319061848410718532 1934281305338777601 116318974412098461631
unknown 010001011010100000011100110011100111010 39 10000001 163839164 61896995774569436289 3777912463241634567 61896971015783505854
unknown 010001011010100000011100111001011010110 39 87600 320000001 7065867804140298372712 1934281305338777601 7065545176506667931254
unknown 010001011010100000011100111001011011010 39 87600 320000001 7065867804140298372712 1934281305338777601 7065545176506667931254
unknown 010001011010100000011100111001011101010 39 87600 320000001 7065867804140298372712 1934281305338777601 7065545176506667931254
unknown 010001011010100000011100111001100110110 39 5195157 320000001 119143660074698442694 1934281305338777601 119143568340363299126
unknown 010001011010100000011100111001100111010 39 10000001 258117448 61896995774569436289 2398016966457417236 61896971015783505854
unknown 010001011010100000011100111001110011010 39 659047 320000001 939189495806353928399 1934281305338777601 939183795552529527229
unknown 010001011010100001000001110010110101010 39 107280 320000001 5769668341188386814407 1934281305338777601 5769453223618527808896
unknown 010001011010100001001000011100101101010 39 107280 320000001 5769668341188386814407 1934281305338777601 5769453223618527808896
unknown 010001011010100001011000000110011101010 39 1258669 320000001 491765523455880884848 1934281305338777601 491763960649581056756
unknown 010001011010100001011000100001100111010 39 1339322 320000001 462151760101521618737 1934281305338777601 462150379849782754498
unknown 010001011010100001100000011100101101010 39 107280 320000001 5769668341188386814407 1934281305338777601 5769453223618527808896
unknown 010001011010100001100001010110001011010 39 7732082 320000001 80052179948775780890 1934281305338777601 80052138535796179382
unknown 010001011010100001100001011000001111010 39 1927692 320000001 321093836381896141837 1934281305338777601 321093170107055333129
unknown 010001011010100001100001011000100111010 39 6472976 320000001 95623716145817648243 1934281305338777601 95623657054817122477
unknown 010001011010100001100110000001100111010 39 1918053 320000001 322707464101716760408 1934281305338777601 322706791113449776232
unknown 010001011010100100011010000001100111010 39 1918021 320000001 322712848108905031515 1934281305338777601 322712175098181795050
unknown 010001011010100100011010000001110011010 39 126416 320000001 4896294928194928944514 1934281305338777601 4896140006665797638425
unknown 010001011010100100100000011100101101010 39 107280 320000001 5769668341188386814407 1934281305338777601 5769453223618527808896
unknown 010001100000011100101101010000101101010 39 71533 320000001 8652929691788267477243 1934281305338777601 8652445862178874392966
unknown 010001100000011110000110110000101101010 39 10000001 49974711 61896995774569436289 12385664814403631818 61896971015783505854
unknown 010001100000011110100001011010000110110 39 10000001 49977873 61896995774569436289 12384881198179244993 61896971015783505854
unknown 010001100000111000010101101010000110110 39 10000001 39987358 61896995774569436289 15479142674109405714 61896971015783505854
unknown 010001100001001110100001011010000110110 39 10000001 39987357 61896995774569436289 15479143061210325490 61896971015783505854
unknown 010001100001011011010000110011000001110 39 10000001 33333458 61896995774569436289 18569031141104236394 61896971015783505854
unknown 010001100001011100101100010101000011010 39 10000001 41111125 61896995774569436289 15056022418328132287 61896971015783505854
unknown 010001100001011101000110000110011000110 39 10000001 35714302 61896995774569436289 17331152646989716822 61896971015783505854
unknown 010001100001011101010000110010110001010 39 10000001 42857152 61896995774569436289 14442630710568218286 61896971015783505854
unknown 010001100001011101010000110011000001110 39 10000001 35000034 61896995774569436289 17684840524517494396 61896971015783505854
unknown 010001100001100000011001111011000011010 39 765361 320000001 808729501036360798956 1934281305338777601 808725274402004452059
unknown 010001100001100011100001011010000110110 39 10000001 39990521 61896995774569436289 15477918370773167408 61896971015783505854
unknown 010001100001110000110011000111000011010 39 10000001 37777792 61896995774569436289 16384494351673335950 61896971015783505854
unknown 010001100001110010110000000101000011010 39 10000001 33750020 61896995774569436289 18339841565803224338 61896971015783505854
unknown 010001100001110010110001010000101101010 39 10000001 40909093 61896995774569436289 15130377484602020814 61896971015783505854
unknown 010001100001110010110011000101000011010 39 10000001 40156266 61896995774569436289 15414033258039732516 61896971015783505854
unknown 010001100011000000101110011011001110110 39 746833 320000001 828793076420953730553 1934281305338777601 828788637470679863812
unknown 010001100011000010001011010000110111010 39 10000001 39993678 61896995774569436289 15476696582962190611 61896971015783505854
unknown 010001100011000010001011011000011011010 39 10000001 49977870 61896995774569436289 12384881941601155421 61896971015783505854
unknown 010001100011000010001011011010000110110 39 10000001 49974716 61896995774569436289 12385663575210515203 61896971015783505854
unknown 010001100011000010001011101000011011010 39 10000001 49977869 61896995774569436289 12384882189408478730 61896971015783505854
unknown 010001100011000010001011101010000110110 39 10000001 49974709 61896995774569436289 12385665310080947895 61896971015783505854
unknown 010001100011000010001100001101110011010 39 10000001 39990517 61896995774569436289 15477919918932034249 61896971015783505854
unknown 010001100011000010100011011010000110110 39 10000001 39990517 61896995774569436289 15477919918932034249 61896971015783505854
unknown 010001100011000010100011101010000110110 39 10000001 39990516 61896995774569436289 15477920305971799350 61896971015783505854
unknown 010001100011000010101001101010000110110 39 10000001 39987355 61896995774569436289 15479143835412223126 61896971015783505854
unknown 010001100011000010101101000011011000110 39 10000001 39996841 61896995774569436289 15475472666521091940 61896971015783505854
unknown 010001100011000010101101000110000110110 39 10000001 39990518 61896995774569436289 15477919531892288504 61896971015783505854
unknown 010001100011000010110000110110000110110 39 10000001 39990518 61896995774569436289 15477919531892288504 61896971015783505854
unknown 010001100011000010110000111010000110110 39 10000001 39990518 61896995774569436289 15477919531892288504 61896971015783505854
unknown 010001100011000010110001100101101000110 39 10000001 32500026 61896995774569436289 19045216137448325040 61896971015783505854
unknown 010001100011000010110010011010000110110 39 10000001 39987357 61896995774569436289 15479143061210325490 61896971015783505854
unknown 010001100011000010110011000110000110110 39 10000001 39987361 61896995774569436289 15479141512806762554 61896971015783505854
unknown 010001100011000010110100001000110111010 39 10000001 34997766 61896995774569436289 17685986575334269549 61896971015783505854
unknown 010001100011000010110100001000111010110 39 10000001 34995530 61896995774569436289 17687116601539972033 61896971015783505854
unknown 010001100011000010110100001010011010110 39 10000001 30000003 61896995774569436289 20632331924856478763 61896971015783505854
unknown 010001100011000010110100001100001101110 39 10000001 34997766 61896995774569436289 17685986575334269549 61896971015783505854
unknown 010001100011000010110100001100001111010 39 10000001 34996648 61896995774569436289 17686551570387259302 61896971015783505854
unknown 010001100011000010110100001100100111010 39 10000001 30002239 61896995774569436289 20630794243145991120 61896971015783505854
unknown 010001100011000010110100001100110001110 39 10000001 35019336 61896995774569436289 17675092972713421450 61896971015783505854
unknown 010001100011000010110100100000110111010 39 10000001 30000004 61896995774569436289 20632331237112172967 61896971015783505854
unknown 010001100011000010110100101011010001010 39 10000001 37500005 61896995774569436289 16505864989689738374 61896971015783505854
unknown 010001100011000010110100101101000001110 39 10000001 30000036 61896995774569436289 20632309229318596067 61896971015783505854
unknown 010001100100001110100001011010000110110 39 10000001 39987357 61896995774569436289 15479143061210325490 61896971015783505854
unknown 010001100100101000011000000110011110110 39 766585 320000001 807438209256233995512 1934281305338777601 807433996108332023353
unknown 010001100101100010100000011100101101010 39 71533 320000001 8652929691788267477243 1934281305338777601 8652445862178874392966
unknown 010001100101101010000001110010110110110 39 71534 320000001 8652808729313195647519 1934281305338777601 8652324913230592656345
unknown 010001100101101010000001110010111010110 39 71534 320000001 8652808729313195647519 1934281305338777601 8652324913230592656345
unknown 010001100101101010000001110011001110110 39 101178 320000001 6117634462459132790227 1934281305338777601 6117392615709218412856
unknown 010001100101101010000001110011100110110 39 9140739 320000001 67715533683074217244 1934281305338777601 67715504050676201864
unknown 010001100101101010000001110011100111010 39 10000001 109634674 61896995774569436289 5645750537304376328 61896971015783505854
unknown 010001100110000001011001110101000011010 39 1914167 320000001 323362600882101790205 1934281305338777601 323361925158562185641
unknown 010001100110000001100110011101000011010 39 2189037 320000001 282759048678798091330 1934281305338777601 282758531997660225391
unknown 010001100110000001100111010000101101010 39 1916111 320000001 323034531737822149891 1934281305338777601 323033857384702973178
unknown 010001100110000001100111010000110011010 39 1918027 320000001 322711838593872837791 1934281305338777601 322711165587360234246
unknown 010001100110000110001110000110011000110 39 10000001 33750014 61896995774569436289 18339844826218150234 61896971015783505854
unknown 010001100110001100001011001100011000110 39 10000001 32000037 61896995774569436289 19342790748732263574 61896971015783505854
unknown 010001100110011000000110011101000011010 39 1918019 320000001 322713184615319315111 1934281305338777601 322712511603192525559
unknown 010001100110011000000111001101000011010 39 126413 320000001 4896411125775751999000 1934281305338777601 4896256196893535975776
unknown 010001100110011010000001110011001110110 39 101162 320000001 6118602040713806937878 1934281305338777601 6118360117457348688785
unknown 010001100110011010000001110011100110110 39 9674333 320000001 63980640282145563674 1934281305338777601 63980613828388460879
unknown 010001100110011010000001110011100111010 39 10000001 95351114 61896995774569436289 6491481784289275713 61896971015783505854
unknown 010001100110100000010101110001011000110 39 252662 320000001 2449794664978074017659 1934281305338777601 2449755881846746841481
unknown 010001100110100000010111001011010110110 39 97 320000001 6381134223120516880923321 1934281305338777601 6128416036066238984649130
unknown 010001100110100000010111001110011101010 39 10000001 139746342 61896995774569436289 4429239511991592149 61896971015783505854
unknown 010001100110100000011001011101100110110 39 1528840 320000001 404862522986506199112 1934281305338777601 404861463722060679474
unknown 010001100110100000011001011101100111010 39 71532 320000001 8653050657645391397551 1934281305338777601 8652566814508640928338
unknown 010001100110100000011001110011100111010 39 10000001 129862558 61896995774569436289 4766347045487045908 61896971015783505854
unknown 010001100110100000011100101110011101010 39 10000001 134660715 61896995774569436289 4596515172540782496 61896971015783505854
unknown 010001100110100000011100110011100111010 39 10000001 131751236 61896995774569436289 4698020591189673071 61896971015783505854
unknown 010001100110100000011100111001011101010 39 10000001 132005033 61896995774569436289 4688988030044961524 61896971015783505854
unknown 010001100110100000011100111001100110110 39 5415323 320000001 114299741611477309378 1934281305338777601 114299657184633566441
unknown 010001100110100000011100111001100111010 39 10000001 206030499 61896995774569436289 3004264041716902009 61896971015783505854
unknown 010001100110100001011000000110011101010 39 1258670 320000001 491765132753374703020 1934281305338777601 491763569949558136142
unknown 010001100110100001011000100001100111010 39 1339323 320000001 462151415037813983222 1934281305338777601 462150034788136233683
unknown 010001100110100001100000011100101101010 39 71539 320000001 8652203967663653915341 1934281305338777601 8651720219206493122312
unknown 010001100110100001100001010110001011010 39 7732083 320000001 80052169595526863518 1934281305338777601 80052128182557973992
unknown 010001100110100001100001011000001111010 39 1927693 320000001 321093669812926714705 1934281305338777601 321093003538777171646
unknown 010001100110100001100001011000100111010 39 6472977 320000001 95623701373060670145 1934281305338777601 95623642282078402123
unknown 010001100110100001100110000001100111010 39 1918054 320000001 322707295854386861606 1934281305338777601 322706622866821617204
unknown 010001100110100100011010000001100111010 39 1918024 320000001 322712343350599438511 1934281305338777601 322711670341981523445
unknown 010001100110100100011010000001110011010 39 126420 320000001 4896140006665797638425 1934281305338777601 4895985094939965018111
unknown 010001101000000001100101111011100110110 39 50578 320000001 12237929922944563593847 1934281305338777601 12236962153388362212834
unknown 010001101000000001100101111011100111010 39 50578 320000001 12237929922944563593847 1934281305338777601 12236962153388362212834
unknown 010001101000000001111000011110011111010 39 766569 320000001 807455062287530721240 1934281305338777601 807450848963751837659
unknown 010001101000000100011010000111001111010 39 766589 320000001 807433996108332023353 1934281305338777601 807429783004397558352
unknown 010001101000000101011010010111010110110 39 90 320000001 6877444662696557082772913 1934281305338777601 6584787443007341887761300
unknown 010001101000000101011100101101011011010 39 92 320000001 6727934996116197146190893 1934281305338777601 6447604371278022265099606
unknown 010001101000000101100101110110011010110 39 54 320000001 11462407771160928471288188 1934281305338777601 10671896890391209266371761
unknown 010001101000000101100101110110011011010 39 2438 320000001 253884339476082911177015 1934281305338777601 253468476512158123443720
unknown 010001101000000101100101110110011101010 39 71524 320000001 8654018506273280821117 1934281305338777601 8653534554897244959311
unknown 010001101000000101101000010111101101110 39 8000075 320000001 77370527106644642388 1934281305338777601 77370488421763102271
unknown 010001101000000101101001010111010110110 39 62 320000001 9983387413591776410476809 1934281305338777601 9378333630949850567417608
unknown 010001101000000101101001011100110110110 39 2000046 320000001 309477891829832982567 1934281305338777601 309477272889522830655
unknown 010001101000000101101001011100111010110 39 152 320000001 4072171181859803535852383 1934281305338777601 3967756536171090624676681
unknown 010001101000000101101001011101100110110 39 1926 320000001 321375918817596125363221 1934281305338777601 320709854737145148937597
unknown 010001101000000101101001110010111010110 39 77 320000001 8038571683671300486357950 1934281305338777601 7641605180773952314192125
unknown 010001101000000101101100101110110011010 39 54 320000001 11462407771160928471288188 1934281305338777601 10671896890391209266371761
unknown 010001101000000101110000111001111010110 39 767787 320000001 806174133767164770242 1934281305338777601 806169933800591746256
unknown 010001101000000101110010101101011010110 39 60 320000001 10316166994044835624159369 1934281305338777601 9671406556917033397649408
unknown 010001101000000101110010110011011010110 39 1513782 320000001 408889800276849729651 1934281305338777601 408888719834038719773
unknown 010001101000000101110010110011101010110 39 3656 320000001 169302521784105617464323 1934281305338777601 169117491705653043019007
unknown 010001101000000101110010110100111010110 39 5517287 320000001 112187388410769665862 1934281305338777601 112187307075644575835
unknown 010001101000000101110010110110011010110 39 88 320000001 7033750223212387925563206 1934281305338777601 6727934996116197146190893
unknown 010001101000000101110011001011010110110 39 74 320000001 8364459724901218073642732 1934281305338777601 7935513072342181249353361
unknown 010001101000000101110011100011100111010 39 10000001 39984524 61896995774569436289 15480239795844265583 61896971015783505854
unknown 010001101000000101110100101110110001110 39 10000001 35000083 61896995774569436289 17684815765799473603 61896971015783505854
unknown 010001101000000101110100101110110011010 39 108 320000001 5731203885580464235644094 1934281305338777601 5526518032524019084371091
unknown 010001101000000110000101111011100110110 39 22626 320000001 27356581792746845993528 1934281305338777601 27351746338607606604047
unknown 010001101000000110000101111011100111010 39 22626 320000001 27356581792746845993528 1934281305338777601 27351746338607606604047
unknown 010001101000000110010100011010110011010 39 80 320000001 7737125245533626718119527 1934281305338777601 7368690710032025445828121
unknown 010001101000000110010101110001110110110 39 10000001 35000094 61896995774569436289 17684810207729446026 61896971015783505854
unknown 010001101000000110010101110110011010110 39 54 320000001 11462407771160928471288188 1934281305338777601 10671896890391209266371761
unknown 010001101000000110010101110110011011010 39 2438 320000001 253884339476082911177015 1934281305338777601 253468476512158123443720
unknown 010001101000000110010101110110011101010 39 71526 320000001 8653776523819172572905 1934281305338777601 8653292599506362888992
unknown 010001101000000110010110010111011011010 39 123833 320000001 4998425457210033976804 1934281305338777601 4998264005448211257133
unknown 010001101000000110010111001011010110110 39 110 320000001 5627000178569910340450565 1934281305338777601 5429561575813071381136510
unknown 010001101000000110010111011001011010110 39 48 320000001 12895208742556044530199211 1934281305338777601 11903269608513271874030041
unknown 010001101000000110010111011001011011010 39 48 320000001 12895208742556044530199211 1934281305338777601 11903269608513271874030041
unknown 010001101000000110010111011001011101010 39 10000001 140999769 61896995774569436289 4389865487245515541 61896971015783505854
unknown 010001101000000110010111011001100000110 39 16866 320000001 36699277815883442277337 1934281305338777601 36690576149537056161800
unknown 010001101000000110010111011001100110110 39 48 320000001 12895208742556044530199211 1934281305338777601 11903269608513271874030041
unknown 010001101000000110010111011001100111010 39 10000001 283332655 61896995774569436289 2184605299529241123 61896971015783505854
unknown 010001101000000110010111011001110011010 39 71528 320000001 8653534554897244959311 1934281305338777601 8653050657645391397551
unknown 010001101000000110011001011101100110110 39 1926 320000001 321375918817596125363221 1934281305338777601 320709854737145148937597
unknown 010001101000000110011001011101100111010 39 87592 320000001 7066513147806764743922 1934281305338777601 7066190461238985084360
unknown 010001101000000110011100001011110101110 39 10000001 39811845 61896995774569436289 15547383439342992958 61896971015783505854
unknown 010001101000000110011100001111001111010 39 10000001 43998197 61896995774569436289 14068076917849386816 61896971015783505854
unknown 010001101000000110011100101110110001110 39 10000001 33333462 61896995774569436289 18569028912829100604 61896971015783505854
unknown 010001101000000110011100101110110011010 39 80 320000001 7737125245533626718119527 1934281305338777601 7368690710032025445828121
unknown 010001101000000111000000111100111110110 39 765356 320000001 808734784391433708562 1934281305338777601 808730557701852902490
unknown 010001101000000111000010110000011111010 39 1927688 320000001 321094502659502023901 1934281305338777601 321093836381896141837
unknown 010001101000000111000010111001111010110 39 765356 320000001 808734784391433708562 1934281305338777601 808730557701852902490
unknown 010001101000000111000010111011001111010 39 762942 320000001 811293675853066337218 1934281305338777601 811289422374178693446
unknown 010001101000000111000011100101111010110 39 765387 320000001 808702028702721809294 1934281305338777601 808697802355515203928
unknown 010001101000000111000011100111001111010 39 762942 320000001 811293675853066337218 1934281305338777601 811289422374178693446
unknown 010001101000000111001011001011101011010 39 51 320000001 12136667051817453675481611 1934281305338777601 11254000357139820680901130
unknown 010001101000000111001011010010111010110 39 108 320000001 5731203885580464235644094 1934281305338777601 5526518032524019084371091
unknown 010001101000000111001100101110110011010 39 81 320000001 7641605180773952314192125 1934281305338777601 7282000231090472205288967
unknown 010001101000000111001110000111001111010 39 978629 320000001 632486897121064404846 1934281305338777601 632484311935822864598
unknown 010001101000010000010111000110110011010 39 75867 320000001 8158619948629709062565 1934281305338777601 8158189817488765634427
unknown 010001101000010000011001110011010011010 39 81 320000001 7641605180773952314192125 1934281305338777601 7282000231090472205288967
unknown 010001101000010000011100110001110011010 39 75870 320000001 8158297346022013146825 1934281305338777601 8157867248895407352316
unknown 010001101000010000011100111000110011010 39 75870 320000001 8158297346022013146825 1934281305338777601 8157867248895407352316
unknown 010001101000010001011000110011101000110 39 10000001 34999991 61896995774569436289 17684862251612868628 61896971015783505854
unknown 010001101000010001011010010110101000110 39 10000001 33999996 61896995774569436289 18205002719491206336 61896971015783505854
unknown 010001101000010001011010110010110001010 39 10000001 40000001 61896995774569436289 15474250104211000831 61896971015783505854
unknown 010001101000010001011101010011000001110 39 10000001 32500046 61896995774569436289 19045204417331905852 61896971015783505854
unknown 010001101000010001100000011001111011010 39 765374 320000001 808715764636230310214 1934281305338777601 808711538145452492037
unknown 010001101000010001100011000011100111010 39 10000001 37499501 61896995774569436289 16506086831467174389 61896971015783505854
unknown 010001101000010001100110001110000111010 39 10000001 35999992 61896995774569436289 17193615477544832162 61896971015783505854
unknown 010001101000010001100110001110011000110 39 10000001 36000030 61896995774569436289 17193597328743618754 61896971015783505854
unknown 010001101000010001100111000110000111010 39 10000001 37999695 61896995774569436289 16288815466615985667 61896971015783505854
unknown 010001101000010001100111010011000001110 39 10000001 35000044 61896995774569436289 17684835471712268061 61896971015783505854
unknown 010001101000010001101000000110011110110 39 765380 320000001 808709424916629827602 1934281305338777601 808705198492116555154
unknown 010001101000010001110010110001101000110 39 10000001 34999998 61896995774569436289 17684858714640216193 61896971015783505854
unknown 010001101000010001110011000110000111010 39 10000001 37999686 61896995774569436289 16288819324525211536 61896971015783505854
unknown 010001101000010001110011000110011000110 39 10000001 33333349 61896995774569436289 18569091861807529074 61896971015783505854
unknown 010001101000010001110011010011000001110 39 10000001 32500035 61896995774569436289 19045210863394151344 61896971015783505854
unknown 010001101000010010011000000110011110110 39 766586 320000001 807437155965136511037 1934281305338777601 807432942828226480191
unknown 010001101000010100101000000110011110110 39 766586 320000001 807437155965136511037 1934281305338777601 807432942828226480191
unknown 010001101000010101100000011001110101010 39 1258684 320000001 491759662983473324083 1934281305338777601 491758100214421792732
unknown 010001101000010110000001100110011101010 39 1308441 320000001 473059174729842719274 1934281305338777601 473057728557707918522
unknown 010001101000010110000001100111101100010 39 767827 320000001 806132136070612439325 1934281305338777601 806127936541621968180
unknown 010001101000010110000001110010110101010 39 71535 320000001 8652687770220034073525 1934281305338777601 8652203967663653915341
unknown 010001101000010110000101011000101101010 39 6439913 320000001 96114655530702066542 1934281305338777601 96114595831388842038
unknown 010001101000010110000101100000111101010 39 1927688 320000001 321094502659502023901 1934281305338777601 321093836381896141837
unknown 010001101000010110000101100010011101010 39 6439913 320000001 96114655530702066542 1934281305338777601 96114595831388842038
unknown 010001101000010110000110010110001011010 39 10000001 41428582 61896995774569436289 14940651834105500822 61896971015783505854
unknown 010001101000010110000110011100000111010 39 10000001 36666564 61896995774569436289 16881047802643578424 61896971015783505854
unknown 010001101000010110000111001011000101010 39 10000001 39558985 61896995774569436289 15646761908645789003 61896971015783505854
unknown 010001101000010110001000010110011011010 39 10000001 51666042 61896995774569436289 11980209740910483088 61896971015783505854
unknown 010001101000010110001000010110011101010 39 10000001 47994750 61896995774569436289 12896619310293107839 61896971015783505854
unknown 010001101000010110001000010110110001110 39 10000001 30004481 61896995774569436289 20629252665383218509 61896971015783505854
unknown 010001101000010110001000011001100111010 39 1458719 320000001 424324369287498234718 1934281305338777601 424323205737271666691
unknown 010001101000010110001001100001011101010 39 1109117 320000001 558074594152546699266 1934281305338777601 558072581479108354679
unknown 010001101000010110001001100001100111010 39 1219068 320000001 507740355454076505536 1934281305338777601 507738689464354966278
unknown 010001101000010110001100001011010001110 39 10000001 30002242 61896995774569436289 20630792180220736086 61896971015783505854
unknown 010001101000010110001100001100110001110 39 10000001 35999310 61896995774569436289 17193941207281198930 61896971015783505854
unknown 010001101000010110001100101011010001010 39 10000001 36000047 61896995774569436289 17193589209555480232 61896971015783505854
unknown 010001101000010110001100101100011000110 39 10000001 35000050 61896995774569436289 17684832440030518170 61896971015783505854
unknown 010001101000010110001100101101000001110 39 10000001 32500049 61896995774569436289 19045202659315687108 61896971015783505854
unknown 010001101000010110010110000011010011010 39 10000001 32857201 61896995774569436289 18838184653729029976 61896971015783505854
unknown 010001101000010110010110001000110011010 39 10000001 35714334 61896995774569436289 17331137118297939910 61896971015783505854
unknown 010001101000010110011000000011110011010 39 10000001 32500060 61896995774569436289 19045196213258995136 61896971015783505854
unknown 010001101000010110011000000110011101010 39 1919978 320000001 322383912546232372168 1934281305338777601 322383240906784614361
unknown 010001101000010110011001011000110100010 39 10000001 36666758 61896995774569436289 16880958486776773051 61896971015783505854
unknown 010001101000010110011001100000111000110 39 10000001 33333465 61896995774569436289 18569027241623099713 61896971015783505854
unknown 010001101000011000000100100110011110110 39 1522271 320000001 406609611325900669099 1934281305338777601 406608542899732398844
unknown 010001101000011000000101001010011110110 39 1522271 320000001 406609611325900669099 1934281305338777601 406608542899732398844
unknown 010001101000011000000101100010011110110 39 759431 320000001 815044447280516778285 1934281305338777601 815040154381467982711
unknown 010001101000011000000101100111101100010 39 764149 320000001 810012209193089485755 1934281305338777601 810007969140591134825
unknown 010001101000011000000101100111101101110 39 764149 320000001 810012209193089485755 1934281305338777601 810007969140591134825
unknown 010001101000011000000101101110011110110 39 9142911 320000001 67699447106363622861 1934281305338777601 67699417488042942262
unknown 010001101000011000000101111010011110110 39 2279443 320000001 271544416615238958575 1934281305338777601 271543940105951196694
unknown 010001101000011000000110010010011110110 39 1522271 320000001 406609611325900669099 1934281305338777601 406608542899732398844
unknown 010001101000011000000110010100101110110 39 1522271 320000001 406609611325900669099 1934281305338777601 406608542899732398844
unknown 010001101000011000000110010111101101110 39 10000001 42856875 61896995774569436289 14442724058688136675 61896971015783505854
unknown 010001101000011000000110011110010010110 39 10000001 40229063 61896995774569436289 15386140602943949688 61896971015783505854
unknown 010001101000011000000110011110011110110 39 10000001 40586590 61896995774569436289 15250604193224662074 61896971015783505854
unknown 010001101000011000000111001011110101110 39 107281 320000001 5769614560292038081763 1934281305338777601 5769399446732442908604
unknown 010001101000011000000111100110011110110 39 10000001 74999534 61896995774569436289 8252984873781884265 61896971015783505854
unknown 010001101000011000000111100111001111010 39 10000001 93999336 61896995774569436289 6584833957153592420 61896971015783505854
unknown 010001101000011000000111100111100111010 39 9591757 320000001 64531453376340761912 1934281305338777601 64531426465139210355
unknown 010001101000011000010010000110011110110 39 1522271 320000001 406609611325900669099 1934281305338777601 406608542899732398844
unknown 010001101000011000010101011000101101010 39 6338228 320000001 97656635205090466524 1934281305338777601 97656573574884942276
unknown 010001101000011000010101100010011101010 39 6338228 320000001 97656635205090466524 1934281305338777601 97656573574884942276
unknown 010001101000011000010101100011000111010 39 10000001 39115707 61896995774569436289 15824078538135336208 61896971015783505854
unknown 010001101000011000010101100110001011010 39 10000001 119987591 61896995774569436289 5158616941002591989 61896971015783505854
unknown 010001101000011000010110000000100111010 39 2402093 320000001 257679456891423495032 1934281305338777601 257679027800580133713
unknown 010001101000011000010110000011100111010 39 1835629 320000001 337197777787717527589 1934281305338777601 337197043005159602955
unknown 010001101000011000010110001001011101010 39 6338228 320000001 97656635205090466524 1934281305338777601 97656573574884942276
unknown 010001101000011000010110001001100111010 39 6357445 320000001 97361443102172356576 1934281305338777601 97361381843989647019
unknown 010001101000011000010110001100111000110 39 10000001 33333338 61896995774569436289 18569097989606985579 61896971015783505854
unknown 010001101000011000010110011000001111010 39 10000001 36658595 61896995774569436289 16884717476015928528 61896971015783505854
unknown 010001101000011000010110011000100111010 39 10000001 146025112 61896995774569436289 4238791610327202745 61896971015783505854
unknown 010001101000011000010111001011000101010 39 10000001 39702939 61896995774569436289 15590030240398327627 61896971015783505854
unknown 010001101000011000011000000110011110110 39 765365 320000001 808725274402004452059 1934281305338777601 808721047811826893237
unknown 010001101000011000011000010110001111010 39 2288327 320000001 270490196393561819378 1934281305338777601 270489723577004435744
unknown 010001101000011000011001011000100111010 39 6357842 320000001 97355363603356317671 1934281305338777601 97355302352823603694
unknown 010001101000011000011001011001100010110 39 10000001 38990895 61896995774569436289 15874732284106074956 61896971015783505854
unknown 010001101000011000011001100001100011110 39 10000001 34544725 61896995774569436289 17917931598607027193 61896971015783505854
unknown 010001101000011000011001100101100010110 39 10000001 42127604 61896995774569436289 14692742071034710103 61896971015783505854
unknown 010001101000011000011001110000110001110 39 10000001 33750203 61896995774569436289 18339742123704860011 61896971015783505854
unknown 010001101000011000011100001011100011010 39 8255015 320000001 74981089633718429034 1934281305338777601 74981053301354017169
unknown 010001101000011000011100001100110001110 39 10000001 33663379 61896995774569436289 18387043666730251217 61896971015783505854
unknown 010001101000011000011100101100000001010 39 10000001 30686578 61896995774569436289 20170708498115695320 61896971015783505854
unknown 010001101000011000011100110011001100010 39 10000001 39084526 61896995774569436289 15836702730965450047 61896971015783505854
unknown 010001101000011001000000011001111011010 39 1522271 320000001 406609611325900669099 1934281305338777601 406608542899732398844
unknown 010001101000011001001000000110011110110 39 1522271 320000001 406609611325900669099 1934281305338777601 406608542899732398844
unknown 010001101000011001011000000110011101010 39 1258964 320000001 491650293132043598904 1934281305338777601 491648731058049241482
unknown 010001101000011001011000100001011101010 39 10000001 49088962 61896995774569436289 12609148664473494825 61896971015783505854
unknown 010001101000011001011000100001100111010 39 1339623 320000001 462047919185241024863 1934281305338777601 462046539553689301164
unknown 010001101000011001011000110010110001010 39 10000001 38000069 61896995774569436289 16288655150670651084 61896971015783505854
unknown 010001101000011001100000010111101000110 39 10000001 35225773 61896995774569436289 17571509918112801597 61896971015783505854
unknown 010001101000011001100000011001011101010 39 10000001 139192788 61896995774569436289 4446854097373853432 61896971015783505854
unknown 010001101000011001100000011001100111010 39 2187361 320000001 282975704349986187671 1934281305338777601 282975186876762743050
unknown 010001101000011001100000011100101101010 39 71548 320000001 8651115609698246456220 1934281305338777601 8650631982931156885197
unknown 010001101000011001100001010110001011010 39 7709967 320000001 80281798825168789627 1934281305338777601 80281757174273435977
unknown 010001101000011001100001011000001111010 39 1926709 320000001 321257657302005719312 1934281305338777601 321256990347130131706
unknown 010001101000011001100001011000100111010 39 6456199 320000001 95872202768639897477 1934281305338777601 95872143370134138820
unknown 010001101000011001100100010110101000110 39 10000001 35000062 61896995774569436289 17684826376670136683 61896971015783505854
unknown 010001101000011001100101011000100011010 39 10000001 35000095 61896995774569436289 17684809702450525848 61896971015783505854
unknown 010001101000011001100101011000110001010 39 10000001 37777843 61896995774569436289 16384472232644149044 61896971015783505854
unknown 010001101000011001100101100000011101010 39 10000001 39089512 61896995774569436289 15834682705752124444 61896971015783505854
unknown 010001101000011001100101100001100011010 39 10000001 35135187 61896995774569436289 17616813015473352610 61896971015783505854
unknown 010001101000011001100110000001100111010 39 1916154 320000001 323027282589337880698 1934281305338777601 323026608266484359562
unknown 010001101001000101101010000001100111010 39 1916114 320000001 323034025972718813938 1934281305338777601 323033351621711260711
unknown 010001101001000110011010000001100111010 39 1918027 320000001 322711838593872837791 1934281305338777601 322711165587360234246
unknown 010001101001000110100000010110011101010 39 1914170 320000001 323362094089182328346 1934281305338777601 323361418367760787395
unknown 010001101001000110100000011001100111010 39 2189038 320000001 282758919508336601489 1934281305338777601 282758402827670797294
unknown 010001101001001000011000000110011110110 39 766586 320000001 807437155965136511037 1934281305338777601 807432942828226480191
unknown 010010000100011010000110000111100111010 39 766577 320000001 807446635683943214380 1934281305338777601 807442422448104163096
unknown 010010010001011010100000011100101101010 39 71533 320000001 8652929691788267477243 1934281305338777601 8652445862178874392966
unknown 010010010001101000011000000110011110110 39 765361 320000001 808729501036360798956 1934281305338777601 808725274402004452059
unknown 010100011010000110000001100111101100010 39 765362 320000001 808728444373629912969 1934281305338777601 808724217750318328029
unknown 010100100001011010100000011100101101010 39 71533 320000001 8652929691788267477243 1934281305338777601 8652445862178874392966
unknown 010100100001101000011000000110011110110 39 765361 320000001 808729501036360798956 1934281305338777601 808725274402004452059
unknown 0000000001000110001100001011010000110110 40 10000001 39993683 30948497887284718145 7738347324034774910 30948485507891752927
unknown 0000000100010101101010100000011100110110 40 151648 320000001 2040811681138854905603 967140652669388801 2040757852328654213099
unknown 0000000100010110011010100000011100110110 40 151664 320000001 2040596382934282814147 967140652669388801 2040542565480820401963
unknown 0000000100010110101000000101110100111010 40 1523487 320000001 203142534082237044836 967140652669388801 203142000721596037473
unknown 0000000100010110101000000111001011010110 40 71532 320000001 4326525328822695698776 967140652669388801 4326283407254320464169
unknown 0000000100010110101000000111001011011010 40 71532 320000001 4326525328822695698776 967140652669388801 4326283407254320464169
unknown 0000000100010110101000000111001011101010 40 71532 320000001 4326525328822695698776 967140652669388801 4326283407254320464169
unknown 0000000100010110110100000011100101101010 40 71530 320000001 4326646299753181444496 967140652669388801 4326404364656597823760
unknown 0000000100011010000001011010010111010110 40 90 320000001 3438722331348278541386457 967140652669388801 3292393721503670943880650
unknown 0000000100011010000001100101110110011010 40 54 320000001 5731203885580464235644094 967140652669388801 5335948445195604633185881
unknown 0000000100011010000001110000111001111010 40 766573 320000001 403725424481875918830 967140652669388801 403723317841971607190
unknown 0000010000011100011100001011010000110110 40 10000001 39993682 30948497887284718145 7738347517524019638 30948485507891752927
unknown 0000010001011000110100001011010000110110 40 10000001 39993682 30948497887284718145 7738347517524019638 30948485507891752927
unknown 0000010001011010100000010101101000111010 40 75872 320000001 4079041145894995106559 967140652669388801 4078826108668684020307
unknown 0000010001011010100000010110110000110110 40 10000001 39995530 30948497887284718145 7737989965912317420 30948485507891752927
unknown 0000010001011010100000010111010000110110 40 10000001 39995530 30948497887284718145 7737989965912317420 30948485507891752927
unknown 0000010001011010100000011001011000111010 40 53640 320000001 5769668341188386814407 967140652669388801 5769238122089051314682
unknown 0000010001011011010000001011010000110110 40 10000001 39993679 30948497887284718145 7738348097991811875 30948485507891752927
unknown 0000010001100011000010101101000011011010 40 10000001 39996843 30948497887284718145 7737735946343191855 30948485507891752927
unknown 0000010001100110001100001011010000110110 40 10000001 39993683 30948497887284718145 7738347324034774910 30948485507891752927
unknown 0000010001101000000101011100010110011010 40 88508 320000001 3496689675750723874958 967140652669388801 3496531654706085827061
unknown 0000010001101000000101110011011001110110 40 4876 320000001 63471084869020727794254 967140652669388801 63419059389619891132128
unknown 0000010001101000000110010111011001100010 40 19124 320000001 16183068909294345781468 967140652669388801 16179684745992527641405
unknown 0000010001101000000110010111011001101110 40 22626 320000001 13678290896373422996764 967140652669388801 13675873169303803302024
unknown 0000010001101000000110010111011001111010 40 22626 320000001 13678290896373422996764 967140652669388801 13675873169303803302024
unknown 0000010001101000000111001100101110110110 40 87596 320000001 3533095230619492542180 967140652669388801 3532933902070149186356
unknown 0000010001101000010000011100110110011010 40 75870 320000001 4079148673011006573413 967140652669388801 4078933624447703676158
unknown 0000010001101000010000011100111010011010 40 75870 320000001 4079148673011006573413 967140652669388801 4078933624447703676158
unknown 0000010001101000010001011010011101000110 40 10000001 34999993 30948497887284718145 8842430620524554640 30948485507891752927
unknown 0000010001101000010001101001011000001010 40 10000001 34999995 30948497887284718145 8842430115242732713 30948485507891752927
unknown 0000010001101000010001110010110101000110 40 10000001 35000000 30948497887284718145 8842428852038430535 30948485507891752927
unknown 0000010001101000010001110011010011000110 40 10000001 36666663 30948497887284718145 8440501111904976702 30948485507891752927
unknown 0000010001101000010110000001110011011010 40 151675 320000001 2040448391767562674962 967140652669388801 2040394582119773130920
unknown 0000010001101000010110000110011000111010 40 10000001 36666680 30948497887284718145 8440497198583156935 30948485507891752927
unknown 0000010001101000010110001100101101000110 40 10000001 35000052 30948497887284718145 8842415714735082929 30948485507891752927
unknown 0000010001101000010110011000110000110110 40 10000001 39990527 30948497887284718145 7738958024267723922 30948485507891752927
unknown 0000010001101000010110011001011000101010 40 10000001 40000099 30948497887284718145 7737106096196038633 30948485507891752927
unknown 0000010001101000010110011001100000111010 40 10000001 33333467 30948497887284718145 9284513063742966453 30948485507891752927
unknown 0000010001101000010110011001100011000110 40 10000001 36000084 30948497887284718145 8596785769203901545 30948485507891752927
unknown 0000010001101000011000010110011000111010 40 10000001 38333644 30948497887284718145 8073456565239273072 30948485507891752927
unknown 0000010001101000011000010110111100111010 40 2157393 320000001 143453237227220570719 967140652669388801 143452971252553456191
unknown 0000010001101000011000010111011100111010 40 10000001 154998754 30948497887284718145 1996693533557986336 30948485507891752927
unknown 0000010001101000011000010111100111010110 40 765360 320000001 404365278850926451245 967140652669388801 404363165528225875172
unknown 0000010001101000011000010111110011101010 40 765360 320000001 404365278850926451245 967140652669388801 404363165528225875172
unknown 0000010001101000011000011001011000111010 40 1472056 320000001 210239970368888866134 967140652669388801 210239399087907468938
unknown 0000010001101000011000011001110011000110 40 10000001 35000247 30948497887284718145 8842366450195196301 30948485507891752927
unknown 0000010001101000011001011001011000101010 40 10000001 40000079 30948497887284718145 7737109964741446354 30948485507891752927
unknown 0000010001101000011001100000011001111010 40 8705934 320000001 35548742940314625488 967140652669388801 35548726607212809088
unknown 0000010001101000011001100000011100110110 40 151686 320000001 2040300422064957008062 967140652669388801 2040246620221142255421
unknown 0000010001101000011001100000011100111010 40 10000001 79193447 30948497887284718145 3907962357306470935 30948485507891752927
unknown 0000010001101000011001100110000110001110 40 10000001 36000051 30948497887284718145 8596793649579692783 30948485507891752927
unknown 0000010100011000110000101101000011011010 40 10000001 39993682 30948497887284718145 7738347517524019638 30948485507891752927
unknown 0000011001000110001100001011010000110110 40 10000001 39993684 30948497887284718145 7738347130545539859 30948485507891752927
unknown 0001000001011101101100000011100101101010 40 71532 320000001 4326525328822695698776 967140652669388801 4326283407254320464169
unknown 0001000001110110000001011010010111010110 40 90 320000001 3438722331348278541386457 967140652669388801 3292393721503670943880650
unknown 0001000001110110000001100101110110011010 40 54 320000001 5731203885580464235644094 967140652669388801 5335948445195604633185881
unknown 0001000001110110000001110000111001111010 40 766573 320000001 403725424481875918830 967140652669388801 403723317841971607190
unknown 0001000100011000110000101101000011011010 40 10000001 39993678 30948497887284718145 7738348291481095306 30948485507891752927
unknown 0001000100011000110100001011010000110110 40 10000001 39996840 30948497887284718145 7737736526719237538 30948485507891752927
unknown 0001000100100110001100001011010000110110 40 10000001 39993679 30948497887284718145 7738348097991811875 30948485507891752927
unknown 0001000101001010001100001011010000110110 40 10000001 39993679 30948497887284718145 7738348097991811875 30948485507891752927
unknown 0001000101010110101010100000011100110110 40 151649 320000001 2040798223670087298465 967140652669388801 2040744395569788060407
unknown 0001000101010110101010100000011100111010 40 10000001 118896063 30948497887284718145 2602987870349795088 30948485507891752927
unknown 0001000101011001101010100000011100110110 40 151665 320000001 2040582928304784022186 967140652669388801 2040529111560998415793
unknown 0001000101011001101010100000011100111010 40 10000001 118645757 30948497887284718145 2608479372939944821 30948485507891752927
unknown 0001000101011010011010100000011100110110 40 151668 320000001 2040542565480820401963 967140652669388801 2040488750865980990063
unknown 0001000101011010011010100000011100111010 40 10000001 87593434 30948497887284718145 3533198730641671940 30948485507891752927
unknown 0001000101011010100110100000011100110110 40 151664 320000001 2040596382934282814147 967140652669388801 2040542565480820401963
unknown 0001000101011010100110100000011100111010 40 10000001 69846236 30948497887284718145 4430947572054492224 30948485507891752927
unknown 0001000101011010101000000101110100111010 40 1523487 320000001 203142534082237044836 967140652669388801 203142000721596037473
unknown 0001000101011010101000000110011100111010 40 2261430 320000001 136853676576920386095 967140652669388801 136853434511617437752
unknown 0001000101011010101000000111001011010110 40 71533 320000001 4326464845894133738622 967140652669388801 4326222931089437196483
unknown 0001000101011010101000000111001011011010 40 71533 320000001 4326464845894133738622 967140652669388801 4326222931089437196483
unknown 0001000101011010101000000111001011101010 40 71533 320000001 4326464845894133738622 967140652669388801 4326222931089437196483
unknown 0001000101011010101000000111001100111010 40 8307090 320000001 37255526281928457345 967140652669388801 37255508342790519612
unknown 0001000101011010101000000111001110011010 40 151682 320000001 2040354226746384335154 967140652669388801 2040300422064957008062
unknown 0001000101011010101100000011100101101010 40 71533 320000001 4326464845894133738622 967140652669388801 4326222931089437196483
unknown 0001000101011010110100000011100101101010 40 71532 320000001 4326525328822695698776 967140652669388801 4326283407254320464169
unknown 0001000101011011010100000011100101101010 40 71530 320000001 4326646299753181444496 967140652669388801 4326404364656597823760
unknown 0001000101100000110100000011100101101010 40 71531 320000001 4326585813442354625614 967140652669388801 4326343885110017036763
unknown 0001000101100010100000011001011000111010 40 53640 320000001 5769668341188386814407 967140652669388801 5769238122089051314682
unknown 0001000101100011000100001011010000110110 40 10000001 39993681 30948497887284718145 7738347711013274041 30948485507891752927
unknown 0001000101100011010000001011010000110110 40 10000001 39993678 30948497887284718145 7738348291481095306 30948485507891752927
unknown 0001000101100101101010100000011100110110 40 151672 320000001 2040488750865980990063 967140652669388801 2040434939089539997922
unknown 0001000101100101101010100000011100111010 40 10000001 88965995 30948497887284718145 3478688793637895791 30948485507891752927
unknown 0001000101100110011010100000011100110110 40 151684 320000001 2040327324050955069255 967140652669388801 2040273520788362090112
unknown 0001000101100110011010100000011100111010 40 10000001 87366628 30948497887284718145 3542371004880090700 30948485507891752927
unknown 0001000101100110100110100000011100110110 40 151674 320000001 2040461844622974726880 967140652669388801 2040408034265648734324
unknown 0001000101100110100110100000011100111010 40 10000001 69581547 30948497887284718145 4447802947257626634 30948485507891752927
unknown 0001000101100110101000000101110100111010 40 1521129 320000001 203457438403544386259 967140652669388801 203456903388030546129
unknown 0001000101100110101000000110011100111010 40 2266812 320000001 136528750430712855202 967140652669388801 136528509513496052933
unknown 0001000101100110101000000111001011101010 40 71536 320000001 4326283407254320464169 967140652669388801 4326041512738958187375
unknown 0001000101100110101000000111001100111010 40 8390602 320000001 36884720526768528495 967140652669388801 36884702942951327798
unknown 0001000101100110101000000111001110011010 40 151664 320000001 2040596382934282814147 967140652669388801 2040542565480820401963
unknown 0001000101100110110100000011100101101010 40 71533 320000001 4326464845894133738622 967140652669388801 4326222931089437196483
unknown 0001000101100111010100000011100101101010 40 71530 320000001 4326646299753181444496 967140652669388801 4326404364656597823760
unknown 0001000101101001011010100000011100110110 40 151652 320000001 2040757852328654213099 967140652669388801 2040704026357975079950
unknown 0001000101101001100110100000011100110110 40 151668 320000001 2040542565480820401963 967140652669388801 2040488750865980990063
unknown 0001000101101001101000000101100111010110 40 1913203 320000001 161762766325029319275 967140652669388801 161762428122699252473
unknown 0001000101101001101000000101110100111010 40 1525883 320000001 202823551885265822298 967140652669388801 202823020198314205918
unknown 0001000101101001101000000110011100111010 40 2275187 320000001 136026185900914987966 967140652669388801 136025946754072545437
unknown 0001000101101001101000000111001011011010 40 71534 320000001 4326404364656597823760 967140652669388801 4326162456615296328173
unknown 0001000101101001101000000111001100111010 40 8474476 320000001 36519663259574405394 967140652669388801 36519646022097529138
unknown 0001000101101001101000000111001110011010 40 151674 320000001 2040461844622974726880 967140652669388801 2040408034265648734324
unknown 0001000101101010000001010110001000111010 40 75872 320000001 4079041145894995106559 967140652669388801 4078826108668684020307
unknown 0001000101101010000001010110111000111010 40 75872 320000001 4079041145894995106559 967140652669388801 4078826108668684020307
unknown 0001000101101010000001010111010011101010 40 1521115 320000001 203459310980001557230 967140652669388801 203458775954639360054
unknown 0001000101101010000001011001110100110110 40 1909363 320000001 162088094208039575882 967140652669388801 162087754643997235066
unknown 0001000101101010000001011001110100111010 40 1909363 320000001 162088094208039575882 967140652669388801 162087754643997235066
unknown 0001000101101010000001011100011100110110 40 10000001 39995532 30948497887284718145 7737989578969597623 30948485507891752927
unknown 0001000101101010000001011100111010001110 40 10000001 39090941 30948497887284718145 7917051928254811485 30948485507891752927
unknown 0001000101101010000001011101001100111010 40 1915029 320000001 161608523850732844634 967140652669388801 161608186293053471520
unknown 0001000101101010000001100101100111011010 40 123846 320000001 2498950388557927334955 967140652669388801 2498869679623294862534
unknown 0001000101101010000001100101110100111010 40 1911288 320000001 161924843258234797019 967140652669388801 161924504377847586201
unknown 0001000101101010000001100110000111101110 40 3597385 320000001 86030549919273324575 967140652669388801 86030454260394154963
unknown 0001000101101010000001100110011100111010 40 10000001 139177453 30948497887284718145 2223672032720307569 30948485507891752927
unknown 0001000101101010000001100111001110011010 40 5715414 320000001 54149184962164607626 967140652669388801 54149147065244408848
unknown 0001000101101010000001110000111001111010 40 10000001 49999646 30948497887284718145 6189744019814561662 30948485507891752927
unknown 0001000101101010000001110010110011011010 40 1521222 320000001 203445000020605190252 967140652669388801 203444465070505676820
unknown 0001000101101010000001110011001011010110 40 87600 320000001 3532933902070149186356 967140652669388801 3532772588253333965627
unknown 0001000101101010000001110011001011011010 40 87600 320000001 3532933902070149186356 967140652669388801 3532772588253333965627
unknown 0001000101101010000001110011001011101010 40 87600 320000001 3532933902070149186356 967140652669388801 3532772588253333965627
unknown 0001000101101010000001110011001100111010 40 10000001 219474677 30948497887284718145 1410117167281877667 30948485507891752927
unknown 0001000101101010000001110011001110011010 40 4640772 320000001 66688260018235127416 967140652669388801 66688202537968880361
unknown 0001000101101010000001110011100101101010 40 87600 320000001 3532933902070149186356 967140652669388801 3532772588253333965627
unknown 0001000101101010000001110011100110011010 40 268201 320000001 1153929365741906513119 967140652669388801 1153912156079659472139
unknown 0001000101101010000110000001111001111010 40 10000001 48888477 30948497887284718145 6330428534751554415 30948485507891752927
unknown 0001000101101011000011000000110011110110 40 765361 320000001 404364750518180399478 967140652669388801 404362637201002226030
unknown 0001000101101101000000110010101101101010 40 72989 320000001 4240159610644687127167 967140652669388801 4239927250850698953664
unknown 0001000101101101000000110010110011011010 40 53637 320000001 5769991047622817620762 967140652669388801 5769560780398297360691
unknown 0001000101101101000000110010110011101010 40 50580 320000001 6118723009516509860119 967140652669388801 6118239163003026030460
unknown 0001000101101101000000110011100101101010 40 57 320000001 5429561575813071381136510 967140652669388801 5073524751169591290570182
unknown 0001000101101101000000111001100101101010 40 87598 320000001 3533014564503128709843 967140652669388801 3532853243320301690884
unknown 0001000110000100101100001011010000110110 40 10000001 39990519 30948497887284718145 7738959572426281058 30948485507891752927
unknown 0001000110000101101000011011000011000110 40 10000001 39993679 30948497887284718145 7738348097991811875 30948485507891752927
unknown 0001000110000111001011101101000011000110 40 10000001 37996803 30948497887284718145 8145027617753658610 30948485507891752927
unknown 0001000110000111011000000101110100111010 40 1527094 320000001 202662710888357277761 967140652669388801 202662180044335771984
unknown 0001000110001100000011001011101100111010 40 107275 320000001 2884968630355115998367 967140652669388801 2884861061543685798011
unknown 0001000110001100001000101101000011011010 40 10000001 49981032 30948497887284718145 6192049212216047655 30948485507891752927
unknown 0001000110001100001000101101010000110110 40 10000001 49971556 30948497887284718145 6193223397353187656 30948485507891752927
unknown 0001000110001100001001001011010000110110 40 10000001 39990518 30948497887284718145 7738959765946144252 30948485507891752927
unknown 0001000110001100001010001101010000110110 40 10000001 39993679 30948497887284718145 7738348097991811875 30948485507891752927
unknown 0001000110001100001010010011010000110110 40 10000001 39990518 30948497887284718145 7738959765946144252 30948485507891752927
unknown 0001000110001100001010100101010000110110 40 10000001 39990518 30948497887284718145 7738959765946144252 30948485507891752927
unknown 0001000110001100001010110100001101100010 40 10000001 39996842 30948497887284718145 7737736139801864076 30948485507891752927
unknown 0001000110001100001011000011010000110110 40 10000001 39993679 30948497887284718145 7738348097991811875 30948485507891752927
unknown 0001000110001100001011000100001011011010 40 1531301 320000001 202105928110374817704 967140652669388801 202105400179157691463
unknown 0001000110001100001011000100001100111010 40 1531301 320000001 202105928110374817704 967140652669388801 202105400179157691463
unknown 0001000110001100001011001001010000110110 40 10000001 39990519 30948497887284718145 7738959572426281058 30948485507891752927
unknown 0001000110001100001011001100010000110110 40 10000001 39990519 30948497887284718145 7738959572426281058 30948485507891752927
unknown 0001000110001100001011010000100100110110 40 10000001 34997767 30948497887284718145 8842993034994063157 30948485507891752927
unknown 0001000110001100001011010000101001010110 40 10000001 34997767 30948497887284718145 8842993034994063157 30948485507891752927
unknown 0001000110001100001011010000101100010110 40 10000001 34997769 30948497887284718145 8842992529647963239 30948485507891752927
unknown 0001000110001100001011010000110010010110 40 10000001 34998885 30948497887284718145 8842710555531842478 30948485507891752927
unknown 0001000110001100001011010010000011011010 40 10000001 34995532 30948497887284718145 8843557795359278114 30948485507891752927
unknown 0001000110001100001011010010010000110110 40 10000001 34997768 30948497887284718145 8842992782321005978 30948485507891752927
unknown 0001000110001100100000101101000011011010 40 10000001 39987356 30948497887284718145 7739571724155632314 30948485507891752927
unknown 0001000110001100100100001011010000110110 40 10000001 39990518 30948497887284718145 7738959765946144252 30948485507891752927
unknown 0001000110010000110100001011010000110110 40 10000001 39990519 30948497887284718145 7738959572426281058 30948485507891752927
unknown 0001000110010001100011010000110011000110 40 10000001 36000020 30948497887284718145 8596801052370111704 30948485507891752927
unknown 0001000110010010001100001011010000110110 40 10000001 39990519 30948497887284718145 7738959572426281058 30948485507891752927
unknown 0001000110010101101010100000011100110110 40 151650 320000001 2040784766378800321298 967140652669388801 2040730938988388494368
unknown 0001000110010101101010100000011100111010 40 10000001 75371272 30948497887284718145 4106140199164279313 30948485507891752927
unknown 0001000110010110011010100000011100110110 40 151666 320000001 2040569473852709695811 967140652669388801 2040515657818586857815
unknown 0001000110010110011010100000011100111010 40 10000001 73771721 30948497887284718145 4195171342435471565 30948485507891752927
unknown 0001000110010110101000000101110100111010 40 1523488 320000001 203142400741814224152 967140652669388801 203141867381873399221
unknown 0001000110010110101000000111001011010110 40 71534 320000001 4326404364656597823760 967140652669388801 4326162456615296328173
unknown 0001000110010110101000000111001011011010 40 71534 320000001 4326404364656597823760 967140652669388801 4326162456615296328173
unknown 0001000110010110101000000111001011101010 40 71534 320000001 4326404364656597823760 967140652669388801 4326162456615296328173
unknown 0001000110010110110100000011100101101010 40 71531 320000001 4326585813442354625614 967140652669388801 4326343885110017036763
unknown 0001000110011000110000001000110100111010 40 3017396 320000001 102566918568641659473 967140652669388801 102566782601360465542
unknown 0001000110011010000000010111100110101110 40 151674 320000001 2040461844622974726880 967140652669388801 2040408034265648734324
unknown 0001000110011010000001011010010111010110 40 92 320000001 3363967498058098573095447 967140652669388801 3223802185639011132549803
unknown 0001000110011010000001011100011100110110 40 10000001 39991061 30948497887284718145 7738854686084599474 30948485507891752927
unknown 0001000110011010000001100110000111101110 40 3594344 320000001 86103336191901795912 967140652669388801 86103240371089574167
unknown 0001000110011010000001110000111001111010 40 10000001 44499700 30948497887284718145 6954766207892301942 30948485507891752927
unknown 0001000110011010000110000001111001111010 40 10000001 43332937 30948497887284718145 7142027087186475930 30948485507891752927
unknown 0001000110100000000110010111101110001110 40 50578 320000001 6118964961472281796924 967140652669388801 6118481076694181106417
unknown 0001000110100000000111100001110011111010 40 766569 320000001 403727531143765360620 967140652669388801 403725424481875918830
unknown 0001000110100000010101101001011101011010 40 90 320000001 3438722331348278541386457 967140652669388801 3292393721503670943880650
unknown 0001000110100000010101110001110011101010 40 10000001 39987366 30948497887284718145 7739569788651372255 30948485507891752927
unknown 0001000110100000010110010111011001101010 40 54 320000001 5731203885580464235644094 967140652669388801 5335948445195604633185881
unknown 0001000110100000010110011010010111010110 40 120 320000001 2579041748511208906039843 967140652669388801 2495846853397944102619203
unknown 0001000110100000010110100101011101011010 40 86 320000001 3598662904899361264241641 967140652669388801 3438722331348278541386457
unknown 0001000110100000010110100101110110011010 40 52 320000001 5951634804256635937015021 967140652669388801 5526518032524019084371091
unknown 0001000110100000010111000011100111101010 40 766567 320000001 403728584482954612872 967140652669388801 403726477810072476946
unknown 0001000110100000010111001011010001110110 40 474819 320000001 651795757586248799490 967140652669388801 651790266733804109584
unknown 0001000110100000011001010111011001101010 40 54 320000001 5731203885580464235644094 967140652669388801 5335948445195604633185881
unknown 0001000110100000011001011001011101011010 40 50577 320000001 6119085944625918277573 967140652669388801 6118602040713806937878
unknown 0001000110100000011001011010010111010110 40 107 320000001 2892383269358365128268982 967140652669388801 2788153241633739357880911
unknown 0001000110100000011001011100011001110110 40 10000001 50000377 30948497887284718145 6189653526439312023 30948485507891752927
unknown 0001000110100000011001011101100101101010 40 36 320000001 8596805828370696353466141 967140652669388801 7737125245533626718119527
unknown 0001000110100000011001011101100110000010 40 16866 320000001 18349638907941721138669 967140652669388801 18345288074768528080900
unknown 0001000110100000011001011101100110001110 40 2436 320000001 127046391552276300790141 967140652669388801 126838118779239782264255
unknown 0001000110100000011001011101100110011010 40 36 320000001 8596805828370696353466141 967140652669388801 7737125245533626718119527
unknown 0001000110100000011001011101100111000110 40 71528 320000001 4326767277448622479656 967140652669388801 4326525328822695698776
unknown 0001000110100000011001100101110110011010 40 52 320000001 5951634804256635937015021 967140652669388801 5526518032524019084371091
unknown 0001000110100000011001110000101111010110 40 770247 320000001 401799695190432508955 967140652669388801 401797608599463121405
unknown 0001000110100000011001110000111001111010 40 766563 320000001 403730691177822395191 967140652669388801 403728584482954612872
unknown 0001000110100000011100001011011001111010 40 2157217 320000001 143464941089072202159 967140652669388801 143464675071003420014
unknown 0001000110100000011100001011100111101010 40 765356 320000001 404367392195716854281 967140652669388801 404365278850926451245
unknown 0001000110100000011100001011101001111010 40 2150923 320000001 143884746139840928162 967140652669388801 143884478562659294679
unknown 0001000110100000011100001100111001111010 40 964336 320000001 320930681651773934319 967140652669388801 320929350458702396173
unknown 0001000110100000011100001110000111110110 40 765356 320000001 404367392195716854281 967140652669388801 404365278850926451245
unknown 0001000110100000011100001110010111101010 40 10000001 63999570 30948497887284718145 4835735768558211700 30948485507891752927
unknown 0001000110100000011100001110011001111010 40 10000001 146568842 30948497887284718145 2111533430968534696 30948485507891752927
unknown 0001000110100000011100101011100010110110 40 10000001 37142919 30948497887284718145 8332274849516944771 30948485507891752927
unknown 0001000110100001000101100010011101000110 40 10000001 34999992 30948497887284718145 8842430873165487259 30948485507891752927
unknown 0001000110100001000101101010010110001010 40 10000001 39999986 30948497887284718145 7737127953528410454 30948485507891752927
unknown 0001000110100001000101101110011101000110 40 10000001 34999992 30948497887284718145 8842430873165487259 30948485507891752927
unknown 0001000110100001000110100001100110001110 40 10000001 36666677 30948497887284718145 8440497889169096745 30948485507891752927
unknown 0001000110100001000110100101100000001010 40 10000001 32500004 30948497887284718145 9522614514796523371 30948485507891752927
unknown 0001000110100001000110100101100110001010 40 10000001 39062509 30948497887284718145 7922814426009990007 30948485507891752927
unknown 0001000110100001000111001011000101000110 40 10000001 34999999 30948497887284718145 8842429104679262098 30948485507891752927
unknown 0001000110100001000111001011011101000110 40 10000001 34999999 30948497887284718145 8842429104679262098 30948485507891752927
unknown 0001000110100001010001101001011000101010 40 10000001 40000002 30948497887284718145 7737124858677383785 30948485507891752927
unknown 0001000110100001010110001010010110001010 40 10000001 38571439 30948497887284718145 8023683270446432365 30948485507891752927
unknown 0001000110100001011000000110011110110110 40 766589 320000001 403716998054166011677 967140652669388801 403714891502198779176
unknown 0001000110100001011000001110011000001110 40 10000001 33333349 30948497887284718145 9284545930903764537 30948485507891752927
unknown 0001000110100001011000011001100000111010 40 10000001 39999885 30948497887284718145 7737147489832659988 30948485507891752927
unknown 0001000110100001011000100101100011000110 40 10000001 35000046 30948497887284718145 8842417230575784636 30948485507891752927
unknown 0001000110100001011000110000101101100010 40 10000001 34996845 30948497887284718145 8843226005696944074 30948485507891752927
unknown 0001000110100001011000110010110001000110 40 10000001 35000051 30948497887284718145 8842415967375163789 30948485507891752927
unknown 0001000110100001011011001100001011101010 40 737170 320000001 419828546768513461922 967140652669388801 419826268725355301089
unknown 0001000110100001011011001100001100111010 40 911394 320000001 339573235967479562873 967140652669388801 339571745627426293151
unknown 0001000110100001011100110000001111011010 40 769012 320000001 402444968116680973412 967140652669388801 402442874818397886032
unknown 0001000110100001011100110000101110101010 40 769012 320000001 402444968116680973412 967140652669388801 402442874818397886032
unknown 0001000110100001011100110000110011101010 40 967252 320000001 319963163499630984196 967140652669388801 319961840320809660240
unknown 0001000110100001100000000111001111101110 40 764149 320000001 405006104596544742878 967140652669388801 405003984570295567413
unknown 0001000110100001100000010110011110110110 40 764149 320000001 405006104596544742878 967140652669388801 405003984570295567413
unknown 0001000110100001100000010110110011110110 40 2129186 320000001 145353674982526218342 967140652669388801 145353401914035416626
unknown 0001000110100001100000010111010011110110 40 1440199 320000001 214890449043045487968 967140652669388801 214889852209268463352
unknown 0001000110100001100000011001011110110110 40 7657345 320000001 40416751474740274694 967140652669388801 40416730362080279837
unknown 0001000110100001100000011001110011110110 40 7668636 320000001 40357243429124171330 967140652669388801 40357222378589302501
unknown 0001000110100001100000011100110011110110 40 962395 320000001 321577948577605940103 967140652669388801 321576612009514836077
unknown 0001000110100001100001000001101100111010 40 1522271 320000001 203304805662950334550 967140652669388801 203304271449866199422
unknown 0001000110100001100001000110001100111010 40 1529482 320000001 202346290980439827815 967140652669388801 202345761792749373793
unknown 0001000110100001100001010110001000111010 40 10000001 39187614 30948497887284718145 7897521135666618252 30948485507891752927
unknown 0001000110100001100001011000001100111010 40 2397266 320000001 129099152877213070525 967140652669388801 129098937466929077128
unknown 0001000110100001100001011000111100111010 40 4343682 320000001 71249462972046542248 967140652669388801 71249397360063565536
unknown 0001000110100001100001011110011101000110 40 765360 320000001 404365278850926451245 967140652669388801 404363165528225875172
unknown 0001000110100001100001110011100111000110 40 10000001 41867965 30948497887284718145 7391928645716243165 30948485507891752927
unknown 0001000110100001100100011000110010011010 40 10000001 32000027 30948497887284718145 9671398396674636204 30948485507891752927
unknown 0001000110100001100110000001110011000110 40 10000001 39911061 30948497887284718145 7754366886446468280 30948485507891752927
unknown 0001000110100001100110000001111001111010 40 10000001 44999470 30948497887284718145 6877525664665496477 30948485507891752927
unknown 0001000110100001100110010110000110001010 40 10000001 35454627 30948497887284718145 8729044302774502993 30948485507891752927
unknown 0001000110100001110011000000110011110110 40 765349 320000001 404371090602254747475 967140652669388801 404368977218806313851
unknown 0001000110100100011000110000110011000110 40 10000001 34000017 30948497887284718145 9102495737615221450 30948485507891752927
unknown 0001000111001011010100000011100101101010 40 71532 320000001 4326525328822695698776 967140652669388801 4326283407254320464169
unknown 0001000111001101000011000000110011110110 40 765360 320000001 404365278850926451245 967140652669388801 404363165528225875172
unknown 0001001001000110001100001011010000110110 40 10000001 39993679 30948497887284718145 7738348097991811875 30948485507891752927
unknown 0001010000011000110100001011010000110110 40 10000001 39993678 30948497887284718145 7738348291481095306 30948485507891752927
unknown 0001010001010110101010000001110011011010 40 151649 320000001 2040798223670087298465 967140652669388801 2040744395569788060407
unknown 0001010001011001101010000001110011011010 40 151665 320000001 2040582928304784022186 967140652669388801 2040529111560998415793
unknown 0001010001011010100000010111010011101010 40 1523487 320000001 203142534082237044836 967140652669388801 203142000721596037473
unknown 0001010001011010100000011100101101011010 40 71533 320000001 4326464845894133738622 967140652669388801 4326222931089437196483
unknown 0001010001011010100000011100101101101010 40 71533 320000001 4326464845894133738622 967140652669388801 4326222931089437196483
unknown 0001010001011010100000011100101110101010 40 71533 320000001 4326464845894133738622 967140652669388801 4326222931089437196483
unknown 0001010001011011010000001110010110101010 40 71530 320000001 4326646299753181444496 967140652669388801 4326404364656597823760
unknown 0001010001100011000010110100001101100010 40 10000001 39993681 30948497887284718145 7738347711013274041 30948485507891752927
unknown 0001010001101000000101101001011101011010 40 91 320000001 3400934173860934821151441 967140652669388801 3257736945487842828681906
unknown 0001010001101000000110010111011001101010 40 53 320000001 5839339807949906957071341 967140652669388801 5429561575813071381136510
unknown 0001010001101000000111000011100111101010 40 766570 320000001 403727004476231875400 967140652669388801 403724897819838748412
unknown 0001010010000110001100001011010000110110 40 10000001 39993679 30948497887284718145 7738348097991811875 30948485507891752927
unknown 0001100001000110001100001011010000110110 40 10000001 39993684 30948497887284718145 7738347130545539859 30948485507891752927
unknown 0001100100010101101010100000011100110110 40 151648 320000001 2040811681138854905603 967140652669388801 2040757852328654213099
unknown 0001100100010110011010100000011100110110 40 151664 320000001 2040596382934282814147 967140652669388801 2040542565480820401963
unknown 0001100100010110101000000101110100111010 40 1523487 320000001 203142534082237044836 967140652669388801 203142000721596037473
unknown 0001100100010110101000000111001011010110 40 71532 320000001 4326525328822695698776 967140652669388801 4326283407254320464169
unknown 0001100100010110101000000111001011011010 40 71532 320000001 4326525328822695698776 967140652669388801 4326283407254320464169
unknown 0001100100010110101000000111001011101010 40 71532 320000001 4326525328822695698776 967140652669388801 4326283407254320464169
unknown 0001100100010110110100000011100101101010 40 71530 320000001 4326646299753181444496 967140652669388801 4326404364656597823760
unknown 0001100100011010000001011010010111010110 40 90 320000001 3438722331348278541386457 967140652669388801 3292393721503670943880650
unknown 0001100100011010000001100101110110011010 40 54 320000001 5731203885580464235644094 967140652669388801 5335948445195604633185881
unknown 0001100100011010000001110000111001111010 40 766573 320000001 403725424481875918830 967140652669388801 403723317841971607190
unknown 0100000001111000111100001011010000110110 40 10000001 39993681 30948497887284718145 7738347711013274041 30948485507891752927
unknown 0100000101011101101101100000011100110110 40 151648 320000001 2040811681138854905603 967140652669388801 2040757852328654213099
unknown 0100000101110001110100001011010000110110 40 10000001 39993681 30948497887284718145 7738347711013274041 30948485507891752927
unknown 0100000101110011101101100000011100110110 40 151664 320000001 2040596382934282814147 967140652669388801 2040542565480820401963
unknown 0100000101110101100000011001011000111010 40 53640 320000001 5769668341188386814407 967140652669388801 5769238122089051314682
unknown 0100000101110110110000001011010000110110 40 10000001 39993678 30948497887284718145 7738348291481095306 30948485507891752927
unknown 0100000101110110110000001110010110110110 40 71532 320000001 4326525328822695698776 967140652669388801 4326283407254320464169
unknown 0100000101110110110000001110010111010110 40 71532 320000001 4326525328822695698776 967140652669388801 4326283407254320464169
unknown 0100000101110110110000001110011001110110 40 101156 320000001 3059482480736140898462 967140652669388801 3059361504758254930060
unknown 0100000101110110110000001110011100110110 40 9140682 320000001 33857977973781941952 967140652669388801 33857963157398150284
unknown 0100000101110110110000001110011100111010 40 10000001 100351111 30948497887284718145 3084021758576694470 30948485507891752927
unknown 0100000110011100011100001011010000110110 40 10000001 39993683 30948497887284718145 7738347324034774910 30948485507891752927
unknown 0100000111000011000011110011101000011010 40 766577 320000001 403723317841971607190 967140652669388801 403721211224052081548
unknown 0100000111000111000010101101000011011010 40 10000001 39996842 30948497887284718145 7737736139801864076 30948485507891752927
unknown 0100000111001110110000001110011001110110 40 101148 320000001 3059724461396617518140 967140652669388801 3059603466281883390589
unknown 0100000111011000000101011100010110011010 40 88508 320000001 3496689675750723874958 967140652669388801 3496531654706085827061
unknown 0100000111011000000101110011011001110110 40 4876 320000001 63471084869020727794254 967140652669388801 63419059389619891132128
unknown 0100000111011000000110010111011001100010 40 19124 320000001 16183068909294345781468 967140652669388801 16179684745992527641405
unknown 0100000111011000000111001100101110110110 40 87596 320000001 3533095230619492542180 967140652669388801 3532933902070149186356
unknown 0100000111011000010000011100110110011010 40 75870 320000001 4079148673011006573413 967140652669388801 4078933624447703676158
unknown 0100000111011000010000011100111010011010 40 75870 320000001 4079148673011006573413 967140652669388801 4078933624447703676158
unknown 0100000111011000010001011010011101000110 40 10000001 34999992 30948497887284718145 8842430873165487259 30948485507891752927
unknown 0100000111011000010001101001011000001010 40 10000001 34999994 30948497887284718145 8842430367883636458 30948485507891752927
unknown 0100000111011000010001110010110101000110 40 10000001 34999999 30948497887284718145 8842429104679262098 30948485507891752927
unknown 0100000111011000010001110011010011000110 40 10000001 36666662 30948497887284718145 8440501342100490869 30948485507891752927
unknown 0100000111011000010110000001110011011010 40 151675 320000001 2040448391767562674962 967140652669388801 2040394582119773130920
unknown 0100000111011000010110000110011000111010 40 10000001 36666679 30948497887284718145 8440497428778457649 30948485507891752927
unknown 0100000111011000010110001100101101000110 40 10000001 35000051 30948497887284718145 8842415967375163789 30948485507891752927
unknown 0100000111011000010110011000110000110110 40 10000001 39990526 30948497887284718145 7738958217787509690 30948485507891752927
unknown 0100000111011000010110011001011000101010 40 10000001 40000098 30948497887284718145 7737106289623217142 30948485507891752927
unknown 0100000111011000010110011001100000111010 40 10000001 33333466 30948497887284718145 9284513342277249799 30948485507891752927
unknown 0100000111011000010110011001100011000110 40 10000001 36000083 30948497887284718145 8596786008002955680 30948485507891752927
unknown 0100000111011000011000010110011000111010 40 10000001 38333643 30948497887284718145 8073456775849482105 30948485507891752927
unknown 0100000111011000011000011001011000111010 40 1472056 320000001 210239970368888866134 967140652669388801 210239399087907468938
unknown 0100000111011000011000011001110011000110 40 10000001 35000246 30948497887284718145 8842366702832462056 30948485507891752927
unknown 0100000111011000011001011001011000101010 40 10000001 40000078 30948497887284718145 7737110158168818289 30948485507891752927
unknown 0100000111011000011001100000011001111010 40 8705934 320000001 35548742940314625488 967140652669388801 35548726607212809088
unknown 0100000111011000011001100000011100110110 40 151686 320000001 2040300422064957008062 967140652669388801 2040246620221142255421
unknown 0100000111011000011001100000011100111010 40 10000001 79193446 30948497887284718145 3907962406653513585 30948485507891752927
unknown 0100000111011000011001100110000110001110 40 10000001 36000050 30948497887284718145 8596793888379184716 30948485507891752927
unknown 0100010001010110101010100000011100110110 40 151631 320000001 2041040485265843189881 967140652669388801 2040986644385168785075
unknown 0100010001011001101010100000011100110110 40 151647 320000001 2040825138785106653774 967140652669388801 2040771309264990463135
unknown 0100010001011010100110100000011100110110 40 151659 320000001 2040663658743266596278 967140652669388801 2040609837741209581275
unknown 0100010001011010100110100000011100111010 40 10000001 86173492 30948497887284718145 3591417762452345192 30948485507891752927
unknown 0100010001011010101000000101110100111010 40 1521116 320000001 203459177223397208842 967140652669388801 203458642198738474759
unknown 0100010001011010101000000111001011010110 40 71529 320000001 4326706787755247084746 967140652669388801 4326464845894133738622
unknown 0100010001011010101000000111001011011010 40 71529 320000001 4326706787755247084746 967140652669388801 4326464845894133738622
unknown 0100010001011010101000000111001011101010 40 71529 320000001 4326706787755247084746 967140652669388801 4326464845894133738622
unknown 0100010001011010110100000011100101101010 40 71533 320000001 4326464845894133738622 967140652669388801 4326222931089437196483
unknown 0100010001011011010100000011100101101010 40 71529 320000001 4326706787755247084746 967140652669388801 4326464845894133738622
unknown 0100010001011101010100000011100101101010 40 71529 320000001 4326706787755247084746 967140652669388801 4326464845894133738622
unknown 0100010001100011000010110100001101100010 40 10000001 39993677 30948497887284718145 7738348484970388413 30948485507891752927
unknown 0100010001100110100110100000011100110110 40 151673 320000001 2040475297655779662332 967140652669388801 2040421486588903187199
unknown 0100010001100110100110100000011100111010 40 10000001 69581549 30948497887284718145 4447802819413305512 30948485507891752927
unknown 0100010001100110110011010000001100111010 40 1915144 320000001 161598819629931257767 967140652669388801 161598482112789752398
unknown 0100010001101001011010100000011100110110 40 151667 320000001 2040556019578056325535 967140652669388801 2040502204253582218914
unknown 0100010001101001011010100000011100111010 40 10000001 74011823 30948497887284718145 4181561773195953689 30948485507891752927
unknown 0100010001101001100110100000011100110110 40 151681 320000001 2040367678360144439481 967140652669388801 2040313872969278891946
unknown 0100010001101001100110100000011100111010 40 10000001 71339285 30948497887284718145 4338212947064791423 30948485507891752927
unknown 0100010001101001101000000101100111010110 40 1913200 320000001 161763019977704928249 967140652669388801 161762681774314223013
unknown 0100010001101001101000000101110100111010 40 1525876 320000001 202824482344138756180 967140652669388801 202823950652308876665
unknown 0100010001101001101000000110011100111010 40 2275186 320000001 136026245687756987220 967140652669388801 136026006540704323035
unknown 0100010001101001101000000111001011011010 40 71535 320000001 4326343885110017036763 967140652669388801 4326101983831826957671
unknown 0100010001101001101000000111001100111010 40 8473581 320000001 36523520554219646774 967140652669388801 36523503313101251563
unknown 0100010001101001101000000111001110011010 40 151669 320000001 2040529111560998415793 967140652669388801 2040475297655779662332
unknown 0100010001101010000001011010010111010110 40 91 320000001 3400934173860934821151441 967140652669388801 3257736945487842828681906
unknown 0100010001101010000001100101110110011010 40 55 320000001 5627000178569910340450565 967140652669388801 5245508641039746927538662
unknown 0100010001101010000001110000111001111010 40 766570 320000001 403727004476231875400 967140652669388801 403724897819838748412
unknown 0100010001101100110100000011100101101010 40 71533 320000001 4326464845894133738622 967140652669388801 4326222931089437196483
unknown 0100010001101101000011000000110011110110 40 765361 320000001 404364750518180399478 967140652669388801 404362637201002226030
unknown 0100010001110001110100001011010000110110 40 10000001 39993677 30948497887284718145 7738348484970388413 30948485507891752927
unknown 0100010001110101000011000000110011110110 40 765357 320000001 404366863857448313304 967140652669388801 404364750518180399478
unknown 0100010010010101101010100000011100110110 40 151649 320000001 2040798223670087298465 967140652669388801 2040744395569788060407
unknown 0100010010010110011010100000011100110110 40 151665 320000001 2040582928304784022186 967140652669388801 2040529111560998415793
unknown 0100010010010110101000000101110100111010 40 1523488 320000001 203142400741814224152 967140652669388801 203141867381873399221
unknown 0100010010010110101000000111001011010110 40 71533 320000001 4326464845894133738622 967140652669388801 4326222931089437196483
unknown 0100010010010110101000000111001011011010 40 71533 320000001 4326464845894133738622 967140652669388801 4326222931089437196483
unknown 0100010010010110101000000111001011101010 40 71533 320000001 4326464845894133738622 967140652669388801 4326222931089437196483
unknown 0100010010011010000001011010010111010110 40 91 320000001 3400934173860934821151441 967140652669388801 3257736945487842828681906
unknown 0100010010011010000001100101110110011010 40 55 320000001 5627000178569910340450565 967140652669388801 5245508641039746927538662
unknown 0100010010011010000001110000111001111010 40 766574 320000001 403724897819838748412 967140652669388801 403722791185430665536
unknown 0100010100010110101010100000011100110110 40 151631 320000001 2041040485265843189881 967140652669388801 2040986644385168785075
unknown 0100010100011001101010100000011100110110 40 151647 320000001 2040825138785106653774 967140652669388801 2040771309264990463135
unknown 0100010100011010011010100000011100110110 40 151669 320000001 2040529111560998415793 967140652669388801 2040475297655779662332
unknown 0100010100011010011010100000011100111010 40 10000001 87820201 30948497887284718145 3524075398339672085 30948485507891752927
unknown 0100010100011010101000000101110100111010 40 1523480 320000001 203143467470098110067 967140652669388801 203142934104555787081
unknown 0100010100011010101000000111001011010110 40 71531 320000001 4326585813442354625614 967140652669388801 4326343885110017036763
unknown 0100010100011010101000000111001011011010 40 71531 320000001 4326585813442354625614 967140652669388801 4326343885110017036763
unknown 0100010100011010101000000111001011101010 40 71533 320000001 4326464845894133738622 967140652669388801 4326222931089437196483
unknown 0100010100011011010100000011100101101010 40 71533 320000001 4326464845894133738622 967140652669388801 4326222931089437196483
unknown 0100010100011101010100000011100101101010 40 71533 320000001 4326464845894133738622 967140652669388801 4326222931089437196483
unknown 0100010100100101101010100000011100110110 40 151649 320000001 2040798223670087298465 967140652669388801 2040744395569788060407
unknown 0100010100100110011010100000011100110110 40 151665 320000001 2040582928304784022186 967140652669388801 2040529111560998415793
unknown 0100010100100110101000000101110100111010 40 1523488 320000001 203142400741814224152 967140652669388801 203141867381873399221
unknown 0100010100100110101000000111001011010110 40 71533 320000001 4326464845894133738622 967140652669388801 4326222931089437196483
unknown 0100010100100110101000000111001011011010 40 71533 320000001 4326464845894133738622 967140652669388801 4326222931089437196483
unknown 0100010100100110101000000111001011101010 40 71533 320000001 4326464845894133738622 967140652669388801 4326222931089437196483
unknown 0100010100101010000001011010010111010110 40 91 320000001 3400934173860934821151441 967140652669388801 3257736945487842828681906
unknown 0100010100101010000001100101110110011010 40 55 320000001 5627000178569910340450565 967140652669388801 5245508641039746927538662
unknown 0100010100101010000001110000111001111010 40 766574 320000001 403724897819838748412 967140652669388801 403722791185430665536
unknown 0100010100110101000011000000110011110110 40 765361 320000001 404364750518180399478 967140652669388801 404362637201002226030
unknown 0100010101000110101010100000011100110110 40 151637 320000001 2040959725010024391968 967140652669388801 2040905888389980735585
unknown 0100010101001001101010100000011100110110 40 151649 320000001 2040798223670087298465 967140652669388801 2040744395569788060407
unknown 0100010101001010011010100000011100110110 40 151665 320000001 2040582928304784022186 967140652669388801 2040529111560998415793
unknown 0100010101001010101000000101110100111010 40 1523488 320000001 203142400741814224152 967140652669388801 203141867381873399221
unknown 0100010101001010101000000111001011010110 40 71533 320000001 4326464845894133738622 967140652669388801 4326222931089437196483
unknown 0100010101001010101000000111001011011010 40 71533 320000001 4326464845894133738622 967140652669388801 4326222931089437196483
unknown 0100010101001010101000000111001011101010 40 71533 320000001 4326464845894133738622 967140652669388801 4326222931089437196483
unknown 0100010101001101010100000011100101101010 40 71533 320000001 4326464845894133738622 967140652669388801 4326222931089437196483
unknown 0100010101010010101010100000011100110110 40 151649 320000001 2040798223670087298465 967140652669388801 2040744395569788060407
unknown 0100010101011010001010100000011100110110 40 202118 320000001 1531209540077306666031 967140652669388801 1531179237397933271613
unknown 0100010101011010100010100000011100110110 40 151657 320000001 2040690570308954210652 967140652669388801 2040636747887361079809
unknown 0100010101011010101000100000011100110110 40 151649 320000001 2040798223670087298465 967140652669388801 2040744395569788060407
unknown 0100010101100000011100110110101000011010 40 151647 320000001 2040825138785106653774 967140652669388801 2040771309264990463135
unknown 0100010101100001101010100000011100111010 40 10000001 89667488 30948497887284718145 3451474070750650099 30948485507891752927
unknown 0100010101100010101000000101110100111010 40 1524679 320000001 202983716455296536993 967140652669388801 202983183928295303827
unknown 0100010101100010101000000111001011010110 40 107267 320000001 2885183792045503917559 967140652669388801 2885076207188756222323
unknown 0100010101100010101000000111001011101010 40 71536 320000001 4326283407254320464169 967140652669388801 4326041512738958187375
unknown 0100010101100011010011010000001100110110 40 10000001 51788727 30948497887284718145 5975914600514221343 30948485507891752927
unknown 0100010101100011010100000011001011101010 40 10000001 144194148 30948497887284718145 2146307697739197216 30948485507891752927
unknown 0100010101100011010100001011010000110110 40 10000001 39993681 30948497887284718145 7738347711013274041 30948485507891752927
unknown 0100010101100100101010100000011100110110 40 202148 320000001 1530982299213175835155 967140652669388801 1530952005527252110911
unknown 0100010101100110100010100000011100110110 40 151673 320000001 2040475297655779662332 967140652669388801 2040421486588903187199
unknown 0100010101100110101000100000011100110110 40 151665 320000001 2040582928304784022186 967140652669388801 2040529111560998415793
unknown 0100010101101000011010100000011100110110 40 176880 320000001 1749689110251837792429 967140652669388801 1749649543324128065426
unknown 0100010101101000011010100000011100111010 40 10000001 51717799 30948497887284718145 5984110225211731627 30948485507891752927
unknown 0100010101101000101000000110011100111010 40 4424915 320000001 69941458722109931768 967140652669388801 69941395497035102502
unknown 0100010101101000101000000111001011010110 40 107272 320000001 2885049312228214899739 967140652669388801 2884941737400211312175
unknown 0100010101101000101000000111001100111010 40 10000001 254628253 30948497887284718145 1215438609718400216 30948485507891752927
unknown 0100010101101000101000000111001110011010 40 151667 320000001 2040556019578056325535 967140652669388801 2040502204253582218914
unknown 0100010101101001001010100000011100110110 40 176901 320000001 1749481403843647400099 967140652669388801 1749441846309290685537
unknown 0100010101101001101000100000011100110110 40 151671 320000001 2040502204253582218914 967140652669388801 2040448391767562674962
unknown 0100010101101010000110100000011100110110 40 151659 320000001 2040663658743266596278 967140652669388801 2040609837741209581275
unknown 0100010101101010001000000101110100111010 40 1523487 320000001 203142534082237044836 967140652669388801 203142000721596037473
unknown 0100010101101010001000000111001011010110 40 71533 320000001 4326464845894133738622 967140652669388801 4326222931089437196483
unknown 0100010101101010001000000111001011011010 40 71533 320000001 4326464845894133738622 967140652669388801 4326222931089437196483
unknown 0100010101101010001000000111001011101010 40 71533 320000001 4326464845894133738622 967140652669388801 4326222931089437196483
unknown 0100010101101010010010100000011100110110 40 151649 320000001 2040798223670087298465 967140652669388801 2040744395569788060407
unknown 0100010101101010100000010001100111010110 40 160845 320000001 1924119554983649281761 967140652669388801 1924071705894006606972
unknown 0100010101101010100000010010011100110110 40 227391 320000001 1361025765405601227511 967140652669388801 1361001824232481227489
unknown 0100010101101010100000010100101100110110 40 227391 320000001 1361025765405601227511 967140652669388801 1361001824232481227489
unknown 0100010101101010100000010101101000111010 40 75872 320000001 4079041145894995106559 967140652669388801 4078826108668684020307
unknown 0100010101101010100000010110110000110110 40 10000001 39995529 30948497887284718145 7737990159383691831 30948485507891752927
unknown 0100010101101010100000010111010000110110 40 10000001 39995529 30948497887284718145 7737990159383691831 30948485507891752927
unknown 0100010101101010100000011001011000111010 40 53642 320000001 5769453223618527808896 967140652669388801 5769023036598163306208
unknown 0100010101101010100000011100100100110110 40 227389 320000001 1361037736308023117762 967140652669388801 1361013794713755782829
unknown 0100010101101010100000011100101001010110 40 227389 320000001 1361037736308023117762 967140652669388801 1361013794713755782829
unknown 0100010101101010100000011100110010010110 40 10000001 39986612 30948497887284718145 7739715728387918155 30948485507891752927
unknown 0100010101101010100001000001110011011010 40 160845 320000001 1924119554983649281761 967140652669388801 1924071705894006606972
unknown 0100010101101010100001001000011100110110 40 227391 320000001 1361025765405601227511 967140652669388801 1361001824232481227489
unknown 0100010101101010100001100000011100110110 40 151679 320000001 2040394582119773130920 967140652669388801 2040340775309989047717
unknown 0100010101101010100001100000011100111010 40 10000001 113895972 30948497887284718145 2717260359491423180 30948485507891752927
unknown 0100010101101010100100100000011100110110 40 227391 320000001 1361025765405601227511 967140652669388801 1361001824232481227489
unknown 0100010110000001110010110110101000011010 40 56556 320000001 5472187032699361141608 967140652669388801 5471800032201999093437
unknown 0100010110000001110011011010000101101010 40 151650 320000001 2040784766378800321298 967140652669388801 2040730938988388494368
unknown 0100010110000001110011011010000110011010 40 151680 320000001 2040381130151272868703 967140652669388801 2040327324050955069255
unknown 0100010110000001110011101010000101101010 40 10000001 147929186 30948497887284718145 2092115952164740965 30948485507891752927
unknown 0100010110000001110011101010000110011010 40 10000001 146052995 30948497887284718145 2118991190980678409 30948485507891752927
unknown 0100010110000010100000011001011000111010 40 53640 320000001 5769668341188386814407 967140652669388801 5769238122089051314682
unknown 0100010110000011010000001011010000110110 40 10000001 39993677 30948497887284718145 7738348484970388413 30948485507891752927
unknown 0100010110000101101010100000011100111010 40 10000001 51434658 30948497887284718145 6017051961759813174 30948485507891752927
unknown 0100010110000110011010100000011100111010 40 10000001 94042883 30948497887284718145 3290892409384610941 30948485507891752927
unknown 0100010110000110100110100000011100110110 40 151657 320000001 2040690570308954210652 967140652669388801 2040636747887361079809
unknown 0100010110000110100110100000011100111010 40 10000001 91997032 30948497887284718145 3364076026075983286 30948485507891752927
unknown 0100010110000110101000000101110100111010 40 1522313 320000001 203299196565584783632 967140652669388801 203298662381977649022
unknown 0100010110000110101000000110011100111010 40 2265553 320000001 136604621397665412694 967140652669388801 136604380212612204736
unknown 0100010110000110101000000111001011101010 40 71533 320000001 4326464845894133738622 967140652669388801 4326222931089437196483
unknown 0100010110000110101000000111001100111010 40 8343339 320000001 37093663558599868557 967140652669388801 37093645775002306477
unknown 0100010110000110101000000111001110011010 40 151655 320000001 2040717482584452004384 967140652669388801 2040663658743266596278
unknown 0100010110000110110011010000001100111010 40 1916106 320000001 161517687341590219291 967140652669388801 161517350163270933676
unknown 0100010110000110110100000011100101101010 40 71532 320000001 4326525328822695698776 967140652669388801 4326283407254320464169
unknown 0100010110000111010100000011100101101010 40 71533 320000001 4326464845894133738622 967140652669388801 4326222931089437196483
unknown 0100010110001001101000000101100111010110 40 1914163 320000001 161681638304232747538 967140652669388801 161681300441050895103
unknown 0100010110001001101000000101110100111010 40 1527079 320000001 202664701578205887662 967140652669388801 202664170723755728225
unknown 0100010110001001101000000110011100111010 40 2277601 320000001 135882013496369675253 967140652669388801 135881774856195463536
unknown 0100010110001001101000000111001100111010 40 8511044 320000001 36362755241465684906 967140652669388801 36362738151793418241
unknown 0100010110001001101000000111001110011010 40 151672 320000001 2040488750865980990063 967140652669388801 2040434939089539997922
unknown 0100010110001010000001010111010011101010 40 1519959 320000001 203614051314111149528 967140652669388801 203613515474616861546
unknown 0100010110001010000001011001110100111010 40 2835510 320000001 109146153538991246275 967140652669388801 109145999568806596873
unknown 0100010110001010000001011100110011011010 40 10000001 52897458 30948497887284718145 5850659398819222443 30948485507891752927
unknown 0100010110001010000001100101110011010110 40 10000001 103555284 30948497887284718145 2988596987685776312 30948485507891752927
unknown 0100010110001010000001110010110011011010 40 1520044 320000001 203602665331625313955 967140652669388801 203602129552056953942
unknown 0100010110001010000001110011001011011010 40 73005 320000001 4239230324242792530989 967140652669388801 4238998066284226173825
unknown 0100010110001010000001110011100101101010 40 87598 320000001 3533014564503128709843 967140652669388801 3532853243320301690884
unknown 0100010110001100000100001011010000110110 40 10000001 39993680 30948497887284718145 7738347904502538120 30948485507891752927
unknown 0100010110001100110100000011001100111010 40 3252159 320000001 95162939395443171360 967140652669388801 95162822349723881837
unknown 0100010110001100110100001011010000110110 40 10000001 39993680 30948497887284718145 7738347904502538120 30948485507891752927
unknown 0100010110001101000000110010101101101010 40 72989 320000001 4240159610644687127167 967140652669388801 4239927250850698953664
unknown 0100010110001101000000110010101110101010 40 10000001 113968079 30948497887284718145 2715541163252782990 30948485507891752927
unknown 0100010110001101000000110010110011011010 40 53637 320000001 5769991047622817620762 967140652669388801 5769560780398297360691
unknown 0100010110001101000000110010110011101010 40 50580 320000001 6118723009516509860119 967140652669388801 6118239163003026030460
unknown 0100010110001101000010101101000011011010 40 10000001 39996842 30948497887284718145 7737736139801864076 30948485507891752927
unknown 0100010110001101000011000000110011110110 40 765362 320000001 404364222186814956485 967140652669388801 404362108875159164015
unknown 0100010110010001101010100000011100110110 40 176906 320000001 1749431957205211065339 967140652669388801 1749392401906873939997
unknown 0100010110010010011010100000011100110110 40 176920 320000001 1749293521486237105612 967140652669388801 1749253972447746313247
unknown 0100010110010010101000000101110100111010 40 1524694 320000001 202981719493449222418 967140652669388801 202981186976925967454
unknown 0100010110010010101000000111001011010110 40 89407 320000001 3461529967690953378648 967140652669388801 3461375108446892090736
unknown 0100010110010010101000000111001011011010 40 89407 320000001 3461529967690953378648 967140652669388801 3461375108446892090736
unknown 0100010110010010101000000111001011101010 40 71534 320000001 4326404364656597823760 967140652669388801 4326162456615296328173
unknown 0100010110010011010100000011100101101010 40 71533 320000001 4326464845894133738622 967140652669388801 4326222931089437196483
unknown 0100010110010100101010100000011100110110 40 176920 320000001 1749293521486237105612 967140652669388801 1749253972447746313247
unknown 0100010110010110100010100000011100110110 40 252611 320000001 1225144628782377128173 967140652669388801 1225125229386002686796
unknown 0100010110010110101000100000011100110110 40 151669 320000001 2040529111560998415793 967140652669388801 2040475297655779662332
unknown 0100010110011000000111001101101000011010 40 151684 320000001 2040327324050955069255 967140652669388801 2040273520788362090112
unknown 0100010110011000000111001110101000011010 40 10000001 114696851 30948497887284718145 2698286893868996184 30948485507891752927
unknown 0100010110011000011010100000011100111010 40 10000001 50015400 30948497887284718145 6187794355765325655 30948485507891752927
unknown 0100010110011000101000000101110100111010 40 2270032 320000001 136335086827562373009 967140652669388801 136334846593333792383
unknown 0100010110011000101000000110011100111010 40 4445848 320000001 69612143694823815103 967140652669388801 69612081063729757249
unknown 0100010110011000101000000111001011101010 40 71539 320000001 4326101983831826957671 967140652669388801 4325860109603246561156
unknown 0100010110011000101000000111001100111010 40 10000001 252269515 30948497887284718145 1226803047610984898 30948485507891752927
unknown 0100010110011000101000000111001110011010 40 151661 320000001 2040636747887361079809 967140652669388801 2040582928304784022186
unknown 0100010110011000110011010000001100110110 40 10000001 48462682 30948497887284718145 6386047924903229020 30948485507891752927
unknown 0100010110011000110011010000001100111010 40 2854497 320000001 108420155922863141466 967140652669388801 108420003994163977776
unknown 0100010110011000110100000011001011101010 40 10000001 149194128 30948497887284718145 2074377952873219439 30948485507891752927
unknown 0100010110011000110100001011010000110110 40 10000001 39993682 30948497887284718145 7738347517524019638 30948485507891752927
unknown 0100010110011001001010100000011100110110 40 202169 320000001 1530823270735597785639 967140652669388801 1530792983342706833874
unknown 0100010110011001101000100000011100110110 40 151683 320000001 2040340775309989047717 967140652669388801 2040286971337985909965
unknown 0100010110011010000110100000011100110110 40 151675 320000001 2040448391767562674962 967140652669388801 2040394582119773130920
unknown 0100010110011010010010100000011100110110 40 151665 320000001 2040582928304784022186 967140652669388801 2040529111560998415793
unknown 0100010110011010011010000001110011000110 40 10000001 39973223 30948497887284718145 7742308140160353563 30948485507891752927
unknown 0100010110011010100000010001100111010110 40 160860 320000001 1923940133167630664708 967140652669388801 1923892293001200198459
unknown 0100010110011010100000010010011100110110 40 227415 320000001 1360882130999912357254 967140652669388801 1360858194879693731504
unknown 0100010110011010100000010100101100110110 40 227415 320000001 1360882130999912357254 967140652669388801 1360858194879693731504
unknown 0100010110011010100000010101101000111010 40 75872 320000001 4079041145894995106559 967140652669388801 4078826108668684020307
unknown 0100010110011010100000010110110000110110 40 10000001 39999996 30948497887284718145 7737126019246228643 30948485507891752927
unknown 0100010110011010100000010111010000110110 40 10000001 39999997 30948497887284718145 7737125825818063655 30948485507891752927
unknown 0100010110011010100000011001011000111010 40 53640 320000001 5769668341188386814407 967140652669388801 5769238122089051314682
unknown 0100010110011010100000011100100100110110 40 202170 320000001 1530815698775016415516 967140652669388801 1530785411681744777889
unknown 0100010110011010100000011100101001010110 40 202170 320000001 1530815698775016415516 967140652669388801 1530785411681744777889
unknown 0100010110011010100000011100110010010110 40 10000001 39982143 30948497887284718145 7740580834332593647 30948485507891752927
unknown 0100010110011010100001000001110011011010 40 160860 320000001 1923940133167630664708 967140652669388801 1923892293001200198459
unknown 0100010110011010100001001000011100110110 40 227415 320000001 1360882130999912357254 967140652669388801 1360858194879693731504
unknown 0100010110011010100001100000011100110110 40 151666 320000001 2040569473852709695811 967140652669388801 2040515657818586857815
unknown 0100010110011010100100100000011100110110 40 227415 320000001 1360882130999912357254 967140652669388801 1360858194879693731504
unknown 0100010110100001011011010000001100111010 40 1256969 320000001 246215308270406882529 967140652669388801 246214524752198391473
unknown 0100010110100001100110110000001100111010 40 1914223 320000001 161676570504766199511 967140652669388801 161676232662764169937
unknown 0100010110100001101000000111001011011010 40 56555 320000001 5472283791377333016087 967140652669388801 5471896777194523749090
unknown 0100010110100001101100000011100101101010 40 107278 320000001 2884887952994510232525 967140652669388801 2884780390199148680346
unknown 0100010110100001110100000011100101101010 40 107278 320000001 2884887952994510232525 967140652669388801 2884780390199148680346
unknown 0100010110100010000001011100011100110110 40 10000001 39991067 30948497887284718145 7738853524997096695 30948485507891752927
unknown 0100010110100010000001100101110011010110 40 10000001 76778146 30948497887284718145 4030899753965732238 30948485507891752927
unknown 0100010110100010000001110000111001111010 40 767806 320000001 403077092157843346790 967140652669388801 403074992278486954748
unknown 0100010110100011000000101011010011101010 40 75873 320000001 4078987384462787404278 967140652669388801 4078772352904636038916
unknown 0100010110100011000000101011011000111010 40 75873 320000001 4078987384462787404278 967140652669388801 4078772352904636038916
unknown 0100010110100100101000000101110100111010 40 2273678 320000001 136116464082136990693 967140652669388801 136116224617754403969
unknown 0100010110100100101000000111001011010110 40 89407 320000001 3461529967690953378648 967140652669388801 3461375108446892090736
unknown 0100010110100100101000000111001011011010 40 89407 320000001 3461529967690953378648 967140652669388801 3461375108446892090736
unknown 0100010110100100101000000111001011101010 40 107277 320000001 2884914844946680730491 967140652669388801 2884807280146019040882
unknown 0100010110100100110100000011100101101010 40 107284 320000001 2884726611809263904448 967140652669388801 2884619061044525657341
unknown 0100010110100110000110110000001100111010 40 1918069 320000001 161352386082745234257 967140652669388801 161352049594225594503
unknown 0100010110100110001100000011001100110110 40 10000001 44304326 30948497887284718145 6985435458861174612 30948485507891752927
unknown 0100010110100110001100000011001100111010 40 3243161 320000001 95426964563691123791 967140652669388801 95426846867595410263
unknown 0100010110100110011000110000001100111010 40 2859325 320000001 108237087361998048045 967140652669388801 108236935945931744380
unknown 0100010110100110011010000001110011000110 40 10000001 39977673 30948497887284718145 7741446327337388265 30948485507891752927
unknown 0100010110100110100000010110011000111010 40 303114 320000001 1021018527093255569604 967140652669388801 1021005053547941952391
unknown 0100010110100110100000010110110000110110 40 10000001 39999997 30948497887284718145 7737125825818063655 30948485507891752927
unknown 0100010110100110100000011001011000110110 40 10000001 40936577 30948497887284718145 7560109625710646710 30948485507891752927
unknown 0100010110100110100000011001011000111010 40 10000001 214121390 30948497887284718145 1445371757680748611 30948485507891752927
unknown 0100010110100110100000011001100110001110 40 10000001 34396763 30948497887284718145 8997503916904770043 30948485507891752927
unknown 0100010110100110100000011001110011000110 40 10000001 36666893 30948497887284718145 8440448167270269361 30948485507891752927
unknown 0100010110100110100001100000011001111010 40 10000001 239785886 30948497887284718145 1290672336825300338 30948485507891752927
unknown 0100010110101000000001011101100001101110 40 10000001 39996839 30948497887284718145 7737736720177938780 30948485507891752927
unknown 0100010110101000000001011110110011110110 40 2280438 320000001 135712968219852970669 967140652669388801 135712730173073934231
unknown 0100010110101000000100011001011011010110 40 87600 320000001 3532933902070149186356 967140652669388801 3532772588253333965627
unknown 0100010110101000000100011001011101010110 40 75870 320000001 4079148673011006573413 967140652669388801 4078933624447703676158
unknown 0100010110101000000100011001100110110110 40 10000001 86423788 30948497887284718145 3581016488438866725 30948485507891752927
unknown 0100010110101000000100011001100111010110 40 10000001 163784410 30948497887284718145 1889587719742953977 30948485507891752927
unknown 0100010110101000000100011001110011010110 40 107299 320000001 2884323337788283849102 967140652669388801 2884215817091274882574
unknown 0100010110101000000100011010011100111010 40 10000001 42453478 30948497887284718145 7289980100602006477 30948485507891752927
unknown 0100010110101000000100011110010110101010 40 75873 320000001 4078987384462787404278 967140652669388801 4078772352904636038916
unknown 0100010110101000000100011110100101101010 40 107283 320000001 2884753500753568307419 967140652669388801 2884645947983866346574
unknown 0100010110101000000100100101110100111010 40 2274901 320000001 136043287079897133425 967140652669388801 136043047872919998297
unknown 0100010110101000000100100111001011010110 40 107280 320000001 2884834170594193407204 967140652669388801 2884726611809263904448
unknown 0100010110101000000100100111001011011010 40 107280 320000001 2884834170594193407204 967140652669388801 2884726611809263904448
unknown 0100010110101000000100100111001011101010 40 107280 320000001 2884834170594193407204 967140652669388801 2884726611809263904448
unknown 0100010110101000000101000110100111010110 40 2267596 320000001 136481546898717879519 967140652669388801 136481306148061857791
unknown 0100010110101000000101001001110100111010 40 2274901 320000001 136043287079897133425 967140652669388801 136043047872919998297
unknown 0100010110101000000101001011001011010110 40 107280 320000001 2884834170594193407204 967140652669388801 2884726611809263904448
unknown 0100010110101000000101001011001011011010 40 107280 320000001 2884834170594193407204 967140652669388801 2884726611809263904448
unknown 0100010110101000000101001011001011101010 40 107280 320000001 2884834170594193407204 967140652669388801 2884726611809263904448
unknown 0100010110101000000101001110100101101010 40 107286 320000001 2884672835424426940373 967140652669388801 2884565288669447932937
unknown 0100010110101000000101010010110100111010 40 2274901 320000001 136043287079897133425 967140652669388801 136043047872919998297
unknown 0100010110101000000101010110100011101010 40 75869 320000001 4079202438694922415279 967140652669388801 4078987384462787404278
unknown 0100010110101000000101011000001000111010 40 75872 320000001 4079041145894995106559 967140652669388801 4078826108668684020307
unknown 0100010110101000000101011000111000111010 40 75872 320000001 4079041145894995106559 967140652669388801 4078826108668684020307
unknown 0100010110101000000101011001101000111010 40 75872 320000001 4079041145894995106559 967140652669388801 4078826108668684020307
unknown 0100010110101000000101011001110100010110 40 1906504 320000001 162331162075372025826 967140652669388801 162330821492144312390
unknown 0100010110101000000101011010000110110110 40 10000001 39996839 30948497887284718145 7737736720177938780 30948485507891752927
unknown 0100010110101000000101011011000011011010 40 10000001 40000000 30948497887284718145 7737125245533626719 30948485507891752927
unknown 0100010110101000000101011100010110011010 40 88509 320000001 3496650169150539139803 967140652669388801 3496492151676534167013
unknown 0100010110101000000101011101000011011010 40 10000001 40000000 30948497887284718145 7737125245533626719 30948485507891752927
unknown 0100010110101000000101011101001110100010 40 1521115 320000001 203459310980001557230 967140652669388801 203458775954639360054
unknown 0100010110101000000101100101110001010110 40 10000001 42064261 30948497887284718145 7357433661353163170 30948485507891752927
unknown 0100010110101000000101100101110100010110 40 10000001 40999989 30948497887284718145 7548416898876364790 30948485507891752927
unknown 0100010110101000000101100110001001110110 40 3753280 320000001 82457213376392134007 967140652669388801 82457125498988370911
unknown 0100010110101000000101100110110000111010 40 10000001 30000002 30948497887284718145 10316166306300415205 30948485507891752927
unknown 0100010110101000000101100111010000111010 40 10000001 30000002 30948497887284718145 10316166306300415205 30948485507891752927
unknown 0100010110101000000101101100001110011010 40 10000001 30000002 30948497887284718145 10316166306300415205 30948485507891752927
unknown 0100010110101000000101101100101101000110 40 10000001 37322244 30948497887284718145 8292240140259119166 30948485507891752927
unknown 0100010110101000000101110001110011000110 40 10000001 39982133 30948497887284718145 7740582770342569486 30948485507891752927
unknown 0100010110101000000101110010010100111010 40 10000001 40150363 30948497887284718145 7708149732577637436 30948485507891752927
unknown 0100010110101000000101110010110001011010 40 10000001 40999890 30948497887284718145 7548435125590460578 30948485507891752927
unknown 0100010110101000000101110010111000101010 40 10000001 41686609 30948497887284718145 7424086948913140638 30948485507891752927
unknown 0100010110101000000101110011001110001010 40 10000001 49866309 30948497887284718145 6206294711352008603 30948485507891752927
unknown 0100010110101000000101110100100100111010 40 2273677 320000001 136116523948364287771 967140652669388801 136116284483771060552
unknown 0100010110101000000101110100101001011010 40 2273677 320000001 136116523948364287771 967140652669388801 136116284483771060552
unknown 0100010110101000000101110100111001001010 40 3013732 320000001 102691616182641677736 967140652669388801 102691479884550295290
unknown 0100010110101000000110010101100011010110 40 10000001 43608909 30948497887284718145 7096829912010526765 30948485507891752927
unknown 0100010110101000000110010101100011101010 40 72988 320000001 4240217704572601917093 967140652669388801 4239985338411676193621
unknown 0100010110101000000110010110000110111010 40 53635 320000001 5770206205301483522416 967140652669388801 5769775905989020465050
unknown 0100010110101000000110010110011000111010 40 53635 320000001 5770206205301483522416 967140652669388801 5769775905989020465050
unknown 0100010110101000000110010110110000110110 40 10000001 40000008 30948497887284718145 7737123698108887097 30948485507891752927
unknown 0100010110101000000110010111000011011010 40 107269 320000001 2885129998614185540322 967140652669388801 2885022417769103770052
unknown 0100010110101000000110010111001100011010 40 10000001 37500694 30948497887284718145 8252780863771349638 30948485507891752927
unknown 0100010110101000000110010111010000110110 40 10000001 40000006 30948497887284718145 7737124084965013974 30948485507891752927
unknown 0100010110101000000110010111010011000110 40 3621578 320000001 85455845441226191656 967140652669388801 85455751056125491215
unknown 0100010110101000000110011001011000111010 40 58375 320000001 5301670403791778479226 967140652669388801 5301307145058070003337
unknown 0100010110101000000111001000101101011010 40 89405 320000001 3461607402509312328447 967140652669388801 3461452536336890790914
unknown 0100010110101000000111001000101101101010 40 63230 320000001 4894591330402420824368 967140652669388801 4894281712707484402771
unknown 0100010110101000000111001000101110101010 40 63230 320000001 4894591330402420824368 967140652669388801 4894281712707484402771
unknown 0100010110101000000111001000110100111010 40 10000001 46999435 30948497887284718145 6584866601510104722 30948485507891752927
unknown 0100010110101000000111001000110110011010 40 89407 320000001 3461529967690953378648 967140652669388801 3461375108446892090736
unknown 0100010110101000000111001001001011010110 40 89407 320000001 3461529967690953378648 967140652669388801 3461375108446892090736
unknown 0100010110101000000111001001001011011010 40 89407 320000001 3461529967690953378648 967140652669388801 3461375108446892090736
unknown 0100010110101000000111001001001011101010 40 89407 320000001 3461529967690953378648 967140652669388801 3461375108446892090736
unknown 0100010110101000000111001010001101010110 40 73007 320000001 4239114192082198538836 967140652669388801 4238881946848352559543
unknown 0100010110101000000111001010001101101010 40 89407 320000001 3461529967690953378648 967140652669388801 3461375108446892090736
unknown 0100010110101000000111001010001110101010 40 89407 320000001 3461529967690953378648 967140652669388801 3461375108446892090736
unknown 0100010110101000000111001010010011010110 40 89407 320000001 3461529967690953378648 967140652669388801 3461375108446892090736
unknown 0100010110101000000111001010010011011010 40 89407 320000001 3461529967690953378648 967140652669388801 3461375108446892090736
unknown 0100010110101000000111001010010011101010 40 89407 320000001 3461529967690953378648 967140652669388801 3461375108446892090736
unknown 0100010110101000000111001010100101010110 40 89407 320000001 3461529967690953378648 967140652669388801 3461375108446892090736
unknown 0100010110101000000111001010100101011010 40 89407 320000001 3461529967690953378648 967140652669388801 3461375108446892090736
unknown 0100010110101000000111001010100101101010 40 89407 320000001 3461529967690953378648 967140652669388801 3461375108446892090736
unknown 0100010110101000000111001010100110101010 40 89410 320000001 3461413821958897983725 967140652669388801 3461258973106505342841
unknown 0100010110101000000111001010110100010110 40 10000001 46650868 30948497887284718145 6634067555213443590 30948485507891752927
unknown 0100010110101000000111001010111000101010 40 131359 320000001 2356024405037683514071 967140652669388801 2355952664154633106163
unknown 0100010110101000000111001011000011101010 40 89407 320000001 3461529967690953378648 967140652669388801 3461375108446892090736
unknown 0100010110101000000111001011001001010110 40 10000001 49968724 30948497887284718145 6193574401086268858 30948485507891752927
unknown 0100010110101000000111001011001001011010 40 10000001 49965877 30948497887284718145 6193927304054826632 30948485507891752927
unknown 0100010110101000000111001011001001101010 40 89409 320000001 3461452536336890790914 967140652669388801 3461297684020724824408
unknown 0100010110101000000111001011010000110110 40 10000001 39993682 30948497887284718145 7738347517524019638 30948485507891752927
unknown 0100010110101000000111001011010000111010 40 10000001 39991926 30948497887284718145 7738687299565043923 30948485507891752927
unknown 0100010110101000000111001011010010010110 40 10000001 49968723 30948497887284718145 6193574525035291952 30948485507891752927
unknown 0100010110101000000111001011010010011010 40 10000001 30006327 30948497887284718145 10313991773179871990 30948485507891752927
unknown 0100010110101000000111001011011000011010 40 63229 320000001 4894668740947113962340 967140652669388801 4894359113458875408803
unknown 0100010110101000000111001011011001001010 40 10000001 49970345 30948497887284718145 6193373486241591263 30948485507891752927
unknown 0100010110101000000111001011100100101010 40 107278 320000001 2884887952994510232525 967140652669388801 2884780390199148680346
unknown 0100010110101000000111001011101001001010 40 10000001 39996842 30948497887284718145 7737736139801864076 30948485507891752927
unknown 0100010110101000000111001100100011010110 40 89426 320000001 3460794509665478370103 967140652669388801 3460639716217657035948
unknown 0100010110101000000111001100101110110110 40 87600 320000001 3532933902070149186356 967140652669388801 3532772588253333965627
unknown 0100010110101000000111001110010110110110 40 87600 320000001 3532933902070149186356 967140652669388801 3532772588253333965627
unknown 0100010110101000000111001110010111010110 40 87600 320000001 3532933902070149186356 967140652669388801 3532772588253333965627
unknown 0100010110101000000111001110011001110110 40 123998 320000001 2495887109641648000168 967140652669388801 2495806598452807767011
unknown 0100010110101000000111001110011100110110 40 6334106 320000001 48860093250941027625 967140652669388801 48860062395718588520
unknown 0100010110101000000111001110011100111010 40 10000001 148713669 30948497887284718145 2081079781720300834 30948485507891752927
unknown 0100010110101000010000010111010011101010 40 2271247 320000001 136262154587918033013 967140652669388801 136261914610646321664
unknown 0100010110101000010000011100101101011010 40 87603 320000001 3532812915326473622191 967140652669388801 3532651612557730189652
unknown 0100010110101000010000011100101101101010 40 87603 320000001 3532812915326473622191 967140652669388801 3532651612557730189652
unknown 0100010110101000010000011100101110101010 40 107277 320000001 2884914844946680730491 967140652669388801 2884807280146019040882
unknown 0100010110101000010000011100110110011010 40 75871 320000001 4079094908744382817214 967140652669388801 4078879865849687890937
unknown 0100010110101000010000011100111010011010 40 75871 320000001 4079094908744382817214 967140652669388801 4078879865849687890937
unknown 0100010110101000010000011110010110101010 40 107286 320000001 2884672835424426940373 967140652669388801 2884565288669447932937
unknown 0100010110101000010001011010011101000110 40 10000001 34999992 30948497887284718145 8842430873165487259 30948485507891752927
unknown 0100010110101000010001101001011000001010 40 10000001 34999994 30948497887284718145 8842430367883636458 30948485507891752927
unknown 0100010110101000010001110010110101000110 40 10000001 34999999 30948497887284718145 8842429104679262098 30948485507891752927
unknown 0100010110101000010001110011010011000110 40 10000001 36666662 30948497887284718145 8440501342100490869 30948485507891752927
unknown 0100010110101000010010000101110100111010 40 2274901 320000001 136043287079897133425 967140652669388801 136043047872919998297
unknown 0100010110101000010010000111001011010110 40 107280 320000001 2884834170594193407204 967140652669388801 2884726611809263904448
unknown 0100010110101000010010000111001011011010 40 107280 320000001 2884834170594193407204 967140652669388801 2884726611809263904448
unknown 0100010110101000010010000111001011101010 40 107280 320000001 2884834170594193407204 967140652669388801 2884726611809263904448
unknown 0100010110101000010110000001110011011010 40 151676 320000001 2040434939089539997922 967140652669388801 2040381130151272868703
unknown 0100010110101000010110000001110011101010 40 10000001 79167891 30948497887284718145 3909223877409404133 30948485507891752927
unknown 0100010110101000010110000110011000111010 40 10000001 36666679 30948497887284718145 8440497428778457649 30948485507891752927
unknown 0100010110101000010110001100101101000110 40 10000001 35000051 30948497887284718145 8842415967375163789 30948485507891752927
unknown 0100010110101000010110011000110000110110 40 10000001 39990526 30948497887284718145 7738958217787509690 30948485507891752927
unknown 0100010110101000010110011001011000101010 40 10000001 40000098 30948497887284718145 7737106289623217142 30948485507891752927
unknown 0100010110101000010110011001100000111010 40 10000001 33333466 30948497887284718145 9284513342277249799 30948485507891752927
unknown 0100010110101000010110011001100011000110 40 10000001 36000083 30948497887284718145 8596786008002955680 30948485507891752927
unknown 0100010110101000011000000101110100111010 40 1529489 320000001 202345364903797980061 967140652669388801 202344835720951366711
unknown 0100010110101000011000000101111010011010 40 1221864 320000001 253289244810670474558 967140652669388801 253288415623737644922
unknown 0100010110101000011000000110011100111010 40 2261565 320000001 136845507346171818509 967140652669388801 136845265309767276049
unknown 0100010110101000011000000111001011010110 40 71542 320000001 4325920575624738876811 967140652669388801 4325678721680388403612
unknown 0100010110101000011000000111001011011010 40 126416 320000001 2448147464097464472257 967140652669388801 2448070003332898819213
unknown 0100010110101000011000000111001100111010 40 8513464 320000001 36352418923876939954 967140652669388801 36352401843918960960
unknown 0100010110101000011000010110011000111010 40 10000001 38333643 30948497887284718145 8073456775849482105 30948485507891752927
unknown 0100010110101000011000011001011000111010 40 1472056 320000001 210239970368888866134 967140652669388801 210239399087907468938
unknown 0100010110101000011000011001110011000110 40 10000001 35000246 30948497887284718145 8842366702832462056 30948485507891752927
unknown 0100010110101000011001011001011000101010 40 10000001 40000078 30948497887284718145 7737110158168818289 30948485507891752927
unknown 0100010110101000011001100000011001111010 40 8705934 320000001 35548742940314625488 967140652669388801 35548726607212809088
unknown 0100010110101000011001100000011100110110 40 151687 320000001 2040286971337985909965 967140652669388801 2040233170203539225958
unknown 0100010110101000011001100000011100111010 40 10000001 66712052 30948497887284718145 4639116929297049186 30948485507891752927
unknown 0100010110101000011001100110000110001110 40 10000001 36000050 30948497887284718145 8596793888379184716 30948485507891752927
unknown 0100010110101001000110100000011100110110 40 151662 320000001 2040623292725567833240 967140652669388801 2040569473852709695811
unknown 0100010110101001000110100000011100111010 40 10000001 79093797 30948497887284718145 3912885985500798106 30948485507891752927
unknown 0100010110101001001000000101110100111010 40 2274901 320000001 136043287079897133425 967140652669388801 136043047872919998297
unknown 0100010110101001001000000111001011010110 40 107280 320000001 2884834170594193407204 967140652669388801 2884726611809263904448
unknown 0100010110101001001000000111001011011010 40 107280 320000001 2884834170594193407204 967140652669388801 2884726611809263904448
unknown 0100010110101001001000000111001011101010 40 107280 320000001 2884834170594193407204 967140652669388801 2884726611809263904448
unknown 0100011000000101101001011101011000011010 40 91 320000001 3400934173860934821151441 967140652669388801 3257736945487842828681906
unknown 0100011000000101110100111010000101101010 40 1523488 320000001 203142400741814224152 967140652669388801 203141867381873399221
unknown 0100011000000110010111011001101000011010 40 55 320000001 5627000178569910340450565 967140652669388801 5245508641039746927538662
unknown 0100011000000111000011100111101000011010 40 766574 320000001 403724897819838748412 967140652669388801 403722791185430665536
unknown 0100011000000111001011010110000101101010 40 71533 320000001 4326464845894133738622 967140652669388801 4326222931089437196483
unknown 0100011000000111001011011010000101101010 40 71533 320000001 4326464845894133738622 967140652669388801 4326222931089437196483
unknown 0100011000000111001011101010000101101010 40 71533 320000001 4326464845894133738622 967140652669388801 4326222931089437196483
unknown 0100011000000111001101100001010110101010 40 151649 320000001 2040798223670087298465 967140652669388801 2040744395569788060407
unknown 0100011000000111001101100001011001101010 40 151665 320000001 2040582928304784022186 967140652669388801 2040529111560998415793
unknown 0100011000000111100110001110000101101010 40 10000001 49473986 30948497887284718145 6255509912246510090 30948485507891752927
unknown 0100011000010011101100001011010000110110 40 10000001 39987357 30948497887284718145 7739571530605162745 30948485507891752927
unknown 0100011000011001100111000110000101101010 40 10000001 37500057 30948497887284718145 8252921050795871290 30948485507891752927
unknown 0100011000011011000011000000110011110110 40 765364 320000001 404363165528225875172 967140652669388801 404361052227614779721
unknown 0100011000011100000011001111011000011010 40 765378 320000001 404355769072726246019 967140652669388801 404353655849425605417
unknown 0100011000011100011000010110100101101010 40 10000001 36000001 30948497887284718145 8596805589570541088 30948485507891752927
unknown 0100011000011100011100001011010000110110 40 10000001 39993678 30948497887284718145 7738348291481095306 30948485507891752927
unknown 0100011000011100101100011100011000011010 40 10000001 35000014 30948497887284718145 8842425315068304508 30948485507891752927
unknown 0100011000011100101110001010000101101010 40 10000001 42496648 30948497887284718145 7282574612033990745 30948485507891752927
unknown 0100011000011100111000001110000101101010 40 10000001 33334198 30948497887284718145 9284309459652968664 30948485507891752927
unknown 0100011000011100111000011000111000011010 40 10000001 37496648 30948497887284718145 8253671363406805556 30948485507891752927
unknown 0100011000011100111000110000101100011010 40 10000001 33334198 30948497887284718145 9284309459652968664 30948485507891752927
unknown 0100011000011100111000110000101101000110 40 10000001 33333340 30948497887284718145 9284548437730664516 30948485507891752927
unknown 0100011000011101000011000000110011110110 40 765377 320000001 404356297382002684592 967140652669388801 404354184153180009335
unknown 0100011000110000001000110011011100111010 40 143018 320000001 2163958451532989335083 967140652669388801 2163897930537575119386
unknown 0100011000110000001010111010000110110110 40 10000001 49968718 30948497887284718145 6193575144780481836 30948485507891752927
unknown 0100011000110000100010110110000110111010 40 10000001 39990517 30948497887284718145 7738959959466017125 30948485507891752927
unknown 0100011000110000100010111010000110111010 40 10000001 39990516 30948497887284718145 7738960152985899675 30948485507891752927
unknown 0100011000110000100010111011000011011010 40 10000001 49974708 30948497887284718145 6192832778959810405 30948485507891752927
unknown 0100011000110000100010111011010000110110 40 10000001 49977870 30948497887284718145 6192440970800577711 30948485507891752927
unknown 0100011000110000101000111011010000110110 40 10000001 39987355 30948497887284718145 7739571917706111563 30948485507891752927
unknown 0100011000110000101010110100001101101010 40 10000001 40000003 30948497887284718145 7737124665249276825 30948485507891752927
unknown 0100011000110000101011010000110110000010 40 10000001 39996841 30948497887284718145 7737736333260545970 30948485507891752927
unknown 0100011000110000101011010000110110011010 40 10000001 39996841 30948497887284718145 7737736333260545970 30948485507891752927
unknown 0100011000110000101100001110110000110110 40 10000001 39987361 30948497887284718145 7739570756403381277 30948485507891752927
unknown 0100011000110000101100010000101101100010 40 10000001 34996841 30948497887284718145 8843227016442571738 30948485507891752927
unknown 0100011000110000101101000000101110111010 40 1219464 320000001 253787737744898634749 967140652669388801 253786905290950700408
unknown 0100011000110000101101000010001110111010 40 10000001 30000003 30948497887284718145 10316165962428239382 30948485507891752927
unknown 0100011000110000101101000010100110110110 40 10000001 30000003 30948497887284718145 10316165962428239382 30948485507891752927
unknown 0100011000110000101101000010110000010110 40 10000001 32498887 30948497887284718145 9522941810940942954 30948485507891752927
unknown 0100011000110000101101000010110110001110 40 10000001 30071595 30948497887284718145 10291606076144117688 30948485507891752927
unknown 0100011000110000101101000010111010001110 40 10000001 30000015 30948497887284718145 10316161835963917643 30948485507891752927
unknown 0100011000110000101101000011000011101110 40 10000001 36664842 30948497887284718145 8440920318744181926 30948485507891752927
unknown 0100011000110000101101000011000011110110 40 2284668 320000001 135461699389734118360 967140652669388801 135461462223612434838
unknown 0100011000110000101101000011001001110110 40 10000001 30002239 30948497887284718145 10315397121572995560 30948485507891752927
unknown 0100011000110000101101001011010000110110 40 10000001 39997767 30948497887284718145 7737557194664018837 30948485507891752927
unknown 0100011000110010000010110100001101100010 40 10000001 39987355 30948497887284718145 7739571917706111563 30948485507891752927
unknown 0100011001001010000001011010010111010110 40 9697087 320000001 31915255562969071921 967140652669388801 31915242398090836595
unknown 0100011001001010000001100101110110011010 40 80 320000001 3868562622766813359059764 967140652669388801 3684345355016012722914061
unknown 0100011001001010000001110000111001111010 40 767800 320000001 403080242017901886852 967140652669388801 403078142105726290466
unknown 0100011001001101000011000000110011110110 40 766589 320000001 403716998054166011677 967140652669388801 403714891502198779176
unknown 0100011001011000000111001101101000011010 40 151657 320000001 2040690570308954210652 967140652669388801 2040636747887361079809
unknown 0100011001011000110100001011010000110110 40 10000001 39993682 30948497887284718145 7738347517524019638 30948485507891752927
unknown 0100011001011010100000010101101000111010 40 75873 320000001 4078987384462787404278 967140652669388801 4078772352904636038916
unknown 0100011001011010100000010110110000110110 40 10000001 39995533 30948497887284718145 7737989385498252236 30948485507891752927
unknown 0100011001011010100000010111010000110110 40 10000001 39995531 30948497887284718145 7737989772440952684 30948485507891752927
unknown 0100011001011010100000011001011000111010 40 53641 320000001 5769560780398297360691 967140652669388801 5769130577338895865874
unknown 0100011001011010100001100000011100110110 40 176925 320000001 1749244085467543132541 967140652669388801 1749204538664351625369
unknown 0100011001011010100001100000011100111010 40 10000001 113895972 30948497887284718145 2717260359491423180 30948485507891752927
unknown 0100011001100000000111001111011000011010 40 2391973 320000001 129384825757374798430 967140652669388801 129384609392709490403
unknown 0100011001100000010110011101011000011010 40 1914167 320000001 161681300441050895103 967140652669388801 161680962579281092821
unknown 0100011001100000010111010011101000011010 40 1527086 320000001 202663772584743143952 967140652669388801 202663241735159727800
unknown 0100011001100000011001110011101000011010 40 2276396 320000001 135953942030009308014 967140652669388801 135953703137122240698
unknown 0100011001100000011100101101101000011010 40 71537 320000001 4326222931089437196483 967140652669388801 4325981043336619123647
unknown 0100011001100000011100110011101000011010 40 8511855 320000001 36359290638920078964 967140652669388801 36359273552504226013
unknown 0100011001100000011100110110000101101010 40 151670 320000001 2040515657818586857815 967140652669388801 2040461844622974726880
unknown 0100011001100000011100110110000110011010 40 151690 320000001 2040246620221142255421 967140652669388801 2040192821214715603286
unknown 0100011001100000011100111001101000011010 40 176926 320000001 1749234198599103968466 967140652669388801 1749194652242949577374
unknown 0100011001100000011100111010000101101010 40 10000001 41967787 30948497887284718145 7374346658339289340 30948485507891752927
unknown 0100011001100000011100111010000110011010 40 10000001 84274998 30948497887284718145 3672322956582509427 30948485507891752927
unknown 0100011001100000011110011000111000011010 40 10000001 49620486 30948497887284718145 6237041084630752483 30948485507891752927
unknown 0100011001100011000000101110001110011010 40 10000001 39973202 30948497887284718145 7742312207597106400 30948485507891752927
unknown 0100011001100011000010101101000011011010 40 10000001 39996844 30948497887284718145 7737735752884529308 30948485507891752927
unknown 0100011001100011000011000000110011110110 40 767811 320000001 403074467312066470427 967140652669388801 403072367460058827615
unknown 0100011001100110000001110011011000011010 40 151699 320000001 2040125576446417370746 967140652669388801 2040071783823293334508
unknown 0100011001100110000001110011101000011010 40 10000001 84298878 30948497887284718145 3671282669045073990 30948485507891752927
unknown 0100011001100110001100001011010000110110 40 10000001 39993683 30948497887284718145 7738347324034774910 30948485507891752927
unknown 0100011001100110100001100000011100110110 40 151670 320000001 2040515657818586857815 967140652669388801 2040461844622974726880
unknown 0100011001101000000100011001110011010110 40 107287 320000001 2884645947983866346574 967140652669388801 2884538403233682869251
unknown 0100011001101000000101100110001001110110 40 3759171 320000001 82327994608743541788 967140652669388801 82327907006549327639
unknown 0100011001101000000101110011011001110110 40 4881 320000001 63406066343238080050150 967140652669388801 63354147353397148152463
unknown 0100011001101000000111001100100011010110 40 89414 320000001 3461258973106505342841 967140652669388801 3461104138108043891888
unknown 0100011001101000000111001100101110110110 40 87607 320000001 3532651612557730189652 967140652669388801 3532490324517983686122
unknown 0100011001101000000111001110011001110110 40 123872 320000001 2498425873654619839228 967140652669388801 2498345198596540643263
unknown 0100011001101000000111001110011100110110 40 6638787 320000001 46617704382042241863 967140652669388801 46617676293973566682
unknown 0100011001101000000111001110011100111010 40 10000001 114069545 30948497887284718145 2713125662255820068 30948485507891752927
unknown 0100011001101000010000011100110110011010 40 75873 320000001 4078987384462787404278 967140652669388801 4078772352904636038916
unknown 0100011001101000010000011100111010011010 40 75873 320000001 4078987384462787404278 967140652669388801 4078772352904636038916
unknown 0100011001101000010001011010011101000110 40 10000001 34999993 30948497887284718145 8842430620524554640 30948485507891752927
unknown 0100011001101000010001101001011000001010 40 10000001 34999999 30948497887284718145 8842429104679262098 30948485507891752927
unknown 0100011001101000010001110010110101000110 40 10000001 34999995 30948497887284718145 8842430115242732713 30948485507891752927
unknown 0100011001101000010001110011010011000110 40 10000001 36666663 30948497887284718145 8440501111904976702 30948485507891752927
unknown 0100011001101000010110000001110011011010 40 151677 320000001 2040421486588903187199 967140652669388801 2040367678360144439481
unknown 0100011001101000010110000001110011101010 40 10000001 78442937 30948497887284718145 3945352145870635476 30948485507891752927
unknown 0100011001101000010110000110011000111010 40 10000001 36666680 30948497887284718145 8440497198583156935 30948485507891752927
unknown 0100011001101000010110001100101101000110 40 10000001 35000051 30948497887284718145 8842415967375163789 30948485507891752927
unknown 0100011001101000010110011000110000110110 40 10000001 39990527 30948497887284718145 7738958024267723922 30948485507891752927
unknown 0100011001101000010110011001011000101010 40 10000001 40000100 30948497887284718145 7737105902768869796 30948485507891752927
unknown 0100011001101000010110011001100000111010 40 10000001 33333466 30948497887284718145 9284513342277249799 30948485507891752927
unknown 0100011001101000010110011001100011000110 40 10000001 36000084 30948497887284718145 8596785769203901545 30948485507891752927
unknown 0100011001101000011000000101110100111010 40 1525888 320000001 202822887277011857178 967140652669388801 202822355593544673362
unknown 0100011001101000011000000101111010011010 40 1221866 320000001 253288830216525436280 967140652669388801 253288001032307093820
unknown 0100011001101000011000000111001011010110 40 71539 320000001 4326101983831826957671 967140652669388801 4325860109603246561156
unknown 0100011001101000011000000111001011011010 40 71539 320000001 4326101983831826957671 967140652669388801 4325860109603246561156
unknown 0100011001101000011000000111001011101010 40 71539 320000001 4326101983831826957671 967140652669388801 4325860109603246561156
unknown 0100011001101000011000010110011000111010 40 10000001 38333641 30948497887284718145 8073457197069933136 30948485507891752927
unknown 0100011001101000011000011001011000111010 40 1472057 320000001 210239827548352454236 967140652669388801 210239256268147222653
unknown 0100011001101000011000011001110011000110 40 10000001 35000247 30948497887284718145 8842366450195196301 30948485507891752927
unknown 0100011001101000011001011001011000101010 40 10000001 40000079 30948497887284718145 7737109964741446354 30948485507891752927
unknown 0100011001101000011001100000011001111010 40 8705935 320000001 35548738857037764322 967140652669388801 35548722523939700098
unknown 0100011001101000011001100000011100110110 40 151688 320000001 2040273520788362090112 967140652669388801 2040219720363269445487
unknown 0100011001101000011001100000011100111010 40 10000001 53210000 30948497887284718145 5816294114289514541 30948485507891752927
unknown 0100011001101000011001100110000110001110 40 10000001 36000049 30948497887284718145 8596794127178689916 30948485507891752927
unknown 0100011001101001000110100000011100110110 40 151677 320000001 2040421486588903187199 967140652669388801 2040367678360144439481
unknown 0100011001101001000110100000011100111010 40 10000001 64278088 30948497887284718145 4814782446879021491 30948485507891752927
unknown 0100011010000000011001011110111001110110 40 50578 320000001 6118964961472281796924 967140652669388801 6118481076694181106417
unknown 0100011010000000011001111001011110111010 40 135669 320000001 2281177054606026938540 967140652669388801 2281109799454166036904
unknown 0100011010000000011100101111011100110110 40 22626 320000001 13678290896373422996764 967140652669388801 13675873169303803302024
unknown 0100011010000000011100101111011100111010 40 22626 320000001 13678290896373422996764 967140652669388801 13675873169303803302024
unknown 0100011010000001000101100011101001110110 40 75867 320000001 4079309974314854531283 967140652669388801 4079094908744382817214
unknown 0100011010000001000101100111010011010110 40 476266 320000001 649815459892885632661 967140652669388801 649810002354431454270
unknown 0100011010000001000110000111100111010110 40 766583 320000001 403720157923336505930 967140652669388801 403718051338393514011
unknown 0100011010000001000110011000111001110110 40 75870 320000001 4079148673011006573413 967140652669388801 4078933624447703676158
unknown 0100011010000001000110011100011001110110 40 75870 320000001 4079148673011006573413 967140652669388801 4078933624447703676158
unknown 0100011010000001000110011100101101010110 40 92908 320000001 3331091077424388305903 967140652669388801 3330947668991573410591
unknown 0100011010000001001001011010010111010110 40 9697088 320000001 31915252271748494881 967140652669388801 31915239106872974777
unknown 0100011010000001001001100101110110011010 40 81 320000001 3820802590386976157096063 967140652669388801 3641000115545236102644484
unknown 0100011010000001001001110000111001111010 40 767801 320000001 403079717037806760769 967140652669388801 403077617131101085204
unknown 0100011010000001010001101010010111010110 40 9142975 320000001 33849486608171308434 967140652669388801 33849471799218292936
unknown 0100011010000001010010011010010111010110 40 9697088 320000001 31915252271748494881 967140652669388801 31915239106872974777
unknown 0100011010000001010010100101110110011010 40 81 320000001 3820802590386976157096063 967140652669388801 3641000115545236102644484
unknown 0100011010000001010010110000111001111010 40 767801 320000001 403079717037806760769 967140652669388801 403077617131101085204
unknown 0100011010000001010100101010010111010110 40 9697088 320000001 31915252271748494881 967140652669388801 31915239106872974777
unknown 0100011010000001010110100101110101100010 40 90 320000001 3438722331348278541386457 967140652669388801 3292393721503670943880650
unknown 0100011010000001010111000000010110011010 40 88510 320000001 3496610663443058058127 967140652669388801 3496452649539565139129
unknown 0100011010000001010111001011010110110110 40 92 320000001 3363967498058098573095447 967140652669388801 3223802185639011132549803
unknown 0100011010000001010111001101100111011010 40 4864 320000001 63627674716559430247694 967140652669388801 63575392321558148875264
unknown 0100011010000001011000100101110110011010 40 54 320000001 5731203885580464235644094 967140652669388801 5335948445195604633185881
unknown 0100011010000001011001001010010111010110 40 10000001 179998714 30948497887284718145 1719373449642229493 30948485507891752927
unknown 0100011010000001011001011101100110001010 40 19122 320000001 16184761521877683752996 967140652669388801 16181376650702973372623
unknown 0100011010000001011001011101100110100010 40 54 320000001 5731203885580464235644094 967140652669388801 5335948445195604633185881
unknown 0100011010000001011001011101100110110110 40 2438 320000001 126942169738041455588508 967140652669388801 126734238256079061721860
unknown 0100011010000001011001011101100111010110 40 71524 320000001 4327009253136640410559 967140652669388801 4326767277448622479656
unknown 0100011010000001011010010001011011010110 40 10000001 199998174 30948497887284718145 1547439177226413421 30948485507891752927
unknown 0100011010000001011010010010010111010110 40 10000001 179998400 30948497887284718145 1719376449020352785 30948485507891752927
unknown 0100011010000001011010010100100111010110 40 10000001 179998401 30948497887284718145 1719376439468176547 30948485507891752927
unknown 0100011010000001011010010101001011010110 40 10000001 179998402 30948497887284718145 1719376429916000414 30948485507891752927
unknown 0100011010000001011010010101110101100010 40 86 320000001 3598662904899361264241641 967140652669388801 3438722331348278541386457
unknown 0100011010000001011010010111001001010110 40 10000001 104999476 30948497887284718145 2947490993396434367 30948485507891752927
unknown 0100011010000001011010010111001100010110 40 10000001 244998334 30948497887284718145 1263212711566214441 30948485507891752927
unknown 0100011010000001011010010111010010010110 40 10000001 104999477 30948497887284718145 2947490965324951750 30948485507891752927
unknown 0100011010000001011010010111011001100010 40 14034 320000001 22052516019762367730140 967140652669388801 22046232356556850600142
unknown 0100011010000001011011001011101100110110 40 2436 320000001 127046391552276300790141 967140652669388801 126838118779239782264255
unknown 0100011010000001011011001011101100111010 40 10000001 159818221 30948497887284718145 1936481384193014317 30948485507891752927
unknown 0100011010000001011100001110011110100010 40 767802 320000001 403079192059079122906 967140652669388801 403077092157843346790
unknown 0100011010000001011100010010111011000110 40 143000 320000001 2164230837911503977097 967140652669388801 2164170301679289171805
unknown 0100011010000001011100101011010110110110 40 88 320000001 3516875111606193962781603 967140652669388801 3363967498058098573095447
unknown 0100011010000001011100101101101001110110 40 92 320000001 3363967498058098573095447 967140652669388801 3223802185639011132549803
unknown 0100011010000001011100110011011001110110 40 180 320000001 1719361165674139270693229 967140652669388801 1681983749029049286547724
unknown 0100011010000001011100111001110011101010 40 10000001 149685846 30948497887284718145 2067563621354988158 30948485507891752927
unknown 0100011010000001011101001011101100110110 40 4872 320000001 63523195776138150395071 967140652669388801 63471084869020727794254
unknown 0100011010000001011101001011101100111010 40 1521130 320000001 203457304649402134417 967140652669388801 203456769634591737957
unknown 0100011010000001100001011110111001110110 40 54 320000001 5731203885580464235644094 967140652669388801 5335948445195604633185881
unknown 0100011010000001100001011110111001111010 40 89407 320000001 3461529967690953378648 967140652669388801 3461375108446892090736
unknown 0100011010000001100100010110100110110110 40 63225 320000001 4894978407613207888095 967140652669388801 4894668740947113962340
unknown 0100011010000001100100010110100111010110 40 475626 320000001 650689848371083726972 967140652669388801 650684376135536170395
unknown 0100011010000001100100100101110110011010 40 80 320000001 3868562622766813359059764 967140652669388801 3684345355016012722914061
unknown 0100011010000001100101000110101100110110 40 476585 320000001 649380508873223178919 967140652669388801 649375058638250292653
unknown 0100011010000001100101000110101100111010 40 63228 320000001 4894746153940423051889 967140652669388801 4894436516658417711362
unknown 0100011010000001100101001001110110011010 40 80 320000001 3868562622766813359059764 967140652669388801 3684345355016012722914061
unknown 0100011010000001100101010010110110011010 40 80 320000001 3868562622766813359059764 967140652669388801 3684345355016012722914061
unknown 0100011010000001100101011101100110001010 40 19122 320000001 16184761521877683752996 967140652669388801 16181376650702973372623
unknown 0100011010000001100101011101100110100010 40 54 320000001 5731203885580464235644094 967140652669388801 5335948445195604633185881
unknown 0100011010000001100101011101100110110110 40 2438 320000001 126942169738041455588508 967140652669388801 126734238256079061721860
unknown 0100011010000001100101011101100111010110 40 71526 320000001 4326888261909586286453 967140652669388801 4326646299753181444496
unknown 0100011010000001100101110010010110011010 40 379 320000001 816583139370303611411032 967140652669388801 808054855930404879176975
unknown 0100011010000001100101110011011001110110 40 5762 320000001 53711386640288974093159 967140652669388801 53674125879525679626220
unknown 0100011010000001100101110110000110001110 40 75863 320000001 4079525062564689884724 967140652669388801 4079309974314854531283
unknown 0100011010000001100101110110000111000110 40 10000001 59978058 30948497887284718145 5159970498233621848 30948485507891752927
unknown 0100011010000001100101110110010001101010 40 10000001 80000050 30948497887284718145 3868560204916685287 30948485507891752927
unknown 0100011010000001100101110110010010011010 40 10000001 70000110 30948497887284718145 4421207478407463485 30948485507891752927
unknown 0100011010000001100101110110010100101010 40 10000001 70000111 30948497887284718145 4421207415247456804 30948485507891752927
unknown 0100011010000001100101110110010110001010 40 52 320000001 5951634804256635937015021 967140652669388801 5526518032524019084371091
unknown 0100011010000001100101110110010110100010 40 52 320000001 5951634804256635937015021 967140652669388801 5526518032524019084371091
unknown 0100011010000001100101110110010110110110 40 1928 320000001 160521270654224620707874 967140652669388801 160188928478957074909307
unknown 0100011010000001100101110110010111010110 40 87596 320000001 3533095230619492542180 967140652669388801 3532933902070149186356
unknown 0100011010000001100101110110011000000010 40 15256 320000001 20286117581367663130885 967140652669388801 20280800119354198474757
unknown 0100011010000001100101110110011000001110 40 52 320000001 5951634804256635937015021 967140652669388801 5526518032524019084371091
unknown 0100011010000001100101110110011000011010 40 16000 320000001 19342813113834066795299 967140652669388801 19337978619179271977305
unknown 0100011010000001100101110110011001001010 40 10000001 70000163 30948497887284718145 4421204130929596103 30948485507891752927
unknown 0100011010000001100101110110011001100010 40 52 320000001 5951634804256635937015021 967140652669388801 5526518032524019084371091
unknown 0100011010000001100101110110011100110110 40 71528 320000001 4326767277448622479656 967140652669388801 4326525328822695698776
unknown 0100011010000001100101110110011100111010 40 71528 320000001 4326767277448622479656 967140652669388801 4326525328822695698776
unknown 0100011010000001100110010111011001100010 40 14034 320000001 22052516019762367730140 967140652669388801 22046232356556850600142
unknown 0100011010000001100111001011101100110110 40 3653 320000001 84720780131767059601638 967140652669388801 84628113158694303725672
unknown 0100011010000001100111001011101100111010 40 10000001 192197522 30948497887284718145 1610244536978708127 30948485507891752927
unknown 0100011010000001100111001110011100111010 40 10000001 144686062 30948497887284718145 2139010527643948653 30948485507891752927
unknown 0100011010000001110000100100111001111010 40 1524648 320000001 202987843634297928916 967140652669388801 202987311085641227458
unknown 0100011010000001110000101001011001111010 40 1524648 320000001 202987843634297928916 967140652669388801 202987311085641227458
unknown 0100011010000001110000101110001001111010 40 760569 320000001 406912469245190204604 967140652669388801 406910329214086049235
unknown 0100011010000001110000101110011110100010 40 765356 320000001 404367392195716854281 967140652669388801 404365278850926451245
unknown 0100011010000001110000101110011110101110 40 765356 320000001 404367392195716854281 967140652669388801 404365278850926451245
unknown 0100011010000001110000101110111001111010 40 9697020 320000001 31915476076294064437 967140652669388801 31915462911233907303
unknown 0100011010000001110000101111011001111010 40 10000001 127998674 30948497887284718145 2417876686920561918 30948485507891752927
unknown 0100011010000001110000110000111100111010 40 766581 320000001 403721211224052081548 967140652669388801 403719104628116997756
unknown 0100011010000001110000110010110001111010 40 1472910 320000001 210118072266021052695 967140652669388801 210117501647309393981
unknown 0100011010000001110000110011110011000110 40 10000001 35000199 30948497887284718145 8842378576800236728 30948485507891752927
unknown 0100011010000001110000111001001001111010 40 1524648 320000001 202987843634297928916 967140652669388801 202987311085641227458
unknown 0100011010000001110000111001010010111010 40 1524648 320000001 202987843634297928916 967140652669388801 202987311085641227458
unknown 0100011010000001110000111001011110100010 40 1525836 320000001 202829799415759667963 967140652669388801 202829267696052711114
unknown 0100011010000001110000111001011110101110 40 2271213 320000001 136264194428855888341 967140652669388801 136263954444399222411
unknown 0100011010000001110000111001011110111010 40 10000001 201755624 30948497887284718145 1533959766203816300 30948485507891752927
unknown 0100011010000001110000111001111001001010 40 10000001 40153101 30948497887284718145 7707624121517913865 30948485507891752927
unknown 0100011010000001110000111001111001111010 40 10000001 52380856 30948497887284718145 5908361058882754202 30948485507891752927
unknown 0100011010000001110000111100111001111010 40 10000001 74999543 30948497887284718145 4126491941708832396 30948485507891752927
unknown 0100011010000001110010010000111001111010 40 1524648 320000001 202987843634297928916 967140652669388801 202987311085641227458
unknown 0100011010000001110010111001011010110110 40 110 320000001 2813500089284955170225283 967140652669388801 2714780787906535690568255
unknown 0100011010000001110011001000101101010110 40 72268 320000001 4282462636593583172702 967140652669388801 4282225617408471727983
unknown 0100011010000001110011001011101100110110 40 3654 320000001 84697594368184200526761 967140652669388801 84604978081286240766753
unknown 0100011010000001110011001011101100111010 40 1521164 320000001 203452757113200857189 967140652669388801 203452222122306720050
unknown 0100011010000001110011001100101110110110 40 101138 320000001 3060026991055242032914 967140652669388801 3059905972013061524637
unknown 0100011010000001110011100111001110011010 40 9961183 320000001 31069101915038110306 967140652669388801 31069089438973996646
unknown 0100011010000100000101101001011101011010 40 8421173 320000001 36750819609256937095 967140652669388801 36750802152875431633
unknown 0100011010000100000101110011010110011010 40 75867 320000001 4079309974314854531283 967140652669388801 4079094908744382817214
unknown 0100011010000100000101110011011010011010 40 75867 320000001 4079309974314854531283 967140652669388801 4079094908744382817214
unknown 0100011010000100000101110011101010011010 40 75867 320000001 4079309974314854531283 967140652669388801 4079094908744382817214
unknown 0100011010000100000110010111011001101010 40 81 320000001 3820802590386976157096063 967140652669388801 3641000115545236102644484
unknown 0100011010000100000111000011100111101010 40 766583 320000001 403720157923336505930 967140652669388801 403718051338393514011
unknown 0100011010000100000111000011110110011010 40 75870 320000001 4079148673011006573413 967140652669388801 4078933624447703676158
unknown 0100011010000100000111001011010110011010 40 75870 320000001 4079148673011006573413 967140652669388801 4078933624447703676158
unknown 0100011010000100000111001011011010011010 40 75870 320000001 4079148673011006573413 967140652669388801 4078933624447703676158
unknown 0100011010000100000111001011101010011010 40 75870 320000001 4079148673011006573413 967140652669388801 4078933624447703676158
unknown 0100011010000100000111001100110110011010 40 75870 320000001 4079148673011006573413 967140652669388801 4078933624447703676158
unknown 0100011010000100000111001100111010011010 40 75870 320000001 4079148673011006573413 967140652669388801 4078933624447703676158
unknown 0100011010000100000111001110011010011010 40 75870 320000001 4079148673011006573413 967140652669388801 4078933624447703676158
unknown 0100011010000100010101101001110101000110 40 10000001 34444454 30948497887284718145 8985046179606884427 30948485507891752927
unknown 0100011010000100010110000010011101000110 40 10000001 34999991 30948497887284718145 8842431125806434314 30948485507891752927
unknown 0100011010000100010110001110011101000110 40 10000001 34999991 30948497887284718145 8842431125806434314 30948485507891752927
unknown 0100011010000100010110011010011101000110 40 10000001 34999991 30948497887284718145 8842431125806434314 30948485507891752927
unknown 0100011010000100010110100101101101000110 40 10000001 33999996 30948497887284718145 9102501359745603168 30948485507891752927
unknown 0100011010000100010110100101110101000110 40 10000001 33750005 30948497887284718145 9169924858421356345 30948485507891752927
unknown 0100011010000100010110110010110101000110 40 10000001 33999996 30948497887284718145 9102501359745603168 30948485507891752927
unknown 0100011010000100010110110011011001100010 40 10000001 39999973 30948497887284718145 7737130468096692684 30948485507891752927
unknown 0100011010000100010111001011010101000110 40 10000001 35000011 30948497887284718145 8842426072990236167 30948485507891752927
unknown 0100011010000100010111001110001101000110 40 10000001 32500035 30948497887284718145 9522605431697075672 30948485507891752927
unknown 0100011010000100010111001110101000001110 40 10000001 32500035 30948497887284718145 9522605431697075672 30948485507891752927
unknown 0100011010000100010111010011101000001110 40 10000001 32499991 30948497887284718145 9522618323843384103 30948485507891752927
unknown 0100011010000100011000000110011111011010 40 766586 320000001 403718577982568255519 967140652669388801 403716471414113240096
unknown 0100011010000100011001101001011000001010 40 10000001 35000056 30948497887284718145 8842414704174903856 30948485507891752927
unknown 0100011010000100011010010110000000001010 40 10000001 31666673 30948497887284718145 9773208881821752122 30948485507891752927
unknown 0100011010000100011010010110000110001010 40 10000001 35714274 30948497887284718145 8665583117308924402 30948485507891752927
unknown 0100011010000100011010010110011000001010 40 10000001 33333360 30948497887284718145 9284542867006058457 30948485507891752927
unknown 0100011010000100011100000011001111011010 40 765378 320000001 404355769072726246019 967140652669388801 404353655849425605417
unknown 0100011010000100011100001110110011000110 40 10000001 36666604 30948497887284718145 8440514693461796155 30948485507891752927
unknown 0100011010000100011100101011010101000110 40 10000001 34285715 30948497887284718145 9026645931734107594 30948485507891752927
unknown 0100011010000100011100101100000101000110 40 10000001 34999998 30948497887284718145 8842429357320108097 30948485507891752927
unknown 0100011010000100011100101100011101000110 40 10000001 34999998 30948497887284718145 8842429357320108097 30948485507891752927
unknown 0100011010000100011100101100110101000110 40 10000001 34999998 30948497887284718145 8842429357320108097 30948485507891752927
unknown 0100011010000100011100101101010011000110 40 10000001 36666681 30948497887284718145 8440496968387868778 30948485507891752927
unknown 0100011010000100011100101110001101000110 40 10000001 32500024 30948497887284718145 9522608654730380160 30948485507891752927
unknown 0100011010000100011100101110101000001110 40 10000001 32500024 30948497887284718145 9522608654730380160 30948485507891752927
unknown 0100011010000100011100110011010011000110 40 10000001 36666653 30948497887284718145 8440503413860683405 30948485507891752927
unknown 0100011010000100011100110100110011000110 40 10000001 33333411 30948497887284718145 9284528661688570328 30948485507891752927
unknown 0100011010000100011101000000110011110110 40 765378 320000001 404355769072726246019 967140652669388801 404353655849425605417
unknown 0100011010000100100001011010010111010110 40 9697088 320000001 31915252271748494881 967140652669388801 31915239106872974777
unknown 0100011010000100100001100101110110011010 40 81 320000001 3820802590386976157096063 967140652669388801 3641000115545236102644484
unknown 0100011010000100100001110000111001111010 40 767801 320000001 403079717037806760769 967140652669388801 403077617131101085204
unknown 0100011010000101001101000000110011110110 40 766590 320000001 403716471414113240096 967140652669388801 403714364867641892221
unknown 0100011010000101011000000111001101101010 40 151663 320000001 2040609837741209581275 967140652669388801 2040556019578056325535
unknown 0100011010000101011000000111001110101010 40 5914030 320000001 52330645908347618921 967140652669388801 52330610514133849878
unknown 0100011010000101011000001010010110001010 40 10000001 35714286 30948497887284718145 8665580205673020279 30948485507891752927
unknown 0100011010000101011000011001100011101010 40 10000001 36250039 30948497887284718145 8537508327131594775 30948485507891752927
unknown 0100011010000101011000101000011100111010 40 10000001 57661165 30948497887284718145 5367304143461982927 30948485507891752927
unknown 0100011010000101011000101001011000001010 40 10000001 34000053 30948497887284718145 9102486099693581911 30948485507891752927
unknown 0100011010000101011001100011000011011010 40 10000001 39993688 30948497887284718145 7738346356588696415 30948485507891752927
unknown 0100011010000101011001100101100010101010 40 10000001 40000144 30948497887284718145 7737097391983015580 30948485507891752927
unknown 0100011010000101100000000111110110011010 40 1218001 320000001 254092574489959424274 967140652669388801 254091740035012227967
unknown 0100011010000101100000010111010011101010 40 1523499 320000001 203140934008716165042 967140652669388801 203140400656477255854
unknown 0100011010000101100000010111101010011010 40 1217221 320000001 254255398010176515789 967140652669388801 254254562485444407341
unknown 0100011010000101100000011001100000111010 40 10000001 39999944 30948497887284718145 7737136077524135252 30948485507891752927
unknown 0100011010000101100000011001110011101010 40 2266807 320000001 136529051578429512846 967140652669388801 136528810660149906069
unknown 0100011010000101100000011100101101011010 40 71537 320000001 4326222931089437196483 967140652669388801 4325981043336619123647
unknown 0100011010000101100000011100101101101010 40 71537 320000001 4326222931089437196483 967140652669388801 4325981043336619123647
unknown 0100011010000101100000011100101110101010 40 71535 320000001 4326343885110017036763 967140652669388801 4326101983831826957671
unknown 0100011010000101100000011100110011101010 40 8305492 320000001 37262694349876571879 967140652669388801 37262676403834890623
unknown 0100011010000101100000011100111010011010 40 606186 320000001 510544634520337105649 967140652669388801 510541265645004155009
unknown 0100011010000101100000100110011000001110 40 10000001 33333353 30948497887284718145 9284544816758910174 30948485507891752927
unknown 0100011010000101100001011100010110011010 40 10000001 35714320 30948497887284718145 8665571956048584118 30948485507891752927
unknown 0100011010000101100001100101100011101010 40 1472053 320000001 210240398831662357759 967140652669388801 210239827548352454236
unknown 0100011010000101100001100110011000111010 40 10000001 36666762 30948497887284718145 8440478322611226722 30948485507891752927
unknown 0100011010000101100001100111000001111010 40 10000001 33333381 30948497887284718145 9284537017752416676 30948485507891752927
unknown 0100011010000101100001100111001100011010 40 10000001 35000267 30948497887284718145 8842361397452912823 30948485507891752927
unknown 0100011010000101100001110000011110011010 40 10000001 32500046 30948497887284718145 9522602208665952926 30948485507891752927
unknown 0100011010000101100001110011000111000110 40 10000001 36666734 30948497887284718145 8440484768055564173 30948485507891752927
unknown 0100011010000101100001110011100011000110 40 10000001 35717919 30948497887284718145 8664698797859558076 30948485507891752927
unknown 0100011010000101100010000111001011101010 40 10000001 59224273 30948497887284718145 5225644725454799061 30948485507891752927
unknown 0100011010000101100010011000010111010110 40 143559 320000001 2155803605634931064753 967140652669388801 2155743539918677296552
unknown 0100011010000101100010011000011100111010 40 10000001 57661144 30948497887284718145 5367306098216592247 30948485507891752927
unknown 0100011010000101100010011001011000001010 40 10000001 34000053 30948497887284718145 9102486099693581911 30948485507891752927
unknown 0100011010000101100011000000101111010110 40 1218776 320000001 253931001120259234449 967140652669388801 253930167726205770299
unknown 0100011010000101100011000000111100110110 40 10000001 30000007 30948497887284718145 10316164586939765339 30948485507891752927
unknown 0100011010000101100011000010101110101010 40 1217995 320000001 254093826182656799679 967140652669388801 254092991719488331867
unknown 0100011010000101100011000010110110001110 40 10000001 30002242 30948497887284718145 10315396090110368043 30948485507891752927
unknown 0100011010000101100011000010111010001110 40 10000001 32500023 30948497887284718145 9522608947733516027 30948485507891752927
unknown 0100011010000101100011000011000011110110 40 1449429 320000001 213522021307249315921 967140652669388801 213521432050563957579
unknown 0100011010000101100011000011001011101010 40 968242 320000001 319636010234368131857 967140652669388801 319634689759983587565
unknown 0100011010000101100011001011000001000110 40 10000001 35000050 30948497887284718145 8842416220015259085 30948485507891752927
unknown 0100011010000101100011001011001101000110 40 10000001 35000050 30948497887284718145 8842416220015259085 30948485507891752927
unknown 0100011010000101100011001011010000110110 40 10000001 39993684 30948497887284718145 7738347130545539859 30948485507891752927
unknown 0100011010000101100101100101100010101010 40 10000001 40000124 30948497887284718145 7737101260519719107 30948485507891752927
unknown 0100011010000101100101100110000011101010 40 10000001 33333486 30948497887284718145 9284507771594758158 30948485507891752927
unknown 0100011010000101100101100110001101000110 40 10000001 36000096 30948497887284718145 8596782903616286711 30948485507891752927
unknown 0100011010000101100110000001100111101010 40 8784591 320000001 35230440417925554955 967140652669388801 35230424376006528329
unknown 0100011010000101100110000001110011011010 40 151680 320000001 2040381130151272868703 967140652669388801 2040327324050955069255
unknown 0100011010000101100110000001110011101010 40 10000001 47142419 30948497887284718145 6564894555397020860 30948485507891752927
unknown 0100011010000101100110000110011000111010 40 10000001 36666703 30948497887284718145 8440491904094705999 30948485507891752927
unknown 0100011010000101100110001100101101000110 40 10000001 35000115 30948497887284718145 8842399798439092807 30948485507891752927
unknown 0100011010000101100110010110000000101010 40 10000001 32500136 30948497887284718145 9522575838493262574 30948485507891752927
unknown 0100011010000101100110010110001010011010 40 10000001 40000105 30948497887284718145 7737104935633170682 30948485507891752927
unknown 0100011010000101100110010110011000101010 40 10000001 40000064 30948497887284718145 7737112866153040874 30948485507891752927
unknown 0100011010000101100110011000001110011010 40 10000001 33333465 30948497887284718145 9284513620811549857 30948485507891752927
unknown 0100011010000101100110011001011000101010 40 10000001 40000164 30948497887284718145 7737093523450180573 30948485507891752927
unknown 0100011010000101100110011001100000111010 40 10000001 33333527 30948497887284718145 9284496351716548589 30948485507891752927
unknown 0100011010000101100110011001100011000110 40 10000001 36000134 30948497887284718145 8596773829268109634 30948485507891752927
unknown 0100011010000110000001000111010011110110 40 1522271 320000001 203304805662950334550 967140652669388801 203304271449866199422
unknown 0100011010000110000001010011010011110110 40 1524656 320000001 202986778539778854198 967140652669388801 202986245996710787143
unknown 0100011010000110000001011000110011110110 40 759431 320000001 407522223640258389143 967140652669388801 407520077190733991356
unknown 0100011010000110000001011001111011000110 40 764149 320000001 405006104596544742878 967140652669388801 405003984570295567413
unknown 0100011010000110000001011010010111010110 40 92 320000001 3363967498058098573095447 967140652669388801 3223802185639011132549803
unknown 0100011010000110000001100100011011101110 40 1522271 320000001 203304805662950334550 967140652669388801 203304271449866199422
unknown 0100011010000110000001100100011111010110 40 966190 320000001 320314855071305921946 967140652669388801 320313528982114429116
unknown 0100011010000110000001100101001111010110 40 1524656 320000001 202986778539778854198 967140652669388801 202986245996710787143
unknown 0100011010000110000001100101110110011010 40 56 320000001 5526518032524019084371091 967140652669388801 5158083497022417812079685
unknown 0100011010000110000001100111100001111010 40 4251556 320000001 72793351380375812697 967140652669388801 72793282894124760965
unknown 0100011010000110000001100111100100111010 40 10000001 30305810 30948497887284718145 10212068571054364452 30948485507891752927
unknown 0100011010000110000001110000111001111010 40 766578 320000001 403722791185430665536 967140652669388801 403720684573007282620
unknown 0100011010000110000100000110011101110110 40 1522271 320000001 203304805662950334550 967140652669388801 203304271449866199422
unknown 0100011010000110000100000110011111011010 40 966190 320000001 320314855071305921946 967140652669388801 320313528982114429116
unknown 0100011010000110000101011000001000111010 40 10000001 39187546 30948497887284718145 7897534839802039881 30948485507891752927
unknown 0100011010000110000101011000101100111010 40 10000001 50737981 30948497887284718145 6099671364955280123 30948485507891752927
unknown 0100011010000110000101011000111000001010 40 3280532 320000001 94339884452078220461 967140652669388801 94339769422236204305
unknown 0100011010000110000101011000111000111010 40 10000001 39226179 30948497887284718145 7889756731629279231 30948485507891752927
unknown 0100011010000110000101011001100011101010 40 10000001 38753363 30948497887284718145 7986016847656423231 30948485507891752927
unknown 0100011010000110000101011001110001011010 40 10000001 42706980 30948497887284718145 7246707911009981711 30948485507891752927
unknown 0100011010000110000101011100011101000110 40 10000001 36533786 30948497887284718145 8471200050861004899 30948485507891752927
unknown 0100011010000110000101011100110001011010 40 10000001 42689401 30948497887284718145 7249692021243049738 30948485507891752927
unknown 0100011010000110000101100000111100110110 40 10000001 34994418 30948497887284718145 8843839318069100870 30948485507891752927
unknown 0100011010000110000101100000111100111010 40 1836489 320000001 168519936586249669193 967140652669388801 168519569538977316399
unknown 0100011010000110000101100010011100111010 40 10000001 50760325 30948497887284718145 6096986373143691825 30948485507891752927
unknown 0100011010000110000101100011100111000110 40 10000001 33335770 30948497887284718145 9283871643623203206 30948485507891752927
unknown 0100011010000110000101100110011000111010 40 10000001 38340938 30948497887284718145 8071920666660400138 30948485507891752927
unknown 0100011010000110000101100111000001111010 40 10000001 36666660 30948497887284718145 8440501802491556873 30948485507891752927
unknown 0100011010000110000101100111000100111010 40 10000001 45731932 30948497887284718145 6767372299542146366 30948485507891752927
unknown 0100011010000110000101100111000111000110 40 10000001 32000082 30948497887284718145 9671381774001237520 30948485507891752927
unknown 0100011010000110000101100111001100010110 40 10000001 39562903 30948497887284718145 7822606187957063432 30948485507891752927
unknown 0100011010000110000101110001001011101010 40 10000001 45597434 30948497887284718145 6787333906143601606 30948485507891752927
unknown 0100011010000110000101110010111000101010 40 10000001 40333092 30948497887284718145 7673227974223872267 30948485507891752927
unknown 0100011010000110000101110011000100110110 40 10000001 40408182 30948497887284718145 7658968914299214668 30948485507891752927
unknown 0100011010000110000101110011000100111010 40 10000001 48303612 30948497887284718145 6407078001151240382 30948485507891752927
unknown 0100011010000110000101110011001100010110 40 10000001 39468216 30948497887284718145 7841373165215906104 30948485507891752927
unknown 0100011010000110000101110011100011000110 40 10000001 36445272 30948497887284718145 8491773907500129749 30948485507891752927
unknown 0100011010000110000110000001100111110110 40 10000001 89912247 30948497887284718145 3442078472595007761 30948485507891752927
unknown 0100011010000110000110010101100011101010 40 1470917 320000001 210402769035469077266 967140652669388801 210402196869407037309
unknown 0100011010000110000110010101110001010110 40 10000001 46045809 30948497887284718145 6721241662218271998 30948485507891752927
unknown 0100011010000110000110010110001100111010 40 1517327 320000001 203967246230604918205 967140652669388801 203966708530534912109
unknown 0100011010000110000110010111001100011010 40 10000001 35000455 30948497887284718145 8842313901957705085 30948485507891752927
unknown 0100011010000110000110011001011000111010 40 1517327 320000001 203967246230604918205 967140652669388801 203966708530534912109
unknown 0100011010000110000110011001110011000110 40 10000001 35000554 30948497887284718145 8842288891237123525 30948485507891752927
unknown 0100011010000110000110011100001100011110 40 10000001 35000013 30948497887284718145 8842425567708933958 30948485507891752927
unknown 0100011010000110000110011100111001100010 40 10000001 39155429 30948497887284718145 7904012744218562099 30948485507891752927
unknown 0100011010000110000111000000110011110110 40 4089228 320000001 75682991953822351976 967140652669388801 75682917922325040185
unknown 0100011010000110000111000011100111000110 40 10000001 32740689 30948497887284718145 9452611391939402031 30948485507891752927
unknown 0100011010000110000111001010110001011010 40 10000001 46605117 30948497887284718145 6640580042344815243 30948485507891752927
unknown 0100011010000110000111001011000100111010 40 10000001 46727922 30948497887284718145 6623128026565038966 30948485507891752927
unknown 0100011010000110000111001011001110001010 40 10000001 39367886 30948497887284718145 7861357092462243686 30948485507891752927
unknown 0100011010000110000111001100001100011110 40 10000001 35000041 30948497887284718145 8842418493776766397 30948485507891752927
unknown 0100011010000110000111001100111001100010 40 10000001 39238319 30948497887284718145 7887315708436568568 30948485507891752927
unknown 0100011010000110000111001110000110001110 40 10000001 33334584 30948497887284718145 9284201951383136167 30948485507891752927
unknown 0100011010000110000111001110000111000110 40 10000001 36419952 30948497887284718145 8497677586761922936 30948485507891752927
unknown 0100011010000110000111001110010110001010 40 10000001 39505364 30948497887284718145 7833999702454205174 30948485507891752927
unknown 0100011010000110000111001110011001100010 40 10000001 39512171 30948497887284718145 7832650092077832644 30948485507891752927
unknown 0100011010000110010000000110011111011010 40 1524656 320000001 202986778539778854198 967140652669388801 202986245996710787143
unknown 0100011010000110010001011000101001001010 40 10000001 36363655 30948497887284718145 8510833408284867644 30948485507891752927
unknown 0100011010000110010001100011001001100010 40 10000001 32000026 30948497887284718145 9671398698905590537 30948485507891752927
unknown 0100011010000110010101100101100010101010 40 10000001 40000104 30948497887284718145 7737105129060291162 30948485507891752927
unknown 0100011010000110010110000001110011011010 40 151683 320000001 2040340775309989047717 967140652669388801 2040286971337985909965
unknown 0100011010000110010110000001110011101010 40 10000001 64659167 30948497887284718145 4786405767048391897 30948485507891752927
unknown 0100011010000110010110001000011100111010 40 10000001 53087744 30948497887284718145 5829688483679869100 30948485507891752927
unknown 0100011010000110010110001100001100111010 40 968239 320000001 319637000597316436051 967140652669388801 319635680114749157727
unknown 0100011010000110010110010110001010011010 40 10000001 40000085 30948497887284718145 7737108804177417842 30948485507891752927
unknown 0100011010000110010110010110011000101010 40 10000001 40000056 30948497887284718145 7737114413573447716 30948485507891752927
unknown 0100011010000110010110011001011000101010 40 10000001 40000127 30948497887284718145 7737100680238966960 30948485507891752927
unknown 0100011010000110011000000001100111110110 40 2644857 320000001 117013891420725229654 967140652669388801 117013714452799246813
unknown 0100011010000110011000000101110100111010 40 1523509 320000001 203139600633370113813 967140652669388801 203139067288132801443
unknown 0100011010000110011000000101111010011010 40 1395059 320000001 221843670999825146267 967140652669388801 221843034917666849974
unknown 0100011010000110011000000110000111110110 40 8726211 320000001 35466138719467712702 967140652669388801 35466122462183784004
unknown 0100011010000110011000000110010111101010 40 8705238 320000001 35551585128556516057 967140652669388801 35551568792842871999
unknown 0100011010000110011000000110011001111010 40 9491778 320000001 32605588733885797659 967140652669388801 32605574993330553602
unknown 0100011010000110011000000110011100111010 40 2272246 320000001 136202246509112599924 967140652669388801 136202006742807819882
unknown 0100011010000110011000000111001011101010 40 71558 320000001 4324953322079223409330 967140652669388801 4324711576274350475459
unknown 0100011010000110011000000111001100111010 40 8478022 320000001 36504388620523167872 967140652669388801 36504371397462695765
unknown 0100011010000110011000000111001110011010 40 151700 320000001 2040112128024687335035 967140652669388801 2040058336110749016011
unknown 0100011010000110011000010110011000111010 40 10000001 38336350 30948497887284718145 8072886694256105987 30948485507891752927
unknown 0100011010000110011000011001011000111010 40 1471767 320000001 210281253636849493653 967140652669388801 210280682131489932011
unknown 0100011010000110011000011001110011000110 40 10000001 35000272 30948497887284718145 8842360134268244222 30948485507891752927
unknown 0100011010000110011001000101101101000110 40 10000001 35000062 30948497887284718145 8842413188335068342 30948485507891752927
unknown 0100011010000110011001000101110101000110 40 10000001 38000041 30948497887284718145 8144333576412327259 30948485507891752927
unknown 0100011010000110011001011001011000101010 40 10000001 40000126 30948497887284718145 7737100873665874671 30948485507891752927
unknown 0100011010000110011001100000011001111010 40 8716636 320000001 35505097358814233923 967140652669388801 35505081065794281825
unknown 0100011010000110011001100000011100110110 40 151719 320000001 2039856641695140811137 967140652669388801 2039802863253066896416
unknown 0100011010000110011001100000011100111010 40 10000001 39160513 30948497887284718145 7902986608509062911 30948485507891752927
unknown 0100011010000110011001100110000110001110 40 10000001 36153910 30948497887284718145 8560208558945493551 30948485507891752927
unknown 0100011010010000010110010110110101100010 40 10000001 42857139 30948497887284718145 7221317545749964055 30948485507891752927
unknown 0100011010010000011001010110110110100010 40 10000001 42499982 30948497887284718145 7282003315233052775 30948485507891752927
unknown 0100011010010001011010100000011100110110 40 151668 320000001 2040542565480820401963 967140652669388801 2040488750865980990063
unknown 0100011010010001011010100000011100111010 40 10000001 72814675 30948497887284718145 4250310941047873506 30948485507891752927
unknown 0100011010010001100110100000011100110110 40 151682 320000001 2040354226746384335154 967140652669388801 2040300422064957008062
unknown 0100011010010001100110100000011100111010 40 10000001 70148548 30948497887284718145 4411851971923140430 30948485507891752927
unknown 0100011010010001101000000001110011110110 40 2391977 320000001 129384609392709490403 967140652669388801 129384393028767815767
unknown 0100011010010001101000000101100111010110 40 1914170 320000001 161681047044591164173 967140652669388801 161680709183880393698
unknown 0100011010010001101000000101110100111010 40 1527093 320000001 202662843599797175893 967140652669388801 202662312755080436099
unknown 0100011010010001101000000110011100111010 40 2276405 320000001 135953404522194015883 967140652669388801 135953165631195918100
unknown 0100011010010001101000000111001011011010 40 71536 320000001 4326283407254320464169 967140652669388801 4326041512738958187375
unknown 0100011010010001101000000111001100111010 40 8512871 320000001 36354951205221489757 967140652669388801 36354934122883875157
unknown 0100011010010001101000000111001110011010 40 176932 320000001 1749174879735407211386 967140652669388801 1749135336061316344468
unknown 0100011010010010000001011010010111010110 40 9697088 320000001 31915252271748494881 967140652669388801 31915239106872974777
unknown 0100011010010010000001100101110110011010 40 81 320000001 3820802590386976157096063 967140652669388801 3641000115545236102644484
unknown 0100011010010010000001110000111001111010 40 767801 320000001 403079717037806760769 967140652669388801 403077617131101085204
unknown 0100100001000110001100001011010000110110 40 10000001 39993679 30948497887284718145 7738348097991811875 30948485507891752927
unknown 0100100100010101101010100000011100110110 40 151649 320000001 2040798223670087298465 967140652669388801 2040744395569788060407
unknown 0100100100010110011010100000011100110110 40 151665 320000001 2040582928304784022186 967140652669388801 2040529111560998415793
unknown 0100100100010110101000000101110100111010 40 1523488 320000001 203142400741814224152 967140652669388801 203141867381873399221
unknown 0100100100010110101000000111001011010110 40 71533 320000001 4326464845894133738622 967140652669388801 4326222931089437196483
unknown 0100100100010110101000000111001011011010 40 71533 320000001 4326464845894133738622 967140652669388801 4326222931089437196483
unknown 0100100100010110101000000111001011101010 40 71533 320000001 4326464845894133738622 967140652669388801 4326222931089437196483
unknown 0100100100011010000001011010010111010110 40 91 320000001 3400934173860934821151441 967140652669388801 3257736945487842828681906
unknown 0100100100011010000001100101110110011010 40 55 320000001 5627000178569910340450565 967140652669388801 5245508641039746927538662
unknown 0100100100011010000001110000111001111010 40 766574 320000001 403724897819838748412 967140652669388801 403722791185430665536
unknown 0101000001100011000100001011010000110110 40 10000001 39993677 30948497887284718145 7738348484970388413 30948485507891752927
unknown 0101000101011010101000000111001101100010 40 151649 320000001 2040798223670087298465 967140652669388801 2040744395569788060407
unknown 0101000101100110101000000111001101100010 40 151665 320000001 2040582928304784022186 967140652669388801 2040529111560998415793
unknown 0101000101101001101000000111001101100010 40 151671 320000001 2040502204253582218914 967140652669388801 2040448391767562674962
unknown 0101000101101010000001011101001110100010 40 1523487 320000001 203142534082237044836 967140652669388801 203142000721596037473
unknown 0101000101101010000001110010110101100010 40 71533 320000001 4326464845894133738622 967140652669388801 4326222931089437196483
unknown 0101000101101010000001110010110110100010 40 71533 320000001 4326464845894133738622 967140652669388801 4326222931089437196483
unknown 0101000101101010000001110010111010100010 40 71533 320000001 4326464845894133738622 967140652669388801 4326222931089437196483
unknown 0101000101101010000001110011011000011010 40 151659 320000001 2040663658743266596278 967140652669388801 2040609837741209581275
unknown 0101000110001100001011010000110110000010 40 10000001 39993680 30948497887284718145 7738347904502538120 30948485507891752927
unknown 0101000110010110101000000111001101100010 40 151669 320000001 2040529111560998415793 967140652669388801 2040475297655779662332
unknown 0101000110011001101000000111001101100010 40 151683 320000001 2040340775309989047717 967140652669388801 2040286971337985909965
unknown 0101000110011010000001110011011000011010 40 151675 320000001 2040448391767562674962 967140652669388801 2040394582119773130920
unknown 0101000110100000010111000111001101100010 40 10000001 39991067 30948497887284718145 7738853524997096695 30948485507891752927
unknown 0101000110100000011001011100110101100010 40 10000001 76778146 30948497887284718145 4030899753965732238 30948485507891752927
unknown 0101000110100000011100001110011110100010 40 767806 320000001 403077092157843346790 967140652669388801 403074992278486954748
unknown 0101000110100000011100101101101000011010 40 56555 320000001 5472283791377333016087 967140652669388801 5471896777194523749090
unknown 0101001000010101101010100000011100110110 40 151649 320000001 2040798223670087298465 967140652669388801 2040744395569788060407
unknown 0101001000010110011010100000011100110110 40 151665 320000001 2040582928304784022186 967140652669388801 2040529111560998415793
unknown 0101001000010110101000000101110100111010 40 1523488 320000001 203142400741814224152 967140652669388801 203141867381873399221
unknown 0101001000010110101000000111001011010110 40 71533 320000001 4326464845894133738622 967140652669388801 4326222931089437196483
unknown 0101001000010110101000000111001011011010 40 71533 320000001 4326464845894133738622 967140652669388801 4326222931089437196483
unknown 0101001000010110101000000111001011101010 40 71533 320000001 4326464845894133738622 967140652669388801 4326222931089437196483
unknown 0101001000011010000001011010010111010110 40 91 320000001 3400934173860934821151441 967140652669388801 3257736945487842828681906
unknown 0101001000011010000001100101110110011010 40 55 320000001 5627000178569910340450565 967140652669388801 5245508641039746927538662
unknown 0101001000011010000001110000111001111010 40 766574 320000001 403724897819838748412 967140652669388801 403722791185430665536
unknown 00000000010001011010100000011100101101010 41 71532 320000001 2163262664411347849388 483570326334694401 2163141703627160232085
unknown 00000000010001101000011000000110011110110 41 765360 320000001 202182639425463225623 483570326334694401 202181582764112937586
unknown 00000001000101100010100000011100101101010 41 71531 320000001 2163292906721177312807 483570326334694401 2163171942555008518382
unknown 00000001000101101010000001011010000110110 41 10000001 39993680 15474248943642359073 3869173952251269060 15474242753945876464
unknown 00000001000101101010000001110010110110110 41 71532 320000001 2163262664411347849388 483570326334694401 2163141703627160232085
unknown 00000001000101101010000001110010111010110 41 71532 320000001 2163262664411347849388 483570326334694401 2163141703627160232085
unknown 00000001000101101010000001110011001110110 41 101156 320000001 1529741240368070449231 483570326334694401 1529680752379127465030
unknown 00000001000101101010000001110011100110110 41 9140682 320000001 16928988986890970976 483570326334694401 16928981578699075142
unknown 00000001000101101010000001110011100111010 41 10000001 100351113 15474248943642359073 1542010848556034794 15474242753945876464
unknown 00000001000101101110100000011100101101010 41 71530 320000001 2163323149876590722248 483570326334694401 2163202182328298911880
unknown 00000001000110011000000110011101000011010 41 1918018 320000001 80678338217197406053 483570326334694401 80678169963990264118
unknown 00000001000110011000000111001101000011010 41 126411 320000001 1224122148473412395776 483570326334694401 1224083415027271560831
unknown 00000001000110011010000001110011001110110 41 101148 320000001 1529862230698308759070 483570326334694401 1529801733140941695295
unknown 00000001000110100000010111001011010110110 41 92 320000001 1681983749029049286547724 483570326334694401 1611901092819505566274902
unknown 00000001000110100000011001011101100110110 41 2444 320000001 63315263875070595074628 483570326334694401 63211807561549237893134
unknown 00000001000110100000011001011101100111010 41 71528 320000001 2163383638724311239828 483570326334694401 2163262664411347849388
unknown 00000001000110100001011000000110011101010 41 1258669 320000001 122941380863970221212 483570326334694401 122940990162395264189
unknown 00000001000110100001011000100001100111010 41 1339322 320000001 115537940025380404685 483570326334694401 115537594962445688625
unknown 00000001000110100001100001010110001011010 41 7732082 320000001 20013044987193945223 483570326334694401 20013034633949044846
unknown 00000001000110100001100001011000001111010 41 1927692 320000001 80273459095474035460 483570326334694401 80273292526763833283
unknown 00000001000110100001100001011000100111010 41 6472976 320000001 23905929036454412061 483570326334694401 23905914263704280620
unknown 00000001000110100001100001011011100111010 41 2157393 320000001 71726618613610285360 483570326334694401 71726485626276728096
unknown 00000001000110100001100001011110011101010 41 765360 320000001 202182639425463225623 483570326334694401 202181582764112937586
unknown 00000001000110100001100110000001100111010 41 1918053 320000001 80676866025429190102 483570326334694401 80676697778362444058
unknown 00000001000110100100011010000001100111010 41 1918021 320000001 80678212027226257879 483570326334694401 80678043774545448763
unknown 00000001000110100100011010000001110011010 41 126415 320000001 1224083415027271560831 483570326334694401 1224044684032246215857
unknown 00000100000101110101100000011100101101010 41 71530 320000001 2163323149876590722248 483570326334694401 2163202182328298911880
unknown 00000100000111011000011000000110011110110 41 765360 320000001 202182639425463225623 483570326334694401 202181582764112937586
unknown 00000100010101101010100000011001011101010 41 10000001 139194213 15474248943642359073 1111702143182292603 15474242753945876464
unknown 00000100010101101010100000011100101101010 41 71533 320000001 2163232422947066869311 483570326334694401 2163111465544718598242
unknown 00000100010110001010000001011010000110110 41 10000001 39993679 15474248943642359073 3869174048995905938 15474242753945876464
unknown 00000100010110001101100001011010000110110 41 10000001 39993682 15474248943642359073 3869173758762009819 15474242753945876464
unknown 00000100010110011010100000011001011101010 41 10000001 144194195 15474248943642359073 1073153499075829886 15474242753945876464
unknown 00000100010110011010100000011100101101010 41 71534 320000001 2163202182328298911880 483570326334694401 2163081228307648164087
unknown 00000100010110100010000001110011001110110 41 101145 320000001 1529907607006500908225 483570326334694401 1529847105860389468630
unknown 00000100010110100101101010000001100111010 41 1915147 320000001 80799283245971476009 483570326334694401 80799114487929429253
unknown 00000100010110101000000101011011000111010 41 75872 320000001 2039520572947497553280 483570326334694401 2039413054334342010154
unknown 00000100010110101000000101110100110001110 41 10000001 37210799 15474248943642359073 4158537550098629551 15474242753945876464
unknown 00000100010110101000000110010101101101010 41 72989 320000001 2120079805322343563584 483570326334694401 2119963625425349476832
unknown 00000100010110101000000110010101110101010 41 10000001 108968108 15474248943642359073 1420071503037132061 15474242753945876464
unknown 00000100010110101000000110010110011011010 41 53637 320000001 2884995523811408810381 483570326334694401 2884780390199148680346
unknown 00000100010110101000000110010110011101010 41 50580 320000001 3059361504758254930060 483570326334694401 3059119581501513015230
unknown 00000100010110101000000110011100101101010 41 54 320000001 2865601942790232117822047 483570326334694401 2667974222597802316592941
unknown 00000100010110101000000111001100101101010 41 87600 320000001 1766466951035074593178 483570326334694401 1766386294126666982814
unknown 00000100010110101000011000000101101101110 41 1532730 320000001 100958750015118471201 483570326334694401 100958486541482432283
unknown 00000100010110101000011000000110011110110 41 1925897 320000001 80348276626773152647 483570326334694401 80348109747423431611
unknown 00000100010110110100000011001011000111010 41 53640 320000001 2884834170594193407204 483570326334694401 2884619061044525657341
unknown 00000100010110111010000001011010000110110 41 10000001 39993679 15474248943642359073 3869174048995905938 15474242753945876464
unknown 00000100011000000111001111010000101101010 41 63228 320000001 2447373076970211525945 483570326334694401 2447218258329208855681
unknown 00000100011000011100101100000101000011010 41 10000001 36666677 15474248943642359073 4220248944584548373 15474242753945876464
unknown 00000100011000011100111000110000101101010 41 10000001 39998179 15474248943642359073 3868738747098275009 15474242753945876464
unknown 00000100011000110000001011101100001101110 41 10000001 39996843 15474248943642359073 3868867973171595928 15474242753945876464
unknown 00000100011000110000101011010000110110110 41 10000001 39996843 15474248943642359073 3868867973171595928 15474242753945876464
unknown 00000100011000110000111001011010000110110 41 10000001 40003167 15474248943642359073 3868256353570019453 15474242753945876464
unknown 00000100011001011010100000011100101101010 41 71534 320000001 2163202182328298911880 483570326334694401 2163081228307648164087
unknown 00000100011001100000011100111101000011010 41 107275 320000001 1442484315177557999184 483570326334694401 1442430530771842899006
unknown 00000100011001100000011110011101000011010 41 2272466 320000001 68094530307900111317 483570326334694401 68094410447958624036
unknown 00000100011001100011000000101110100111010 41 2280508 320000001 67854401260891228780 483570326334694401 67854282244808417743
unknown 00000100011001101000000110010111011000110 41 10000001 33334203 15474248943642359073 4642154033521441457 15474242753945876464
unknown 00000100011001101000011000000101101101110 41 1532732 320000001 100958618278128553696 483570326334694401 100958354805180105617
unknown 00000100011001101000011000000110011110110 41 1925901 320000001 80348109747423431611 483570326334694401 80347942868766909252
unknown 00000100011010000001000110011011001110110 41 75870 320000001 2039574336505503286707 483570326334694401 2039466812223851838079
unknown 00000100011010000001000110011101001110110 41 75870 320000001 2039574336505503286707 483570326334694401 2039466812223851838079
unknown 00000100011010000001011010010111000110110 41 10000001 100000389 15474248943642359073 1547419029646700018 15474242753945876464
unknown 00000100011010000001011100001110011010110 41 75862 320000001 2039789419085609848968 483570326334694401 2039681872125491450221
unknown 00000100011010000001100101110110000110110 41 75863 320000001 2039762531282344942362 483570326334694401 2039654987157427265642
unknown 00000100011010000001100101110110011000110 41 52 320000001 2975817402128317968507511 483570326334694401 2763259016262009542185546
unknown 00000100011010000001100101110110011011110 41 22626 320000001 6839145448186711498382 483570326334694401 6837936584651901651012
unknown 00000100011010000001100101110110011111010 41 22626 320000001 6839145448186711498382 483570326334694401 6837936584651901651012
unknown 00000100011010000001100111000000111110110 41 769012 320000001 201222484058340486706 483570326334694401 201221437409198943016
unknown 00000100011010000001110000001100111110110 41 765356 320000001 202183696097858427141 483570326334694401 202182639425463225623
unknown 00000100011010000001110011001011101100010 41 89402 320000001 1730861780616457510597 483570326334694401 1730784342333540638911
unknown 00000100011010000100010110110011101000110 41 10000001 34999993 15474248943642359073 4421215310262277320 15474242753945876464
unknown 00000100011010000100010111001110101000110 41 10000001 35714298 15474248943642359073 4332788647019536388 15474242753945876464
unknown 00000100011010000100011100101101101000110 41 10000001 35000000 15474248943642359073 4421214426019215268 15474242753945876464
unknown 00000100011010000100011100101110101000110 41 10000001 35000005 15474248943642359073 4421213794417244637 15474242753945876464
unknown 00000100011010000101100000010110110111010 41 1218690 320000001 126974460207823592844 483570326334694401 126974043451984283473
unknown 00000100011010000101100000011001111011010 41 2417275 320000001 64015267154408387281 483570326334694401 64015161224944466222
unknown 00000100011010000101100000011100111101010 41 89408 320000001 1730745625790449784834 483570326334694401 1730668197900422027943
unknown 00000100011010000101100000011110011101010 41 10000001 63093687 15474248943642359073 2452583012158927000 15474242753945876464
unknown 00000100011010000101100001110011100011010 41 10000001 40000010 15474248943642359073 3868561655626399453 15474242753945876464
unknown 00000100011010000101100011001011011000110 41 10000001 35000052 15474248943642359073 4421207857367541465 15474242753945876464
unknown 00000100011010000101100110000011100110110 41 10000001 33333390 15474248943642359073 4642267255465841739 15474242753945876464
unknown 00000100011010000101100110000011100111010 41 10000001 33333390 15474248943642359073 4642267255465841739 15474242753945876464
unknown 00000100011010000101101100101100011000110 41 10000001 35000517 15474248943642359073 4421149119330795439 15474242753945876464
unknown 00000100011010000101101100110011000001110 41 10000001 33333866 15474248943642359073 4642200964948756150 15474242753945876464
unknown 00000100011010000110000000011001111101110 41 764149 320000001 202503052298272371439 483570326334694401 202501992285147783707
unknown 00000100011010000110000001011001111011010 41 764149 320000001 202503052298272371439 483570326334694401 202501992285147783707
unknown 00000100011010000110000001011010011110110 41 761753 320000001 203140000644136005192 483570326334694401 203138933952261067982
unknown 00000100011010000110000001100001111101110 41 764149 320000001 202503052298272371439 483570326334694401 202501992285147783707
unknown 00000100011010000110000001100101111011010 41 50660 320000001 3054530298276204784098 483570326334694401 3054289138454771324065
unknown 00000100011010000110000001100110011110110 41 761753 320000001 203140000644136005192 483570326334694401 203138933952261067982
unknown 00000100011010000110000101011000001011010 41 6506823 320000001 23781575879760757956 483570326334694401 23781561260299764288
unknown 00000100011010000110000101100000100111010 41 6506823 320000001 23781575879760757956 483570326334694401 23781561260299764288
unknown 00000100011010000110000101110001100111010 41 8705976 320000001 17774285721747054479 483570326334694401 17774277555274941404
unknown 00000100011010000110000101110011100011010 41 10000001 38339719 15474248943642359073 4036088655492559410 15474242753945876464
unknown 00000100011010000110000101110111100111010 41 10000001 154998754 15474248943642359073 998346766778993168 15474242753945876464
unknown 00000100011010000110000101111001110100010 41 765360 320000001 202182639425463225623 483570326334694401 202181582764112937586
unknown 00000100011010000110000101111001110101110 41 765360 320000001 202182639425463225623 483570326334694401 202181582764112937586
unknown 00000100011010000110000101111100111010110 41 765360 320000001 202182639425463225623 483570326334694401 202181582764112937586
unknown 00000100011010000110000110010111000111010 41 1472758 320000001 105069879036931073783 483570326334694401 105069593668680027298
unknown 00000100011010000110000110011100111000110 41 10000001 36910137 15474248943642359073 4192412098353157952 15474242753945876464
unknown 00000100011010000110000111001011000001010 41 10000001 34549204 15474248943642359073 4478902174147703501 15474242753945876464
unknown 00000100011010000110000111001011100011010 41 10000001 38745152 15474248943642359073 3993854635301792967 15474242753945876464
unknown 00000100011010000110000111001100111000110 41 10000001 40378212 15474248943642359073 3832326822957701405 15474242753945876464
unknown 00000100011010000110010001011011101000110 41 10000001 35000015 15474248943642359073 4421212531213844748 15474242753945876464
unknown 00000100011010000110010001100011001001010 41 10000001 36000021 15474248943642359073 4298400406785110886 15474242753945876464
unknown 00000100011010000110011000000101101101110 41 1222289 320000001 126600587022113865349 483570326334694401 126600172716912012392
unknown 00000100011010000110011000000110011110110 41 2416654 320000001 64031716956863719160 483570326334694401 64031610972952124117
unknown 00000100011010000110011000000111001111010 41 10000001 40624223 15474248943642359073 3809119128522717453 15474242753945876464
unknown 00000100011010000110011000000111100111010 41 10000001 40678563 15474248943642359073 3804030759657673610 15474242753945876464
unknown 00000100011100110001100001011010000110110 41 10000001 39993684 15474248943642359073 3869173565272769930 15474242753945876464
unknown 00000101000101101010000001110010110101010 41 71533 320000001 2163232422947066869311 483570326334694401 2163111465544718598242
unknown 00000101000110001100001011010000110110110 41 10000001 39993682 15474248943642359073 3869173758762009819 15474242753945876464
unknown 00000101000110100000011100110011101100010 41 101145 320000001 1529907607006500908225 483570326334694401 1529847105860389468630
unknown 00000101000110100001100000011001111011010 41 765361 320000001 202182375259090199739 483570326334694401 202181318600501113015
unknown 00000110000100011010000110000111100111010 41 766576 320000001 201861922249943298985 483570326334694401 201860868938235454046
unknown 00000110010001011010100000011100101101010 41 71532 320000001 2163262664411347849388 483570326334694401 2163141703627160232085
unknown 00000110010001101000011000000110011110110 41 765360 320000001 202182639425463225623 483570326334694401 202181582764112937586
unknown 00000111001000110001100001011010000110110 41 10000001 39993684 15474248943642359073 3869173565272769930 15474242753945876464
unknown 00010000010001101000011000011110011101010 41 766577 320000001 201861658920985803595 483570326334694401 201860605612026040774
unknown 00010000010111000101100000011100101101010 41 71531 320000001 2163292906721177312807 483570326334694401 2163171942555008518382
unknown 00010000010111010110000001011010000110110 41 10000001 39993679 15474248943642359073 3869174048995905938 15474242753945876464
unknown 00010000010111011011000000101110100111010 41 1523487 320000001 101571267041118522418 483570326334694401 101571000360798018737
unknown 00010000010111011011000000111001011010110 41 71532 320000001 2163262664411347849388 483570326334694401 2163141703627160232085
unknown 00010000010111011011000000111001011011010 41 71532 320000001 2163262664411347849388 483570326334694401 2163141703627160232085
unknown 00010000010111011011000000111001011101010 41 71532 320000001 2163262664411347849388 483570326334694401 2163141703627160232085
unknown 00010000010111011101100000011100101101010 41 71530 320000001 2163323149876590722248 483570326334694401 2163202182328298911880
unknown 00010000011100111000000110011101000011010 41 1918018 320000001 80678338217197406053 483570326334694401 80678169963990264118
unknown 00010000011100111000000111001101000011010 41 126411 320000001 1224122148473412395776 483570326334694401 1224083415027271560831
unknown 00010000011101100000010111001011010110110 41 92 320000001 1681983749029049286547724 483570326334694401 1611901092819505566274902
unknown 00010000011101100000011001011101100110110 41 2444 320000001 63315263875070595074628 483570326334694401 63211807561549237893134
unknown 00010000011101100000011001011101100111010 41 71528 320000001 2163383638724311239828 483570326334694401 2163262664411347849388
unknown 00010000011101100001011000000110011101010 41 1258669 320000001 122941380863970221212 483570326334694401 122940990162395264189
unknown 00010000011101100001011000100001100111010 41 1339322 320000001 115537940025380404685 483570326334694401 115537594962445688625
unknown 00010000011101100001100001010110001011010 41 7732082 320000001 20013044987193945223 483570326334694401 20013034633949044846
unknown 00010000011101100001100001011000001111010 41 1927692 320000001 80273459095474035460 483570326334694401 80273292526763833283
unknown 00010000011101100001100001011000100111010 41 6472976 320000001 23905929036454412061 483570326334694401 23905914263704280620
unknown 00010000011101100001100001011011100111010 41 2157393 320000001 71726618613610285360 483570326334694401 71726485626276728096
unknown 00010000011101100001100001011110011101010 41 765360 320000001 202182639425463225623 483570326334694401 202181582764112937586
unknown 00010000011101100001100110000001100111010 41 1918053 320000001 80676866025429190102 483570326334694401 80676697778362444058
unknown 00010000011101100100011010000001100111010 41 1918021 320000001 80678212027226257879 483570326334694401 80678043774545448763
unknown 00010000011101100100011010000001110011010 41 126415 320000001 1224083415027271560831 483570326334694401 1224044684032246215857
unknown 00010001000101101010000001110010110101010 41 71533 320000001 2163232422947066869311 483570326334694401 2163111465544718598242
unknown 00010001000101101010100000011100101101010 41 71529 320000001 2163353393877623542373 483570326334694401 2163232422947066869311
unknown 00010001000110001110100001011010000110110 41 10000001 39993679 15474248943642359073 3869174048995905938 15474242753945876464
unknown 00010001000110100001100000011001111011010 41 765361 320000001 202182375259090199739 483570326334694401 202181318600501113015
unknown 00010001000110100101101010000001100111010 41 1915144 320000001 80799409814965628884 483570326334694401 80799241056394876199
unknown 00010001000110101000011000000110011110110 41 765357 320000001 202183431928724156652 483570326334694401 202182375259090199739
unknown 00010001000111000110100001011010000110110 41 10000001 39996839 15474248943642359073 3868868360088969390 15474242753945876464
unknown 00010001000111010001100001011010000110110 41 10000001 39996839 15474248943642359073 3868868360088969390 15474242753945876464
unknown 00010001001001011010100000011100101101010 41 71533 320000001 2163232422947066869311 483570326334694401 2163111465544718598242
unknown 00010001001001101000011000000110011110110 41 765361 320000001 202182375259090199739 483570326334694401 202181318600501113015
unknown 00010001010001101010100000011100101101010 41 71533 320000001 2163232422947066869311 483570326334694401 2163111465544718598242
unknown 00010001010010011010100000011100101101010 41 71533 320000001 2163232422947066869311 483570326334694401 2163111465544718598242
unknown 00010001010010101000011000000110011110110 41 765361 320000001 202182375259090199739 483570326334694401 202181318600501113015
unknown 00010001010011010001100001011010000110110 41 10000001 39993678 15474248943642359073 3869174145740547653 15474242753945876464
unknown 00010001010100101010100000011100101101010 41 71533 320000001 2163232422947066869311 483570326334694401 2163111465544718598242
unknown 00010001010101101010101100000011100110110 41 151649 320000001 1020399111835043649233 483570326334694401 1020372197784894030204
unknown 00010001010110001010100000011001011101010 41 10000001 144194151 15474248943642359073 1073153826542329962 15474242753945876464
unknown 00010001010110001010100000011100101101010 41 71532 320000001 2163262664411347849388 483570326334694401 2163141703627160232085
unknown 00010001010110011010101100000011100110110 41 151665 320000001 1020291464152392011093 483570326334694401 1020264555780499207897
unknown 00010001010110100010100000011100101101010 41 71535 320000001 2163171942555008518382 483570326334694401 2163050991915913478836
unknown 00010001010110101010000001011010000110110 41 10000001 39993679 15474248943642359073 3869174048995905938 15474242753945876464
unknown 00010001010110101010000001110010110110110 41 71533 320000001 2163232422947066869311 483570326334694401 2163111465544718598242
unknown 00010001010110101010000001110010111010110 41 71533 320000001 2163232422947066869311 483570326334694401 2163111465544718598242
unknown 00010001010110101010000001110011001110110 41 101160 320000001 1529680752379127465030 483570326334694401 1529620269173545276605
unknown 00010001010110101010000001110011100111010 41 10000001 48124678 15474248943642359073 3215450187753412800 15474242753945876464
unknown 00010001010110101011000000101110100111010 41 1523487 320000001 101571267041118522418 483570326334694401 101571000360798018737
unknown 00010001010110101011000000111001011010110 41 71533 320000001 2163232422947066869311 483570326334694401 2163111465544718598242
unknown 00010001010110101011000000111001011011010 41 71533 320000001 2163232422947066869311 483570326334694401 2163111465544718598242
unknown 00010001010110101011000000111001011101010 41 71533 320000001 2163232422947066869311 483570326334694401 2163111465544718598242
unknown 00010001010110101101000000111001110011010 41 151658 320000001 1020338557218692943086 483570326334694401 1020311646362783916620
unknown 00010001010110110101100000011100101101010 41 71530 320000001 2163323149876590722248 483570326334694401 2163202182328298911880
unknown 00010001011000001010000001011010000110110 41 10000001 39993678 15474248943642359073 3869174145740547653 15474242753945876464
unknown 00010001011000011010100000011100101101010 41 71532 320000001 2163262664411347849388 483570326334694401 2163141703627160232085
unknown 00010001011000100101101010000001100111010 41 1916107 320000001 80758801523439210004 483570326334694401 80758632934455537473
unknown 00010001011000101000000110010101101101010 41 72989 320000001 2120079805322343563584 483570326334694401 2119963625425349476832
unknown 00010001011000101000000110010101110101010 41 10000001 113968082 15474248943642359073 1357770545885579915 15474242753945876464
unknown 00010001011000101000000110010110011011010 41 53637 320000001 2884995523811408810381 483570326334694401 2884780390199148680346
unknown 00010001011000101000000110010110011101010 41 50580 320000001 3059361504758254930060 483570326334694401 3059119581501513015230
unknown 00010001011000101000000110011100101101010 41 57 320000001 2714780787906535690568255 483570326334694401 2536762375584795645285091
unknown 00010001011000101000000111001100101101010 41 87599 320000001 1766487116413115838793 483570326334694401 1766406457663236811096
unknown 00010001011000101000011000010110011011010 41 10000001 54177345 15474248943642359073 2856221634904267354 15474242753945876464
unknown 00010001011000110001100001011010000110110 41 10000001 39993681 15474248943642359073 3869173855506637021 15474242753945876464
unknown 00010001011000110100000011001011000111010 41 53640 320000001 2884834170594193407204 483570326334694401 2884619061044525657341
unknown 00010001011000111010000001011010000110110 41 10000001 39993678 15474248943642359073 3869174145740547653 15474242753945876464
unknown 00010001011001001010100000011100101101010 41 71533 320000001 2163232422947066869311 483570326334694401 2163111465544718598242
unknown 00010001011001100000011001110101000011010 41 1918018 320000001 80678338217197406053 483570326334694401 80678169963990264118
unknown 00010001011001100000011100110101000011010 41 126412 320000001 1224112464882072385236 483570326334694401 1224073732048732236129
unknown 00010001011001100010100000011001011101010 41 10000001 149194132 15474248943642359073 1037188948628841076 15474242753945876464
unknown 00010001011001100010100000011100101101010 41 71534 320000001 2163202182328298911880 483570326334694401 2163081228307648164087
unknown 00010001011001101010000001011010000110110 41 10000001 39993678 15474248943642359073 3869174145740547653 15474242753945876464
unknown 00010001011001101010000001110010110110110 41 71548 320000001 2162778902424561614055 483570326334694401 2162657995732789221300
unknown 00010001011001101010000001110010111010110 41 71538 320000001 2163081228307648164087 483570326334694401 2162960287812369438406
unknown 00010001011001101010000001110011001110110 41 101152 320000001 1529801733140941695295 483570326334694401 1529741240368070449231
unknown 00010001011001101010000001110011100111010 41 10000001 159991056 15474248943642359073 967194721876656245 15474242753945876464
unknown 00010001011001101101000000111001110011010 41 151656 320000001 1020352013178987539975 483570326334694401 1020325101613296415419
unknown 00010001011001110110100000011100101101010 41 71530 320000001 2163323149876590722248 483570326334694401 2163202182328298911880
unknown 00010001011010001000011000000110011110110 41 765362 320000001 202182111093407478243 483570326334694401 202181054437579582008
unknown 00010001011010001100000010101101000111010 41 75873 320000001 2039493692231393702139 483570326334694401 2039386176452318019458
unknown 00010001011010010001101010000001100111010 41 1914177 320000001 80840227894636982036 483570326334694401 80840058965517124224
unknown 00010001011010010001101010000001110011010 41 126409 320000001 1224141516115723835822 483570326334694401 1224102781443937999750
unknown 00010001011010010010100000011100101101010 41 107278 320000001 1442443976497255116263 483570326334694401 1442390195099574340173
unknown 00010001011010010110001010000001100111010 41 2846890 320000001 54354929382825656897 483570326334694401 54354853011974641263
unknown 00010001011010010110001010000001110011010 41 176922 320000001 874636873371726152556 483570326334694401 874617099299551984233
unknown 00010001011010011000100000011001100110110 41 10000001 53707276 15474248943642359073 2881220505591691792 15474242753945876464
unknown 00010001011010011010000001110010110110110 41 71536 320000001 2163141703627160232085 483570326334694401 2163020756369479093688
unknown 00010001011010011010000001110010111010110 41 71540 320000001 2163020756369479093688 483570326334694401 2162899822636035647468
unknown 00010001011010011010000001110011001110110 41 101144 320000001 1529922733040739286190 483570326334694401 1529862230698308759070
unknown 00010001011010011010000001110011100110110 41 9106222 320000001 16993052103350053883 483570326334694401 16993044638983540972
unknown 00010001011010011010000001110011100111010 41 10000001 104992336 15474248943642359073 1473845718707244826 15474242753945876464
unknown 00010001011010100000010010011100101101010 41 107280 320000001 1442417085297096703602 483570326334694401 1442363305904631952224
unknown 00010001011010100000010100101100101101010 41 107280 320000001 1442417085297096703602 483570326334694401 1442363305904631952224
unknown 00010001011010100000010101100011000111010 41 75872 320000001 2039520572947497553280 483570326334694401 2039413054334342010154
unknown 00010001011010100000010101101000011011010 41 10000001 39996840 15474248943642359073 3868868263359618769 15474242753945876464
unknown 00010001011010100000010101110100111010110 41 1521115 320000001 101729655490000778615 483570326334694401 101729387977319680027
unknown 00010001011010100000010110000011100110110 41 10000001 34999979 15474248943642359073 4421217078749462518 15474242753945876464
unknown 00010001011010100000010110001001100111010 41 7836888 320000001 19745402117610017441 483570326334694401 19745392039429985046
unknown 00010001011010100000010110001110000111010 41 10000001 30000003 15474248943642359073 5158082981214119691 15474242753945876464
unknown 00010001011010100000010110011101001110110 41 1909363 320000001 81044047104019787941 483570326334694401 81043877321998617533
unknown 00010001011010100000010110100101100010110 41 10000001 42611262 15474248943642359073 3631493122890200586 15474242753945876464
unknown 00010001011010100000010110110000111000110 41 10000001 30000003 15474248943642359073 5158082981214119691 15474242753945876464
unknown 00010001011010100000010110110011000001110 41 10000001 35645736 15474248943642359073 4341122453206535962 15474242753945876464
unknown 00010001011010100000010111001110100111010 41 10000001 53748975 15474248943642359073 2878985225498207815 15474242753945876464
unknown 00010001011010100000010111010011100111010 41 1913093 320000001 80886033721660439071 483570326334694401 80885864601048736349
unknown 00010001011010100000011001011000001111010 41 53638 320000001 2884941737400211312175 483570326334694401 2884726611809263904448
unknown 00010001011010100000011001011001110111010 41 71514 320000001 2163807155391567166743 483570326334694401 2163686133710010547868
unknown 00010001011010100000011001011001111011010 41 53637 320000001 2884995523811408810381 483570326334694401 2884780390199148680346
unknown 00010001011010100000011001011101100110110 41 1526386 320000001 101378357054291990599 483570326334694401 101378091385997375745
unknown 00010001011010100000011001011101100111010 41 71530 320000001 2163323149876590722248 483570326334694401 2163202182328298911880
unknown 00010001011010100000011001110010110001010 41 125 320000001 1237940039285380274899125 483570326334694401 1199554301633120421413881
unknown 00010001011010100000011001110011100110110 41 5798209 320000001 26687983291163277206 483570326334694401 26687964879985011652
unknown 00010001011010100000011001110011100111010 41 10000001 161061737 15474248943642359073 960765156224985544 15474242753945876464
unknown 00010001011010100000011100100010110101010 41 63230 320000001 2447295665201210412184 483570326334694401 2447140856353742201386
unknown 00010001011010100000011100100100101101010 41 89407 320000001 1730764983845476689324 483570326334694401 1730687554223446045368
unknown 00010001011010100000011100101000110101010 41 89405 320000001 1730803701254656164224 483570326334694401 1730726268168445395457
unknown 00010001011010100000011100101001001101010 41 89407 320000001 1730764983845476689324 483570326334694401 1730687554223446045368
unknown 00010001011010100000011100101010010101010 41 89407 320000001 1730764983845476689324 483570326334694401 1730687554223446045368
unknown 00010001011010100000011100101100100101010 41 89407 320000001 1730764983845476689324 483570326334694401 1730687554223446045368
unknown 00010001011010100000011100101101001001010 41 10000001 39993682 15474248943642359073 3869173758762009819 15474242753945876464
unknown 00010001011010100000011100101110100111010 41 10000001 48749405 15474248943642359073 3174243970991492807 15474242753945876464
unknown 00010001011010100000011100110010110001010 41 89406 320000001 1730784342333540638911 483570326334694401 1730706910979448991863
unknown 00010001011010100000011100110010110110110 41 87600 320000001 1766466951035074593178 483570326334694401 1766386294126666982814
unknown 00010001011010100000011100110010111010110 41 87600 320000001 1766466951035074593178 483570326334694401 1766386294126666982814
unknown 00010001011010100000011100110010111011010 41 87600 320000001 1766466951035074593178 483570326334694401 1766386294126666982814
unknown 00010001011010100000011100110011100110110 41 5321312 320000001 29079765462102679633 483570326334694401 29079743603024615408
unknown 00010001011010100000011100110011100111010 41 10000001 163839165 15474248943642359073 944478110045742326 15474242753945876464
unknown 00010001011010100000011100111001011010110 41 87600 320000001 1766466951035074593178 483570326334694401 1766386294126666982814
unknown 00010001011010100000011100111001011011010 41 87600 320000001 1766466951035074593178 483570326334694401 1766386294126666982814
unknown 00010001011010100000011100111001011101010 41 87600 320000001 1766466951035074593178 483570326334694401 1766386294126666982814
unknown 00010001011010100000011100111001100110110 41 5195157 320000001 29785915018674610674 483570326334694401 29785892085090824782
unknown 00010001011010100000011100111001100111010 41 10000001 258117449 15474248943642359073 599504239291751773 15474242753945876464
unknown 00010001011010100000011100111001110011010 41 659047 320000001 234797373951588482100 483570326334694401 234795948888132381808
unknown 00010001011010100001000001110010110101010 41 107280 320000001 1442417085297096703602 483570326334694401 1442363305904631952224
unknown 00010001011010100001001000011100101101010 41 107280 320000001 1442417085297096703602 483570326334694401 1442363305904631952224
unknown 00010001011010100001011000000110011101010 41 1258669 320000001 122941380863970221212 483570326334694401 122940990162395264189
unknown 00010001011010100001011000100001100111010 41 1339322 320000001 115537940025380404685 483570326334694401 115537594962445688625
unknown 00010001011010100001100000011100101101010 41 107280 320000001 1442417085297096703602 483570326334694401 1442363305904631952224
unknown 00010001011010100001100001010110001011010 41 7732082 320000001 20013044987193945223 483570326334694401 20013034633949044846
unknown 00010001011010100001100001011000001111010 41 1927692 320000001 80273459095474035460 483570326334694401 80273292526763833283
unknown 00010001011010100001100001011000100111010 41 6472976 320000001 23905929036454412061 483570326334694401 23905914263704280620
unknown 00010001011010100001100001011011100111010 41 2157393 320000001 71726618613610285360 483570326334694401 71726485626276728096
unknown 00010001011010100001100001011110011101010 41 765360 320000001 202182639425463225623 483570326334694401 202181582764112937586
unknown 00010001011010100001100110000001100111010 41 1918053 320000001 80676866025429190102 483570326334694401 80676697778362444058
unknown 00010001011010100100000001110010110101010 41 107286 320000001 1442336417712213470187 483570326334694401 1442282644334723966469
unknown 00010001011010100100011010000001100111010 41 1918021 320000001 80678212027226257879 483570326334694401 80678043774545448763
unknown 00010001011010100100011010000001110011010 41 126416 320000001 1224073732048732236129 483570326334694401 1224035001666449409607
unknown 00010001011010100100100000011100101101010 41 107280 320000001 1442417085297096703602 483570326334694401 1442363305904631952224
unknown 00010001011010110000001011010010111010110 41 91 320000001 1700467086930467410575721 483570326334694401 1628868472743921414340953
unknown 00010001011010110000001100101110110011010 41 53 320000001 2919669903974953478535671 483570326334694401 2714780787906535690568255
unknown 00010001011010110000001110000111001111010 41 766570 320000001 201863502238115937700 483570326334694401 201862448909919374206
unknown 00010001011011001101000000111001011011010 41 95 320000001 1628868472743921414340953 483570326334694401 1563055605158308427902935
unknown 00010001011011001101000000111001110011010 41 151670 320000001 1020257828909293428908 483570326334694401 1020230922311487363440
unknown 00010001011011010000001011010010111010110 41 89 320000001 1738679830456994768116748 483570326334694401 1663897902265296068412802
unknown 00010001011011010000001100101100111011010 41 123846 320000001 1249475194278963667478 483570326334694401 1249434839811647431267
unknown 00010001011011010000001100101110110011010 41 57 320000001 2714780787906535690568255 483570326334694401 2536762375584795645285091
unknown 00010001011011010000001110010101101011010 41 63 320000001 2456230236677341815276041 483570326334694401 2309589625532425886005829
unknown 00010001011011010000001110010110011011010 41 1518813 320000001 101883842784248313889 483570326334694401 101883574460038657958
unknown 00010001011011010000001110010110011101010 41 2445 320000001 63289368061624758430426 483570326334694401 63185996288555546901752
unknown 00010001011011010000001110011100101101010 41 87596 320000001 1766547615309746271090 483570326334694401 1766466951035074593178
unknown 00010001100000011100101101010000101101010 41 71533 320000001 2163232422947066869311 483570326334694401 2163111465544718598242
unknown 00010001100000011110000110110000101101010 41 10000001 49974712 15474248943642359073 3096416141641247165 15474242753945876464
unknown 00010001100000011110100001011010000110110 41 10000001 49977874 15474248943642359073 3096220237592990338 15474242753945876464
unknown 00010001100000111000010101101010000110110 41 10000001 39987359 15474248943642359073 3869785571752126325 15474242753945876464
unknown 00010001100001001110100001011010000110110 41 10000001 39987358 15474248943642359073 3869785668527351429 15474242753945876464
unknown 00010001100001011011010000110011000001110 41 10000001 33333459 15474248943642359073 4642257646008850578 15474242753945876464
unknown 00010001100001011100101100010101000011010 41 10000001 41111126 15474248943642359073 3764005513025173146 15474242753945876464
unknown 00010001100001011101000110000110011000110 41 10000001 35714303 15474248943642359073 4332788040429419395 15474242753945876464
unknown 00010001100001011101010000110010110001010 41 10000001 42857153 15474248943642359073 3610657593393395366 15474242753945876464
unknown 00010001100001011101010000110011000001110 41 10000001 35000035 15474248943642359073 4421210004809210459 15474242753945876464
unknown 00010001100001100000011001111011000011010 41 765361 320000001 202182375259090199739 483570326334694401 202181318600501113015
unknown 00010001100001100011100001011010000110110 41 10000001 39990522 15474248943642359073 3869479495933374773 15474242753945876464
unknown 00010001100001110000110011000111000011010 41 10000001 37777793 15474248943642359073 4096123479491576821 15474242753945876464
unknown 00010001100001110010110000000101000011010 41 10000001 33750021 15474248943642359073 4584960255600212349 15474242753945876464
unknown 00010001100001110010110001010000101101010 41 10000001 40909094 15474248943642359073 3782594278687094229 15474242753945876464
unknown 00010001100001110010110011000101000011010 41 10000001 40156267 15474248943642359073 3853508218547120786 15474242753945876464
unknown 00010001100011000000101110011011001110110 41 746833 320000001 207198269105238432639 483570326334694401 207197159367669965953
unknown 00010001100011000010001011010000110111010 41 10000001 39993679 15474248943642359073 3869174048995905938 15474242753945876464
unknown 00010001100011000010001011011000011011010 41 10000001 49977871 15474248943642359073 3096220423448460507 15474242753945876464
unknown 00010001100011000010001011011010000110110 41 10000001 49974717 15474248943642359073 3096415831842980409 15474242753945876464
unknown 00010001100011000010001011101000011011010 41 10000001 49977870 15474248943642359073 3096220485400288856 15474242753945876464
unknown 00010001100011000010001011101010000110110 41 10000001 49974710 15474248943642359073 3096416265560571225 15474242753945876464
unknown 00010001100011000010001100001101110011010 41 10000001 39990518 15474248943642359073 3869479882973072126 15474242753945876464
unknown 00010001100011000010100011011010000110110 41 10000001 39990518 15474248943642359073 3869479882973072126 15474242753945876464
unknown 00010001100011000010100011101010000110110 41 10000001 39990517 15474248943642359073 3869479979733008563 15474242753945876464
unknown 00010001100011000010101001101010000110110 41 10000001 39987356 15474248943642359073 3869785862077816157 15474242753945876464
unknown 00010001100011000010101101000011011000110 41 10000001 39996842 15474248943642359073 3868868069900932038 15474242753945876464
unknown 00010001100011000010101101000110000110110 41 10000001 39990519 15474248943642359073 3869479786213140529 15474242753945876464
unknown 00010001100011000010110000110110000110110 41 10000001 39990519 15474248943642359073 3869479786213140529 15474242753945876464
unknown 00010001100011000010110000111010000110110 41 10000001 39990519 15474248943642359073 3869479786213140529 15474242753945876464
unknown 00010001100011000010110001100101101000110 41 10000001 32500027 15474248943642359073 4761303887860540374 15474242753945876464
unknown 00010001100011000010110010011010000110110 41 10000001 39987358 15474248943642359073 3869785668527351429 15474242753945876464
unknown 00010001100011000010110011000110000110110 41 10000001 39987362 15474248943642359073 3869785281426480056 15474242753945876464
unknown 00010001100011000010110100001000110111010 41 10000001 34997767 15474248943642359073 4421496517497031579 15474242753945876464
unknown 00010001100011000010110100001000111010110 41 10000001 34995531 15474248943642359073 4421779024032312422 15474242753945876464
unknown 00010001100011000010110100001010011010110 41 10000001 30000004 15474248943642359073 5158082809278043242 15474242753945876464
unknown 00010001100011000010110100001100001101110 41 10000001 34997767 15474248943642359073 4421496517497031579 15474242753945876464
unknown 00010001100011000010110100001100001111010 41 10000001 34996649 15474248943642359073 4421637766252207015 15474242753945876464
unknown 00010001100011000010110100001100100111010 41 10000001 30002240 15474248943642359073 5157698388876048401 15474242753945876464
unknown 00010001100011000010110100001100110001110 41 10000001 35019337 15474248943642359073 4418773116997404445 15474242753945876464
unknown 00010001100011000010110100100000110111010 41 10000001 30000005 15474248943642359073 5158082637341978256 15474242753945876464
unknown 00010001100011000010110100101011010001010 41 10000001 37500006 15474248943642359073 4126466137383352269 15474242753945876464
unknown 00010001100011000010110100101101000001110 41 10000001 30000037 15474248943642359073 5158077135393950827 15474242753945876464
unknown 00010001100100001110100001011010000110110 41 10000001 39987358 15474248943642359073 3869785668527351429 15474242753945876464
unknown 00010001100100101000011000000110011110110 41 766585 320000001 201859552314058498878 483570326334694401 201858499027083005839
unknown 00010001100101100010100000011100101101010 41 71533 320000001 2163232422947066869311 483570326334694401 2163111465544718598242
unknown 00010001100101101010000001110010110110110 41 71534 320000001 2163202182328298911880 483570326334694401 2163081228307648164087
unknown 00010001100101101010000001110010111010110 41 71534 320000001 2163202182328298911880 483570326334694401 2163081228307648164087
unknown 00010001100101101010000001110011001110110 41 101178 320000001 1529408615614783197557 483570326334694401 1529348153927304603214
unknown 00010001100101101010000001110011100110110 41 9140739 320000001 16928883420768554311 483570326334694401 16928876012669050466
unknown 00010001100101101010000001110011100111010 41 10000001 109634675 15474248943642359073 1411437621452086527 15474242753945876464
unknown 00010001100110000001011001110101000011010 41 1914167 320000001 80840650220525447552 483570326334694401 80840481289640546411
unknown 00010001100110000001100110011101000011010 41 2189037 320000001 70689762169699522833 483570326334694401 70689632999415056348
unknown 00010001100110000001100111010000101101010 41 1916111 320000001 80758632934455537473 483570326334694401 80758464346175743295
unknown 00010001100110000001100111010000110011010 41 1918027 320000001 80677959648468209448 483570326334694401 80677791396840058562
unknown 00010001100110000110001110000110011000110 41 10000001 33750015 15474248943642359073 4584961070703895521 15474242753945876464
unknown 00010001100110001100001011001100011000110 41 10000001 32000038 15474248943642359073 4835697536067692619 15474242753945876464
unknown 00010001100110011000000110011101000011010 41 1918019 320000001 80678296153829828778 483570326334694401 80678127900798131390
unknown 00010001100110011000000111001101000011010 41 126413 320000001 1224102781443937999750 483570326334694401 1224064049223383993944
unknown 00010001100110011010000001110011001110110 41 101162 320000001 1529650510178451734470 483570326334694401 1529590029364337172197
unknown 00010001100110011010000001110011100110110 41 9674333 320000001 15995160070536390919 483570326334694401 15995153457097115220
unknown 00010001100110011010000001110011100111010 41 10000001 95351115 15474248943642359073 1622870429052376938 15474242753945876464
unknown 00010001100110100000010101110001011000110 41 252662 320000001 612448666244518504415 483570326334694401 612438970461686710371
unknown 00010001100110100000010111001011010110110 41 97 320000001 1595283555780129220230831 483570326334694401 1532104009016559746162283
unknown 00010001100110100000010111001110011101010 41 10000001 139746343 15474248943642359073 1107309870074185300 15474242753945876464
unknown 00010001100110100000011001011101100110110 41 1528840 320000001 101215630746626549778 483570326334694401 101215365930515169869
unknown 00010001100110100000011001011101100111010 41 71532 320000001 2163262664411347849388 483570326334694401 2163141703627160232085
unknown 00010001100110100000011001110011100111010 41 10000001 129862559 15474248943642359073 1191586752196008508 15474242753945876464
unknown 00010001100110100000011100101110011101010 41 10000001 134660716 15474248943642359073 1149128784601683942 15474242753945876464
unknown 00010001100110100000011100110011100111010 41 10000001 131751237 15474248943642359073 1174505138882851889 15474242753945876464
unknown 00010001100110100000011100111001011101010 41 10000001 132005034 15474248943642359073 1172246998630919897 15474242753945876464
unknown 00010001100110100000011100111001100110110 41 5415323 320000001 28574935402869327345 483570326334694401 28574914296158391611
unknown 00010001100110100000011100111001100111010 41 10000001 206030500 15474248943642359073 751066006783813729 15474242753945876464
unknown 00010001100110100001011000000110011101010 41 1258670 320000001 122941283188343675755 483570326334694401 122940892487389534036
unknown 00010001100110100001011000100001100111010 41 1339323 320000001 115537853759453495806 483570326334694401 115537508697034058421
unknown 00010001100110100001100000011100101101010 41 71539 320000001 2163050991915913478836 483570326334694401 2162930054801623280578
unknown 00010001100110100001100001010110001011010 41 7732083 320000001 20013042398881715880 483570326334694401 20013032045639493498
unknown 00010001100110100001100001011000001111010 41 1927693 320000001 80273417453231678677 483570326334694401 80273250884694292912
unknown 00010001100110100001100001011000100111010 41 6472977 320000001 23905925343265167537 483570326334694401 23905910570519600531
unknown 00010001100110100001100001011011100111010 41 2157394 320000001 71726585366730664108 483570326334694401 71726452379520391863
unknown 00010001100110100001100001011110011101010 41 765361 320000001 202182375259090199739 483570326334694401 202181318600501113015
unknown 00010001100110100001100110000001100111010 41 1918054 320000001 80676823963596715402 483570326334694401 80676655716705404301
unknown 00010001100110100100011010000001100111010 41 1918024 320000001 80678085837649859628 483570326334694401 80677917585495380862
unknown 00010001100110100100011010000001110011010 41 126420 320000001 1224035001666449409607 483570326334694401 1223996273734991254528
unknown 00010001101000000001100101111011100110110 41 50578 320000001 3059482480736140898462 483570326334694401 3059240538347090553209
unknown 00010001101000000001100101111011100111010 41 50578 320000001 3059482480736140898462 483570326334694401 3059240538347090553209
unknown 00010001101000000001111000011110011111010 41 766569 320000001 201863765571882680310 483570326334694401 201862712240937959415
unknown 00010001101000000100011010000111001111010 41 766589 320000001 201858499027083005839 483570326334694401 201857445751099389588
unknown 00010001101000000101011010010111010110110 41 90 320000001 1719361165674139270693229 483570326334694401 1646196860751835471940325
unknown 00010001101000000101011100101101011011010 41 92 320000001 1681983749029049286547724 483570326334694401 1611901092819505566274902
unknown 00010001101000000101100101110110011010110 41 54 320000001 2865601942790232117822047 483570326334694401 2667974222597802316592941
unknown 00010001101000000101100101110110011011010 41 2438 320000001 63471084869020727794254 483570326334694401 63367119128039530860930
unknown 00010001101000000101100101110110011101010 41 71524 320000001 2163504626568320205280 483570326334694401 2163383638724311239828
unknown 00010001101000000101101000010111101101110 41 8000075 320000001 19342631776661160597 483570326334694401 19342622105440775568
unknown 00010001101000000101101001010111010110110 41 62 320000001 2495846853397944102619203 483570326334694401 2344583407737462641854402
unknown 00010001101000000101101001011100110110110 41 2000046 320000001 77369472957458245642 483570326334694401 77369318222380707664
unknown 00010001101000000101101001011100111010110 41 152 320000001 1018042795464950883963096 483570326334694401 991939134042772656169171
unknown 00010001101000000101101001011101100110110 41 1926 320000001 80343979704399031340806 483570326334694401 80177463684286287234400
unknown 00010001101000000101101001110010111010110 41 77 320000001 2009642920917825121589488 483570326334694401 1910401295193488078548032
unknown 00010001101000000101101100101110110011010 41 54 320000001 2865601942790232117822047 483570326334694401 2667974222597802316592941
unknown 00010001101000000101110000111001111010110 41 767787 320000001 201543533441791192561 483570326334694401 201542483450147936564
unknown 00010001101000000101110010101101011010110 41 60 320000001 2579041748511208906039843 483570326334694401 2417851639229258349412352
unknown 00010001101000000101110010110011011010110 41 1513782 320000001 102222450069212432413 483570326334694401 102222179958509679944
unknown 00010001101000000101110010110011101010110 41 3656 320000001 42325630446026404366081 483570326334694401 42279372926413260754752
unknown 00010001101000000101110010110100111010110 41 5517287 320000001 28046847102692416466 483570326334694401 28046826768911143959
unknown 00010001101000000101110010110110011010110 41 88 320000001 1758437555803096981390802 483570326334694401 1681983749029049286547724
unknown 00010001101000000101110011001011010110110 41 74 320000001 2091114931225304518410683 483570326334694401 1983878268085545312338341
unknown 00010001101000000101110011100011100111010 41 10000001 39984525 15474248943642359073 3870059852172122449 15474242753945876464
unknown 00010001101000000101110100101110110001110 41 10000001 35000084 15474248943642359073 4421203815130058956 15474242753945876464
unknown 00010001101000000101110100101110110011010 41 108 320000001 1432800971395116058911024 483570326334694401 1381629508131004771092773
unknown 00010001101000000101111001011101100011010 41 50578 320000001 3059482480736140898462 483570326334694401 3059240538347090553209
unknown 00010001101000000110000101111011100110110 41 22626 320000001 6839145448186711498382 483570326334694401 6837936584651901651012
unknown 00010001101000000110000101111011100111010 41 22626 320000001 6839145448186711498382 483570326334694401 6837936584651901651012
unknown 00010001101000000110010100011010110011010 41 80 320000001 1934281311383406679529882 483570326334694401 1842172677508006361457031
unknown 00010001101000000110010101110001110110110 41 10000001 35000095 15474248943642359073 4421202425612631462 15474242753945876464
unknown 00010001101000000110010101110110011010110 41 54 320000001 2865601942790232117822047 483570326334694401 2667974222597802316592941
unknown 00010001101000000110010101110110011011010 41 2438 320000001 63471084869020727794254 483570326334694401 63367119128039530860930
unknown 00010001101000000110010101110110011101010 41 71526 320000001 2163444130954793143227 483570326334694401 2163323149876590722248
unknown 00010001101000000110010110010111011011010 41 123833 320000001 1249606364302508494201 483570326334694401 1249566001362052814284
unknown 00010001101000000110010111001011010110110 41 110 320000001 1406750044642477585112642 483570326334694401 1357390393953267845284128
unknown 00010001101000000110010111011001011010110 41 48 320000001 3223802185639011132549803 483570326334694401 2975817402128317968507511
unknown 00010001101000000110010111011001011011010 41 48 320000001 3223802185639011132549803 483570326334694401 2975817402128317968507511
unknown 00010001101000000110010111011001011101010 41 10000001 140999770 15474248943642359073 1097466364027916744 15474242753945876464
unknown 00010001101000000110010111011001100000110 41 16866 320000001 9174819453970860569335 483570326334694401 9172644037384264040450
unknown 00010001101000000110010111011001100011110 41 19124 320000001 8091534454647172890734 483570326334694401 8089842372996263820703
unknown 00010001101000000110010111011001100110110 41 48 320000001 3223802185639011132549803 483570326334694401 2975817402128317968507511
unknown 00010001101000000110010111011001100111010 41 10000001 283332656 15474248943642359073 546151322954712762 15474242753945876464
unknown 00010001101000000110010111011001110011010 41 71528 320000001 2163383638724311239828 483570326334694401 2163262664411347849388
unknown 00010001101000000110010111011001111000110 41 19124 320000001 8091534454647172890734 483570326334694401 8089842372996263820703
unknown 00010001101000000110011001011101100110110 41 1926 320000001 80343979704399031340806 483570326334694401 80177463684286287234400
unknown 00010001101000000110011001011101100111010 41 87592 320000001 1766628286951691185981 483570326334694401 1766547615309746271090
unknown 00010001101000000110011100001011110101110 41 10000001 39811846 15474248943642359073 3886845762205363057 15474242753945876464
unknown 00010001101000000110011100001111001111010 41 10000001 43998198 15474248943642359073 3517019149526817766 15474242753945876464
unknown 00010001101000000110011100101110110001110 41 10000001 33333463 15474248943642359073 4642257088940100054 15474242753945876464
unknown 00010001101000000110011100101110110011010 41 80 320000001 1934281311383406679529882 483570326334694401 1842172677508006361457031
unknown 00010001101000000111000000111100111110110 41 765356 320000001 202183696097858427141 483570326334694401 202182639425463225623
unknown 00010001101000000111000010110000011111010 41 1927688 320000001 80273625664875505976 483570326334694401 80273459095474035460
unknown 00010001101000000111000010111001111010110 41 765356 320000001 202183696097858427141 483570326334694401 202182639425463225623
unknown 00010001101000000111000010111011001111010 41 762942 320000001 202823418963266584305 483570326334694401 202822355593544673362
unknown 00010001101000000111000011100101111010110 41 765387 320000001 202175507175680452324 483570326334694401 202174450588878800982
unknown 00010001101000000111000011100111001111010 41 762942 320000001 202823418963266584305 483570326334694401 202822355593544673362
unknown 00010001101000000111001011001011101011010 41 51 320000001 3034166762954363418870403 483570326334694401 2813500089284955170225283
unknown 00010001101000000111001011010010111010110 41 108 320000001 1432800971395116058911024 483570326334694401 1381629508131004771092773
unknown 00010001101000000111001100101110110011010 41 81 320000001 1910401295193488078548032 483570326334694401 1820500057772618051322242
unknown 00010001101000000111001110000111001111010 41 978629 320000001 158121724280266101212 483570326334694401 158121077983955716150
unknown 00010001101000010000010111000110110011010 41 75867 320000001 2039654987157427265642 483570326334694401 2039547454372191408607
unknown 00010001101000010000011001110011010011010 41 81 320000001 1910401295193488078548032 483570326334694401 1820500057772618051322242
unknown 00010001101000010000011100110001110011010 41 75870 320000001 2039574336505503286707 483570326334694401 2039466812223851838079
unknown 00010001101000010000011100111000110011010 41 75870 320000001 2039574336505503286707 483570326334694401 2039466812223851838079
unknown 00010001101000010001011000110011101000110 41 10000001 34999992 15474248943642359073 4421215436582743630 15474242753945876464
unknown 00010001101000010001011010010110101000110 41 10000001 33999997 15474248943642359073 4551250546012475659 15474242753945876464
unknown 00010001101000010001011010110010110001010 41 10000001 40000002 15474248943642359073 3868562429338691893 15474242753945876464
unknown 00010001101000010001011101010011000001110 41 10000001 32500047 15474248943642359073 4761300957831615886 15474242753945876464
unknown 00010001101000010001100000011001111011010 41 765374 320000001 202178941159057577554 483570326334694401 202177884536363123010
unknown 00010001101000010001100011000011100111010 41 10000001 37499502 15474248943642359073 4126521597824753363 15474242753945876464
unknown 00010001101000010001100110001110000111010 41 10000001 35999993 15474248943642359073 4298403749986077341 15474242753945876464
unknown 00010001101000010001100110001110011000110 41 10000001 36000031 15474248943642359073 4298399212786026056 15474242753945876464
unknown 00010001101000010001100111000110000111010 41 10000001 37999696 15474248943642359073 4072203759489879455 15474242753945876464
unknown 00010001101000010001100111010011000001110 41 10000001 35000045 15474248943642359073 4421208741607976058 15474242753945876464
unknown 00010001101000010001101000000110011110110 41 765380 320000001 202177356229157456901 483570326334694401 202176299623029138789
unknown 00010001101000010001110010110001101000110 41 10000001 34999999 15474248943642359073 4421214552339631049 15474242753945876464
unknown 00010001101000010001110011000110000111010 41 10000001 37999687 15474248943642359073 4072204723967135160 15474242753945876464
unknown 00010001101000010001110011000110011000110 41 10000001 33333350 15474248943642359073 4642272826183762939 15474242753945876464
unknown 00010001101000010001110011010011000001110 41 10000001 32500036 15474248943642359073 4761302569347078089 15474242753945876464
unknown 00010001101000010010011000000110011110110 41 766586 320000001 201859288991284127760 483570326334694401 201858235707056620048
unknown 00010001101000010100101000000110011110110 41 766586 320000001 201859288991284127760 483570326334694401 201858235707056620048
unknown 00010001101000010101100000011001110101010 41 1258684 320000001 122939915745868331021 483570326334694401 122939525053605448183
unknown 00010001101000010101100101100000101010110 41 10000001 34000095 15474248943642359073 4551237427738732329 15474242753945876464
unknown 00010001101000010110000001100110011101010 41 1308441 320000001 118264793682460679819 483570326334694401 118264432139426979631
unknown 00010001101000010110000001100111101100010 41 767827 320000001 201533034017653109832 483570326334694401 201531984135405492045
unknown 00010001101000010110000001110010110101010 41 71535 320000001 2163171942555008518382 483570326334694401 2163050991915913478836
unknown 00010001101000010110000101011000101101010 41 6439913 320000001 24028663882675516636 483570326334694401 24028648957847210510
unknown 00010001101000010110000101100000111101010 41 1927688 320000001 80273625664875505976 483570326334694401 80273459095474035460
unknown 00010001101000010110000101100010011101010 41 6439913 320000001 24028663882675516636 483570326334694401 24028648957847210510
unknown 00010001101000010110000101101110011101010 41 2146214 320000001 72100221557902676231 483570326334694401 72100087181578262023
unknown 00010001101000010110000101111001110101010 41 765356 320000001 202183696097858427141 483570326334694401 202182639425463225623
unknown 00010001101000010110000110010110001011010 41 10000001 41428583 15474248943642359073 3735162868367294493 15474242753945876464
unknown 00010001101000010110000110011100000111010 41 10000001 36666565 15474248943642359073 4220261835562522270 15474242753945876464
unknown 00010001101000010110000111001011000101010 41 10000001 39558986 15474248943642359073 3911690378278971417 15474242753945876464
unknown 00010001101000010110001000010110011011010 41 10000001 51666043 15474248943642359073 2995052377258164214 15474242753945876464
unknown 00010001101000010110001000010110011101010 41 10000001 47994751 15474248943642359073 3224154760396038608 15474242753945876464
unknown 00010001101000010110001000010110110001110 41 10000001 30004482 15474248943642359073 5157312994461045332 15474242753945876464
unknown 00010001101000010110001000011001100111010 41 1458719 320000001 106081092321874558680 483570326334694401 106080801434317916673
unknown 00010001101000010110001001100001011101010 41 1109117 320000001 139518648538136674817 483570326334694401 139518145369777088670
unknown 00010001101000010110001001100001100111010 41 1219068 320000001 126935088863519126384 483570326334694401 126934672366088741570
unknown 00010001101000010110001100001011010001110 41 10000001 30002243 15474248943642359073 5157697873144769022 15474242753945876464
unknown 00010001101000010110001100001100110001110 41 10000001 35999311 15474248943642359073 4298485182415644966 15474242753945876464
unknown 00010001101000010110001100101011010001010 41 10000001 36000048 15474248943642359073 4298397182989104192 15474242753945876464
unknown 00010001101000010110001100101100011000110 41 10000001 35000051 15474248943642359073 4421207983687581895 15474242753945876464
unknown 00010001101000010110001100101101000001110 41 10000001 32500050 15474248943642359073 4761300518327588246 15474242753945876464
unknown 00010001101000010110010101100000101101010 41 10000001 34000086 15474248943642359073 4551238632475004163 15474242753945876464
unknown 00010001101000010110010110000010100110110 41 10000001 34000074 15474248943642359073 4551240238791025407 15474242753945876464
unknown 00010001101000010110010110000011010011010 41 10000001 32857202 15474248943642359073 4709546020098501826 15474242753945876464
unknown 00010001101000010110010110001000110011010 41 10000001 35714335 15474248943642359073 4332784158256692568 15474242753945876464
unknown 00010001101000010110011000000011110011010 41 10000001 32500061 15474248943642359073 4761298906813514423 15474242753945876464
unknown 00010001101000010110011000000110011101010 41 1919978 320000001 80595978136558093042 483570326334694401 80595810226696153591
unknown 00010001101000010110011001011000110100010 41 10000001 36666759 15474248943642359073 4220239506597038871 15474242753945876464
unknown 00010001101000010110011001100000111000110 41 10000001 33333466 15474248943642359073 4642256671138624900 15474242753945876464
unknown 00010001101000010110110011000010111010110 41 10000001 319993519 15474248943642359073 483580121854507105 15474242753945876464
unknown 00010001101000010110110011000011100111010 41 10000001 312350432 15474248943642359073 495413129157037742 15474242753945876464
unknown 00010001101000010110110011001011000001010 41 10000001 34000582 15474248943642359073 4551172239071452788 15474242753945876464
unknown 00010001101000010111001100000011110110110 41 769012 320000001 201222484058340486706 483570326334694401 201221437409198943016
unknown 00010001101000010111001100001011101010110 41 769012 320000001 201222484058340486706 483570326334694401 201221437409198943016
unknown 00010001101000010111001100001011101011010 41 769012 320000001 201222484058340486706 483570326334694401 201221437409198943016
unknown 00010001101000010111001100001100111010110 41 967252 320000001 159981581749815492098 483570326334694401 159980920160404830120
unknown 00010001101000010111001100001110011101010 41 10000001 74999613 15474248943642359073 2063244045148240090 15474242753945876464
unknown 00010001101000011000000100100110011110110 41 1522271 320000001 101652402831475167275 483570326334694401 101652135724933099711
unknown 00010001101000011000000101001010011110110 41 1522271 320000001 101652402831475167275 483570326334694401 101652135724933099711
unknown 00010001101000011000000101100010011110110 41 759431 320000001 203761111820129194572 483570326334694401 203760038595366995678
unknown 00010001101000011000000101100111101100010 41 764149 320000001 202503052298272371439 483570326334694401 202501992285147783707
unknown 00010001101000011000000101100111101101110 41 764149 320000001 202503052298272371439 483570326334694401 202501992285147783707
unknown 00010001101000011000000101101110011110110 41 9142911 320000001 16924861776590905716 483570326334694401 16924854372010735566
unknown 00010001101000011000000101111010011110110 41 2279443 320000001 67886104153809739644 483570326334694401 67885985026487799174
unknown 00010001101000011000000110010010011110110 41 1522271 320000001 101652402831475167275 483570326334694401 101652135724933099711
unknown 00010001101000011000000110010100101110110 41 1522271 320000001 101652402831475167275 483570326334694401 101652135724933099711
unknown 00010001101000011000000110010111101101110 41 10000001 42856876 15474248943642359073 3610680930422285898 15474242753945876464
unknown 00010001101000011000000110011110010010110 41 10000001 40229064 15474248943642359073 3846535055120162238 15474242753945876464
unknown 00010001101000011000000110011110011110110 41 10000001 40586591 15474248943642359073 3812650954367479013 15474242753945876464
unknown 00010001101000011000000111001011110101110 41 107281 320000001 1442403640073009520441 483570326334694401 1442349861683110727151
unknown 00010001101000011000000111100110011110110 41 10000001 74999535 15474248943642359073 2063246190935350925 15474242753945876464
unknown 00010001101000011000000111100111001111010 41 10000001 93999337 15474248943642359073 1646208471775418314 15474242753945876464
unknown 00010001101000011000000111100111100111010 41 9591757 320000001 16132863344085190478 483570326334694401 16132856616284802589
unknown 00010001101000011000010010000110011110110 41 1522271 320000001 101652402831475167275 483570326334694401 101652135724933099711
unknown 00010001101000011000010101011000101101010 41 6338228 320000001 24414158801272616631 483570326334694401 24414143393721235569
unknown 00010001101000011000010101100010011101010 41 6338228 320000001 24414158801272616631 483570326334694401 24414143393721235569
unknown 00010001101000011000010101100011000111010 41 10000001 39115708 15474248943642359073 3956019533397491728 15474242753945876464
unknown 00010001101000011000010101100110001011010 41 10000001 119987592 15474248943642359073 1289654224502418004 15474242753945876464
unknown 00010001101000011000010101101110011101010 41 1596493 320000001 96926516377254729187 483570326334694401 96926273529278498089
unknown 00010001101000011000010101101110100111010 41 1874736 320000001 82540957719205549135 483570326334694401 82540781607408245604
unknown 00010001101000011000010101111001110101010 41 764149 320000001 202503052298272371439 483570326334694401 202501992285147783707
unknown 00010001101000011000010101111010011101010 41 1594424 320000001 97052292809611831209 483570326334694401 97052049330965421056
unknown 00010001101000011000010110000000100111010 41 2402093 320000001 64419864222855873758 483570326334694401 64419756950145033429
unknown 00010001101000011000010110000011100111010 41 1835629 320000001 84299444446929381898 483570326334694401 84299260751289900739
unknown 00010001101000011000010110001001011101010 41 6338228 320000001 24414158801272616631 483570326334694401 24414143393721235569
unknown 00010001101000011000010110001001100111010 41 6357445 320000001 24340360775543089144 483570326334694401 24340345460997411755
unknown 00010001101000011000010110001100111000110 41 10000001 33333339 15474248943642359073 4642274358133535149 15474242753945876464
unknown 00010001101000011000010110011000001111010 41 10000001 36658596 15474248943642359073 4221179253855563219 15474242753945876464
unknown 00010001101000011000010110011000100111010 41 10000001 146025113 15474248943642359073 1059697895324844121 15474242753945876464
unknown 00010001101000011000010110011011100111010 41 4180670 320000001 37013805182105388458 483570326334694401 37013769767906451057
unknown 00010001101000011000010110011110100111010 41 4165939 320000001 37144688126895889346 483570326334694401 37144652461800973841
unknown 00010001101000011000010110111000011110110 41 2135537 320000001 72460699538651184392 483570326334694401 72460563815292019382
unknown 00010001101000011000010110111001011101010 41 1596493 320000001 96926516377254729187 483570326334694401 96926273529278498089
unknown 00010001101000011000010110111001100111010 41 1607270 320000001 96276608728261296710 483570326334694401 96276369126031115020
unknown 00010001101000011000010111000111100111010 41 10000001 49999621 15474248943642359073 3094873557355015439 15474242753945876464
unknown 00010001101000011000010111001011000101010 41 10000001 39702940 15474248943642359073 3897507461932857727 15474242753945876464
unknown 00010001101000011000010111100001111011010 41 764149 320000001 202503052298272371439 483570326334694401 202501992285147783707
unknown 00010001101000011000010111100101110101010 41 764149 320000001 202503052298272371439 483570326334694401 202501992285147783707
unknown 00010001101000011000010111100110011101010 41 959495 320000001 161274946623664046569 483570326334694401 161274274293847658375
unknown 00010001101000011000010111100111010000010 41 765360 320000001 202182639425463225623 483570326334694401 202181582764112937586
unknown 00010001101000011000010111100111010001110 41 765360 320000001 202182639425463225623 483570326334694401 202181582764112937586
unknown 00010001101000011000011000000110011110110 41 765365 320000001 202181318600501113015 483570326334694401 202180261952956723310
unknown 00010001101000011000011000010110001111010 41 2288327 320000001 67622549098390454845 483570326334694401 67622430894251108936
unknown 00010001101000011000011001011000100111010 41 6357842 320000001 24338840900839079418 483570326334694401 24338825588205900924
unknown 00010001101000011000011001011001100010110 41 10000001 38990896 15474248943642359073 3968682969241654113 15474242753945876464
unknown 00010001101000011000011001011011100111010 41 1607318 320000001 96273733580207858285 483570326334694401 96273493992288125443
unknown 00010001101000011000011001011110011101010 41 963365 320000001 160627077909901786304 483570326334694401 160626410970949381144
unknown 00010001101000011000011001100001100011110 41 10000001 34544726 15474248943642359073 4479482769979780253 15474242753945876464
unknown 00010001101000011000011001100101100010110 41 10000001 42127605 15474248943642359073 3673185430566787131 15474242753945876464
unknown 00010001101000011000011001110000110001110 41 10000001 33750204 15474248943642359073 4584935395077094479 15474242753945876464
unknown 00010001101000011000011100001011100011010 41 8255015 320000001 18745272408429607259 483570326334694401 18745263325338504293
unknown 00010001101000011000011100001100110001110 41 10000001 33663380 15474248943642359073 4596760780131779232 15474242753945876464
unknown 00010001101000011000011100101100000001010 41 10000001 30686579 15474248943642359073 5042676960200501150 15474242753945876464
unknown 00010001101000011000011100110011001100010 41 10000001 39084527 15474248943642359073 3959175581443585959 15474242753945876464
unknown 00010001101000011000011110000110011110110 41 761753 320000001 203140000644136005192 483570326334694401 203138933952261067982
unknown 00010001101000011001000000011001111011010 41 1522271 320000001 101652402831475167275 483570326334694401 101652135724933099711
unknown 00010001101000011001000110001100100110110 41 10000001 32000027 15474248943642359073 4835699198337318102 15474242753945876464
unknown 00010001101000011001001000000110011110110 41 1522271 320000001 101652402831475167275 483570326334694401 101652135724933099711
unknown 00010001101000011001011000000110011101010 41 1258964 320000001 122912573283010899726 483570326334694401 122912182764512310371
unknown 00010001101000011001011000100001011101010 41 10000001 49088963 15474248943642359073 3152287101902570938 15474242753945876464
unknown 00010001101000011001011000100001100111010 41 1339623 320000001 115511979796310256216 483570326334694401 115511634888422325291
unknown 00010001101000011001011000110010110001010 41 10000001 38000070 15474248943642359073 4072163680505655236 15474242753945876464
unknown 00010001101000011001100000010111101000110 41 10000001 35225774 15474248943642359073 4392877354821856700 15474242753945876464
unknown 00010001101000011001100000011001011101010 41 10000001 139192789 15474248943642359073 1111713516356601881 15474242753945876464
unknown 00010001101000011001100000011001100111010 41 2187361 320000001 70743926087496546918 483570326334694401 70743796719190685763
unknown 00010001101000011001100000011100101101010 41 71548 320000001 2162778902424561614055 483570326334694401 2162657995732789221300
unknown 00010001101000011001100001010110001011010 41 7709967 320000001 20070449706292197407 483570326334694401 20070439293568358995
unknown 00010001101000011001100001011000001111010 41 1926709 320000001 80314414325501429828 483570326334694401 80314247586782532927
unknown 00010001101000011001100001011000100111010 41 6456199 320000001 23968050692159974370 483570326334694401 23968035842533534705
unknown 00010001101000011001100001011011100111010 41 2146310 320000001 72096996664355351447 483570326334694401 72096862300051406441
unknown 00010001101000011001100001011110011101010 41 961406 320000001 160954378182237820820 483570326334694401 160953708522558049493
unknown 00010001101000011001100100010110101000110 41 10000001 35000063 15474248943642359073 4421206467847573142 15474242753945876464
unknown 00010001101000011001100101011000100011010 41 10000001 35000096 15474248943642359073 4421202299292908636 15474242753945876464
unknown 00010001101000011001100101011000110001010 41 10000001 37777844 15474248943642359073 4096117949734572846 15474242753945876464
unknown 00010001101000011001100101100000011101010 41 10000001 39089513 15474248943642359073 3958670575166094660 15474242753945876464
unknown 00010001101000011001100101100001100011010 41 10000001 35135188 15474248943642359073 4404203128518126454 15474242753945876464
unknown 00010001101000011001100110000001100111010 41 1916154 320000001 80756820647334470175 483570326334694401 80756652066621089891
unknown 00010001101000011100001110000111001111010 41 766563 320000001 201865345588911197596 483570326334694401 201864292241477306436
unknown 00010001101001000001100000011001111011010 41 766590 320000001 201858235707056620048 483570326334694401 201857182433820946111
unknown 00010001101001000101101010000001100111010 41 1916114 320000001 80758506493179703485 483570326334694401 80758337905427815178
unknown 00010001101001000110011010000001100111010 41 1918027 320000001 80677959648468209448 483570326334694401 80677791396840058562
unknown 00010001101001000110100000010110011101010 41 1914170 320000001 80840523522295582087 483570326334694401 80840354591940196849
unknown 00010001101001000110100000011001100111010 41 2189038 320000001 70689729877084150373 483570326334694401 70689600706917699324
unknown 00010001101001001000011000000110011110110 41 766586 320000001 201859288991284127760 483570326334694401 201858235707056620048
unknown 00010001110010101101010100000011100110110 41 151648 320000001 1020405840569427452802 483570326334694401 1020378926164327106550
unknown 00010001110010110011010100000011100110110 41 151664 320000001 1020298191467141407074 483570326334694401 1020271282740410200982
unknown 00010001110010110101000000101110100111010 41 1523487 320000001 101571267041118522418 483570326334694401 101571000360798018737
unknown 00010001110010110101000000111001011010110 41 71532 320000001 2163262664411347849388 483570326334694401 2163141703627160232085
unknown 00010001110010110101000000111001011011010 41 71532 320000001 2163262664411347849388 483570326334694401 2163141703627160232085
unknown 00010001110010110101000000111001011101010 41 71532 320000001 2163262664411347849388 483570326334694401 2163141703627160232085
unknown 00010001110010110110100000011100101101010 41 71530 320000001 2163323149876590722248 483570326334694401 2163202182328298911880
unknown 00010001110011010000001011010010111010110 41 90 320000001 1719361165674139270693229 483570326334694401 1646196860751835471940325
unknown 00010001110011010000001100101110110011010 41 54 320000001 2865601942790232117822047 483570326334694401 2667974222597802316592941
unknown 00010001110011010000001110000111001111010 41 766573 320000001 201862712240937959415 483570326334694401 201861658920985803595
unknown 00010010000100011010000110000111100111010 41 766577 320000001 201861658920985803595 483570326334694401 201860605612026040774
unknown 00010010010001011010100000011100101101010 41 71533 320000001 2163232422947066869311 483570326334694401 2163111465544718598242
unknown 00010010010001101000011000000110011110110 41 765361 320000001 202182375259090199739 483570326334694401 202181318600501113015
unknown 00010100000101101010100000011100101101010 41 71533 320000001 2163232422947066869311 483570326334694401 2163111465544718598242
unknown 00010100000110101000011000000110011110110 41 765361 320000001 202182375259090199739 483570326334694401 202181318600501113015
unknown 00010100010110001010000001110010110101010 41 71532 320000001 2163262664411347849388 483570326334694401 2163141703627160232085
unknown 00010100010110101000000101101000011011010 41 10000001 39993679 15474248943642359073 3869174048995905938 15474242753945876464
unknown 00010100010110101000000111001011011011010 41 71533 320000001 2163232422947066869311 483570326334694401 2163111465544718598242
unknown 00010100010110101000000111001011101011010 41 71533 320000001 2163232422947066869311 483570326334694401 2163111465544718598242
unknown 00010100010110101000000111001100111011010 41 101157 320000001 1529726117922363596809 483570326334694401 1529665631129314007992
unknown 00010100010110101000000111001110011011010 41 9140446 320000001 16929426081689288944 483570326334694401 16929418673114839463
unknown 00010100010110101000000111001110011101010 41 10000001 109635898 15474248943642359073 1411421876716625557 15474242753945876464
unknown 00010100011000110000101101000011011000110 41 10000001 39993681 15474248943642359073 3869173855506637021 15474242753945876464
unknown 00010100011001100000011001110100001101010 41 1918018 320000001 80678338217197406053 483570326334694401 80678169963990264118
unknown 00010100011001100000011100110100001101010 41 126412 320000001 1224112464882072385236 483570326334694401 1224073732048732236129
unknown 00010100011001101000000111001100111011010 41 101149 320000001 1529847105860389468630 483570326334694401 1529786609499199572553
unknown 00010100011010000001011100101101011011010 41 93 320000001 1663897902265296068412802 483570326334694401 1595283555780129220230831
unknown 00010100011010000001100101110110011011010 41 2445 320000001 63289368061624758430426 483570326334694401 63185996288555546901752
unknown 00010100011010000001100101110110011101010 41 71529 320000001 2163353393877623542373 483570326334694401 2163232422947066869311
unknown 00010100011010000101100000011001110101010 41 1258669 320000001 122941380863970221212 483570326334694401 122940990162395264189
unknown 00010100011010000101100010000110011101010 41 1339322 320000001 115537940025380404685 483570326334694401 115537594962445688625
unknown 00010100011010000110000001100111101100010 41 765362 320000001 202182111093407478243 483570326334694401 202181054437579582008
unknown 00010100011010000110000101011000101101010 41 7732082 320000001 20013044987193945223 483570326334694401 20013034633949044846
unknown 00010100011010000110000101100000111101010 41 1927692 320000001 80273459095474035460 483570326334694401 80273292526763833283
unknown 00010100011010000110000101100010011101010 41 6472976 320000001 23905929036454412061 483570326334694401 23905914263704280620
unknown 00010100011010000110000101101110011101010 41 2157393 320000001 71726618613610285360 483570326334694401 71726485626276728096
unknown 00010100011010000110000101111001110101010 41 765360 320000001 202182639425463225623 483570326334694401 202181582764112937586
unknown 00010100011010000110011000000110011101010 41 1918053 320000001 80676866025429190102 483570326334694401 80676697778362444058
unknown 00010100011010010001101000000110011101010 41 1918021 320000001 80678212027226257879 483570326334694401 80678043774545448763
unknown 00010100011010010001101000000111001101010 41 126416 320000001 1224073732048732236129 483570326334694401 1224035001666449409607
unknown 00010100100001011010100000011100101101010 41 71533 320000001 2163232422947066869311 483570326334694401 2163111465544718598242
unknown 00010100100001101000011000000110011110110 41 765361 320000001 202182375259090199739 483570326334694401 202181318600501113015
unknown 00011000000100011010000110000111100111010 41 766576 320000001 201861922249943298985 483570326334694401 201860868938235454046
unknown 00011000010001011010100000011100101101010 41 71532 320000001 2163262664411347849388 483570326334694401 2163141703627160232085
unknown 00011000010001101000011000000110011110110 41 765360 320000001 202182639425463225623 483570326334694401 202181582764112937586
unknown 00011001000101100010100000011100101101010 41 71531 320000001 2163292906721177312807 483570326334694401 2163171942555008518382
unknown 00011001000101101010000001011010000110110 41 10000001 39993681 15474248943642359073 3869173855506637021 15474242753945876464
unknown 00011001000101101010000001110010110110110 41 71532 320000001 2163262664411347849388 483570326334694401 2163141703627160232085
unknown 00011001000101101010000001110010111010110 41 71532 320000001 2163262664411347849388 483570326334694401 2163141703627160232085
unknown 00011001000101101010000001110011001110110 41 101156 320000001 1529741240368070449231 483570326334694401 1529680752379127465030
unknown 00011001000101101010000001110011100110110 41 9140682 320000001 16928988986890970976 483570326334694401 16928981578699075142
unknown 00011001000101101010000001110011100111010 41 10000001 100351114 15474248943642359073 1542010833189879032 15474242753945876464
unknown 00011001000110011000000110011101000011010 41 1918018 320000001 80678338217197406053 483570326334694401 80678169963990264118
unknown 00011001000110011000000111001101000011010 41 126411 320000001 1224122148473412395776 483570326334694401 1224083415027271560831
unknown 00011001000110011010000001110011001110110 41 101148 320000001 1529862230698308759070 483570326334694401 1529801733140941695295
unknown 00011001000110100000010111001011010110110 41 92 320000001 1681983749029049286547724 483570326334694401 1611901092819505566274902
unknown 00011001000110100000011001011101100110110 41 2444 320000001 63315263875070595074628 483570326334694401 63211807561549237893134
unknown 00011001000110100000011001011101100111010 41 71528 320000001 2163383638724311239828 483570326334694401 2163262664411347849388
unknown 00011001000110100001011000000110011101010 41 1258669 320000001 122941380863970221212 483570326334694401 122940990162395264189
unknown 00011001000110100001011000100001100111010 41 1339322 320000001 115537940025380404685 483570326334694401 115537594962445688625
unknown 00011001000110100001100001010110001011010 41 7732082 320000001 20013044987193945223 483570326334694401 20013034633949044846
unknown 00011001000110100001100001011000001111010 41 1927692 320000001 80273459095474035460 483570326334694401 80273292526763833283
unknown 00011001000110100001100001011000100111010 41 6472976 320000001 23905929036454412061 483570326334694401 23905914263704280620
unknown 00011001000110100001100001011011100111010 41 2157393 320000001 71726618613610285360 483570326334694401 71726485626276728096
unknown 00011001000110100001100001011110011101010 41 765360 320000001 202182639425463225623 483570326334694401 202181582764112937586
unknown 00011001000110100001100110000001100111010 41 1918053 320000001 80676866025429190102 483570326334694401 80676697778362444058
unknown 00011001000110100100011010000001100111010 41 1918021 320000001 80678212027226257879 483570326334694401 80678043774545448763
unknown 00011001000110100100011010000001110011010 41 126415 320000001 1224083415027271560831 483570326334694401 1224044684032246215857
unknown 01000000010111101011100000011100101101010 41 71530 320000001 2163323149876590722248 483570326334694401 2163202182328298911880
unknown 01000000011110111000011000000110011110110 41 765360 320000001 202182639425463225623 483570326334694401 202181582764112937586
unknown 01000001000110001101100001011010000110110 41 10000001 39996840 15474248943642359073 3868868263359618769 15474242753945876464
unknown 01000001000110100001100001111001110100010 41 766577 320000001 201861658920985803595 483570326334694401 201860605612026040774
unknown 01000001010111010110100000011100101101010 41 71530 320000001 2163323149876590722248 483570326334694401 2163202182328298911880
unknown 01000001011100010110000001011010000110110 41 10000001 39993678 15474248943642359073 3869174145740547653 15474242753945876464
unknown 01000001011100011101100001011010000110110 41 10000001 39993681 15474248943642359073 3869173855506637021 15474242753945876464
unknown 01000001011100110101100000011100101101010 41 71530 320000001 2163323149876590722248 483570326334694401 2163202182328298911880
unknown 01000001011101011000000110010101101101010 41 72989 320000001 2120079805322343563584 483570326334694401 2119963625425349476832
unknown 01000001011101011000000110010110011011010 41 53637 320000001 2884995523811408810381 483570326334694401 2884780390199148680346
unknown 01000001011101011000000110010110011101010 41 50580 320000001 3059361504758254930060 483570326334694401 3059119581501513015230
unknown 01000001011101011000000110011100101101010 41 57 320000001 2714780787906535690568255 483570326334694401 2536762375584795645285091
unknown 01000001011101011000000111001100101101010 41 87598 320000001 1766507282251564354922 483570326334694401 1766426621660150845442
unknown 01000001011101100010000001110011001110110 41 101145 320000001 1529907607006500908225 483570326334694401 1529847105860389468630
unknown 01000001011101101000011000000110011110110 41 765361 320000001 202182375259090199739 483570326334694401 202181318600501113015
unknown 01000001011101101100000010101101000111010 41 75872 320000001 2039520572947497553280 483570326334694401 2039413054334342010154
unknown 01000001011101101100000010110110000110110 41 10000001 39995529 15474248943642359073 3868995079691845916 15474242753945876464
unknown 01000001011101101100000010111010000110110 41 10000001 39995529 15474248943642359073 3868995079691845916 15474242753945876464
unknown 01000001011101101100000011001011000111010 41 53640 320000001 2884834170594193407204 483570326334694401 2884619061044525657341
unknown 01000001100101110101100000011100101101010 41 71530 320000001 2163323149876590722248 483570326334694401 2163202182328298911880
unknown 01000001100111011000011000000110011110110 41 765360 320000001 202182639425463225623 483570326334694401 202181582764112937586
unknown 01000001110000001110011111010000101101010 41 63228 320000001 2447373076970211525945 483570326334694401 2447218258329208855681
unknown 01000001110000101101000011011000011000110 41 10000001 39993679 15474248943642359073 3869174048995905938 15474242753945876464
unknown 01000001110000111100101100000101000011010 41 10000001 36666676 15474248943642359073 4220249059682217564 15474242753945876464
unknown 01000001110001110000001011101100001101110 41 10000001 39996842 15474248943642359073 3868868069900932038 15474242753945876464
unknown 01000001110011100011100001011010000110110 41 10000001 39993682 15474248943642359073 3869173758762009819 15474242753945876464
unknown 01000001110110000001000110011011001110110 41 75870 320000001 2039574336505503286707 483570326334694401 2039466812223851838079
unknown 01000001110110000001000110011101001110110 41 75870 320000001 2039574336505503286707 483570326334694401 2039466812223851838079
unknown 01000001110110000001011010010111000110110 41 10000001 100000388 15474248943642359073 1547419045120830275 15474242753945876464
unknown 01000001110110000001011100001110011010110 41 75862 320000001 2039789419085609848968 483570326334694401 2039681872125491450221
unknown 01000001110110000001100101110110000110110 41 75863 320000001 2039762531282344942362 483570326334694401 2039654987157427265642
unknown 01000001110110000001100101110110011000110 41 52 320000001 2975817402128317968507511 483570326334694401 2763259016262009542185546
unknown 01000001110110000001100111000000111110110 41 769012 320000001 201222484058340486706 483570326334694401 201221437409198943016
unknown 01000001110110000001110000001100111110110 41 765356 320000001 202183696097858427141 483570326334694401 202182639425463225623
unknown 01000001110110000001110011001011101100010 41 89402 320000001 1730861780616457510597 483570326334694401 1730784342333540638911
unknown 01000001110110000100010110110011101000110 41 10000001 34999992 15474248943642359073 4421215436582743630 15474242753945876464
unknown 01000001110110000100010111001110101000110 41 10000001 35714297 15474248943642359073 4332788768337580168 15474242753945876464
unknown 01000001110110000100011100101101101000110 41 10000001 34999999 15474248943642359073 4421214552339631049 15474242753945876464
unknown 01000001110110000100011100101110101000110 41 10000001 35000004 15474248943642359073 4421213920737624327 15474242753945876464
unknown 01000001110110000101100000010110110111010 41 1218690 320000001 126974460207823592844 483570326334694401 126974043451984283473
unknown 01000001110110000101100000011001111011010 41 2417275 320000001 64015267154408387281 483570326334694401 64015161224944466222
unknown 01000001110110000101100000011100111101010 41 89408 320000001 1730745625790449784834 483570326334694401 1730668197900422027943
unknown 01000001110110000101100000011110011101010 41 10000001 63093686 15474248943642359073 2452583051031010209 15474242753945876464
unknown 01000001110110000101100001110011100011010 41 10000001 40000009 15474248943642359073 3868561752340419083 15474242753945876464
unknown 01000001110110000110000000011001111101110 41 764149 320000001 202503052298272371439 483570326334694401 202501992285147783707
unknown 01000001110110000110000001011001111011010 41 764149 320000001 202503052298272371439 483570326334694401 202501992285147783707
unknown 01000001110110000110000001011010011110110 41 761753 320000001 203140000644136005192 483570326334694401 203138933952261067982
unknown 01000001110110000110000001100001111101110 41 764149 320000001 202503052298272371439 483570326334694401 202501992285147783707
unknown 01000001110110000110000001100101111011010 41 50660 320000001 3054530298276204784098 483570326334694401 3054289138454771324065
unknown 01000001110110000110000001100110011110110 41 761753 320000001 203140000644136005192 483570326334694401 203138933952261067982
unknown 01000001110110000110000101011000001011010 41 6506823 320000001 23781575879760757956 483570326334694401 23781561260299764288
unknown 01000001110110000110000101100000100111010 41 6506823 320000001 23781575879760757956 483570326334694401 23781561260299764288
unknown 01000001110110000110000101110001100111010 41 8705976 320000001 17774285721747054479 483570326334694401 17774277555274941404
unknown 01000001110110000110000101110011100011010 41 10000001 38339718 15474248943642359073 4036088760764294990 15474242753945876464
unknown 01000001110110000110000110010111000111010 41 1472758 320000001 105069879036931073783 483570326334694401 105069593668680027298
unknown 01000001110110000110000110011100111000110 41 10000001 36910136 15474248943642359073 4192412211937461688 15474242753945876464
unknown 01000001110110000110000111001011000001010 41 10000001 34549203 15474248943642359073 4478902303786068072 15474242753945876464
unknown 01000001110110000110000111001011100011010 41 10000001 38745151 15474248943642359073 3993854738381908342 15474242753945876464
unknown 01000001110110000110000111001100111000110 41 10000001 40378211 15474248943642359073 3832326917868464613 15474242753945876464
unknown 01000001110110000110010001100011001001010 41 10000001 36000020 15474248943642359073 4298400526185055852 15474242753945876464
unknown 01000001110110000110011000000101101101110 41 1222289 320000001 126600587022113865349 483570326334694401 126600172716912012392
unknown 01000001110110000110011000000110011110110 41 2416654 320000001 64031716956863719160 483570326334694401 64031610972952124117
unknown 01000001110110000110011000000111001111010 41 10000001 40624222 15474248943642359073 3809119222287445514 15474242753945876464
unknown 01000001110110000110011000000111100111010 41 10000001 40678562 15474248943642359073 3804030853172059877 15474242753945876464
unknown 01000011001000110001100001011010000110110 41 10000001 39993679 15474248943642359073 3869174048995905938 15474242753945876464
unknown 01000100001100110001100001011010000110110 41 10000001 39993679 15474248943642359073 3869174048995905938 15474242753945876464
unknown 01000100010101101010110100000011100110110 41 151631 320000001 1020520242632921594941 483570326334694401 1020493322192584392538
unknown 01000100010101101011010100000011100110110 41 151637 320000001 1020479862505012195984 483570326334694401 1020452944194990367793
unknown 01000100010101101101010100000011100110110 41 151643 320000001 1020439485572512640626 483570326334694401 1020412569392553326887
unknown 01000100010101110101010100000011100110110 41 151631 320000001 1020520242632921594941 483570326334694401 1020493322192584392538
unknown 01000100010110001010100000011100101101010 41 71528 320000001 2163383638724311239828 483570326334694401 2163262664411347849388
unknown 01000100010110011010110100000011100110110 41 151647 320000001 1020412569392553326887 483570326334694401 1020385654632495231568
unknown 01000100010110011011010100000011100110110 41 151659 320000001 1020331829371633298139 483570326334694401 1020304918870604790638
unknown 01000100010110011101010100000011100110110 41 151653 320000001 1020372197784894030204 483570326334694401 1020345285154477105326
unknown 01000100010110101000000111001011010100010 41 71533 320000001 2163232422947066869311 483570326334694401 2163111465544718598242
unknown 01000100010110101010000001011010000110110 41 10000001 39996837 15474248943642359073 3868868553547685143 15474242753945876464
unknown 01000100010110101010000001110010110110110 41 71529 320000001 2163353393877623542373 483570326334694401 2163232422947066869311
unknown 01000100010110101010000001110010111010110 41 71529 320000001 2163353393877623542373 483570326334694401 2163232422947066869311
unknown 01000100010110101010000001110011001110110 41 101149 320000001 1529847105860389468630 483570326334694401 1529786609499199572553
unknown 01000100010110101010000001110011100110110 41 8662837 320000001 17862797708264917644 483570326334694401 17862789460255883072
unknown 01000100010110101010000001110011100111010 41 10000001 105351112 15474248943642359073 1468826498107324528 15474242753945876464
unknown 01000100010110101100110100000011100110110 41 151669 320000001 1020264555780499207897 483570326334694401 1020237648827889831166
unknown 01000100010110101100110100000011100111010 41 10000001 87820201 15474248943642359073 1762037699169836043 15474242753945876464
unknown 01000100010110101101000000101110100111010 41 1523480 320000001 101571733735049055034 483570326334694401 101571467052277893541
unknown 01000100010110101101000000111001011010110 41 71531 320000001 2163292906721177312807 483570326334694401 2163171942555008518382
unknown 01000100010110101101000000111001011011010 41 71531 320000001 2163292906721177312807 483570326334694401 2163171942555008518382
unknown 01000100010110101101000000111001011101010 41 71533 320000001 2163232422947066869311 483570326334694401 2163111465544718598242
unknown 01000100010110110100110100000011100110110 41 151665 320000001 1020291464152392011093 483570326334694401 1020264555780499207897
unknown 01000100010110110100110100000011100111010 41 10000001 71030068 15474248943642359073 2178549299863721578 15474242753945876464
unknown 01000100010110110101000000101110100111010 41 1521128 320000001 101728786078931249943 483570326334694401 101728518570822607350
unknown 01000100010110110101000000111001011010110 41 71531 320000001 2163292906721177312807 483570326334694401 2163171942555008518382
unknown 01000100010110110101000000111001011011010 41 71531 320000001 2163292906721177312807 483570326334694401 2163171942555008518382
unknown 01000100010110110101000000111001011101010 41 71529 320000001 2163353393877623542373 483570326334694401 2163232422947066869311
unknown 01000100010110110110100000011100101101010 41 71533 320000001 2163232422947066869311 483570326334694401 2163111465544718598242
unknown 01000100010111001101010100000011100110110 41 151647 320000001 1020412569392553326887 483570326334694401 1020385654632495231568
unknown 01000100010111010100110100000011100110110 41 151675 320000001 1020224195883781337481 483570326334694401 1020197291059886565460
unknown 01000100010111010100110100000011100111010 41 10000001 70779309 15474248943642359073 2186267527854397878 15474242753945876464
unknown 01000100010111010101000000101110100111010 41 1521116 320000001 101729588611698604421 483570326334694401 101729321099369237380
unknown 01000100010111010101000000111001011010110 41 71529 320000001 2163353393877623542373 483570326334694401 2163232422947066869311
unknown 01000100010111010101000000111001011011010 41 71529 320000001 2163353393877623542373 483570326334694401 2163232422947066869311
unknown 01000100010111010101000000111001011101010 41 71529 320000001 2163353393877623542373 483570326334694401 2163232422947066869311
unknown 01000100010111010110100000011100101101010 41 71533 320000001 2163232422947066869311 483570326334694401 2163111465544718598242
unknown 01000100010111011010100000011100101101010 41 71529 320000001 2163353393877623542373 483570326334694401 2163232422947066869311
unknown 01000100011001100000011001110101000011010 41 1918015 320000001 80678464407563306003 483570326334694401 80678296153829828778
unknown 01000100011001100000011100110101000011010 41 126407 320000001 1224160884370901408644 483570326334694401 1224122148473412395776
unknown 01000100011001101010000001110011001110110 41 101141 320000001 1529968112938101604319 483570326334694401 1529907607006500908225
unknown 01000100011001101100110100000011100110110 41 151653 320000001 1020372197784894030204 483570326334694401 1020345285154477105326
unknown 01000100011001110100110100000011100110110 41 151663 320000001 1020304918870604790638 483570326334694401 1020278009789028162768
unknown 01000100011010000110000001100111101100010 41 765361 320000001 202182375259090199739 483570326334694401 202181318600501113015
unknown 01000100011010010001101010000001100111010 41 1914171 320000001 80840481289640546411 483570326334694401 80840312359461665920
unknown 01000100011010010001101010000001110011010 41 126406 320000001 1224170568728324085585 483570326334694401 1224131832217961667293
unknown 01000100011010010110001010000001100111010 41 2847833 320000001 54336930891197810533 483570326334694401 54336854570915587642
unknown 01000100011010010110001010000001110011010 41 176919 320000001 874651704512644398637 483570326334694401 874631929769857702856
unknown 01000100011010011000000110011101000011010 41 1918018 320000001 80678338217197406053 483570326334694401 80678169963990264118
unknown 01000100011010011000000111001101000011010 41 126411 320000001 1224122148473412395776 483570326334694401 1224083415027271560831
unknown 01000100011010011010000001110010110110110 41 71537 320000001 2163111465544718598242 483570326334694401 2162990521668309561824
unknown 01000100011010011010000001110010111010110 41 71541 320000001 2162990521668309561824 483570326334694401 2162869591315571100181
unknown 01000100011010011010000001110011001110110 41 101145 320000001 1529907607006500908225 483570326334694401 1529847105860389468630
unknown 01000100011010011010000001110011100110110 41 9106223 320000001 16993050237257810880 483570326334694401 16993042772892937368
unknown 01000100011010011010000001110011100111010 41 10000001 105349463 15474248943642359073 1468849489158502255 15474242753945876464
unknown 01000100011010100000010111001011010110110 41 93 320000001 1663897902265296068412802 483570326334694401 1595283555780129220230831
unknown 01000100011010100000011001011101100110110 41 2443 320000001 63341180888527439362420 483570326334694401 63237639930802016494643
unknown 01000100011010100000011001011101100111010 41 71525 320000001 2163474378338658292379 483570326334694401 2163353393877623542373
unknown 01000100011010100001011000000110011101010 41 1258668 320000001 122941478539751971420 483570326334694401 122941087837556197614
unknown 01000100011010100001011000100001100111010 41 1339319 320000001 115538198823934054817 483570326334694401 115537853759453495806
unknown 01000100011010100001100001010110001011010 41 7731518 320000001 20014504901970419569 483570326334694401 20014494547214964190
unknown 01000100011010100001100001011000001111010 41 1927689 320000001 80273584022460331705 483570326334694401 80273417453231678677
unknown 01000100011010100001100001011000100111010 41 6472709 320000001 23906915158811022458 483570326334694401 23906900384842110930
unknown 01000100011010100001100110000001100111010 41 1918050 320000001 80676992211189767922 483570326334694401 80676823963596715402
unknown 01000100011010100100011010000001100111010 41 1918018 320000001 80678338217197406053 483570326334694401 80678169963990264118
unknown 01000100011010100100011010000001110011010 41 126411 320000001 1224122148473412395776 483570326334694401 1224083415027271560831
unknown 01000100011011001011010100000011100110110 41 151649 320000001 1020399111835043649233 483570326334694401 1020372197784894030204
unknown 01000100011011001100110100000011100110110 41 151665 320000001 1020291464152392011093 483570326334694401 1020264555780499207897
unknown 01000100011011001101000000101110100111010 41 1523488 320000001 101571200370907112076 483570326334694401 101570933690936699611
unknown 01000100011011001101000000111001011010110 41 71533 320000001 2163232422947066869311 483570326334694401 2163111465544718598242
unknown 01000100011011001101000000111001011011010 41 71533 320000001 2163232422947066869311 483570326334694401 2163111465544718598242
unknown 01000100011011001101000000111001011101010 41 71533 320000001 2163232422947066869311 483570326334694401 2163111465544718598242
unknown 01000100011011010000001011010010111010110 41 91 320000001 1700467086930467410575721 483570326334694401 1628868472743921414340953
unknown 01000100011011010000001100101110110011010 41 55 320000001 2813500089284955170225283 483570326334694401 2622754320519873463769331
unknown 01000100011011010000001110000111001111010 41 766574 320000001 201862448909919374206 483570326334694401 201861395592715332768
unknown 01000100011101010000001011010010111010110 41 91 320000001 1700467086930467410575721 483570326334694401 1628868472743921414340953
unknown 01000100011101010000001100101110110011010 41 55 320000001 2813500089284955170225283 483570326334694401 2622754320519873463769331
unknown 01000100011101010000001110000111001111010 41 766570 320000001 201863502238115937700 483570326334694401 201862448909919374206
unknown 01000100011101101000011000000110011110110 41 765361 320000001 202182375259090199739 483570326334694401 202181318600501113015
unknown 01000100100101100010100000011100101101010 41 71532 320000001 2163262664411347849388 483570326334694401 2163141703627160232085
unknown 01000100100101101010000001011010000110110 41 10000001 39993676 15474248943642359073 3869174339229845598 15474242753945876464
unknown 01000100100101101010000001110010110110110 41 71533 320000001 2163232422947066869311 483570326334694401 2163111465544718598242
unknown 01000100100101101010000001110010111010110 41 71533 320000001 2163232422947066869311 483570326334694401 2163111465544718598242
unknown 01000100100101101010000001110011001110110 41 101157 320000001 1529726117922363596809 483570326334694401 1529665631129314007992
unknown 01000100100101101010000001110011100110110 41 9140683 320000001 16928987134842389170 483570326334694401 16928979726652114263
unknown 01000100100101101010000001110011100111010 41 10000001 100351112 15474248943642359073 1542010863922190861 15474242753945876464
unknown 01000100100110011000000110011101000011010 41 1918019 320000001 80678296153829828778 483570326334694401 80678127900798131390
unknown 01000100100110011000000111001101000011010 41 126412 320000001 1224112464882072385236 483570326334694401 1224073732048732236129
unknown 01000100100110011010000001110011001110110 41 101149 320000001 1529847105860389468630 483570326334694401 1529786609499199572553
unknown 01000100100110100000010111001011010110110 41 93 320000001 1663897902265296068412802 483570326334694401 1595283555780129220230831
unknown 01000100100110100000011001011101100110110 41 2445 320000001 63289368061624758430426 483570326334694401 63185996288555546901752
unknown 01000100100110100000011001011101100111010 41 71529 320000001 2163353393877623542373 483570326334694401 2163232422947066869311
unknown 01000100100110100001011000000110011101010 41 1258670 320000001 122941283188343675755 483570326334694401 122940892487389534036
unknown 01000100100110100001011000100001100111010 41 1339323 320000001 115537853759453495806 483570326334694401 115537508697034058421
unknown 01000100100110100001100001010110001011010 41 7732083 320000001 20013042398881715880 483570326334694401 20013032045639493498
unknown 01000100100110100001100001011000001111010 41 1927693 320000001 80273417453231678677 483570326334694401 80273250884694292912
unknown 01000100100110100001100001011000100111010 41 6472977 320000001 23905925343265167537 483570326334694401 23905910570519600531
unknown 01000100100110100001100110000001100111010 41 1918054 320000001 80676823963596715402 483570326334694401 80676655716705404301
unknown 01000100100110100100011010000001100111010 41 1918022 320000001 80678169963990264118 483570326334694401 80678001711484898726
unknown 01000100100110100100011010000001110011010 41 126416 320000001 1224073732048732236129 483570326334694401 1224035001666449409607
unknown 01000101000101101011010100000011100110110 41 151637 320000001 1020479862505012195984 483570326334694401 1020452944194990367793
unknown 01000101000101101101010100000011100110110 41 151643 320000001 1020439485572512640626 483570326334694401 1020412569392553326887
unknown 01000101000101110101010100000011100110110 41 151631 320000001 1020520242632921594941 483570326334694401 1020493322192584392538
unknown 01000101000110001010100000011100101101010 41 71532 320000001 2163262664411347849388 483570326334694401 2163141703627160232085
unknown 01000101000110011011010100000011100110110 41 151659 320000001 1020331829371633298139 483570326334694401 1020304918870604790638
unknown 01000101000110011101010100000011100110110 41 151653 320000001 1020372197784894030204 483570326334694401 1020345285154477105326
unknown 01000101000110101010000001011010000110110 41 10000001 39993676 15474248943642359073 3869174339229845598 15474242753945876464
unknown 01000101000110101010000001110010110110110 41 71529 320000001 2163353393877623542373 483570326334694401 2163232422947066869311
unknown 01000101000110101010000001110010111010110 41 71531 320000001 2163292906721177312807 483570326334694401 2163171942555008518382
unknown 01000101000110101010000001110011001110110 41 101149 320000001 1529847105860389468630 483570326334694401 1529786609499199572553
unknown 01000101000110101010000001110011100110110 41 8694170 320000001 17798421805724127130 483570326334694401 17798413617058105159
unknown 01000101000110101010000001110011100111010 41 10000001 100708700 15474248943642359073 1536535621159567489 15474242753945876464
unknown 01000101000110110011010100000011100110110 41 151649 320000001 1020399111835043649233 483570326334694401 1020372197784894030204
unknown 01000101000110110101000000101110100111010 41 1523488 320000001 101571200370907112076 483570326334694401 101570933690936699611
unknown 01000101000110110101000000111001011010110 41 71533 320000001 2163232422947066869311 483570326334694401 2163111465544718598242
unknown 01000101000110110101000000111001011011010 41 71533 320000001 2163232422947066869311 483570326334694401 2163111465544718598242
unknown 01000101000110110101000000111001011101010 41 71533 320000001 2163232422947066869311 483570326334694401 2163111465544718598242
unknown 01000101000111001101010100000011100110110 41 151647 320000001 1020412569392553326887 483570326334694401 1020385654632495231568
unknown 01000101000111010011010100000011100110110 41 151659 320000001 1020331829371633298139 483570326334694401 1020304918870604790638
unknown 01000101000111010101000000101110100111010 41 1523480 320000001 101571733735049055034 483570326334694401 101571467052277893541
unknown 01000101000111010101000000111001011010110 41 71531 320000001 2163292906721177312807 483570326334694401 2163171942555008518382
unknown 01000101000111010101000000111001011011010 41 71531 320000001 2163292906721177312807 483570326334694401 2163171942555008518382
unknown 01000101000111010101000000111001011101010 41 71533 320000001 2163232422947066869311 483570326334694401 2163111465544718598242
unknown 01000101000111011010100000011100101101010 41 71533 320000001 2163232422947066869311 483570326334694401 2163111465544718598242
unknown 01000101001001100010100000011100101101010 41 71532 320000001 2163262664411347849388 483570326334694401 2163141703627160232085
unknown 01000101001001101010000001011010000110110 41 10000001 39993676 15474248943642359073 3869174339229845598 15474242753945876464
unknown 01000101001001101010000001110010110110110 41 71533 320000001 2163232422947066869311 483570326334694401 2163111465544718598242
unknown 01000101001001101010000001110010111010110 41 71533 320000001 2163232422947066869311 483570326334694401 2163111465544718598242
unknown 01000101001001101010000001110011001110110 41 101157 320000001 1529726117922363596809 483570326334694401 1529665631129314007992
unknown 01000101001001101010000001110011100110110 41 9140683 320000001 16928987134842389170 483570326334694401 16928979726652114263
unknown 01000101001001101010000001110011100111010 41 10000001 100351112 15474248943642359073 1542010863922190861 15474242753945876464
unknown 01000101001010011000000110011101000011010 41 1918019 320000001 80678296153829828778 483570326334694401 80678127900798131390
unknown 01000101001010011000000111001101000011010 41 126412 320000001 1224112464882072385236 483570326334694401 1224073732048732236129
unknown 01000101001010011010000001110011001110110 41 101149 320000001 1529847105860389468630 483570326334694401 1529786609499199572553
unknown 01000101001010100000010111001011010110110 41 93 320000001 1663897902265296068412802 483570326334694401 1595283555780129220230831
unknown 01000101001010100000011001011101100110110 41 2445 320000001 63289368061624758430426 483570326334694401 63185996288555546901752
unknown 01000101001010100000011001011101100111010 41 71529 320000001 2163353393877623542373 483570326334694401 2163232422947066869311
unknown 01000101001010100001011000000110011101010 41 1258670 320000001 122941283188343675755 483570326334694401 122940892487389534036
unknown 01000101001010100001011000100001100111010 41 1339323 320000001 115537853759453495806 483570326334694401 115537508697034058421
unknown 01000101001010100001100001010110001011010 41 7732083 320000001 20013042398881715880 483570326334694401 20013032045639493498
unknown 01000101001010100001100001011000001111010 41 1927693 320000001 80273417453231678677 483570326334694401 80273250884694292912
unknown 01000101001010100001100001011000100111010 41 6472977 320000001 23905925343265167537 483570326334694401 23905910570519600531
unknown 01000101001010100001100110000001100111010 41 1918054 320000001 80676823963596715402 483570326334694401 80676655716705404301
unknown 01000101001010100100011010000001100111010 41 1918022 320000001 80678169963990264118 483570326334694401 80678001711484898726
unknown 01000101001010100100011010000001110011010 41 126416 320000001 1224073732048732236129 483570326334694401 1224035001666449409607
unknown 01000101001100010001100001011010000110110 41 10000001 39993677 15474248943642359073 3869174242485194207 15474242753945876464
unknown 01000101001101010000001011010010111010110 41 91 320000001 1700467086930467410575721 483570326334694401 1628868472743921414340953
unknown 01000101001101010000001100101110110011010 41 55 320000001 2813500089284955170225283 483570326334694401 2622754320519873463769331
unknown 01000101001101010000001110000111001111010 41 766574 320000001 201862448909919374206 483570326334694401 201861395592715332768
unknown 01000101010001101101010100000011100110110 41 151649 320000001 1020399111835043649233 483570326334694401 1020372197784894030204
unknown 01000101010001110101010100000011100110110 41 151637 320000001 1020479862505012195984 483570326334694401 1020452944194990367793
unknown 01000101010010100010100000011100101101010 41 71532 320000001 2163262664411347849388 483570326334694401 2163141703627160232085
unknown 01000101010010101010000001011010000110110 41 10000001 39993676 15474248943642359073 3869174339229845598 15474242753945876464
unknown 01000101010010101010000001110010110110110 41 71533 320000001 2163232422947066869311 483570326334694401 2163111465544718598242
unknown 01000101010010101010000001110010111010110 41 71533 320000001 2163232422947066869311 483570326334694401 2163111465544718598242
unknown 01000101010010101010000001110011001110110 41 101157 320000001 1529726117922363596809 483570326334694401 1529665631129314007992
unknown 01000101010010101010000001110011100110110 41 9140683 320000001 16928987134842389170 483570326334694401 16928979726652114263
unknown 01000101010010101010000001110011100111010 41 10000001 100351112 15474248943642359073 1542010863922190861 15474242753945876464
unknown 01000101010011010011010100000011100110110 41 151665 320000001 1020291464152392011093 483570326334694401 1020264555780499207897
unknown 01000101010011010101000000101110100111010 41 1523488 320000001 101571200370907112076 483570326334694401 101570933690936699611
unknown 01000101010011010101000000111001011010110 41 71533 320000001 2163232422947066869311 483570326334694401 2163111465544718598242
unknown 01000101010011010101000000111001011011010 41 71533 320000001 2163232422947066869311 483570326334694401 2163111465544718598242
unknown 01000101010011010101000000111001011101010 41 71533 320000001 2163232422947066869311 483570326334694401 2163111465544718598242
unknown 01000101010100110101010100000011100110110 41 151649 320000001 1020399111835043649233 483570326334694401 1020372197784894030204
unknown 01000101010110100011010100000011100110110 41 202150 320000001 765483576110178255565 483570326334694401 765468429566926869429
unknown 01000101010110101000110100000011100110110 41 176891 320000001 874790152753235237307 483570326334694401 874770371749752872396
unknown 01000101010110101010001100000011100110110 41 151649 320000001 1020399111835043649233 483570326334694401 1020372197784894030204
unknown 01000101010110101010100000011001011101010 41 10000001 134194247 15474248943642359073 1153123240154047248 15474242753945876464
unknown 01000101010110101010100000011100101101010 41 71533 320000001 2163232422947066869311 483570326334694401 2163111465544718598242
unknown 01000101011000011101010100000011100110110 41 142996 320000001 1082145688765227938981 483570326334694401 1082115418955751988549
unknown 01000101011000101010000001011010000110110 41 10000001 39993678 15474248943642359073 3869174145740547653 15474242753945876464
unknown 01000101011000110101000000101100110110110 41 2284673 320000001 67730701466105886647 483570326334694401 67730582883564081209
unknown 01000101011000110101000000101110100111010 41 1524695 320000001 101490793182028231458 483570326334694401 101490526924115864419
unknown 01000101011001001101010100000011100110110 41 202164 320000001 765430565831070489120 483570326334694401 765415421385543381556
unknown 01000101011001101000110100000011100110110 41 176903 320000001 874730812426428802013 483570326334694401 874711034106465738283
unknown 01000101011001101010001100000011100110110 41 151665 320000001 1020291464152392011093 483570326334694401 1020264555780499207897
unknown 01000101011001101010100000011001011101010 41 10000001 133145669 15474248943642359073 1162204569422926813 15474242753945876464
unknown 01000101011001101010100000011100101101010 41 71535 320000001 2163171942555008518382 483570326334694401 2163050991915913478836
unknown 01000101011010000110110100000011100110110 41 176908 320000001 874706089666225011658 483570326334694401 874686312464233824514
unknown 01000101011010000110110100000011100111010 41 10000001 118896005 15474248943642359073 1301494570071320180 15474242753945876464
unknown 01000101011010000111010100000011100110110 41 176894 320000001 874775316916755426201 483570326334694401 874755536584204085758
unknown 01000101011010001010000001110010110110110 41 71550 320000001 2162718447388854428545 483570326334694401 2162597547456082600028
unknown 01000101011010001010000001110011001110110 41 101149 320000001 1529847105860389468630 483570326334694401 1529786609499199572553
unknown 01000101011010001101000000101110100111010 41 1524689 320000001 101491192571516246502 483570326334694401 101490926311508306500
unknown 01000101011010001101000000111001011101010 41 71540 320000001 2163020756369479093688 483570326334694401 2162899822636035647468
unknown 01000101011010001101000000111001110011010 41 151670 320000001 1020257828909293428908 483570326334694401 1020230922311487363440
unknown 01000101011010010011010100000011100110110 41 176908 320000001 874706089666225011658 483570326334694401 874686312464233824514
unknown 01000101011010010110101010000001100111010 41 1915147 320000001 80799283245971476009 483570326334694401 80799114487929429253
unknown 01000101011010011010001100000011100110110 41 151647 320000001 1020412569392553326887 483570326334694401 1020385654632495231568
unknown 01000101011010100001101100000011100110110 41 151645 320000001 1020426027305038308961 483570326334694401 1020399111835043649233
unknown 01000101011010100001110100000011100110110 41 151643 320000001 1020439485572512640626 483570326334694401 1020412569392553326887
unknown 01000101011010100010000001011010000110110 41 10000001 39993678 15474248943642359073 3869174145740547653 15474242753945876464
unknown 01000101011010100010000001110010110110110 41 71533 320000001 2163232422947066869311 483570326334694401 2163111465544718598242
unknown 01000101011010100010000001110010111010110 41 71533 320000001 2163232422947066869311 483570326334694401 2163111465544718598242
unknown 01000101011010100010000001110011001110110 41 101159 320000001 1529695873927900971366 483570326334694401 1529635389526531779034
unknown 01000101011010100010000001110011100111010 41 10000001 56850919 15474248943642359073 2721899797445183505 15474242753945876464
unknown 01000101011010100011000000101110100111010 41 1523487 320000001 101571267041118522418 483570326334694401 101571000360798018737
unknown 01000101011010100011000000111001011010110 41 71533 320000001 2163232422947066869311 483570326334694401 2163111465544718598242
unknown 01000101011010100011000000111001011101010 41 71533 320000001 2163232422947066869311 483570326334694401 2163111465544718598242
unknown 01000101011010100011000000111001100111010 41 10000001 251645459 15474248943642359073 614922699283329943 15474242753945876464
unknown 01000101011010100011000000111001110011010 41 227426 320000001 680408154347667084513 483570326334694401 680396187445247040243
unknown 01000101011010100100110100000011100110110 41 151649 320000001 1020399111835043649233 483570326334694401 1020372197784894030204
unknown 01000101011010100101101010000001100111010 41 1915147 320000001 80799283245971476009 483570326334694401 80799114487929429253
unknown 01000101011010100110100000011100101101010 41 71533 320000001 2163232422947066869311 483570326334694401 2163111465544718598242
unknown 01000101011010101000000100011110100110110 41 227391 320000001 680512882702800613756 483570326334694401 680500912116240613745
unknown 01000101011010101000000101001110100110110 41 227418 320000001 680432089415404824431 483570326334694401 680420121671045608439
unknown 01000101011010101000000101011011000111010 41 75872 320000001 2039520572947497553280 483570326334694401 2039413054334342010154
unknown 01000101011010101000000101110100110001110 41 10000001 37210798 15474248943642359073 4158537661854834029 15474242753945876464
unknown 01000101011010101000000110000101110101110 41 773900 320000001 199951550472506182146 483570326334694401 199950517002977803917
unknown 01000101011010101000000110010101101101010 41 72991 320000001 2120021713782144844740 483570326334694401 2119905540251695792348
unknown 01000101011010101000000110010101110101010 41 10000001 103968114 15474248943642359073 1488365028057280470 15474242753945876464
unknown 01000101011010101000000110010110001110110 41 6984899 320000001 22153864345164122540 483570326334694401 22153851658451453709
unknown 01000101011010101000000110010110011011010 41 53639 320000001 2884887952994510232525 483570326334694401 2884672835424426940373
unknown 01000101011010101000000110010110011101010 41 50582 320000001 3059240538347090553209 483570326334694401 3058998634220387742902
unknown 01000101011010101000000110011001011101010 41 58400 320000001 2649700426552611889767 483570326334694401 2649518952651745331868
unknown 01000101011010101000000110011100110001110 41 10000001 37180920 15474248943642359073 4161879397031394984 15474242753945876464
unknown 01000101011010101000000111001000110111010 41 227389 320000001 680518868154011558881 483570326334694401 680506897356877891415
unknown 01000101011010101000000111001000111010110 41 160852 320000001 962017910319253315858 483570326334694401 961993987856670154439
unknown 01000101011010101000000111001010011010110 41 227416 320000001 680438073445459133757 483570326334694401 680426105490601241590
unknown 01000101011010101000000111001011101000110 41 10000001 39999993 15474248943642359073 3868563299765390819 15474242753945876464
unknown 01000101011010101000000111001100001111010 41 10000001 59885549 15474248943642359073 2583970715717618860 15474242753945876464
unknown 01000101011010101000000111001100100111010 41 10000001 30013394 15474248943642359073 5155781612391871921 15474242753945876464
unknown 01000101011010101000000111001100101101010 41 87601 320000001 1766446786117424850886 483570326334694401 1766366131050425596284
unknown 01000101011010101000010000011100110111010 41 227391 320000001 680512882702800613756 483570326334694401 680500912116240613745
unknown 01000101011010101000010000011110011011010 41 160854 320000001 962005948939240145489 483570326334694401 961982027071532248085
unknown 01000101011010101000011000000101101101110 41 1532730 320000001 100958750015118471201 483570326334694401 100958486541482432283
unknown 01000101011010101000011000000110011110110 41 1925899 320000001 80348193187011642025 483570326334694401 80348026308008520867
unknown 01000101011010101000011000000111001111010 41 3764735 320000001 41103159959644579064 483570326334694401 41103116287921296633
unknown 01000101011010101000011000000111100111010 41 10000001 42821528 15474248943642359073 3613661448761766147 15474242753945876464
unknown 01000101100000001010000001011010000110110 41 10000001 39993677 15474248943642359073 3869174242485194207 15474242753945876464
unknown 01000101100000001110100000011100101101010 41 71531 320000001 2163292906721177312807 483570326334694401 2163171942555008518382
unknown 01000101100000011100101101101101000011010 41 71530 320000001 2163323149876590722248 483570326334694401 2163202182328298911880
unknown 01000101100000011100110011101101000011010 41 101142 320000001 1529952986006530762319 483570326334694401 1529892481271355608353
unknown 01000101100000011100111001101101000011010 41 9676963 320000001 15990812914203819356 483570326334694401 15990806304358848632
unknown 01000101100000011100111001110101000011010 41 10000001 102033227 15474248943642359073 1516589345063765693 15474242753945876464
unknown 01000101100000011100111101010000101101010 41 63229 320000001 2447334370473556981170 483570326334694401 2447179556729437704402
unknown 01000101100000101000000110010101101101010 41 72989 320000001 2120079805322343563584 483570326334694401 2119963625425349476832
unknown 01000101100000101000000110010110011011010 41 53637 320000001 2884995523811408810381 483570326334694401 2884780390199148680346
unknown 01000101100000101000000110010110011101010 41 50580 320000001 3059361504758254930060 483570326334694401 3059119581501513015230
unknown 01000101100000110100000011001011000111010 41 53640 320000001 2884834170594193407204 483570326334694401 2884619061044525657341
unknown 01000101100000111010000001011010000110110 41 10000001 39993677 15474248943642359073 3869174242485194207 15474242753945876464
unknown 01000101100001001010100000011100101101010 41 71532 320000001 2163262664411347849388 483570326334694401 2163141703627160232085
unknown 01000101100001011010110100000011100111010 41 10000001 53719327 15474248943642359073 2880574153705844721 15474242753945876464
unknown 01000101100001011011010100000011100111010 41 10000001 110894918 15474248943642359073 1395397622375017532 15474242753945876464
unknown 01000101100001011101010100000011100111010 41 10000001 95868245 15474248943642359073 1614116383487280219 15474242753945876464
unknown 01000101100001100110110100000011100111010 41 10000001 84420176 15474248943642359073 1833003817839381600 15474242753945876464
unknown 01000101100001100111010100000011100111010 41 10000001 80829880 15474248943642359073 1914422054204120239 15474242753945876464
unknown 01000101100001101010000001000110100111010 41 2268816 320000001 68204078651892676340 483570326334694401 68203958405987488811
unknown 01000101100001101010000001011010000110110 41 10000001 39993677 15474248943642359073 3869174242485194207 15474242753945876464
unknown 01000101100001101010000001110011100111010 41 10000001 46022161 15474248943642359073 3362347650530198579 15474242753945876464
unknown 01000101100001101100110100000011100110110 41 176904 320000001 874725867762586116552 483570326334694401 874706089666225011658
unknown 01000101100001101101000000101110100111010 41 1527079 320000001 101332350789102943831 483570326334694401 101332085361877864113
unknown 01000101100001101101000000111001011010110 41 71538 320000001 2163081228307648164087 483570326334694401 2162960287812369438406
unknown 01000101100001101101000000111001011101010 41 71533 320000001 2163232422947066869311 483570326334694401 2163111465544718598242
unknown 01000101100001101101000000111001100111010 41 8426819 320000001 18363098211872419992 483570326334694401 18363089495373586744
unknown 01000101100001101101000000111001110011010 41 151686 320000001 1020150211032478504031 483570326334694401 1020123310110571127711
unknown 01000101100001110010110000010101000011010 41 10000001 36666676 15474248943642359073 4220249059682217564 15474242753945876464
unknown 01000101100001110011010100000011100110110 41 75879 320000001 2039332422813591828601 483570326334694401 2039224924036642388446
unknown 01000101100001110011010100000011100111010 41 10000001 83162244 15474248943642359073 1860730272149372670 15474242753945876464
unknown 01000101100001110011100011010000101101010 41 10000001 39998178 15474248943642359073 3868738843821149413 15474242753945876464
unknown 01000101100001110101000000101110100111010 41 1522335 320000001 101648129295242199886 483570326334694401 101647862211158312546
unknown 01000101100001110101000000111001011010110 41 79972 320000001 1934958546874812864033 483570326334694401 1934861769914380993829
unknown 01000101100001110101000000111001011011010 41 89407 320000001 1730764983845476689324 483570326334694401 1730687554223446045368
unknown 01000101100001110101000000111001011101010 41 71534 320000001 2163202182328298911880 483570326334694401 2163081228307648164087
unknown 01000101100010001100000010101101000111010 41 75873 320000001 2039493692231393702139 483570326334694401 2039386176452318019458
unknown 01000101100010010001101010000001100111010 41 1915134 320000001 80799831714476655087 483570326334694401 80799662954143531361
unknown 01000101100010010001101010000001110011010 41 126408 320000001 1224151200166702537517 483570326334694401 1224112464882072385236
unknown 01000101100010010010100000011100101101010 41 107277 320000001 1442457422473340365246 483570326334694401 1442403640073009520441
unknown 01000101100010010110001010000001100111010 41 2848787 320000001 54318734573933584492 483570326334694401 54318658304758943132
unknown 01000101100010010110001010000001110011010 41 176921 320000001 874641817029479453329 483570326334694401 874622042733771566271
unknown 01000101100010011010000001110010110110110 41 71547 320000001 2162809131209869517414 483570326334694401 2162688221138384290400
unknown 01000101100010011010000001110011001110110 41 101151 320000001 1529816857081714806205 483570326334694401 1529756363112772817581
unknown 01000101100010100000010010011100101101010 41 107278 320000001 1442443976497255116263 483570326334694401 1442390195099574340173
unknown 01000101100010100000010100101100101101010 41 107278 320000001 1442443976497255116263 483570326334694401 1442390195099574340173
unknown 01000101100010100000010101101000011011010 41 10000001 39996839 15474248943642359073 3868868360088969390 15474242753945876464
unknown 01000101100010100000010110000011100110110 41 10000001 34999978 15474248943642359073 4421217205070029883 15474242753945876464
unknown 01000101100010100000010110001001100111010 41 9271980 320000001 16689262154434385575 483570326334694401 16689254954567710036
unknown 01000101100010100000010110001110000111010 41 10000001 30000002 15474248943642359073 5158083153150207603 15474242753945876464
unknown 01000101100010100000010110011101001110110 41 2837395 320000001 54536821595397374833 483570326334694401 54536744712559824813
unknown 01000101100010100000010110110000111000110 41 10000001 30000002 15474248943642359073 5158083153150207603 15474242753945876464
unknown 01000101100010100000011001011000001111010 41 53638 320000001 2884941737400211312175 483570326334694401 2884726611809263904448
unknown 01000101100010100000011001011100110001010 41 44714 320000001 3460717111210639494619 483570326334694401 3460407552007525702456
unknown 01000101100010100000011001011101100111010 41 178689 320000001 865987861092023204352 483570326334694401 865968476161195650431
unknown 01000101100010100000011001110010110001010 41 129 320000001 1199554301633120421413881 483570326334694401 1163477480531372438814967
unknown 01000101100010100000011100100010110101010 41 63229 320000001 2447334370473556981170 483570326334694401 2447179556729437704402
unknown 01000101100010100000011100100100101101010 41 89406 320000001 1730784342333540638911 483570326334694401 1730706910979448991863
unknown 01000101100010100000011100101000110101010 41 89404 320000001 1730823060608837796546 483570326334694401 1730745625790449784834
unknown 01000101100010100000011100101001001101010 41 89406 320000001 1730784342333540638911 483570326334694401 1730706910979448991863
unknown 01000101100010100000011100101010010101010 41 89406 320000001 1730784342333540638911 483570326334694401 1730706910979448991863
unknown 01000101100010100000011100101100100101010 41 89406 320000001 1730784342333540638911 483570326334694401 1730706910979448991863
unknown 01000101100010100000011100101100111010110 41 700655 320000001 220854064997284732661 483570326334694401 220852804161043438196
unknown 01000101100010100000011100101101001001010 41 10000001 39993682 15474248943642359073 3869173758762009819 15474242753945876464
unknown 01000101100010100000011100101110011010110 41 10000001 70000818 15474248943642359073 2210581380787186435 15474242753945876464
unknown 01000101100010100000011100110010110001010 41 89405 320000001 1730803701254656164224 483570326334694401 1730726268168445395457
unknown 01000101100010100001000001110010110101010 41 107278 320000001 1442443976497255116263 483570326334694401 1442390195099574340173
unknown 01000101100010100001001000011100101101010 41 107278 320000001 1442443976497255116263 483570326334694401 1442390195099574340173
unknown 01000101100010100001011000000110011101010 41 1259660 320000001 122844660393020763034 483570326334694401 122844270305948677078
unknown 01000101100010100001011000100001100111010 41 1340545 320000001 115432532970301283704 483570326334694401 115432188536690963451
unknown 01000101100010100100011010000001100111010 41 1918982 320000001 80637809479543077717 483570326334694401 80637641395337190768
unknown 01000101100010100100011010000001110011010 41 126417 320000001 1224064049223383993944 483570326334694401 1224025319453829145177
unknown 01000101100010100100100000011100101101010 41 107278 320000001 1442443976497255116263 483570326334694401 1442390195099574340173
unknown 01000101100011000001100001011010000110110 41 10000001 39993680 15474248943642359073 3869173952251269060 15474242753945876464
unknown 01000101100011010000001010111010011101010 41 1519989 320000001 101805016293323526922 483570326334694401 101804748384152120676
unknown 01000101100011010000001011001110100111010 41 2846870 320000001 54355311240299885265 483570326334694401 54355234868375816550
unknown 01000101100011010000001011100011100110110 41 10000001 39982132 15474248943642359073 3870291481971810167 15474242753945876464
unknown 01000101100011010000001011101100001101110 41 10000001 39996838 15474248943642359073 3868868456818324848 15474242753945876464
unknown 01000101100011010000001100101100111011010 41 123846 320000001 1249475194278963667478 483570326334694401 1249434839811647431267
unknown 01000101100100001010100000011100101101010 41 71532 320000001 2163262664411347849388 483570326334694401 2163141703627160232085
unknown 01000101100100011011010100000011100110110 41 176920 320000001 874646760743118552806 483570326334694401 874626986223873156624
unknown 01000101100100011101010100000011100110110 41 176913 320000001 874681368303474218189 483570326334694401 874661592219360120070
unknown 01000101100100100010100000011100101101010 41 71532 320000001 2163262664411347849388 483570326334694401 2163141703627160232085
unknown 01000101100100101010000001011010000110110 41 10000001 39993677 15474248943642359073 3869174242485194207 15474242753945876464
unknown 01000101100100101010000001110010110110110 41 107278 320000001 1442443976497255116263 483570326334694401 1442390195099574340173
unknown 01000101100100101010000001110010111010110 41 89408 320000001 1730745625790449784834 483570326334694401 1730668197900422027943
unknown 01000101100100101010000001110011001110110 41 151695 320000001 1020089685953212263835 483570326334694401 1020062788223208685373
unknown 01000101100100101010000001110011100110110 41 10000001 144397516 15474248943642359073 1071642429850888394 15474242753945876464
unknown 01000101100100101010000001110011100111010 41 10000001 97922291 15474248943642359073 1580258216289818366 15474242753945876464
unknown 01000101100100110101000000101110100111010 41 1524702 320000001 101490327231598393891 483570326334694401 101490060976130830706
unknown 01000101100100110101000000111001011010110 41 89409 320000001 1730726268168445395457 483570326334694401 1730648842010362412204
unknown 01000101100100110101000000111001011011010 41 89410 320000001 1730706910979448991863 483570326334694401 1730629486553252671421
unknown 01000101100100110101000000111001011101010 41 71534 320000001 2163202182328298911880 483570326334694401 2163081228307648164087
unknown 01000101100101001101010100000011100110110 41 176927 320000001 874612155921213462968 483570326334694401 874592382966651035502
unknown 01000101100101101000110100000011100110110 41 252651 320000001 612475331230323784044 483570326334694401 612465634603204109804
unknown 01000101100101101010001100000011100110110 41 151651 320000001 1020385654632495231568 483570326334694401 1020358741292226002192
unknown 01000101100101101010100000011001011101010 41 10000001 139194188 15474248943642359073 1111702342849778573 15474242753945876464
unknown 01000101100101101010100000011100101101010 41 71535 320000001 2163171942555008518382 483570326334694401 2163050991915913478836
unknown 01000101100110000001100111010001000011010 41 1918018 320000001 80678338217197406053 483570326334694401 80678169963990264118
unknown 01000101100110000001110011110101000011010 41 107276 320000001 1442470868700105656088 483570326334694401 1442417085297096703602
unknown 01000101100110000001111001110101000011010 41 2272466 320000001 68094530307900111317 483570326334694401 68094410447958624036
unknown 01000101100110000110110100000011100111010 41 10000001 118896050 15474248943642359073 1301494077479214275 15474242753945876464
unknown 01000101100110000111010100000011100110110 41 143009 320000001 1082047318075593384769 483570326334694401 1082017053769045711666
unknown 01000101100110001010000001000110100111010 41 3002892 320000001 51531158933012753827 483570326334694401 51531090291063205107
unknown 01000101100110001010000001011010000110110 41 10000001 39993677 15474248943642359073 3869174242485194207 15474242753945876464
unknown 01000101100110001101000000101100110110110 41 2288351 320000001 67621839879752946276 483570326334694401 67621721678093011951
unknown 01000101100110001101000000101110100111010 41 2280509 320000001 67854371506831384732 483570326334694401 67854252490852950351
unknown 01000101100110001101000000110010110110110 41 3594340 320000001 43051716006463644053 483570326334694401 43051668095950897956
unknown 01000101100110001101000000110011100111010 41 10000001 82715220 15474248943642359073 1870786354804744936 15474242753945876464
unknown 01000101100110010011010100000011100110110 41 202185 320000001 765351064177226472599 483570326334694401 765335922877468776058
unknown 01000101100110011010001100000011100110110 41 151667 320000001 1020278009789028162768 483570326334694401 1020251102126791109457
unknown 01000101100110011010100000011001011101010 41 10000001 138145651 15474248943642359073 1120140256247896899 15474242753945876464
unknown 01000101100110011010100000011100101101010 41 71536 320000001 2163141703627160232085 483570326334694401 2163020756369479093688
unknown 01000101100110100001101100000011100110110 41 151655 320000001 1020358741292226002192 483570326334694401 1020331829371633298139
unknown 01000101100110100001110100000011100110110 41 151659 320000001 1020331829371633298139 483570326334694401 1020304918870604790638
unknown 01000101100110100010000001110010110110110 41 71543 320000001 2162930054801623280578 483570326334694401 2162809131209869517414
unknown 01000101100110100010000001110011001110110 41 101151 320000001 1529816857081714806205 483570326334694401 1529756363112772817581
unknown 01000101100110100011000000101110100111010 41 2276127 320000001 67985004751787810770 483570326334694401 67984885277109504841
unknown 01000101100110100100110100000011100110110 41 151665 320000001 1020291464152392011093 483570326334694401 1020264555780499207897
unknown 01000101100110100101101010000001100111010 41 1915149 320000001 80799198866862335183 483570326334694401 80799030109172757667
unknown 01000101100110101000000100011110100110110 41 227424 320000001 680414137956735148280 483570326334694401 680402170843838640636
unknown 01000101100110101000000101001110100110110 41 227442 320000001 680360289263515684713 483570326334694401 680348324044707466223
unknown 01000101100110101000000101011011000111010 41 75878 320000001 2039359299278743962182 483570326334694401 2039251797668386894948
unknown 01000101100110101000000101100011100111010 41 10000001 49931875 15474248943642359073 3099072584609981788 15474242753945876464
unknown 01000101100110101000000101110011100011010 41 9989170 320000001 15491027273604567183 483570326334694401 15491021070478153085
unknown 01000101100110101000000101110100110001110 41 10000001 38654197 15474248943642359073 4003252348268223872 15474242753945876464
unknown 01000101100110101000000110000111100111010 41 763008 320000001 202805874788563860881 483570326334694401 202804811602795938154
unknown 01000101100110101000000110010101101101010 41 72989 320000001 2120079805322343563584 483570326334694401 2119963625425349476832
unknown 01000101100110101000000110010101110101010 41 10000001 99982305 15474248943642359073 1547698914429633668 15474242753945876464
unknown 01000101100110101000000110010110001110110 41 3600441 320000001 42978764243233685641 483570326334694401 42978716494953411138
unknown 01000101100110101000000110010110011011010 41 53637 320000001 2884995523811408810381 483570326334694401 2884780390199148680346
unknown 01000101100110101000000110010110011101010 41 50580 320000001 3059361504758254930060 483570326334694401 3059119581501513015230
unknown 01000101100110101000000110010111011000110 41 10000001 33334203 15474248943642359073 4642154033521441457 15474242753945876464
unknown 01000101100110101000000110011001011101010 41 58398 320000001 2649791172825653864215 483570326334694401 2649609686494855216644
unknown 01000101100110101000000110011100110001110 41 10000001 36306390 15474248943642359073 4262128647620227028 15474242753945876464
unknown 01000101100110101000000111001000110111010 41 202170 320000001 765407849387508207758 483570326334694401 765392705840872388945
unknown 01000101100110101000000111001000111010110 41 143010 320000001 1082039751840238685144 483570326334694401 1082009487956931030266
unknown 01000101100110101000000111001010011010110 41 202186 320000001 765347278796121068533 483570326334694401 765332137646137466554
unknown 01000101100110101000000111001011101000110 41 10000001 39999997 15474248943642359073 3868562912909031828 15474242753945876464
unknown 01000101100110101000000111001100001111010 41 10000001 49939095 15474248943642359073 3098624532756801748 15474242753945876464
unknown 01000101100110101000000111001100100111010 41 10000001 30008935 15474248943642359073 5156547705230876550 15474242753945876464
unknown 01000101100110101000000111001100101101010 41 87602 320000001 1766426621660150845442 483570326334694401 1766345968434496887912
unknown 01000101100110101000000111001100111000110 41 10000001 37493304 15474248943642359073 4127203751119734190 15474242753945876464
unknown 01000101100110101000010000011100110111010 41 227415 320000001 680441065499956178627 483570326334694401 680429097439846865752
unknown 01000101100110101000010000011110011011010 41 160878 320000001 961862435576477419924 483570326334694401 961838520845542287903
unknown 01000101100110101000011000000101101101110 41 1532732 320000001 100958618278128553696 483570326334694401 100958354805180105617
unknown 01000101100110101000011000000110011110110 41 1925903 320000001 80348026308008520867 483570326334694401 80347859429698596227
unknown 01000101100110101000011000000111001111010 41 3764736 320000001 41103149041705058300 483570326334694401 41103105370004976270
unknown 01000101100110101000011000000111100111010 41 10000001 40284678 15474248943642359073 3841224817799773263 15474242753945876464
unknown 01000101101000011010000001110010110110110 41 71529 320000001 2163353393877623542373 483570326334694401 2163232422947066869311
unknown 01000101101000011010000001110011001110110 41 101141 320000001 1529968112938101604319 483570326334694401 1529907607006500908225
unknown 01000101101000011010000001110011100110110 41 9711477 320000001 15933982535372583837 483570326334694401 15933975972426093854
unknown 01000101101000011010000001110011100111010 41 10000001 94279076 15474248943642359073 1641323944569339377 15474242753945876464
unknown 01000101101000011011000000101110100111010 41 1527076 320000001 101332549860434277248 483570326334694401 101332284432166313725
unknown 01000101101000011011000000110011100111010 41 2256189 320000001 68585789980658772099 483570326334694401 68585668385050629252
unknown 01000101101000011011000000111001011010110 41 71536 320000001 2163141703627160232085 483570326334694401 2163020756369479093688
unknown 01000101101000011011000000111001011011010 41 126409 320000001 1224141516115723835822 483570326334694401 1224102781443937999750
unknown 01000101101000011011000000111001100111010 41 8426054 320000001 18364765394415052926 483570326334694401 18364756676333409332
unknown 01000101101000011101000000101110100111010 41 2273678 320000001 68058232041068495347 483570326334694401 68058112308877201985
unknown 01000101101000011101000000111001011010110 41 79972 320000001 1934958546874812864033 483570326334694401 1934861769914380993829
unknown 01000101101000011101000000111001011011010 41 73007 320000001 2119557096041099269418 483570326334694401 2119440973424176279772
unknown 01000101101000011101000000111001011101010 41 107274 320000001 1442497761905704405191 483570326334694401 1442443976497255116263
unknown 01000101101000100000010101101101100111010 41 10000001 51892350 15474248943642359073 2981990696329469265 15474242753945876464
unknown 01000101101000100000010110011101001110110 41 1910319 320000001 81003489422799299155 483570326334694401 81003319810666852864
unknown 01000101101000100000011001011101100110110 41 1525161 320000001 101459783531491124126 483570326334694401 101459517436259378076
unknown 01000101101000100000011001011101100111010 41 71530 320000001 2163323149876590722248 483570326334694401 2163202182328298911880
unknown 01000101101000100000011100101011011011010 41 73005 320000001 2119615162121396265495 483570326334694401 2119499033142113086913
unknown 01000101101000100000011100101100111010110 41 699581 320000001 221193121183497742738 483570326334694401 221191856473012620858
unknown 01000101101000100000011100101100111011010 41 73005 320000001 2119615162121396265495 483570326334694401 2119499033142113086913
unknown 01000101101000100000011100101110011010110 41 10000001 60000916 15474248943642359073 2579002375741605918 15474242753945876464
unknown 01000101101000100000011100101110011011010 41 968133 320000001 159835998680628110356 483570326334694401 159835338294758421962
unknown 01000101101000100000011100110010111011010 41 73005 320000001 2119615162121396265495 483570326334694401 2119499033142113086913
unknown 01000101101000100000011100111001100110110 41 10000001 138506642 15474248943642359073 1117220825487001081 15474242753945876464
unknown 01000101101000100001011000000110011101010 41 1258669 320000001 122941380863970221212 483570326334694401 122940990162395264189
unknown 01000101101000100001011000100001100111010 41 1339322 320000001 115537940025380404685 483570326334694401 115537594962445688625
unknown 01000101101000100001100001010110001011010 41 7732082 320000001 20013044987193945223 483570326334694401 20013034633949044846
unknown 01000101101000100001100001011000001111010 41 1927692 320000001 80273459095474035460 483570326334694401 80273292526763833283
unknown 01000101101000100001100001011000100111010 41 6472976 320000001 23905929036454412061 483570326334694401 23905914263704280620
unknown 01000101101000100001100110000001100111010 41 1918053 320000001 80676866025429190102 483570326334694401 80676697778362444058
unknown 01000101101000100100011010000001100111010 41 1918021 320000001 80678212027226257879 483570326334694401 80678043774545448763
unknown 01000101101000110000001010110001000111010 41 75873 320000001 2039493692231393702139 483570326334694401 2039386176452318019458
unknown 01000101101000110000001010110100111011010 41 75873 320000001 2039493692231393702139 483570326334694401 2039386176452318019458
unknown 01000101101000110000001010110110011101010 41 75873 320000001 2039493692231393702139 483570326334694401 2039386176452318019458
unknown 01000101101000110000001010111010011101010 41 2270035 320000001 68167453325905783111 483570326334694401 68167333209108977583
unknown 01000101101000110000001011100011100110110 41 10000001 39982135 15474248943642359073 3870291191570248422 15474242753945876464
unknown 01000101101000110000001110010101101011010 41 89409 320000001 1730726268168445395457 483570326334694401 1730648842010362412204
unknown 01000101101000110000001110010111001101010 41 107283 320000001 1442376750376784153710 483570326334694401 1442322973991933173287
unknown 01000101101001001010000001011010000110110 41 10000001 39990516 15474248943642359073 3869480076492949838 15474242753945876464
unknown 01000101101001001010000001110010110110110 41 71533 320000001 2163232422947066869311 483570326334694401 2163111465544718598242
unknown 01000101101001001010000001110010111010110 41 89406 320000001 1730784342333540638911 483570326334694401 1730706910979448991863
unknown 01000101101001001010000001110011001110110 41 101159 320000001 1529695873927900971366 483570326334694401 1529635389526531779034
unknown 01000101101001001010000001110011100110110 41 10000001 312472812 15474248943642359073 495219100568252109 15474242753945876464
unknown 01000101101001001010000001110011100111010 41 10000001 78046002 15474248943642359073 1982708927366613019 15474242753945876464
unknown 01000101101001001101000000101110100111010 41 2277002 320000001 67958879663115155087 483570326334694401 67958760280241920471
unknown 01000101101001001101000000111001011010110 41 89410 320000001 1730706910979448991863 483570326334694401 1730629486553252671421
unknown 01000101101001001101000000111001011011010 41 89409 320000001 1730726268168445395457 483570326334694401 1730648842010362412204
unknown 01000101101001001101000000111001011101010 41 107283 320000001 1442376750376784153710 483570326334694401 1442322973991933173287
unknown 01000101101001010110101010000001100111010 41 1915165 320000001 80798523840333618442 483570326334694401 80798355085463755086
unknown 01000101101001011001101010000001100111010 41 1913245 320000001 80879607635547216568 483570326334694401 80879438541806390263
unknown 01000101101001011010100000011001100111010 41 2184839 320000001 70825587107641585656 483570326334694401 70825457440499172876
unknown 01000101101001011010100000011100101101010 41 71536 320000001 2163141703627160232085 483570326334694401 2163020756369479093688
unknown 01000101101001100010000001110011001110110 41 101173 320000001 1529484199447209575306 483570326334694401 1529423731783631995043
unknown 01000101101001100011000000101100110110110 41 2284679 320000001 67730523592448888603 483570326334694401 67730405010529922253
unknown 01000101101001100011000000101110100111010 41 2280493 320000001 67854847574920218726 483570326334694401 67854728557271741363
unknown 01000101101001100011000000110011100111010 41 3360241 320000001 46051013873907417463 483570326334694401 46050959055269045669
unknown 01000101101001100101101010000001100111010 41 1915155 320000001 80798945730592319871 483570326334694401 80798776973960143447
unknown 01000101101001101000000101011011000111010 41 75874 320000001 2039466812223851838079 483570326334694401 2039359299278743962182
unknown 01000101101001101000000101100011100111010 41 10000001 49931906 15474248943642359073 3099070660564660488 15474242753945876464
unknown 01000101101001101000000101100110001110110 41 2288339 320000001 67622194487212136997 483570326334694401 67622076284312506632
unknown 01000101101001101000000101100111010001110 41 1913203 320000001 80881383162514659638 483570326334694401 80881214061349626237
unknown 01000101101001101000000101110001100110110 41 10000001 35882323 15474248943642359073 4312499636956964419 15474242753945876464
unknown 01000101101001101000000101110011101000110 41 10000001 36666699 15474248943642359073 4220246412437414516 15474242753945876464
unknown 01000101101001101000000101110100110001110 41 10000001 36330451 15474248943642359073 4259305916975061344 15474242753945876464
unknown 01000101101001101000000110000111100110110 41 49074 320000001 3153248255912958682040 483570326334694401 3152991256992390365590
unknown 01000101101001101000000110000111100111010 41 38219 320000001 4048837094394739118303 483570326334694401 4048413387506803086163
unknown 01000101101001101000000110010101101101010 41 175093 320000001 883773222862550383867 483570326334694401 883753033522404920487
unknown 01000101101001101000000110010110001110110 41 3594349 320000001 43051608207959921077 483570326334694401 43051560297687103733
unknown 01000101101001101000000110010110011011010 41 175091 320000001 883783317878546209471 483570326334694401 883763128077172588380
unknown 01000101101001101000000110010111000110110 41 10000001 38333138 15474248943642359073 4036781567704489374 15474242753945876464
unknown 01000101101001101000000110010111000111010 41 3612595 320000001 42834169042107552705 483570326334694401 42834121614569603314
unknown 01000101101001101000000110010111011000110 41 10000001 33331614 15474248943642359073 4642514608223668208 15474242753945876464
unknown 01000101101001101000000110011000011110110 41 10000001 214121288 15474248943642359073 722686223103013160 15474242753945876464
unknown 01000101101001101000000110011100110001110 41 10000001 35849593 15474248943642359073 4316436867516809309 15474242753945876464
unknown 01000101101001101000000111001011101000110 41 10000001 36363623 15474248943642359073 4255420448910509670 15474242753945876464
unknown 01000101101001101000000111001100110001110 41 10000001 39879410 15474248943642359073 3880260638526812066 15474242753945876464
unknown 01000101101001101000000111001110011000110 41 10000001 43360612 15474248943642359073 3568734336837139992 15474242753945876464
unknown 01000101101001101000011000000101101101110 41 1532728 320000001 100958881752452186143 483570326334694401 100958618278128553696
unknown 01000101101001101000011000000110011110110 41 1925899 320000001 80348193187011642025 483570326334694401 80348026308008520867
unknown 01000101101001101000011000000111001111010 41 3759874 320000001 41156300692702078411 483570326334694401 41156256907982794751
unknown 01000101101001101000011000000111100111010 41 10000001 150514393 15474248943642359073 1028091080370450249 15474242753945876464
unknown 01000101101010000000010101110100011110110 41 75870 320000001 2039574336505503286707 483570326334694401 2039466812223851838079
unknown 01000101101010000000010101110110111000110 41 75873 320000001 2039493692231393702139 483570326334694401 2039386176452318019458
unknown 01000101101010000000010101111011011000110 41 75873 320000001 2039493692231393702139 483570326334694401 2039386176452318019458
unknown 01000101101010000000010111011100001101110 41 10000001 40000000 15474248943642359073 3868562622766813360 15474242753945876464
unknown 01000101101010000000010111101100001101110 41 10000001 40000000 15474248943642359073 3868562622766813360 15474242753945876464
unknown 01000101101010000000011001011100011110110 41 50579 320000001 3059421991551286786263 483570326334694401 3059180058728674344393
unknown 01000101101010000000011001011101100111010 41 107276 320000001 1442470868700105656088 483570326334694401 1442417085297096703602
unknown 01000101101010000001000101101000011011010 41 10000001 49981028 15474248943642359073 3096024853884008436 15474242753945876464
unknown 01000101101010000001000101101010000110110 41 10000001 49971552 15474248943642359073 3096611946546557817 15474242753945876464
unknown 01000101101010000001000101101011100111010 41 2267596 320000001 68240773449358939760 483570326334694401 68240653074030928896
unknown 01000101101010000001000101101100110110110 41 2271247 320000001 68131077293959016507 483570326334694401 68130957305323160832
unknown 01000101101010000001000101111010100111010 41 10000001 45832348 15474248943642359073 3376272690866122207 15474242753945876464
unknown 01000101101010000001000110010110110110110 41 107277 320000001 1442457422473340365246 483570326334694401 1442403640073009520441
unknown 01000101101010000001000110010111010110110 41 87603 320000001 1766406457663236811096 483570326334694401 1766325806278865094826
unknown 01000101101010000001000110010111011010110 41 87603 320000001 1766406457663236811096 483570326334694401 1766325806278865094826
unknown 01000101101010000001000110011011001110110 41 75871 320000001 2039547454372191408607 483570326334694401 2039439932924843945469
unknown 01000101101010000001000110011101001110110 41 75871 320000001 2039547454372191408607 483570326334694401 2039439932924843945469
unknown 01000101101010000001000110011110100111010 41 2848369 320000001 54326705883497726019 483570326334694401 54326629591936356075
unknown 01000101101010000001000111100101101011010 41 107280 320000001 1442417085297096703602 483570326334694401 1442363305904631952224
unknown 01000101101010000001000111100101101101010 41 75873 320000001 2039493692231393702139 483570326334694401 2039386176452318019458
unknown 01000101101010000001000111100101110101010 41 75873 320000001 2039493692231393702139 483570326334694401 2039386176452318019458
unknown 01000101101010000001000111100110100111010 41 10000001 42499384 15474248943642359073 3641052889394174146 15474242753945876464
unknown 01000101101010000001000111100110110011010 41 107283 320000001 1442376750376784153710 483570326334694401 1442322973991933173287
unknown 01000101101010000001000111101001011010110 41 107283 320000001 1442376750376784153710 483570326334694401 1442322973991933173287
unknown 01000101101010000001000111101001011011010 41 107283 320000001 1442376750376784153710 483570326334694401 1442322973991933173287
unknown 01000101101010000001000111101001011101010 41 107283 320000001 1442376750376784153710 483570326334694401 1442322973991933173287
unknown 01000101101010000001001001011010000110110 41 10000001 39990515 15474248943642359073 3869480173252895953 15474242753945876464
unknown 01000101101010000001001001110010110110110 41 107280 320000001 1442417085297096703602 483570326334694401 1442363305904631952224
unknown 01000101101010000001001001110010111010110 41 107280 320000001 1442417085297096703602 483570326334694401 1442363305904631952224
unknown 01000101101010000001001001110011001110110 41 151699 320000001 1020062788223208685373 483570326334694401 1020035891911646667254
unknown 01000101101010000001001001110011100110110 41 10000001 139200979 15474248943642359073 1111648107810165146 15474242753945876464
unknown 01000101101010000001001001110011100111010 41 10000001 76900617 15474248943642359073 2012240095689642313 15474242753945876464
unknown 01000101101010000001010001101010000110110 41 10000001 39993676 15474248943642359073 3869174339229845598 15474242753945876464
unknown 01000101101010000001010001101101100111010 41 2274901 320000001 68021643539948566713 483570326334694401 68021523936459999149
unknown 01000101101010000001010001111010100111010 41 1445896 320000001 107021877721961008512 483570326334694401 107021581652031630378
unknown 01000101101010000001010010011010000110110 41 10000001 39990515 15474248943642359073 3869480173252895953 15474242753945876464
unknown 01000101101010000001010010110010110110110 41 107280 320000001 1442417085297096703602 483570326334694401 1442363305904631952224
unknown 01000101101010000001010010110010111010110 41 107280 320000001 1442417085297096703602 483570326334694401 1442363305904631952224
unknown 01000101101010000001010010110011001110110 41 151699 320000001 1020062788223208685373 483570326334694401 1020035891911646667254
unknown 01000101101010000001010010110011100110110 41 10000001 139200980 15474248943642359073 1111648099824243582 15474242753945876464
unknown 01000101101010000001010010110011100111010 41 10000001 76900618 15474248943642359073 2012240069522881265 15474242753945876464
unknown 01000101101010000001010011101001011010110 41 107286 320000001 1442336417712213470187 483570326334694401 1442282644334723966469
unknown 01000101101010000001010011101001011011010 41 107286 320000001 1442336417712213470187 483570326334694401 1442282644334723966469
unknown 01000101101010000001010011101001011101010 41 107286 320000001 1442336417712213470187 483570326334694401 1442282644334723966469
unknown 01000101101010000001010011101100101101010 41 107286 320000001 1442336417712213470187 483570326334694401 1442282644334723966469
unknown 01000101101010000001010100101010000110110 41 10000001 39990515 15474248943642359073 3869480173252895953 15474242753945876464
unknown 01000101101010000001010100111010100111010 41 2278180 320000001 67923739524827947907 483570326334694401 67923620265383539856
unknown 01000101101010000001010101101000111010110 41 75869 320000001 2039601219347461207640 483570326334694401 2039493692231393702139
unknown 01000101101010000001010101101100011101010 41 75869 320000001 2039601219347461207640 483570326334694401 2039493692231393702139
unknown 01000101101010000001010110000011000111010 41 75872 320000001 2039520572947497553280 483570326334694401 2039413054334342010154
unknown 01000101101010000001010110001110011101010 41 101150 320000001 1529831981321527774221 483570326334694401 1529771486156479569394
unknown 01000101101010000001010110011011000111010 41 75872 320000001 2039520572947497553280 483570326334694401 2039413054334342010154
unknown 01000101101010000001010110011101000111010 41 75872 320000001 2039520572947497553280 483570326334694401 2039413054334342010154
unknown 01000101101010000001010110100001101100010 41 10000001 39996839 15474248943642359073 3868868360088969390 15474242753945876464
unknown 01000101101010000001010110110000110110110 41 10000001 40000000 15474248943642359073 3868562622766813360 15474242753945876464
unknown 01000101101010000001010111010000110110110 41 10000001 40000000 15474248943642359073 3868562622766813360 15474242753945876464
unknown 01000101101010000001010111010011101000110 41 1521115 320000001 101729655490000778615 483570326334694401 101729387977319680027
unknown 01000101101010000001011000010111010110110 41 771485 320000001 200577464125255234208 483570326334694401 200576424175422506818
unknown 01000101101010000001011000011010000110110 41 10000001 39993676 15474248943642359073 3869174339229845598 15474242753945876464
unknown 01000101101010000001011000011110110011010 41 3318043 320000001 46636678581523064760 483570326334694401 46636622359681021506
unknown 01000101101010000001011000100001011011010 41 1531302 320000001 101052898063655983185 483570326334694401 101052634098392179201
unknown 01000101101010000001011000100001100111010 41 1531302 320000001 101052898063655983185 483570326334694401 101052634098392179201
unknown 01000101101010000001011001001010000110110 41 10000001 39990516 15474248943642359073 3869480076492949838 15474242753945876464
unknown 01000101101010000001011001011000110110110 41 10000001 42915658 15474248943642359073 3605735345143083543 15474242753945876464
unknown 01000101101010000001011001100010000110110 41 10000001 39990516 15474248943642359073 3869480076492949838 15474242753945876464
unknown 01000101101010000001011001100011100110110 41 10000001 36562593 15474248943642359073 4232262873442059604 15474242753945876464
unknown 01000101101010000001011001100110001110110 41 10000001 36764609 15474248943642359073 4209007225146132640 15474242753945876464
unknown 01000101101010000001011001100110110011010 41 94601 320000001 1635738574757904613719 483570326334694401 1635669413991570576211
unknown 01000101101010000001011001100111000110110 41 5610051 320000001 27583083453371909518 483570326334694401 27583063786482045963
unknown 01000101101010000001011001101100111000110 41 10000001 42000142 15474248943642359073 3684332898461927447 15474242753945876464
unknown 01000101101010000001011001110100110001110 41 3772236 320000001 41021427320738292717 483570326334694401 41021383822522568650
unknown 01000101101010000001011001110110000111010 41 10000001 30000002 15474248943642359073 5158083153150207603 15474242753945876464
unknown 01000101101010000001011010000100100110110 41 10000001 34997763 15474248943642359073 4421497022843218133 15474242753945876464
unknown 01000101101010000001011010000101001010110 41 10000001 34997764 15474248943642359073 4421496896506660665 15474242753945876464
unknown 01000101101010000001011010000101100010110 41 10000001 34997766 15474248943642359073 4421496643833567388 15474242753945876464
unknown 01000101101010000001011010000101111010110 41 771487 320000001 200576944148990889494 483570326334694401 200575904204550065215
unknown 01000101101010000001011010000110010010110 41 10000001 34998883 15474248943642359073 4421355530422857620 15474242753945876464
unknown 01000101101010000001011010000111001101110 41 10000001 30000002 15474248943642359073 5158083153150207603 15474242753945876464
unknown 01000101101010000001011010000111001111010 41 10000001 30000002 15474248943642359073 5158083153150207603 15474242753945876464
unknown 01000101101010000001011010010000011011010 41 10000001 34995527 15474248943642359073 4421779529443078093 15474242753945876464
unknown 01000101101010000001011010010010000110110 41 10000001 34997764 15474248943642359073 4421496896506660665 15474242753945876464
unknown 01000101101010000001011010010110000010110 41 10000001 36780955 15474248943642359073 4207136680128956260 15474242753945876464
unknown 01000101101010000001011011000011100110110 41 10000001 30000002 15474248943642359073 5158083153150207603 15474242753945876464
unknown 01000101101010000001011011000011100111010 41 10000001 30000002 15474248943642359073 5158083153150207603 15474242753945876464
unknown 01000101101010000001011011001011011000110 41 10000001 36875198 15474248943642359073 4196384380381429664 15474242753945876464
unknown 01000101101010000001011011001011101000110 41 10000001 42096949 15474248943642359073 3675860331604376706 15474242753945876464
unknown 01000101101010000001011011001100110001110 41 10000001 38223323 15474248943642359073 4048379177045191345 15474242753945876464
unknown 01000101101010000001011100001110011010110 41 75866 320000001 2039681872125491450221 483570326334694401 2039574336505503286707
unknown 01000101101010000001011100001110011101010 41 10000001 49271484 15474248943642359073 3140609787817077610 15474242753945876464
unknown 01000101101010000001011100001110100111010 41 4294072 320000001 36036308872015311891 483570326334694401 36036275303621206137
unknown 01000101101010000001011100011001011101010 41 126410 320000001 1224131832217961667293 483570326334694401 1224093098159005603513
unknown 01000101101010000001011100011001100111010 41 10000001 49957361 15474248943642359073 3097491577080553442 15474242753945876464
unknown 01000101101010000001011100011100110001110 41 10000001 39973221 15474248943642359073 3871154263767549140 15474242753945876464
unknown 01000101101010000001011100100110100111010 41 10000001 30303070 15474248943642359073 5106495972542469604 15474242753945876464
unknown 01000101101010000001011100101101100011010 41 3586444 320000001 43146499683439232388 483570326334694401 43146451561732537141
unknown 01000101101010000001011100101110100011010 41 3601215 320000001 42969526926515782691 483570326334694401 42969479198758124503
unknown 01000101101010000001011100110001110011010 41 202190 320000001 765332137646137466554 483570326334694401 765316997095228020428
unknown 01000101101010000001011100111001110100010 41 10000001 51322690 15474248943642359073 3015089522990173243 15474242753945876464
unknown 01000101101010000001011100111010011000110 41 10000001 43199522 15474248943642359073 3582042063119877446 15474242753945876464
unknown 01000101101010000001011101000011100111010 41 10000001 54510994 15474248943642359073 2838739372660724814 15474242753945876464
unknown 01000101101010000001011101001000110110110 41 2273677 320000001 68058261974182143886 483570326334694401 68058142241885530276
unknown 01000101101010000001011101001000111101010 41 2270030 320000001 68167603472497074648 483570326334694401 68167483355171127112
unknown 01000101101010000001011101001010011101010 41 2277001 320000001 67958909508899001082 483570326334694401 67958790125920906789
unknown 01000101101010000001011101001011101000110 41 10000001 34506778 15474248943642359073 4484408973526086219 15474242753945876464
unknown 01000101101010000001011101001110000111010 41 1920072 320000001 80592032439758787360 483570326334694401 80591864546336985809
unknown 01000101101010000001011101001110010011010 41 3023436 320000001 51181008928474931953 483570326334694401 51180941216188359737
unknown 01000101101010000001100001011100011110110 41 53637 320000001 2884995523811408810381 483570326334694401 2884780390199148680346
unknown 01000101101010000001100001011110100111010 41 2146054 320000001 72105597021637169598 483570326334694401 72105462625275055177
unknown 01000101101010000001100101010110110101010 41 88488 320000001 1748739997634397142691 483570326334694401 1748660951393035916947
unknown 01000101101010000001100101010111010101010 41 10000001 98670386 15474248943642359073 1568277080730914891 15474242753945876464
unknown 01000101101010000001100101011000110110110 41 10000001 38148108 15474248943642359073 4056361193867662700 15474242753945876464
unknown 01000101101010000001100101011000111010110 41 10000001 42000215 15474248943642359073 3684326494773241860 15474242753945876464
unknown 01000101101010000001100101011001101101010 41 72984 320000001 2120225048101947472904 483570326334694401 2120108852286300958547
unknown 01000101101010000001100101011001110101010 41 67852 320000001 2280588706459242680576 483570326334694401 2280454269492344587987
unknown 01000101101010000001100101011100011010110 41 10000001 38558495 15474248943642359073 4013188401431968089 15474242753945876464
unknown 01000101101010000001100101011100011101010 41 10000001 53998589 15474248943642359073 2865676821864225645 15474242753945876464
unknown 01000101101010000001100101100001110111010 41 53635 320000001 2885103102650741761208 483570326334694401 2884887952994510232525
unknown 01000101101010000001100101100011100110110 41 4323758 320000001 35788891263265088926 483570326334694401 35788858154235254939
unknown 01000101101010000001100101100011100111010 41 10000001 38689631 15474248943642359073 3999585959108075608 15474242753945876464
unknown 01000101101010000001100101100101101011010 41 53632 320000001 2885264485953768913380 483570326334694401 2885049312228214899739
unknown 01000101101010000001100101100101101101010 41 53635 320000001 2885103102650741761208 483570326334694401 2884887952994510232525
unknown 01000101101010000001100101100101110101010 41 50580 320000001 3059361504758254930060 483570326334694401 3059119581501513015230
unknown 01000101101010000001100101100110001110110 41 10000001 38205137 15474248943642359073 4050306243128313723 15474242753945876464
unknown 01000101101010000001100101100110011011010 41 53632 320000001 2885264485953768913380 483570326334694401 2885049312228214899739
unknown 01000101101010000001100101100110011101010 41 45240 320000001 3420479772561285021274 483570326334694401 3420177369610833135055
unknown 01000101101010000001100101100111000110110 41 10000001 38556302 15474248943642359073 4013416663005506451 15474242753945876464
unknown 01000101101010000001100101100111001101010 41 104 320000001 1487908701064158984253756 483570326334694401 1432800971395116058911024
unknown 01000101101010000001100101101100110001110 41 10000001 41626320 15474248943642359073 3717419769767602190 15474242753945876464
unknown 01000101101010000001100101110001100110110 41 10000001 39333340 15474248943642359073 3934130813977977319 15474242753945876464
unknown 01000101101010000001100101110011100011010 41 10000001 40417500 15474248943642359073 3828601593633266144 15474242753945876464
unknown 01000101101010000001100101110100110001110 41 10000001 35911201 15474248943642359073 4309031739447325484 15474242753945876464
unknown 01000101101010000001100101110110000110110 41 75865 320000001 2039708757802313772654 483570326334694401 2039601219347461207640
unknown 01000101101010000001100110010101101101010 41 75829 320000001 2040677114437385886171 483570326334694401 2040569473852709695811
unknown 01000101101010000001100110010101110101010 41 70126 320000001 2206635269524463599270 483570326334694401 2206509409819942027127
unknown 01000101101010000001100110010110011011010 41 58369 320000001 2651107692622325795584 483570326334694401 2650926025913907703260
unknown 01000101101010000001100110010110011101010 41 39180 320000001 3949527945652693577397 483570326334694401 3949124768034721681360
unknown 01000101101010000001100110010111011000110 41 10000001 33339374 15474248943642359073 4641434026645867267 15474242753945876464
unknown 01000101101010000001100110011100101101010 41 46 320000001 3363967498058098573095447 483570326334694401 3094850098213450687247811
unknown 01000101101010000001100111000000111110110 41 769019 320000001 201220652429488132755 483570326334694401 201219605799400712804
unknown 01000101101010000001100111001100101101010 41 40 320000001 3868562622766813359059764 483570326334694401 3516875111606193962781603
unknown 01000101101010000001110000001100111110110 41 765357 320000001 202183431928724156652 483570326334694401 202182375259090199739
unknown 01000101101010000001110000101100111011010 41 151655 320000001 1020358741292226002192 483570326334694401 1020331829371633298139
unknown 01000101101010000001110010001011010111010 41 73007 320000001 2119557096041099269418 483570326334694401 2119440973424176279772
unknown 01000101101010000001110010001011011010110 41 73007 320000001 2119557096041099269418 483570326334694401 2119440973424176279772
unknown 01000101101010000001110010001011011011010 41 89407 320000001 1730764983845476689324 483570326334694401 1730687554223446045368
unknown 01000101101010000001110010001011011101010 41 73007 320000001 2119557096041099269418 483570326334694401 2119440973424176279772
unknown 01000101101010000001110010001011101010110 41 63230 320000001 2447295665201210412184 483570326334694401 2447140856353742201386
unknown 01000101101010000001110010001011101011010 41 89407 320000001 1730764983845476689324 483570326334694401 1730687554223446045368
unknown 01000101101010000001110010001011101101010 41 63232 320000001 2447218258329208855681 483570326334694401 2447063459274345853033
unknown 01000101101010000001110010001011110101010 41 63230 320000001 2447295665201210412184 483570326334694401 2447140856353742201386
unknown 01000101101010000001110010001100110110110 41 10000001 80174271 15474248943642359073 1930076856086069487 15474242753945876464
unknown 01000101101010000001110010001100111010110 41 10000001 144801938 15474248943642359073 1068649405166611337 15474242753945876464
unknown 01000101101010000001110010001101100110110 41 89407 320000001 1730764983845476689324 483570326334694401 1730687554223446045368
unknown 01000101101010000001110010001101100111010 41 89407 320000001 1730764983845476689324 483570326334694401 1730687554223446045368
unknown 01000101101010000001110010001101110011010 41 89407 320000001 1730764983845476689324 483570326334694401 1730687554223446045368
unknown 01000101101010000001110010001110011010110 41 89430 320000001 1730319858108828517974 483570326334694401 1730242468308166182463
unknown 01000101101010000001110010010010110110110 41 89407 320000001 1730764983845476689324 483570326334694401 1730687554223446045368
unknown 01000101101010000001110010010010111010110 41 89407 320000001 1730764983845476689324 483570326334694401 1730687554223446045368
unknown 01000101101010000001110010010011001110110 41 126435 320000001 1223889784558647007256 483570326334694401 1223851065815709823413
unknown 01000101101010000001110010010011100110110 41 10000001 129335888 15474248943642359073 1196439034080568067 15474242753945876464
unknown 01000101101010000001110010010011100111010 41 10000001 74732760 15474248943642359073 2070611401354272670 15474242753945876464
unknown 01000101101010000001110010100011011010110 41 89407 320000001 1730764983845476689324 483570326334694401 1730687554223446045368
unknown 01000101101010000001110010100011011011010 41 89407 320000001 1730764983845476689324 483570326334694401 1730687554223446045368
unknown 01000101101010000001110010100011011101010 41 89407 320000001 1730764983845476689324 483570326334694401 1730687554223446045368
unknown 01000101101010000001110010100011101010110 41 73007 320000001 2119557096041099269418 483570326334694401 2119440973424176279772
unknown 01000101101010000001110010100011101011010 41 73007 320000001 2119557096041099269418 483570326334694401 2119440973424176279772
unknown 01000101101010000001110010100011101101010 41 89410 320000001 1730706910979448991863 483570326334694401 1730629486553252671421
unknown 01000101101010000001110010100011110101010 41 89405 320000001 1730803701254656164224 483570326334694401 1730726268168445395457
unknown 01000101101010000001110010100100110110110 41 89407 320000001 1730764983845476689324 483570326334694401 1730687554223446045368
unknown 01000101101010000001110010100100111010110 41 89407 320000001 1730764983845476689324 483570326334694401 1730687554223446045368
unknown 01000101101010000001110010100101001110110 41 126435 320000001 1223889784558647007256 483570326334694401 1223851065815709823413
unknown 01000101101010000001110010100101100110110 41 10000001 129335889 15474248943642359073 1196439024829933588 15474242753945876464
unknown 01000101101010000001110010100101100111010 41 10000001 74732760 15474248943642359073 2070611401354272670 15474242753945876464
unknown 01000101101010000001110010101001010110110 41 89407 320000001 1730764983845476689324 483570326334694401 1730687554223446045368
unknown 01000101101010000001110010101001011010110 41 89407 320000001 1730764983845476689324 483570326334694401 1730687554223446045368
unknown 01000101101010000001110010101001101010110 41 89410 320000001 1730706910979448991863 483570326334694401 1730629486553252671421
unknown 01000101101010000001110010101001101011010 41 89410 320000001 1730706910979448991863 483570326334694401 1730629486553252671421
unknown 01000101101010000001110010101001101101010 41 89410 320000001 1730706910979448991863 483570326334694401 1730629486553252671421
unknown 01000101101010000001110010101001110101010 41 89410 320000001 1730706910979448991863 483570326334694401 1730629486553252671421
unknown 01000101101010000001110010101101000111010 41 3022866 320000001 51190659761521858516 483570326334694401 51190592023696862374
unknown 01000101101010000001110010101110100010110 41 10000001 46369359 15474248943642359073 3337171534130384127 15474242753945876464
unknown 01000101101010000001110010110000110111010 41 75865 320000001 2039708757802313772654 483570326334694401 2039601219347461207640
unknown 01000101101010000001110010110000111010110 41 1219682 320000001 126871188482467179448 483570326334694401 126870772404268421842
unknown 01000101101010000001110010110000111101010 41 10000001 49963028 15474248943642359073 3097140247598134652 15474242753945876464
unknown 01000101101010000001110010110010010110110 41 10000001 39993680 15474248943642359073 3869173952251269060 15474242753945876464
unknown 01000101101010000001110010110010011010110 41 10000001 39986600 15474248943642359073 3869859025540369383 15474242753945876464
unknown 01000101101010000001110010110010011011010 41 89409 320000001 1730726268168445395457 483570326334694401 1730648842010362412204
unknown 01000101101010000001110010110010011101010 41 10000001 39983751 15474248943642359073 3870134768263051017 15474242753945876464
unknown 01000101101010000001110010110100001101110 41 151666 320000001 1020284736926354847906 483570326334694401 1020257828909293428908
unknown 01000101101010000001110010110100001110110 41 10000001 30008942 15474248943642359073 5156546502394937295 15474242753945876464
unknown 01000101101010000001110010110100001111010 41 1218157 320000001 127030017403891726898 483570326334694401 127029600283273339372
unknown 01000101101010000001110010110100100110110 41 10000001 30006327 15474248943642359073 5156995886589935995 15474242753945876464
unknown 01000101101010000001110010110100100111010 41 10000001 39986599 15474248943642359073 3869859122319268372 15474242753945876464
unknown 01000101101010000001110010110110000110110 41 10000001 40004468 15474248943642359073 3868130552584089717 15474242753945876464
unknown 01000101101010000001110010110110000111010 41 771899 320000001 200469886488611248833 483570326334694401 200468847654009032693
unknown 01000101101010000001110010110110010010110 41 89406 320000001 1730784342333540638911 483570326334694401 1730706910979448991863
unknown 01000101101010000001110010110110010011010 41 10000001 39988221 15474248943642359073 3869702153308408853 15474242753945876464
unknown 01000101101010000001110010111000011101010 41 107275 320000001 1442484315177557999184 483570326334694401 1442430530771842899006
unknown 01000101101010000001110010111001001010110 41 10000001 49964257 15474248943642359073 3097064065431264882 15474242753945876464
unknown 01000101101010000001110010111001001101010 41 107284 320000001 1442363305904631952224 483570326334694401 1442309530522262828671
unknown 01000101101010000001110010111010000110110 41 10000001 40004470 15474248943642359073 3868130359199172852 15474242753945876464
unknown 01000101101010000001110010111010000111010 41 10000001 44986309 15474248943642359073 3439768861914689075 15474242753945876464
unknown 01000101101010000001110010111010010010110 41 10000001 49973187 15474248943642359073 3096510633005506221 15474242753945876464
unknown 01000101101010000001110010111010010011010 41 10000001 30009490 15474248943642359073 5156452339265763409 15474242753945876464
unknown 01000101101010000001110011001001001110110 41 126431 320000001 1223928505751536682953 483570326334694401 1223889784558647007256
unknown 01000101101010000001110011001010010110110 41 126431 320000001 1223928505751536682953 483570326334694401 1223889784558647007256
unknown 01000101101010000001110011001011101100010 41 89406 320000001 1730784342333540638911 483570326334694401 1730706910979448991863
unknown 01000101101010000001110011001100101101010 41 101144 320000001 1529922733040739286190 483570326334694401 1529862230698308759070
unknown 01000101101010000001110011001110010010110 41 10000001 39991078 15474248943642359073 3869425698168789908 15474242753945876464
unknown 01000101101010000001110011100100100110110 41 10000001 104385150 15474248943642359073 1482418762732750151 15474242753945876464
unknown 01000101101010000001110011100100100111010 41 10000001 67908949 15474248943642359073 2278676186119042048 15474242753945876464
unknown 01000101101010000001110011100101001010110 41 10000001 104385151 15474248943642359073 1482418748531316819 15474242753945876464
unknown 01000101101010000001110011100101001011010 41 10000001 67908950 15474248943642359073 2278676152564169147 15474242753945876464
unknown 01000101101010000001110011100110010010110 41 10000001 83493986 15474248943642359073 1853337136289942301 15474242753945876464
unknown 01000101101010000001110011100111001001010 41 10000001 44811717 15474248943642359073 3453170627464967129 15474242753945876464
unknown 01000101101010000100000101101000011011010 41 10000001 39987353 15474248943642359073 3869786152403549552 15474242753945876464
unknown 01000101101010000100000101110100111101010 41 2274901 320000001 68021643539948566713 483570326334694401 68021523936459999149
unknown 01000101101010000100000101111010011101010 41 2274904 320000001 68021553837292709654 483570326334694401 68021434234119592688
unknown 01000101101010000100000111001011010111010 41 107280 320000001 1442417085297096703602 483570326334694401 1442363305904631952224
unknown 01000101101010000100000111001011011011010 41 75870 320000001 2039574336505503286707 483570326334694401 2039466812223851838079
unknown 01000101101010000100000111001011011101010 41 107280 320000001 1442417085297096703602 483570326334694401 1442363305904631952224
unknown 01000101101010000100000111001011101011010 41 87600 320000001 1766466951035074593178 483570326334694401 1766386294126666982814
unknown 01000101101010000100000111001011110101010 41 107280 320000001 1442417085297096703602 483570326334694401 1442363305904631952224
unknown 01000101101010000100000111001100111011010 41 107299 320000001 1442161668894141924551 483570326334694401 1442107908545637441287
unknown 01000101101010000100000111001110011011010 41 10000001 163784409 15474248943642359073 944793865639998337 15474242753945876464
unknown 01000101101010000100000111001110011101010 41 10000001 86423788 15474248943642359073 1790508244219433363 15474242753945876464
unknown 01000101101010000100000111100101101011010 41 87606 320000001 1766345968434496887912 483570326334694401 1766265322573593589344
unknown 01000101101010000100000111100101101101010 41 87606 320000001 1766345968434496887912 483570326334694401 1766265322573593589344
unknown 01000101101010000100000111100101110101010 41 107283 320000001 1442376750376784153710 483570326334694401 1442322973991933173287
unknown 01000101101010000100000111100110110011010 41 151705 320000001 1020022444287746180828 483570326334694401 1019995550103636134722
unknown 01000101101010000100010110110011101000110 41 10000001 34999992 15474248943642359073 4421215436582743630 15474242753945876464
unknown 01000101101010000100010111001110101000110 41 10000001 35714297 15474248943642359073 4332788768337580168 15474242753945876464
unknown 01000101101010000100011100101101101000110 41 10000001 34999999 15474248943642359073 4421214552339631049 15474242753945876464
unknown 01000101101010000100011100101110101000110 41 10000001 35000004 15474248943642359073 4421213920737624327 15474242753945876464
unknown 01000101101010000100100001011010000110110 41 10000001 39990515 15474248943642359073 3869480173252895953 15474242753945876464
unknown 01000101101010000100100001110010110110110 41 107280 320000001 1442417085297096703602 483570326334694401 1442363305904631952224
unknown 01000101101010000100100001110010111010110 41 107280 320000001 1442417085297096703602 483570326334694401 1442363305904631952224
unknown 01000101101010000100100001110011001110110 41 151699 320000001 1020062788223208685373 483570326334694401 1020035891911646667254
unknown 01000101101010000100100001110011100110110 41 10000001 139200978 15474248943642359073 1111648115796086824 15474242753945876464
unknown 01000101101010000100100001110011100111010 41 10000001 76900618 15474248943642359073 2012240069522881265 15474242753945876464
unknown 01000101101010000101100000010110110111010 41 1218690 320000001 126974460207823592844 483570326334694401 126974043451984283473
unknown 01000101101010000101100000011001111011010 41 2417275 320000001 64015267154408387281 483570326334694401 64015161224944466222
unknown 01000101101010000101100000011100111101010 41 89408 320000001 1730745625790449784834 483570326334694401 1730668197900422027943
unknown 01000101101010000101100000011110011101010 41 10000001 63093686 15474248943642359073 2452583051031010209 15474242753945876464
unknown 01000101101010000101100001110011100011010 41 10000001 40000009 15474248943642359073 3868561752340419083 15474242753945876464
unknown 01000101101010000110000000011001111101110 41 764150 320000001 202502787293950839970 483570326334694401 202501727283600601924
unknown 01000101101010000110000001010110110101110 41 75866 320000001 2039681872125491450221 483570326334694401 2039574336505503286707
unknown 01000101101010000110000001010110110111010 41 1530279 320000001 101120452486554761820 483570326334694401 101120188168248967258
unknown 01000101101010000110000001010111101011010 41 1218773 320000001 126965813084694634984 483570326334694401 126965396385616510947
unknown 01000101101010000110000001011001110101110 41 2677805 320000001 57787069973606194015 483570326334694401 57786983653678262476
unknown 01000101101010000110000001011001111010110 41 3555448 320000001 43522646066170151937 483570326334694401 43522597101767239261
unknown 01000101101010000110000001011010000110110 41 10000001 39993678 15474248943642359073 3869174145740547653 15474242753945876464
unknown 01000101101010000110000001011011001111010 41 1083877 320000001 142767587937259056482 483570326334694401 142767061061751736918
unknown 01000101101010000110000001011011100110110 41 2418808 320000001 63974695350219006372 483570326334694401 63974589554985064719
unknown 01000101101010000110000001011100111101010 41 3752650 320000001 41235528202915948560 483570326334694401 41235484249459858107
unknown 01000101101010000110000001011101001111010 41 2739435 320000001 56487014625524071337 483570326334694401 56486932145841734152
unknown 01000101101010000110000001011110011101010 41 10000001 101693799 15474248943642359073 1521651334027481208 15474242753945876464
unknown 01000101101010000110000001011110100110110 41 1533120 320000001 100933067803350379855 483570326334694401 100932804463743659589
unknown 01000101101010000110000001011110100111010 41 2273687 320000001 68057962644230509460 483570326334694401 68057842912987092073
unknown 01000101101010000110000001100001111101110 41 764152 320000001 202502257287388548826 483570326334694401 202501197282586977479
unknown 01000101101010000110000001100101101101110 41 3040078 320000001 50900833765012784002 483570326334694401 50900766792038022120
unknown 01000101101010000110000001100101111010110 41 1678504 320000001 92190727523242443487 483570326334694401 92190507826398524382
unknown 01000101101010000110000001100101111011010 41 75868 320000001 2039628102898093192946 483570326334694401 2039520572947497553280
unknown 01000101101010000110000001100110011110110 41 2414981 320000001 64076075509775246415 483570326334694401 64075969378970276985
unknown 01000101101010000110000001100111001111010 41 10000001 290727689 15474248943642359073 532259261038849776 15474242753945876464
unknown 01000101101010000110000001100111100111010 41 9758507 320000001 15857190542638595675 483570326334694401 15857184042798387415
unknown 01000101101010000110000001110010110101110 41 107280 320000001 1442417085297096703602 483570326334694401 1442363305904631952224
unknown 01000101101010000110000001110010110110110 41 71543 320000001 2162930054801623280578 483570326334694401 2162809131209869517414
unknown 01000101101010000110000001110010110111010 41 107280 320000001 1442417085297096703602 483570326334694401 1442363305904631952224
unknown 01000101101010000110000001110010111101010 41 107280 320000001 1442417085297096703602 483570326334694401 1442363305904631952224
unknown 01000101101010000110000001110011001110110 41 101185 320000001 1529302810798760037184 483570326334694401 1529242357476331759010
unknown 01000101101010000110000001110011100110110 41 10000001 281921534 15474248943642359073 548885013199000735 15474242753945876464
unknown 01000101101010000110000001111001100110110 41 6718726 320000001 23031524862105186960 483570326334694401 23031511150272824532
unknown 01000101101010000110000001111001100111010 41 10000001 143758443 15474248943642359073 1076406377819997219 15474242753945876464
unknown 01000101101010000110000101011000001011010 41 6506823 320000001 23781575879760757956 483570326334694401 23781561260299764288
unknown 01000101101010000110000101100000100111010 41 6506823 320000001 23781575879760757956 483570326334694401 23781561260299764288
unknown 01000101101010000110000101110001100111010 41 8705976 320000001 17774285721747054479 483570326334694401 17774277555274941404
unknown 01000101101010000110000101110011100011010 41 10000001 38339718 15474248943642359073 4036088760764294990 15474242753945876464
unknown 01000101101010000110000110010111000111010 41 1472758 320000001 105069879036931073783 483570326334694401 105069593668680027298
unknown 01000101101010000110000110011100111000110 41 10000001 36910136 15474248943642359073 4192412211937461688 15474242753945876464
unknown 01000101101010000110000111001011000001010 41 10000001 34549203 15474248943642359073 4478902303786068072 15474242753945876464
unknown 01000101101010000110000111001011100011010 41 10000001 38745151 15474248943642359073 3993854738381908342 15474242753945876464
unknown 01000101101010000110000111001100111000110 41 10000001 40378211 15474248943642359073 3832326917868464613 15474242753945876464
unknown 01000101101010000110010001100011001001010 41 10000001 36000020 15474248943642359073 4298400526185055852 15474242753945876464
unknown 01000101101010000110011000000101101101110 41 1222289 320000001 126600587022113865349 483570326334694401 126600172716912012392
unknown 01000101101010000110011000000110011110110 41 2416654 320000001 64031716956863719160 483570326334694401 64031610972952124117
unknown 01000101101010000110011000000111001111010 41 10000001 40624221 15474248943642359073 3809119316052178191 15474242753945876464
unknown 01000101101010000110011000000111100111010 41 10000001 40678562 15474248943642359073 3804030853172059877 15474242753945876464
unknown 01000101101010010000000111001011010100010 41 107286 320000001 1442336417712213470187 483570326334694401 1442282644334723966469
unknown 01000101101010010010000001011010000110110 41 10000001 39990515 15474248943642359073 3869480173252895953 15474242753945876464
unknown 01000101101010010010000001110010110110110 41 107280 320000001 1442417085297096703602 483570326334694401 1442363305904631952224
unknown 01000101101010010010000001110010111010110 41 107280 320000001 1442417085297096703602 483570326334694401 1442363305904631952224
unknown 01000101101010010010000001110011001110110 41 151699 320000001 1020062788223208685373 483570326334694401 1020035891911646667254
unknown 01000101101010010010000001110011100110110 41 10000001 139200979 15474248943642359073 1111648107810165146 15474242753945876464
unknown 01000101101010010010000001110011100111010 41 10000001 76900618 15474248943642359073 2012240069522881265 15474242753945876464
unknown 01000110000001011010000110110000101101010 41 10000001 39993676 15474248943642359073 3869174339229845598 15474242753945876464
unknown 01000110000001011100101101011011000011010 41 93 320000001 1663897902265296068412802 483570326334694401 1595283555780129220230831
unknown 01000110000001100101110110011011000011010 41 2445 320000001 63289368061624758430426 483570326334694401 63185996288555546901752
unknown 01000110000001100101110110011101000011010 41 71529 320000001 2163353393877623542373 483570326334694401 2163232422947066869311
unknown 01000110000001100101111011001101000011010 41 81 320000001 1910401295193488078548032 483570326334694401 1820500057772618051322242
unknown 01000110000001100111001111010000101101010 41 10000001 129999621 15474248943642359073 1190330431122353306 15474242753945876464
unknown 01000110000001110010110101000010110001010 41 71532 320000001 2163262664411347849388 483570326334694401 2163141703627160232085
unknown 01000110000001110010110110110000101101010 41 71533 320000001 2163232422947066869311 483570326334694401 2163111465544718598242
unknown 01000110000001110010111010110000101101010 41 71533 320000001 2163232422947066869311 483570326334694401 2163111465544718598242
unknown 01000110000001110011001110110000101101010 41 101157 320000001 1529726117922363596809 483570326334694401 1529665631129314007992
unknown 01000110000001110011001110110000110011010 41 101149 320000001 1529847105860389468630 483570326334694401 1529786609499199572553
unknown 01000110000001110011001111010000101101010 41 72273 320000001 2141083183355783409606 483570326334694401 2140964690159698581325
unknown 01000110000001110011100110110000101101010 41 9140683 320000001 16928987134842389170 483570326334694401 16928979726652114263
unknown 01000110000001110011100111010000101101010 41 10000001 100351112 15474248943642359073 1542010863922190861 15474242753945876464
unknown 01000110000001110011110100001100101101010 41 72273 320000001 2141083183355783409606 483570326334694401 2140964690159698581325
unknown 01000110000001111000011100111101000011010 41 766586 320000001 201859288991284127760 483570326334694401 201858235707056620048
unknown 01000110000001111001111000110000101101010 41 10000001 39990878 15474248943642359073 3869445049710399816 15474242753945876464
unknown 01000110000011100001010110100010000110110 41 10000001 39987358 15474248943642359073 3869785668527351429 15474242753945876464
unknown 01000110000100111000100001011010000110110 41 10000001 39987357 15474248943642359073 3869785765302581373 15474242753945876464
unknown 01000110000101100000011001110101000011010 41 1258670 320000001 122941283188343675755 483570326334694401 122940892487389534036
unknown 01000110000101100010000110011101000011010 41 1339323 320000001 115537853759453495806 483570326334694401 115537508697034058421
unknown 01000110000101110011100011010000101101010 41 10000001 40001827 15474248943642359073 3868385934239266981 15474242753945876464
unknown 01000110000101110101100000011100101101010 41 71532 320000001 2163262664411347849388 483570326334694401 2163141703627160232085
unknown 01000110000110000101011000101101000011010 41 7732083 320000001 20013042398881715880 483570326334694401 20013032045639493498
unknown 01000110000110000101100000111101000011010 41 1927693 320000001 80273417453231678677 483570326334694401 80273250884694292912
unknown 01000110000110000101100010011101000011010 41 6472977 320000001 23905925343265167537 483570326334694401 23905910570519600531
unknown 01000110000110011000000110011101000011010 41 1918054 320000001 80676823963596715402 483570326334694401 80676655716705404301
unknown 01000110000110011100111000110000101101010 41 10000001 40000032 15474248943642359073 3868559527919191024 15474242753945876464
unknown 01000110000110100001100110000001100111010 41 1918019 320000001 80678296153829828778 483570326334694401 80678127900798131390
unknown 01000110000110100001100110000001110011010 41 126412 320000001 1224112464882072385236 483570326334694401 1224073732048732236129
unknown 01000110000110110000001100101110110011010 41 56 320000001 2763259016262009542185546 483570326334694401 2579041748511208906039843
unknown 01000110000110110000001110000111001111010 41 766577 320000001 201861658920985803595 483570326334694401 201860605612026040774
unknown 01000110000111000011110001110000101101010 41 10000001 33333336 15474248943642359073 4642274775938193956 15474242753945876464
unknown 01000110000111001010110101101000011000110 41 10000001 40399983 15474248943642359073 3830261634285156367 15474242753945876464
unknown 01000110000111001011000000000101000011010 41 10000001 33333355 15474248943642359073 4642272129843291633 15474242753945876464
unknown 01000110000111001011000001010000110011010 41 10000001 36666757 15474248943642359073 4220239736791353934 15474242753945876464
unknown 01000110000111001011000011000101000011010 41 10000001 36428577 15474248943642359073 4247832818467560080 15474242753945876464
unknown 01000110000111001011001100000101000011010 41 10000001 35000036 15474248943642359073 4421209878489054536 15474242753945876464
unknown 01000110000111001101000000101110011010110 41 75865 320000001 2039708757802313772654 483570326334694401 2039601219347461207640
unknown 01000110000111001110001100001010110101010 41 10000001 40003876 15474248943642359073 3868187795369442061 15474242753945876464
unknown 01000110000111001110001100001011001101010 41 10000001 40000003 15474248943642359073 3868562332624638413 15474242753945876464
unknown 01000110000111010000001011010010111010110 41 8648769 320000001 17891853153977465968 483570326334694401 17891844879114359270
unknown 01000110000111010000001100101110110011010 41 80 320000001 1934281311383406679529882 483570326334694401 1842172677508006361457031
unknown 01000110000111010000001110000111001111010 41 766585 320000001 201859552314058498878 483570326334694401 201858499027083005839
unknown 01000110000111011000011000000110011110110 41 765362 320000001 202182111093407478243 483570326334694401 202181054437579582008
unknown 01000110001100000010001011010000110110110 41 10000001 49984193 15474248943642359073 3095828813534561504 15474242753945876464
unknown 01000110001100000010001011010100001101110 41 10000001 49974716 15474248943642359073 3096415893802628801 15474242753945876464
unknown 01000110001100000010101110001110011101010 41 10000001 39981047 15474248943642359073 3870396513394772638 15474242753945876464
unknown 01000110001100000010101110100001101110110 41 10000001 39990520 15474248943642359073 3869479689453213771 15474242753945876464
unknown 01000110001100000010101110110000110111010 41 10000001 39987359 15474248943642359073 3869785571752126325 15474242753945876464
unknown 01000110001100000010111010010111010001110 41 10000001 30000058 15474248943642359073 5158073524746936635 15474242753945876464
unknown 01000110001100000011001010111010110011010 41 80 320000001 1934281311383406679529882 483570326334694401 1842172677508006361457031
unknown 01000110001100000011001011100011001110110 41 10000001 50000288 15474248943642359073 3094832271979564085 15474242753945876464
unknown 01000110001100000011001011101100001101110 41 10000001 40006327 15474248943642359073 3867950809647497367 15474242753945876464
unknown 01000110001100000011001011101100111000110 41 107275 320000001 1442484315177557999184 483570326334694401 1442430530771842899006
unknown 01000110001100001000011001011010000110110 41 10000001 39993679 15474248943642359073 3869174048995905938 15474242753945876464
unknown 01000110001100001000101110110000110111010 41 10000001 39987355 15474248943642359073 3869785958853055782 15474242753945876464
unknown 01000110001100001010100110001010000110110 41 10000001 39987355 15474248943642359073 3869785958853055782 15474242753945876464
unknown 01000110001100001010110100001101100000110 41 10000001 39996841 15474248943642359073 3868868166630272985 15474242753945876464
unknown 01000110001100001011000001110011000001110 41 10000001 32500014 15474248943642359073 4761305792381275109 15474242753945876464
unknown 01000110001100001011000100101011010001010 41 10000001 36250010 15474248943642359073 4268757578568186171 15474242753945876464
unknown 01000110001100001011000100101100011000110 41 10000001 32500033 15474248943642359073 4761303008851484378 15474242753945876464
unknown 01000110001100001011000100101101000001110 41 10000001 30000036 15474248943642359073 5158077307329649017 15474242753945876464
unknown 01000110001100001011000110000101101100010 41 10000001 34993682 15474248943642359073 4422012662476401722 15474242753945876464
unknown 01000110001100001011000110010110001000110 41 10000001 32500026 15474248943642359073 4761304034362081260 15474242753945876464
unknown 01000110001100001011001001100010000110110 41 10000001 39987357 15474248943642359073 3869785765302581373 15474242753945876464
unknown 01000110001100001011010000100011101110110 41 10000001 30000003 15474248943642359073 5158082981214119691 15474242753945876464
unknown 01000110001100001011010000101001100010110 41 10000001 30000003 15474248943642359073 5158082981214119691 15474242753945876464
unknown 01000110001100001011010000101110110001110 41 10000001 30000015 15474248943642359073 5158080917981958822 15474242753945876464
unknown 01000110001100001011010000110010011100010 41 10000001 30002239 15474248943642359073 5157698560786497780 15474242753945876464
unknown 01000110001100001011010010000011011100010 41 10000001 30000004 15474248943642359073 5158082809278043242 15474242753945876464
unknown 01000110001100001011010010101100010001010 41 10000001 36250010 15474248943642359073 4268757578568186171 15474242753945876464
unknown 01000110001100001011010010101101000001010 41 10000001 30000037 15474248943642359073 5158077135393950827 15474242753945876464
unknown 01000110001100001011010010110001000001110 41 10000001 30000036 15474248943642359073 5158077307329649017 15474242753945876464
unknown 01000110010000111000100001011010000110110 41 10000001 39987357 15474248943642359073 3869785765302581373 15474242753945876464
unknown 01000110010001100000011001110101000011010 41 1918986 320000001 80637641395337190768 483570326334694401 80637473311832023285
unknown 01000110010001100000011100110101000011010 41 151675 320000001 1020224195883781337481 483570326334694401 1020197291059886565460
unknown 01000110010001100011010000110010110001010 41 10000001 37500012 15474248943642359073 4126465477148981562 15474242753945876464
unknown 01000110010001101000000110011101000011010 41 1918022 320000001 80678169963990264118 483570326334694401 80678001711484898726
unknown 01000110010001101000000111001101000011010 41 126416 320000001 1224073732048732236129 483570326334694401 1224035001666449409607
unknown 01000110010001101010000001110011001110110 41 101143 320000001 1529937859374079613641 483570326334694401 1529877355835294515531
unknown 01000110010010011000000110011101000011010 41 1918986 320000001 80637641395337190768 483570326334694401 80637473311832023285
unknown 01000110010010011000000111001101000011010 41 151675 320000001 1020224195883781337481 483570326334694401 1020197291059886565460
unknown 01000110010010011010000001110011001110110 41 101151 320000001 1529816857081714806205 483570326334694401 1529756363112772817581
unknown 01000110010010100000010111001011010110110 41 10000001 309996638 15474248943642359073 499174784310636732 15474242753945876464
unknown 01000110010010100000011001011101100110110 41 745560 320000001 207552048005086826497 483570326334694401 207550934474669558030
unknown 01000110010010100000011001011101100111010 41 107273 320000001 1442511208884551885026 483570326334694401 1442457422473340365246
unknown 01000110010010100001011000000110011101010 41 1259664 320000001 122844270305948677078 483570326334694401 122843880221353987212
unknown 01000110010010100001011000100001100111010 41 1340547 320000001 115432360753239188453 483570326334694401 115432016320656606398
unknown 01000110010010100001100001010110001011010 41 7759897 320000001 19941309132153755954 483570326334694401 19941298852997291379
unknown 01000110010010100001100001011000001111010 41 1928662 320000001 80233086414660803377 483570326334694401 80232920013456209817
unknown 01000110010010100001100001011000100111010 41 6489508 320000001 23845028761914236698 483570326334694401 23845014064335274265
unknown 01000110010010100001100110000001100111010 41 1919020 320000001 80636212707878257842 483570326334694401 80636044630329028904
unknown 01000110010010100100011010000001100111010 41 1918988 320000001 80637557353497017367 483570326334694401 80637389270342207973
unknown 01000110010010100100011010000001110011010 41 151679 320000001 1020197291059886565460 483570326334694401 1020170387654994523859
unknown 01000110010011010000001011010010111010110 41 10000001 319996272 15474248943642359073 483575961505803213 15474242753945876464
unknown 01000110010011010000001100101110110011010 41 80 320000001 1934281311383406679529882 483570326334694401 1842172677508006361457031
unknown 01000110010011010000001110000111001111010 41 767803 320000001 201539333540859483960 483570326334694401 201538283592976534940
unknown 01000110010100101000000110011101000011010 41 1918986 320000001 80637641395337190768 483570326334694401 80637473311832023285
unknown 01000110010100101000000111001101000011010 41 151675 320000001 1020224195883781337481 483570326334694401 1020197291059886565460
unknown 01000110010100101010000001110011001110110 41 101151 320000001 1529816857081714806205 483570326334694401 1529756363112772817581
unknown 01000110010101101010100000011001011101010 41 10000001 139194216 15474248943642359073 1111702119222199107 15474242753945876464
unknown 01000110010101101010100000011100101101010 41 71534 320000001 2163202182328298911880 483570326334694401 2163081228307648164087
unknown 01000110010110000110001010000110011000110 41 10000001 34444461 15474248943642359073 4492522176807253113 15474242753945876464
unknown 01000110010110011010100000011001011101010 41 10000001 144194198 15474248943642359073 1073153476748575795 15474242753945876464
unknown 01000110010110011010100000011100101101010 41 71536 320000001 2163141703627160232085 483570326334694401 2163020756369479093688
unknown 01000110010110100010000001110011001110110 41 101165 320000001 1529605149119483362452 483570326334694401 1529544671892304306284
unknown 01000110010110100010000001110011100110110 41 10000001 150777518 15474248943642359073 1026296937124754464 15474242753945876464
unknown 01000110010110100101101010000001100111010 41 1915148 320000001 80799241056394876199 483570326334694401 80799072298529064201
unknown 01000110010110101000000101011011000111010 41 75873 320000001 2039493692231393702139 483570326334694401 2039386176452318019458
unknown 01000110010110101000000101110100110001110 41 10000001 37210803 15474248943642359073 4158537103073871703 15474242753945876464
unknown 01000110010110101000000110010101101101010 41 72990 320000001 2120050759154302429955 483570326334694401 2119934582440646277262
unknown 01000110010110101000000110010101110101010 41 10000001 108968112 15474248943642359073 1420071450909166293 15474242753945876464
unknown 01000110010110101000000110010110011011010 41 53638 320000001 2884941737400211312175 483570326334694401 2884726611809263904448
unknown 01000110010110101000000110010110011101010 41 50580 320000001 3059361504758254930060 483570326334694401 3059119581501513015230
unknown 01000110010110101000000110010111011000110 41 10000001 33332737 15474248943642359073 4642358199108358080 15474242753945876464
unknown 01000110010110101000000110011100101101010 41 54 320000001 2865601942790232117822047 483570326334694401 2667974222597802316592941
unknown 01000110010110101000000111001100101101010 41 87602 320000001 1766426621660150845442 483570326334694401 1766345968434496887912
unknown 01000110010110101000011000000101101101110 41 1532731 320000001 100958684146580537852 483570326334694401 100958420673288294691
unknown 01000110010110101000011000000110011110110 41 1925910 320000001 80347734271421060363 483570326334694401 80347567394324219235
unknown 01000110010110101000011000000111001101110 41 429081 320000001 360637047342279276786 483570326334694401 360633685425201380525
unknown 01000110010110101000011000000111001111010 41 3759885 320000001 41156180284948218992 483570326334694401 41156136500485129844
unknown 01000110010110101000011000000111100110110 41 582795 320000001 265517900652326348652 483570326334694401 265516078288865516864
unknown 01000110010110101000011000000111100111010 41 10000001 40347758 15474248943642359073 3835219416917106878 15474242753945876464
unknown 01000110011000000100011010011101000011010 41 2276124 320000001 67985094358072114860 483570326334694401 67984974883078866550
unknown 01000110011000000100100110011101000011010 41 2859256 320000001 54119849677913602127 483570326334694401 54119773966226413255
unknown 01000110011000000100100111001101000011010 41 176933 320000001 874582496824631551844 483570326334694401 874562725211078148508
unknown 01000110011000000101001010011101000011010 41 2859256 320000001 54119849677913602127 483570326334694401 54119773966226413255
unknown 01000110011000000101001011001101000011010 41 176933 320000001 874582496824631551844 483570326334694401 874562725211078148508
unknown 01000110011000000101100111010001000011010 41 1914167 320000001 80840650220525447552 483570326334694401 80840481289640546411
unknown 01000110011000000101100111010111000011010 41 1914167 320000001 80840650220525447552 483570326334694401 80840481289640546411
unknown 01000110011000000101111001110101000011010 41 2268814 320000001 68204138775004268470 483570326334694401 68204018528887083214
unknown 01000110011000000110010010011101000011010 41 3324189 320000001 46550453331826961212 483570326334694401 46550397317686588704
unknown 01000110011000000110010100101101000011010 41 3324189 320000001 46550453331826961212 483570326334694401 46550397317686588704
unknown 01000110011000000110010110001011000011010 41 5864284 320000001 26387280171061383515 483570326334694401 26387262172436369831
unknown 01000110011000000110011000110000101101010 41 10000001 33333336 15474248943642359073 4642274775938193956 15474242753945876464
unknown 01000110011000000110011100100101000011010 41 10000001 39999379 15474248943642359073 3868622683133969014 15474242753945876464
unknown 01000110011000000110011101000010001101010 41 1915135 320000001 80799789524327284689 483570326334694401 80799620764170399310
unknown 01000110011000000110011101000010010011010 41 1918987 320000001 80637599374395206619 483570326334694401 80637431291065218317
unknown 01000110011000000110011101000010100101010 41 1918987 320000001 80637599374395206619 483570326334694401 80637431291065218317
unknown 01000110011000000110011101000010110001010 41 2849740 320000001 54300569494295105646 483570326334694401 54300493276123235759
unknown 01000110011000000110011101000011001001010 41 2859255 320000001 54119868605868498740 483570326334694401 54119792894128350864
unknown 01000110011000000110011101001001000011010 41 1918987 320000001 80637599374395206619 483570326334694401 80637431291065218317
unknown 01000110011000000110011110011101000011010 41 2380503 320000001 65004120940268730753 483570326334694401 65004011712913482029
unknown 01000110011000000111001000110101000011010 41 107281 320000001 1442403640073009520441 483570326334694401 1442349861683110727151
unknown 01000110011000000111001001001101000011010 41 151675 320000001 1020224195883781337481 483570326334694401 1020197291059886565460
unknown 01000110011000000111001010010101000011010 41 151675 320000001 1020224195883781337481 483570326334694401 1020197291059886565460
unknown 01000110011000000111001011011011000011010 41 71539 320000001 2163050991915913478836 483570326334694401 2162930054801623280578
unknown 01000110011000000111001011101011000011010 41 71544 320000001 2162899822636035647468 483570326334694401 2162778902424561614055
unknown 01000110011000000111001100100101000011010 41 10000001 39986600 15474248943642359073 3869859025540369383 15474242753945876464
unknown 01000110011000000111001100111011000011010 41 101147 320000001 1529877355835294515531 483570326334694401 1529816857081714806205
unknown 01000110011000000111001101000010001101010 41 151664 320000001 1020298191467141407074 483570326334694401 1020271282740410200982
unknown 01000110011000000111001101000010010011010 41 151676 320000001 1020217469544769998961 483570326334694401 1020190565075636434352
unknown 01000110011000000111001101000010100101010 41 151676 320000001 1020217469544769998961 483570326334694401 1020190565075636434352
unknown 01000110011000000111001101000010110001010 41 202171 320000001 765404063444670770598 483570326334694401 765388920047842385866
unknown 01000110011000000111001101000011001001010 41 176932 320000001 874587439867703605693 483570326334694401 874567668030658172234
unknown 01000110011000000111001101001001000011010 41 151676 320000001 1020217469544769998961 483570326334694401 1020190565075636434352
unknown 01000110011000000111001110011011000011010 41 9106231 320000001 16993035308534621444 483570326334694401 16993027844182863101
unknown 01000110011000000111001110011101000011010 41 10000001 102751321 15474248943642359073 1505990418465496268 15474242753945876464
unknown 01000110011000000111001111010000101101010 41 63230 320000001 2447295665201210412184 483570326334694401 2447140856353742201386
unknown 01000110011000000111100110011101000011010 41 2847821 320000001 54337159853330856948 483570326334694401 54337083532405444283
unknown 01000110011000000111100111010000110011010 41 2848442 320000001 54325313596229986204 483570326334694401 54325237308578970556
unknown 01000110011000001110000001011101100111010 41 151693 320000001 1020103135350164703463 483570326334694401 1020076236910898266693
unknown 01000110011000010000011001110101000011010 41 2856399 320000001 54173980914666520456 483570326334694401 54173905051448459606
unknown 01000110011000010000011100110101000011010 41 176933 320000001 874582496824631551844 483570326334694401 874562725211078148508
unknown 01000110011000010010000110011101000011010 41 2859256 320000001 54119849677913602127 483570326334694401 54119773966226413255
unknown 01000110011000010010000111001101000011010 41 176933 320000001 874582496824631551844 483570326334694401 874562725211078148508
unknown 01000110011000011000000110011101000011010 41 1923811 320000001 80435398753137670157 483570326334694401 80435231511695529125
unknown 01000110011000011000000111001101000011010 41 176933 320000001 874582496824631551844 483570326334694401 874562725211078148508
unknown 01000110011000011100101100000101000011010 41 10000001 36666677 15474248943642359073 4220248944584548373 15474242753945876464
unknown 01000110011000011100111000110000101101010 41 10000001 39998180 15474248943642359073 3868738650375405441 15474242753945876464
unknown 01000110011000110000001011100011100110110 41 10000001 39973202 15474248943642359073 3871156103798553200 15474242753945876464
unknown 01000110011000110000001011101100001101110 41 10000001 39996836 15474248943642359073 3868868650277050274 15474242753945876464
unknown 01000110011000110000001011101100110001110 41 10000001 39847323 15474248943642359073 3883385212870448898 15474242753945876464
unknown 01000110011000110000001100101100111011010 41 185724 320000001 833185290596113234490 483570326334694401 833167346391887784085
unknown 01000110011001000000011001110101000011010 41 2864996 320000001 54011420927174953949 483570326334694401 54011345518559348818
unknown 01000110011001000000011100110101000011010 41 176947 320000001 874513300088006772437 483570326334694401 874493531602943946982
unknown 01000110011001001000000110011101000011010 41 2859256 320000001 54119849677913602127 483570326334694401 54119773966226413255
unknown 01000110011001001000000111001101000011010 41 176933 320000001 874582496824631551844 483570326334694401 874562725211078148508
unknown 01000110011001001010000001110011001110110 41 151683 320000001 1020170387654994523859 483570326334694401 1020143485668992954983
unknown 01000110011001011010100000011100101101010 41 71536 320000001 2163141703627160232085 483570326334694401 2163020756369479093688
unknown 01000110011001100000000110011101000011010 41 3789184 320000001 40837949519124047384 483570326334694401 40837906409149541898
unknown 01000110011001100000000111001101000011010 41 227431 320000001 680393195785414188754 483570326334694401 680381229409161010234
unknown 01000110011001100000011100111101000011010 41 107277 320000001 1442457422473340365246 483570326334694401 1442403640073009520441
unknown 01000110011001100000011110011101000011010 41 2272467 320000001 68094500342875181186 483570326334694401 68094380483039182618
unknown 01000110011001100011000000101110100111010 41 2280510 320000001 67854341752797634899 483570326334694401 67854222736923577037
unknown 01000110011001101000000110010111011000110 41 10000001 33334206 15474248943642359073 4642153615738515997 15474242753945876464
unknown 01000110011001101000011000000101101101110 41 1532733 320000001 100958552409762518562 483570326334694401 100958288937157864893
unknown 01000110011001101000011000000110011110110 41 1925911 320000001 80347692552081863785 483570326334694401 80347525675158319221
unknown 01000110011001101000011000000111001111010 41 3770751 320000001 41037582410154511492 483570326334694401 41037538877671059076
unknown 01000110011001101000011000000111100111010 41 10000001 38497857 15474248943642359073 4019509577134969730 15474242753945876464
unknown 01000110011010000001000110011011001110110 41 75873 320000001 2039493692231393702139 483570326334694401 2039386176452318019458
unknown 01000110011010000001000110011101001110110 41 75873 320000001 2039493692231393702139 483570326334694401 2039386176452318019458
unknown 01000110011010000001001001110011001110110 41 151687 320000001 1020143485668992954983 483570326334694401 1020116585101769612979
unknown 01000110011010000001010010110011001110110 41 151687 320000001 1020143485668992954983 483570326334694401 1020116585101769612979
unknown 01000110011010000001011010010111000110110 41 10000001 56667236 15474248943642359073 2730722650927822461 15474242753945876464
unknown 01000110011010000001011100001110011010110 41 75866 320000001 2039681872125491450221 483570326334694401 2039574336505503286707
unknown 01000110011010000001011100011100110001110 41 10000001 39878708 15474248943642359073 3880328944224384962 15474242753945876464
unknown 01000110011010000001100101110110000110110 41 75867 320000001 2039654987157427265642 483570326334694401 2039547454372191408607
unknown 01000110011010000001100101110110011000110 41 10000001 36666909 15474248943642359073 4220222242094978183 15474242753945876464
unknown 01000110011010000001100110010111011000110 41 10000001 33338215 15474248943642359073 4641595385675943789 15474242753945876464
unknown 01000110011010000001100111000000111110110 41 769021 320000001 201220129113083432524 483570326334694401 201219082488439952359
unknown 01000110011010000001110000001100111110110 41 765358 320000001 202183167760280201373 483570326334694401 202182111093407478243
unknown 01000110011010000001110010001110011010110 41 89416 320000001 1730590776937824711041 483570326334694401 1730513362901728185668
unknown 01000110011010000001110010010011001110110 41 126421 320000001 1224025319453829145177 483570326334694401 1223986592135040809669
unknown 01000110011010000001110010100101001110110 41 126421 320000001 1224025319453829145177 483570326334694401 1223986592135040809669
unknown 01000110011010000001110011001001001110110 41 126419 320000001 1224044684032246215857 483570326334694401 1224005955488103702352
unknown 01000110011010000001110011001010010110110 41 126419 320000001 1224044684032246215857 483570326334694401 1224005955488103702352
unknown 01000110011010000001110011001011101100010 41 89413 320000001 1730648842010362412204 483570326334694401 1730571422779477441230
unknown 01000110011010000001110011001110010010110 41 10000001 39991072 15474248943642359073 3869426278712221927 15474242753945876464
unknown 01000110011010000001110011100001011101010 41 10000001 111949994 15474248943642359073 1382246656580191817 15474242753945876464
unknown 01000110011010000001110011100001100110110 41 10000001 149661535 15474248943642359073 1033949738058429873 15474242753945876464
unknown 01000110011010000001110011100001100111010 41 10000001 123140852 15474248943642359073 1256630130435288319 15474242753945876464
unknown 01000110011010000100000111001100111011010 41 107287 320000001 1442322973991933173287 483570326334694401 1442269201616841434626
unknown 01000110011010000100000111100110110011010 41 151693 320000001 1020103135350164703463 483570326334694401 1020076236910898266693
unknown 01000110011010000100010110110011101000110 41 10000001 34999993 15474248943642359073 4421215310262277320 15474242753945876464
unknown 01000110011010000100010111001110101000110 41 10000001 35714297 15474248943642359073 4332788768337580168 15474242753945876464
unknown 01000110011010000100011100101101101000110 41 10000001 34999995 15474248943642359073 4421215057621366357 15474242753945876464
unknown 01000110011010000100011100101110101000110 41 10000001 35000000 15474248943642359073 4421214426019215268 15474242753945876464
unknown 01000110011010000100100001110011001110110 41 151687 320000001 1020143485668992954983 483570326334694401 1020116585101769612979
unknown 01000110011010000101100000010110110111010 41 1218691 320000001 126974356018607287953 483570326334694401 126973939263451917307
unknown 01000110011010000101100000011001111011010 41 2417276 320000001 64015240672009540641 483570326334694401 64015134742633263157
unknown 01000110011010000101100000011100111101010 41 89409 320000001 1730726268168445395457 483570326334694401 1730648842010362412204
unknown 01000110011010000101100000011110011101010 41 10000001 63093673 15474248943642359073 2452583556368204057 15474242753945876464
unknown 01000110011010000101100001110011100011010 41 10000001 40000008 15474248943642359073 3868561849054443549 15474242753945876464
unknown 01000110011010000110000000011001111101110 41 764151 320000001 202502522290322900006 483570326334694401 202501462282747000756
unknown 01000110011010000110000001010110110111010 41 1530283 320000001 101120188168248967258 483570326334694401 101119923851324969998
unknown 01000110011010000110000001010111101011010 41 1218777 320000001 126965396385616510947 483570326334694401 126964979689273572826
unknown 01000110011010000110000001011001110101110 41 1918991 320000001 80637431291065218317 483570326334694401 80637263208435944004
unknown 01000110011010000110000001011001111010110 41 3559305 320000001 43475483250430220047 483570326334694401 43475434392089176400
unknown 01000110011010000110000001011010000110110 41 10000001 39990515 15474248943642359073 3869480173252895953 15474242753945876464
unknown 01000110011010000110000001011011001111010 41 1083883 320000001 142766797625456377084 483570326334694401 142766270755782230401
unknown 01000110011010000110000001011011100110110 41 2418821 320000001 63974351516988042672 483570326334694401 63974245722891294064
unknown 01000110011010000110000001011100111101010 41 2647867 320000001 58440437118130379798 483570326334694401 58440348835223670022
unknown 01000110011010000110000001011101001111010 41 2741565 320000001 56443128253633429944 483570326334694401 56443045902062845897
unknown 01000110011010000110000001011110011101010 41 10000001 92328557 15474248943642359073 1675998303652384976 15474242753945876464
unknown 01000110011010000110000001011110100110110 41 1221866 320000001 126644415108262718140 483570326334694401 126644000516153546910
unknown 01000110011010000110000001011110100111010 41 1925706 320000001 80356245922623980173 483570326334694401 80356079010168994482
unknown 01000110011010000110000001100001111101110 41 764157 320000001 202500932283120529371 483570326334694401 202499872292190434166
unknown 01000110011010000110000001100101101101110 41 3040381 320000001 50895761061088243337 483570326334694401 50895694101461668297
unknown 01000110011010000110000001100101111010110 41 2941971 320000001 52598242780323984962 483570326334694401 52598171266129907414
unknown 01000110011010000110000001100101111011010 41 176627 320000001 876097679916844731341 483570326334694401 876077839737489649962
unknown 01000110011010000110000001100110011110110 41 2414981 320000001 64076075509775246415 483570326334694401 64075969378970276985
unknown 01000110011010000110000001100111001111010 41 10000001 111503419 15474248943642359073 1387782601631906322 15474242753945876464
unknown 01000110011010000110000001100111100111010 41 10000001 225493944 15474248943642359073 686237963493478718 15474242753945876464
unknown 01000110011010000110000001110010110110110 41 71539 320000001 2163050991915913478836 483570326334694401 2162930054801623280578
unknown 01000110011010000110000001110010111010110 41 71539 320000001 2163050991915913478836 483570326334694401 2162930054801623280578
unknown 01000110011010000110000001110011001110110 41 101167 320000001 1529574909908097841810 483570326334694401 1529514435072031850653
unknown 01000110011010000110000001110011100110110 41 9674338 320000001 15995151803738150803 483570326334694401 15995145190305711165
unknown 01000110011010000110000001110011100111010 41 10000001 95351113 15474248943642359073 1622870463092261277 15474242753945876464
unknown 01000110011010000110000001111001100011110 41 10000001 39894219 15474248943642359073 3878820259914664187 15474242753945876464
unknown 01000110011010000110000001111001100111010 41 8986740 320000001 17218980955348940146 483570326334694401 17218973291180046340
unknown 01000110011010000110000001111001110011010 41 1553755 320000001 99592603023431966020 483570326334694401 99592346632053319957
unknown 01000110011010000110000101011000001011010 41 6506824 320000001 23781572224893824447 483570326334694401 23781557605437324356
unknown 01000110011010000110000101100000100111010 41 6506824 320000001 23781572224893824447 483570326334694401 23781557605437324356
unknown 01000110011010000110000101110001100111010 41 8705977 320000001 17774283680128322688 483570326334694401 17774275513658085673
unknown 01000110011010000110000101110011100011010 41 10000001 38339717 15474248943642359073 4036088866036036061 15474242753945876464
unknown 01000110011010000110000110010111000111010 41 1472759 320000001 105069807694722988869 483570326334694401 105069522326859470508
unknown 01000110011010000110000110011100111000110 41 10000001 36910137 15474248943642359073 4192412098353157952 15474242753945876464
unknown 01000110011010000110000111001011000001010 41 10000001 34549204 15474248943642359073 4478902174147703501 15474242753945876464
unknown 01000110011010000110000111001011100011010 41 10000001 38745153 15474248943642359073 3993854532221682913 15474242753945876464
unknown 01000110011010000110000111001100111000110 41 10000001 40378210 15474248943642359073 3832327012779232521 15474242753945876464
unknown 01000110011010000110011000000101101101110 41 1222290 320000001 126600483445559183470 483570326334694401 126600069141035245500
unknown 01000110011010000110011000000110011110110 41 2416655 320000001 64031690460852928682 483570326334694401 64031584477029044794
unknown 01000110011010000110011000000111001111010 41 10000001 40624220 15474248943642359073 3809119409816915485 15474242753945876464
unknown 01000110011010000110011000000111100111010 41 10000001 40678561 15474248943642359073 3804030946686450742 15474242753945876464
unknown 01000110011010010010000001110011001110110 41 151687 320000001 1020143485668992954983 483570326334694401 1020116585101769612979
unknown 01000110100000000101110100101111011101110 41 107280 320000001 1442417085297096703602 483570326334694401 1442363305904631952224
unknown 01000110100000000101110110010111101101110 41 90 320000001 1719361165674139270693229 483570326334694401 1646196860751835471940325
unknown 01000110100000000110010111101110000011110 41 50578 320000001 3059482480736140898462 483570326334694401 3059240538347090553209
unknown 01000110100000000110010111101110011100010 41 50578 320000001 3059482480736140898462 483570326334694401 3059240538347090553209
unknown 01000110100000000110010111101110011101110 41 50578 320000001 3059482480736140898462 483570326334694401 3059240538347090553209
unknown 01000110100000000110010111101110011110110 41 50578 320000001 3059482480736140898462 483570326334694401 3059240538347090553209
unknown 01000110100000000110011110000001111110110 41 769009 320000001 201223269052342084895 483570326334694401 201222222395034328890
unknown 01000110100000000110011110000110011111010 41 1850997 320000001 83599543873205917872 483570326334694401 83599363215186017924
unknown 01000110100000000111001011110011110111010 41 10000001 75783038 15474248943642359073 2041914773998272996 15474242753945876464
unknown 01000110100000000111001011110111001110110 41 54 320000001 2865601942790232117822047 483570326334694401 2667974222597802316592941
unknown 01000110100000000111001011110111001111010 41 89404 320000001 1730823060608837796546 483570326334694401 1730745625790449784834
unknown 01000110100000000111001111001011110111010 41 4109766 320000001 37652388216427050680 483570326334694401 37652351569716196859
unknown 01000110100000000111100000011001111110110 41 765353 320000001 202184488609403156926 483570326334694401 202183431928724156652
unknown 01000110100000010001010111101110101000110 41 75870 320000001 2039574336505503286707 483570326334694401 2039466812223851838079
unknown 01000110100000010001011001011101101010110 41 8888999 320000001 17408316156934266093 483570326334694401 17408308323292559848
unknown 01000110100000010001011001101101001110110 41 75867 320000001 2039654987157427265642 483570326334694401 2039547454372191408607
unknown 01000110100000010001011001110101001110110 41 75867 320000001 2039654987157427265642 483570326334694401 2039547454372191408607
unknown 01000110100000010001100001110111001110110 41 75870 320000001 2039574336505503286707 483570326334694401 2039466812223851838079
unknown 01000110100000010001100101011000101010110 41 10000001 42500030 15474248943642359073 3640997545429321682 15474242753945876464
unknown 01000110100000010001100101101101001110110 41 75870 320000001 2039574336505503286707 483570326334694401 2039466812223851838079
unknown 01000110100000010001100101110101001110110 41 75870 320000001 2039574336505503286707 483570326334694401 2039466812223851838079
unknown 01000110100000010001100110011011001110110 41 75870 320000001 2039574336505503286707 483570326334694401 2039466812223851838079
unknown 01000110100000010001100110011101001110110 41 75870 320000001 2039574336505503286707 483570326334694401 2039466812223851838079
unknown 01000110100000010001100111001101001110110 41 75870 320000001 2039574336505503286707 483570326334694401 2039466812223851838079
unknown 01000110100000010001101001110011100111010 41 10000001 131106278 15474248943642359073 1180282952664345596 15474242753945876464
unknown 01000110100000010001110010110100110110110 41 75867 320000001 2039654987157427265642 483570326334694401 2039547454372191408607
unknown 01000110100000010001110010110100111010110 41 475627 320000001 325344240151783928084 483570326334694401 325341504045515398203
unknown 01000110100000010001110100101110110011010 41 81 320000001 1910401295193488078548032 483570326334694401 1820500057772618051322242
unknown 01000110100000010001111001101001110001110 41 10000001 32500057 15474248943642359073 4761299492818505961 15474242753945876464
unknown 01000110100000010001111010000111001111010 41 766586 320000001 201859288991284127760 483570326334694401 201858235707056620048
unknown 01000110100000010010010111001011010110110 41 10000001 309996617 15474248943642359073 499174818126071790 15474242753945876464
unknown 01000110100000010010011001011101100110110 41 745561 320000001 207551769621362349107 483570326334694401 207550656093932164684
unknown 01000110100000010010011001011101100111010 41 107274 320000001 1442497761905704405191 483570326334694401 1442443976497255116263
unknown 01000110100000010100010110001010110011010 41 92910 320000001 1665509685832230485012 483570326334694401 1665437984702763139704
unknown 01000110100000010100011001101100111011010 41 75867 320000001 2039654987157427265642 483570326334694401 2039547454372191408607
unknown 01000110100000010100011001110100111011010 41 75867 320000001 2039654987157427265642 483570326334694401 2039547454372191408607
unknown 01000110100000010100011011010010111010110 41 9697088 320000001 15957626135874247441 483570326334694401 15957619553436487389
unknown 01000110100000010100011101010010111010110 41 9411884 320000001 16441182754767540098 483570326334694401 16441175767356404408
unknown 01000110100000010100100111001011010110110 41 10000001 309996618 15474248943642359073 499174816515812874 15474242753945876464
unknown 01000110100000010100101001011101100110110 41 745561 320000001 207551769621362349107 483570326334694401 207550656093932164684
unknown 01000110100000010100101001011101100111010 41 107274 320000001 1442497761905704405191 483570326334694401 1442443976497255116263
unknown 01000110100000010100110100101110110011010 41 81 320000001 1910401295193488078548032 483570326334694401 1820500057772618051322242
unknown 01000110100000010100111010000111001111010 41 767804 320000001 201539071052863145233 483570326334694401 201538021107715124566
unknown 01000110100000010101001011001011010110110 41 10000001 309996619 15474248943642359073 499174814905553968 15474242753945876464
unknown 01000110100000010101001101010010111010110 41 10000001 319996241 15474248943642359073 483576008352774789 15474242753945876464
unknown 01000110100000010101011100010110011101010 41 101138 320000001 1530013495527621016457 483570326334694401 1529952986006530762319
unknown 01000110100000010101101001011100011011010 41 10000001 100000432 15474248943642359073 1547418364259391744 15474242753945876464
unknown 01000110100000010101101001011101000111010 41 75871 320000001 2039547454372191408607 483570326334694401 2039439932924843945469
unknown 01000110100000010101101001011101011000110 41 90 320000001 1719361165674139270693229 483570326334694401 1646196860751835471940325
unknown 01000110100000010101110000111001101011010 41 75859 320000001 2039870086748738242825 483570326334694401 2039762531282344942362
unknown 01000110100000010101110001011001011101010 41 101144 320000001 1529922733040739286190 483570326334694401 1529862230698308759070
unknown 01000110100000010101110001011001100111010 41 10000001 59943139 15474248943642359073 2581488181836332168 15474242753945876464
unknown 01000110100000010101110001011001110011010 41 101144 320000001 1529922733040739286190 483570326334694401 1529862230698308759070
unknown 01000110100000010101110001110011100011010 41 10000001 39987365 15474248943642359073 3869784991100877349 15474242753945876464
unknown 01000110100000010101110001110011101000110 41 10000001 39987365 15474248943642359073 3869784991100877349 15474242753945876464
unknown 01000110100000010101110010110101101100010 41 92 320000001 1681983749029049286547724 483570326334694401 1611901092819505566274902
unknown 01000110100000010101110011011001110110110 41 4864 320000001 31813837358279715123847 483570326334694401 31787696160779074437632
unknown 01000110100000010101110011100011101000110 41 10000001 34545488 15474248943642359073 4479383962116052156 15474242753945876464
unknown 01000110100000010110000111010010111010110 41 7619152 320000001 20309675526971050632 483570326334694401 20309664864543072010
unknown 01000110100000010110001001011101100110110 41 2434 320000001 63575392321558148875264 483570326334694401 63471084869020727794254
unknown 01000110100000010110001001011101100111010 41 10000001 100790839 15474248943642359073 1535283428989737196 15474242753945876464
unknown 01000110100000010110001100101110110011010 41 52 320000001 2975817402128317968507511 483570326334694401 2763259016262009542185546
unknown 01000110100000010110010011010010111010110 41 10000001 169998800 15474248943642359073 910256454225985915 15474242753945876464
unknown 01000110100000010110010111010110000111010 41 10000001 30004478 15474248943642359073 5157313682000151257 15474242753945876464
unknown 01000110100000010110010111011000011011010 41 75860 320000001 2039843196818778465099 483570326334694401 2039735644187922260393
unknown 01000110100000010110010111011001100010110 41 19122 320000001 8092380760938841876498 483570326334694401 8090688325351486686312
unknown 01000110100000010110010111011001100011010 41 52 320000001 2975817402128317968507511 483570326334694401 2763259016262009542185546
unknown 01000110100000010110010111011001101000110 41 54 320000001 2865601942790232117822047 483570326334694401 2667974222597802316592941
unknown 01000110100000010110010111011001101100010 41 2434 320000001 63575392321558148875264 483570326334694401 63471084869020727794254
unknown 01000110100000010110010111011001110100010 41 71524 320000001 2163504626568320205280 483570326334694401 2163383638724311239828
unknown 01000110100000010110011100000011111011010 41 769009 320000001 201223269052342084895 483570326334694401 201222222395034328890
unknown 01000110100000010110100100011011100111010 41 10000001 179998400 15474248943642359073 859688224510176393 15474242753945876464
unknown 01000110100000010110100101000110110110110 41 10000001 179998401 15474248943642359073 859688219734088274 15474242753945876464
unknown 01000110100000010110100101000111101010110 41 10000001 189998261 15474248943642359073 814441690656697823 15474242753945876464
unknown 01000110100000010110100101010011101010110 41 10000001 169998488 15474248943642359073 910258124829160448 15474242753945876464
unknown 01000110100000010110100101011100011011010 41 8205227 320000001 18859015711652162014 483570326334694401 18859006517997181842
unknown 01000110100000010110100101011101011000110 41 86 320000001 1799331452449680632120821 483570326334694401 1719361165674139270693229
unknown 01000110100000010110100101110000110110110 41 10000001 229998083 15474248943642359073 672799107245917934 15474242753945876464
unknown 01000110100000010110100101110000111010110 41 10000001 234998166 15474248943642359073 658483883277082828 15474242753945876464
unknown 01000110100000010110100101110010011010110 41 10000001 94999558 15474248943642359073 1628876051304075903 15474242753945876464
unknown 01000110100000010110100101110100001101110 41 128 320000001 1208925819614629174706176 483570326334694401 1172291703868731320927201
unknown 01000110100000010110100101110100001111010 41 10000001 259995749 15474248943642359073 595173211507671745 15474242753945876464
unknown 01000110100000010110100101110100100111010 41 10000001 94999559 15474248943642359073 1628876034157932611 15474242753945876464
unknown 01000110100000010110100101110110000110110 41 10000001 45007026 15474248943642359073 3438185515983049722 15474242753945876464
unknown 01000110100000010110100101110110011000110 41 50 320000001 3094850098213450687247811 483570326334694401 2865601942790232117822047
unknown 01000110100000010110100111000000111110110 41 769003 320000001 201224839058719581540 483570326334694401 201223792385079114186
unknown 01000110100000010110110010111011001100010 41 17882 320000001 8653534554897244959311 483570326334694401 8651599290544142589869
unknown 01000110100000010111000000110011111011010 41 766586 320000001 201859288991284127760 483570326334694401 201858235707056620048
unknown 01000110100000010111000100101110110011010 41 143000 320000001 1082115418955751988549 483570326334694401 1082085150839644585903
unknown 01000110100000010111001001001011010110110 41 10000001 169998645 15474248943642359073 910257284172309341 15474242753945876464
unknown 01000110100000010111001010001101010110110 41 10000001 184998586 15474248943642359073 836452365699014232 15474242753945876464
unknown 01000110100000010111001010010011010110110 41 10000001 169998646 15474248943642359073 910257278817812081 15474242753945876464
unknown 01000110100000010111001010100101010110110 41 10000001 169998647 15474248943642359073 910257273463314884 15474242753945876464
unknown 01000110100000010111001010110101100010110 41 92 320000001 1681983749029049286547724 483570326334694401 1611901092819505566274902
unknown 01000110100000010111001011001001010110110 41 10000001 123332106 15474248943642359073 1254681444511071062 15474242753945876464
unknown 01000110100000010111001011001110001010110 41 47782 320000001 3238510420465290995823 483570326334694401 3238239336012064921994
unknown 01000110100000010111001011010000110110110 41 10000001 40006336 15474248943642359073 3867949939496397130 15474242753945876464
unknown 01000110100000010111001011010010010110110 41 10000001 123332890 15474248943642359073 1254673468777651561 15474242753945876464
unknown 01000110100000010111001011010011100010110 41 10000001 143332622 15474248943642359073 1079604229319634817 15474242753945876464
unknown 01000110100000010111001011010110010010110 41 10000001 169997255 15474248943642359073 910264726984400627 15474242753945876464
unknown 01000110100000010111001011011011001110110 41 3848 320000001 40213748677409702277129 483570326334694401 40171989852199515670403
unknown 01000110100000010111001101000011110011010 41 75864 320000001 2039735644187922260393 483570326334694401 2039628102898093192946
unknown 01000110100000010111001101100100011010110 41 477184 320000001 324282676935254606950 483570326334694401 324279958655021782531
unknown 01000110100000010111001110000110001111010 41 10000001 36666428 15474248943642359073 4220277604098019430 15474242753945876464
unknown 01000110100000010111001110001110000110110 41 529759 320000001 292099813142716847402 483570326334694401 292097607629586313809
unknown 01000110100000010111001110011011001110110 41 3851609 320000001 40176067952555032031 483570326334694401 40176026228666414399
unknown 01000110100000010111010010111011001100010 41 35772 320000001 4325799645272071294935 483570326334694401 4325315991465578442599
unknown 01000110100000011000010101111011101110110 41 10000001 105806485 15474248943642359073 1462504920286053680 15474242753945876464
unknown 01000110100000011000010111101110011100010 41 19122 320000001 8092380760938841876498 483570326334694401 8090688325351486686312
unknown 01000110100000011000010111101110011101110 41 2440 320000001 63419059389619891132128 483570326334694401 63315263875070595074628
unknown 01000110100000011000010111101110011110110 41 89407 320000001 1730764983845476689324 483570326334694401 1730687554223446045368
unknown 01000110100000011000011110000001111110110 41 769009 320000001 201223269052342084895 483570326334694401 201222222395034328890
unknown 01000110100000011001000101101001110110110 41 80 320000001 1934281311383406679529882 483570326334694401 1842172677508006361457031
unknown 01000110100000011001001001011101100110110 41 745560 320000001 207552048005086826497 483570326334694401 207550934474669558030
unknown 01000110100000011001001001011101100111010 41 89403 320000001 1730842420396100067810 483570326334694401 1730764983845476689324
unknown 01000110100000011001010001101011001100010 41 26831 320000001 5767302929845049918468 483570326334694401 5766443261064748811716
unknown 01000110100000011001010001101110110011010 41 80 320000001 1934281311383406679529882 483570326334694401 1842172677508006361457031
unknown 01000110100000011001010001111010110011010 41 80 320000001 1934281311383406679529882 483570326334694401 1842172677508006361457031
unknown 01000110100000011001010010011101100110110 41 745560 320000001 207552048005086826497 483570326334694401 207550934474669558030
unknown 01000110100000011001010010011101100111010 41 89403 320000001 1730842420396100067810 483570326334694401 1730764983845476689324
unknown 01000110100000011001010100101101100110110 41 745560 320000001 207552048005086826497 483570326334694401 207550934474669558030
unknown 01000110100000011001010100101101100111010 41 89403 320000001 1730842420396100067810 483570326334694401 1730764983845476689324
unknown 01000110100000011001010100111010110011010 41 80 320000001 1934281311383406679529882 483570326334694401 1842172677508006361457031
unknown 01000110100000011001010111000101100111010 41 10000001 42495487 15474248943642359073 3641386787982275256 15474242753945876464
unknown 01000110100000011001010111010110011000110 41 82 320000001 1887103718422835784907202 483570326334694401 1799331452449680632120821
unknown 01000110100000011001010111011000011011010 41 75860 320000001 2039843196818778465099 483570326334694401 2039735644187922260393
unknown 01000110100000011001010111011001100010110 41 19122 320000001 8092380760938841876498 483570326334694401 8090688325351486686312
unknown 01000110100000011001010111011001100011010 41 52 320000001 2975817402128317968507511 483570326334694401 2763259016262009542185546
unknown 01000110100000011001010111011001101000110 41 54 320000001 2865601942790232117822047 483570326334694401 2667974222597802316592941
unknown 01000110100000011001010111011001101100010 41 2434 320000001 63575392321558148875264 483570326334694401 63471084869020727794254
unknown 01000110100000011001010111011001110100010 41 71526 320000001 2163444130954793143227 483570326334694401 2163323149876590722248
unknown 01000110100000011001011001011100011011010 41 101114 320000001 1530376653190186664185 483570326334694401 1530316114941677390400
unknown 01000110100000011001011001011101011000110 41 10000001 40000180 15474248943642359073 3868545214313348949 15474242753945876464
unknown 01000110100000011001011010010111000110110 41 10000001 100000986 15474248943642359073 1547409791646179713 15474242753945876464
unknown 01000110100000011001011100000011111011010 41 770249 320000001 200899325946119416400 483570326334694401 200898282656052666283
unknown 01000110100000011001011100001101110011010 41 104 320000001 1487908701064158984253756 483570326334694401 1432800971395116058911024
unknown 01000110100000011001011100001110011010110 41 10000001 59982543 15474248943642359073 2579792339092267802 15474242753945876464
unknown 01000110100000011001011100001111010011010 41 379 320000001 408291569685151805705516 483570326334694401 404027427965202439588488
unknown 01000110100000011001011100011100111000110 41 10000001 49999111 15474248943642359073 3094905125626584328 15474242753945876464
unknown 01000110100000011001011100100101100110110 41 10000001 41599278 15474248943642359073 3719836313281027002 15474242753945876464
unknown 01000110100000011001011100100101100111010 41 10000001 39996845 15474248943642359073 3868867779712938218 15474242753945876464
unknown 01000110100000011001011100100111010011010 41 379 320000001 408291569685151805705516 483570326334694401 404027427965202439588488
unknown 01000110100000011001011101100000011101110 41 101145 320000001 1529907607006500908225 483570326334694401 1529847105860389468630
unknown 01000110100000011001011101100000011110110 41 10000001 59980901 15474248943642359073 2579862961889694428 15474242753945876464
unknown 01000110100000011001011101100001011010110 41 75860 320000001 2039843196818778465099 483570326334694401 2039735644187922260393
unknown 01000110100000011001011101100001011011010 41 75860 320000001 2039843196818778465099 483570326334694401 2039735644187922260393
unknown 01000110100000011001011101100001011101010 41 10000001 59980901 15474248943642359073 2579862961889694428 15474242753945876464
unknown 01000110100000011001011101100001100110110 41 75863 320000001 2039762531282344942362 483570326334694401 2039654987157427265642
unknown 01000110100000011001011101100001100111010 41 75863 320000001 2039762531282344942362 483570326334694401 2039654987157427265642
unknown 01000110100000011001011101100001110011010 41 10000001 59978058 15474248943642359073 2579985249116810924 15474242753945876464
unknown 01000110100000011001011101100100011011010 41 10000001 70000110 15474248943642359073 2210603739203731743 15474242753945876464
unknown 01000110100000011001011101100100011101010 41 10000001 70000098 15474248943642359073 2210604118163842205 15474242753945876464
unknown 01000110100000011001011101100100100110110 41 1479526 320000001 104589243386511987193 483570326334694401 104588960623084719041
unknown 01000110100000011001011101100100100111010 41 89402 320000001 1730861780616457510597 483570326334694401 1730784342333540638911
unknown 01000110100000011001011101100101001010110 41 1479526 320000001 104589243386511987193 483570326334694401 104588960623084719041
unknown 01000110100000011001011101100101001011010 41 89402 320000001 1730861780616457510597 483570326334694401 1730784342333540638911
unknown 01000110100000011001011101100101001101010 41 10000001 60000159 15474248943642359073 2579034914068686625 15474242753945876464
unknown 01000110100000011001011101100101100010110 41 2424 320000001 63837667042356656090096 483570326334694401 63732497903901373295878
unknown 01000110100000011001011101100101100011010 41 36 320000001 4298402914185348176733071 483570326334694401 3868562622766813359059764
unknown 01000110100000011001011101100101101000110 41 36 320000001 4298402914185348176733071 483570326334694401 3868562622766813359059764
unknown 01000110100000011001011101100101101100010 41 2424 320000001 63837667042356656090096 483570326334694401 63732497903901373295878
unknown 01000110100000011001011101100101110001010 41 10000001 46666729 15474248943642359073 3315906390410875688 15474242753945876464
unknown 01000110100000011001011101100101110100010 41 10000001 104999722 15474248943642359073 1473742043913911833 15474242753945876464
unknown 01000110100000011001011101100110000000110 41 15256 320000001 10143058790683831565443 483570326334694401 10140400059677099237379
unknown 01000110100000011001011101100110000011110 41 2428 320000001 63732497903901373295878 483570326334694401 63627674716559430247694
unknown 01000110100000011001011101100110000110110 41 52 320000001 2975817402128317968507511 483570326334694401 2763259016262009542185546
unknown 01000110100000011001011101100110000111010 41 52 320000001 2975817402128317968507511 483570326334694401 2763259016262009542185546
unknown 01000110100000011001011101100110010010110 41 1479183 320000001 104613496038470246321 483570326334694401 104613213143890890309
unknown 01000110100000011001011101100110010011010 41 10000001 60000211 15474248943642359073 2579032678912954729 15474242753945876464
unknown 01000110100000011001011101100110011000110 41 36 320000001 4298402914185348176733071 483570326334694401 3868562622766813359059764
unknown 01000110100000011001011101100110011100010 41 2946520 320000001 52517038713693623109 483570326334694401 52516967420144052573
unknown 01000110100000011001011101100111000001110 41 71528 320000001 2163383638724311239828 483570326334694401 2163262664411347849388
unknown 01000110100000011001011101100111001001010 41 71528 320000001 2163383638724311239828 483570326334694401 2163262664411347849388
unknown 01000110100000011001011101100111001100010 41 71528 320000001 2163383638724311239828 483570326334694401 2163262664411347849388
unknown 01000110100000011001100101110110000110110 41 101130 320000001 1530134528929818395752 483570326334694401 1530074009835194240932
unknown 01000110100000011001100101110110011000110 41 50 320000001 3094850098213450687247811 483570326334694401 2865601942790232117822047
unknown 01000110100000011001100111000000111110110 41 769003 320000001 201224839058719581540 483570326334694401 201223792385079114186
unknown 01000110100000011001110000000011111101110 41 767785 320000001 201544058441715498952 483570326334694401 201543008444602012223
unknown 01000110100000011001110000001100111110110 41 765346 320000001 202186337827169063878 483570326334694401 202185281127160821014
unknown 01000110100000011001110000110000111110110 41 1448923 320000001 106798294257646910404 483570326334694401 106797999423485471913
unknown 01000110100000011001110000111100101101010 41 202134 320000001 765544168277838138871 483570326334694401 765529019336653842239
unknown 01000110100000011001110010111011001100010 41 26828 320000001 5767947849659778379395 483570326334694401 5767087988620771256798
unknown 01000110100000011100000000110011111101110 41 764145 320000001 202504112322494466839 483570326334694401 202503052298272371439
unknown 01000110100000011100000010110011111011010 41 764145 320000001 202504112322494466839 483570326334694401 202503052298272371439
unknown 01000110100000011100000010110100111110110 41 761748 320000001 203141334024733290226 483570326334694401 203140267318855131805
unknown 01000110100000011100000011000011111101110 41 764145 320000001 202504112322494466839 483570326334694401 202503052298272371439
unknown 01000110100000011100000011001011111011010 41 967258 320000001 159980589367751452418 483570326334694401 159979927786548561158
unknown 01000110100000011100000011001100111110110 41 761748 320000001 203141334024733290226 483570326334694401 203140267318855131805
unknown 01000110100000011100001000111101001111010 41 1524648 320000001 101493921817148964458 483570326334694401 101493655542820613729
unknown 01000110100000011100001010011101001111010 41 1527053 320000001 101334076099960207251 483570326334694401 101333810663696597025
unknown 01000110100000011100001011000111001111010 41 4343327 320000001 35627643258422065473 483570326334694401 35627610447067592676
unknown 01000110100000011100001011000111100110110 41 10000001 39987366 15474248943642359073 3869784894325686128 15474242753945876464
unknown 01000110100000011100001011100011001111010 41 2128927 320000001 72685679175787866077 483570326334694401 72685542608319637585
unknown 01000110100000011100001011100111101000110 41 765356 320000001 202183696097858427141 483570326334694401 202182639425463225623
unknown 01000110100000011100001110010001101101110 41 1524648 320000001 101493921817148964458 483570326334694401 101493655542820613729
unknown 01000110100000011100001110010001111101010 41 966857 320000001 160046940665137175780 483570326334694401 160046278535045404006
unknown 01000110100000011100001110010100111101010 41 1527053 320000001 101334076099960207251 483570326334694401 101333810663696597025
unknown 01000110100000011100001110011110000111010 41 4251903 320000001 36393705338685415534 483570326334694401 36393671101148857293
unknown 01000110100000011100001110011110010011010 41 10000001 30229848 15474248943642359073 5118864802451951938 15474242753945876464
unknown 01000110100000011100100000111001111101010 41 1524648 320000001 101493921817148964458 483570326334694401 101493655542820613729
unknown 01000110100000011100100000111100111010110 41 1524648 320000001 101493921817148964458 483570326334694401 101493655542820613729
unknown 01000110100000011100100011100101101010110 41 72269 320000001 2141201689668772701468 483570326334694401 2141083183355783409606
unknown 01000110100000011100101011100010001110110 41 10000001 34285782 15474248943642359073 4513314146099177040 15474242753945876464
unknown 01000110100000011100101011100010110011010 41 103223 320000001 1499108773341915409961 483570326334694401 1499050683548611645814
unknown 01000110100000011100101101001011100010110 41 134162 320000001 1153400403323389144187 483570326334694401 1153366016059750863575
unknown 01000110100000011100101101001011101100010 41 107270 320000001 1442551551325370880604 483570326334694401 1442497761905704405191
unknown 01000110100000011100101110011011001110110 41 4800 320000001 32238021856390111325499 483570326334694401 32211179207050902240298
unknown 01000110100000011100110010100011010110110 41 72271 320000001 2141142434872528875516 483570326334694401 2141023935118264052057
unknown 01000110100000011100110010111011001100010 41 26829 320000001 5767732860362761726580 483570326334694401 5766873063417155530966
unknown 01000110100000011100110011001011101100010 41 107270 320000001 1442551551325370880604 483570326334694401 1442497761905704405191
unknown 01000110100000011100110011100101110110110 41 101140 320000001 1529983240168801012087 483570326334694401 1529922733040739286190
unknown 01000110100000011100111001100101110110110 41 101140 320000001 1529983240168801012087 483570326334694401 1529922733040739286190
unknown 01000110100001000000011110011101110011010 41 75867 320000001 2039654987157427265642 483570326334694401 2039547454372191408607
unknown 01000110100001000000011110011110110011010 41 75867 320000001 2039654987157427265642 483570326334694401 2039547454372191408607
unknown 01000110100001000001011010010111010111010 41 9411883 320000001 16441184501621252024 483570326334694401 16441177514208631528
unknown 01000110100001000001011010010111101011010 41 8889009 320000001 17408296572843219572 483570326334694401 17408288739219138769
unknown 01000110100001000001011100101101011011010 41 8888999 320000001 17408316156934266093 483570326334694401 17408308323292559848
unknown 01000110100001000001011100110110110011010 41 75867 320000001 2039654987157427265642 483570326334694401 2039547454372191408607
unknown 01000110100001000001011100111010110011010 41 75867 320000001 2039654987157427265642 483570326334694401 2039547454372191408607
unknown 01000110100001000001100101110110011011010 41 475627 320000001 325344240151783928084 483570326334694401 325341504045515398203
unknown 01000110100001000001100101110110011101010 41 75867 320000001 2039654987157427265642 483570326334694401 2039547454372191408607
unknown 01000110100001000001100101110111001101010 41 81 320000001 1910401295193488078548032 483570326334694401 1820500057772618051322242
unknown 01000110100001000001100101111011001101010 41 81 320000001 1910401295193488078548032 483570326334694401 1820500057772618051322242
unknown 01000110100001000001100111001100010011010 41 28683 320000001 5394920507292561250999 483570326334694401 5394168261256755128191
unknown 01000110100001000001100111001101110011010 41 745561 320000001 207551769621362349107 483570326334694401 207550656093932164684
unknown 01000110100001000001100111001111010011010 41 107277 320000001 1442457422473340365246 483570326334694401 1442403640073009520441
unknown 01000110100001000001110000111001111101010 41 767801 320000001 201539858518903380385 483570326334694401 201538808565550542602
unknown 01000110100001000001110010110110110011010 41 75870 320000001 2039574336505503286707 483570326334694401 2039466812223851838079
unknown 01000110100001000001110010111010110011010 41 75870 320000001 2039574336505503286707 483570326334694401 2039466812223851838079
unknown 01000110100001000001110011001110110011010 41 75870 320000001 2039574336505503286707 483570326334694401 2039466812223851838079
unknown 01000110100001000001110011010010110001010 41 113781 320000001 1360003031355608883403 483570326334694401 1359955221783825059212
unknown 01000110100001000001110011100110110011010 41 75870 320000001 2039574336505503286707 483570326334694401 2039466812223851838079
unknown 01000110100001000001110011100111010011010 41 75870 320000001 2039574336505503286707 483570326334694401 2039466812223851838079
unknown 01000110100001000001111000011100111101010 41 766586 320000001 201859288991284127760 483570326334694401 201858235707056620048
unknown 01000110100001000001111001101100101101010 41 131374 320000001 1177877699626048794757 483570326334694401 1177841837375150591137
unknown 01000110100001000001111001110110011000110 41 10000001 32500057 15474248943642359073 4761299492818505961 15474242753945876464
unknown 01000110100001000011001100101011000101010 41 10000001 36250050 15474248943642359073 4268752868221493057 15474242753945876464
unknown 01000110100001000101011011001110101000110 41 10000001 34444454 15474248943642359073 4492523089803442214 15474242753945876464
unknown 01000110100001000101011100111010101000110 41 10000001 35714308 15474248943642359073 4332787433839472247 15474242753945876464
unknown 01000110100001000101100000011001110101010 41 1257273 320000001 123077887547630891909 483570326334694401 123077495977952777600
unknown 01000110100001000101100000110011101000110 41 10000001 34999991 15474248943642359073 4421215562903217157 15474242753945876464
unknown 01000110100001000101100010000110011101010 41 1338038 320000001 115648811850390298604 483570326334694401 115648466124884371614
unknown 01000110100001000101100010010110101000110 41 10000001 33999996 15474248943642359073 4551250679872801584 15474242753945876464
unknown 01000110100001000101100010100001100111010 41 1339237 320000001 115545273100035717624 483570326334694401 115544927993298095237
unknown 01000110100001000101100110110011101000110 41 10000001 34999991 15474248943642359073 4421215562903217157 15474242753945876464
unknown 01000110100001000101100111010011101000110 41 10000001 34999991 15474248943642359073 4421215562903217157 15474242753945876464
unknown 01000110100001000101101001011000101000110 41 10000001 33999996 15474248943642359073 4551250679872801584 15474242753945876464
unknown 01000110100001000101101001110011101000110 41 10000001 35000000 15474248943642359073 4421214426019215268 15474242753945876464
unknown 01000110100001000101101010011000000011110 41 10000001 32000027 15474248943642359073 4835699198337318102 15474242753945876464
unknown 01000110100001000101101100101101101000110 41 10000001 33999996 15474248943642359073 4551250679872801584 15474242753945876464
unknown 01000110100001000101101100101110101000110 41 10000001 33750005 15474248943642359073 4584962429210678173 15474242753945876464
unknown 01000110100001000101110010110110101000110 41 10000001 35000011 15474248943642359073 4421213036495118084 15474242753945876464
unknown 01000110100001000101110010111010101000110 41 10000001 35000023 15474248943642359073 4421211520651644554 15474242753945876464
unknown 01000110100001000101110100101110101000110 41 10000001 37999987 15474248943642359073 4072172574971473921 15474242753945876464
unknown 01000110100001000110000011100110011000110 41 10000001 33750040 15474248943642359073 4584957674440460941 15474242753945876464
unknown 01000110100001000110000101011000101101010 41 7709451 320000001 20071793038268553022 483570326334694401 20071782624150803704
unknown 01000110100001000110000101100000111101010 41 1926718 320000001 80314039164357489972 483570326334694401 80313872427196312890
unknown 01000110100001000110000101100010011101010 41 6456468 320000001 23967052095770092002 483570326334694401 23967037247381005349
unknown 01000110100001000110011000000110011101010 41 1919009 320000001 80636674924751543304 483570326334694401 80636506845275427714
unknown 01000110100001000110011101001011000001010 41 10000001 35000080 15474248943642359073 4421204320409340047 15474242753945876464
unknown 01000110100001000110100001010110001011010 41 7802645 320000001 19832057579278889962 483570326334694401 19832047412445764812
unknown 01000110100001000110100001011000001111010 41 1924787 320000001 80394612448376123885 483570326334694401 80394445376496738796
unknown 01000110100001000110100001011000100111010 41 6504842 320000001 23788818377244602462 483570326334694401 23788803748877765033
unknown 01000110100001000110100100010110101000110 41 10000001 36659369 15474248943642359073 4221090246007031228 15474242753945876464
unknown 01000110100001000110100101011000001101010 41 10000001 32500011 15474248943642359073 4761306231886276419 15474242753945876464
unknown 01000110100001000110100101011000100011010 41 10000001 34545449 15474248943642359073 4479389019105600115 15474242753945876464
unknown 01000110100001000110100101011000110001010 41 10000001 36250013 15474248943642359073 4268757225291823602 15474242753945876464
unknown 01000110100001000110100101100000011101010 41 10000001 39284666 15474248943642359073 3939005231982181912 15474242753945876464
unknown 01000110100001000110100101100001110001010 41 10000001 34583347 15474248943642359073 4474480301477833663 15474242753945876464
unknown 01000110100001000110100101100011000001110 41 10000001 33333377 15474248943642359073 4642269065947699640 15474242753945876464
unknown 01000110100001000110100110000001100011110 41 10000001 34285709 15474248943642359073 4513323755698694590 15474242753945876464
unknown 01000110100001000110100110000101100010110 41 10000001 36666670 15474248943642359073 4220249750268364550 15474242753945876464
unknown 01000110100001000110100110000110000011110 41 10000001 33333326 15474248943642359073 4642276168620933128 15474242753945876464
unknown 01000110100001000110100110010110000011010 41 10000001 33750044 15474248943642359073 4584957131038778331 15474242753945876464
unknown 01000110100001000111000000110011111011010 41 766590 320000001 201858235707056620048 483570326334694401 201857182433820946111
unknown 01000110100001000111001010110110101000110 41 10000001 34285715 15474248943642359073 4513322965867053797 15474242753945876464
unknown 01000110100001000111001010111010101000110 41 10000001 34444458 15474248943642359073 4492522568091288717 15474242753945876464
unknown 01000110100001000111001011000001101000110 41 10000001 34999998 15474248943642359073 4421214678660054049 15474242753945876464
unknown 01000110100001000111001011001101101000110 41 10000001 34999998 15474248943642359073 4421214678660054049 15474242753945876464
unknown 01000110100001000111001011001110101000110 41 10000001 34999998 15474248943642359073 4421214678660054049 15474242753945876464
unknown 01000110100001000111001011010011101000110 41 10000001 36666656 15474248943642359073 4220251361636919777 15474242753945876464
unknown 01000110100001000111001011010110011000110 41 10000001 36666681 15474248943642359073 4220248484193934389 15474242753945876464
unknown 01000110100001000111001011101010011000110 41 10000001 36666705 15474248943642359073 4220245721852359910 15474242753945876464
unknown 01000110100001000111001100111010011000110 41 10000001 36666666 15474248943642359073 4220250210659254768 15474242753945876464
unknown 01000110100001000111001101001011000001010 41 10000001 35000017 15474248943642359073 4421212278573251390 15474242753945876464
unknown 01000110100001000111001110010110101000110 41 10000001 35000016 15474248943642359073 4421212404893544460 15474242753945876464
unknown 01000110100001000111001110011010011000110 41 10000001 36666675 15474248943642359073 4220249174779893033 15474242753945876464
unknown 01000110100001001000010111001011010110110 41 10000001 309996616 15474248943642359073 499174819736330717 15474242753945876464
unknown 01000110100001001000011001011101100110110 41 745561 320000001 207551769621362349107 483570326334694401 207550656093932164684
unknown 01000110100001001000011001011101100111010 41 107274 320000001 1442497761905704405191 483570326334694401 1442443976497255116263
unknown 01000110100001001001011000000110011101010 41 1259665 320000001 122844172784567749650 483570326334694401 122843782700592405118
unknown 01000110100001001001011000100001100111010 41 1340548 320000001 115432274644900842315 483570326334694401 115431930212832127633
unknown 01000110100001001001100001010110001011010 41 7759898 320000001 19941306562363646322 483570326334694401 19941296283209831048
unknown 01000110100001001001100001011000001111010 41 1928663 320000001 80233044814294946480 483570326334694401 80232878413262908715
unknown 01000110100001001001100001011000100111010 41 6489509 320000001 23845025087517797474 483570326334694401 23845010389943364682
unknown 01000110100001001001100110000001100111010 41 1919021 320000001 80636170688425261820 483570326334694401 80636002611051202753
unknown 01000110100001010001100000011001110101010 41 1259665 320000001 122844172784567749650 483570326334694401 122843782700592405118
unknown 01000110100001010001100010100001100111010 41 1340548 320000001 115432274644900842315 483570326334694401 115431930212832127633
unknown 01000110100001010001101000000110011101010 41 1917061 320000001 80718612976150750739 483570326334694401 80718444554917300333
unknown 01000110100001010001101000000111001101010 41 107280 320000001 1442417085297096703602 483570326334694401 1442363305904631952224
unknown 01000110100001010001101001011000110001010 41 10000001 36086982 15474248943642359073 4288042289340586430 15474242753945876464
unknown 01000110100001010001101001100000001111010 41 10000001 32000027 15474248943642359073 4835699198337318102 15474242753945876464
unknown 01000110100001010001101001100000111000110 41 10000001 32222238 15474248943642359073 4802351249179915262 15474242753945876464
unknown 01000110100001010010011000000110011101010 41 1259665 320000001 122844172784567749650 483570326334694401 122843782700592405118
unknown 01000110100001010010011000100001100111010 41 1340548 320000001 115432274644900842315 483570326334694401 115431930212832127633
unknown 01000110100001010010100001010110001011010 41 7759898 320000001 19941306562363646322 483570326334694401 19941296283209831048
unknown 01000110100001010010100001011000001111010 41 1928663 320000001 80233044814294946480 483570326334694401 80232878413262908715
unknown 01000110100001010010100001011000100111010 41 6489509 320000001 23845025087517797474 483570326334694401 23845010389943364682
unknown 01000110100001010010100110000001100111010 41 1919021 320000001 80636170688425261820 483570326334694401 80636002611051202753
unknown 01000110100001010100101000000110011101010 41 1259665 320000001 122844172784567749650 483570326334694401 122843782700592405118
unknown 01000110100001010100101000100001100111010 41 1340548 320000001 115432274644900842315 483570326334694401 115431930212832127633
unknown 01000110100001010101100010001010011000110 41 10000001 35454584 15474248943642359073 4364527444763490509 15474242753945876464
unknown 01000110100001010110000001011011011101010 41 1218684 320000001 126975085346712137324 483570326334694401 126974668586769160247
unknown 01000110100001010110000001100111101101010 41 2759589 320000001 56074475188396726601 483570326334694401 56074393909055623189
unknown 01000110100001010110000001111001110101010 41 10000001 65093690 15474248943642359073 2377227422668349795 15474242753945876464
unknown 01000110100001010110000010100001100111010 41 969220 320000001 159656739347797749080 483570326334694401 159656080442366815476
unknown 01000110100001010110000111001110001101010 41 10000001 37526777 15474248943642359073 4123522382715481651 15474242753945876464
unknown 01000110100001010110001000000110011101010 41 1902153 320000001 81351239837527546082 483570326334694401 81351068765970702925
unknown 01000110100001010110001000000111001101010 41 139041 320000001 1112927157533911107964 483570326334694401 1112895141218113088298
unknown 01000110100001011000000001011001101101010 41 2285991 320000001 67691650977922719015 483570326334694401 67691532532080137692
unknown 01000110100001011000000001100111110111010 41 765390 320000001 202174714734543872226 483570326334694401 202173658156024915746
unknown 01000110100001011000000001111100111101010 41 143005 320000001 1082077584075189918971 483570326334694401 1082047318075593384769
unknown 01000110100001011000000100100110011101010 41 1880068 320000001 82306865980737151190 483570326334694401 82306690866452207343
unknown 01000110100001011000000101001010011101010 41 1880068 320000001 82306865980737151190 483570326334694401 82306690866452207343
unknown 01000110100001011000000101011011011101010 41 1216898 320000001 127161442381097293580 483570326334694401 127161024396929690610
unknown 01000110100001011000000101100111010111010 41 1639360 320000001 94392021832100657795 483570326334694401 94391791518340365144
unknown 01000110100001011000000101101000011011010 41 10000001 39993677 15474248943642359073 3869174242485194207 15474242753945876464
unknown 01000110100001011000000101111001110101010 41 10000001 192777323 15474248943642359073 802700766369042973 15474242753945876464
unknown 01000110100001011000000101111010110011010 41 1217221 320000001 127127699005088257895 483570326334694401 127127281242722203671
unknown 01000110100001011000000110000101110101010 41 1472504 320000001 105088003095864279053 483570326334694401 105087717629155518587
unknown 01000110100001011000000110000110011101010 41 968244 320000001 159817674997906038522 483570326334694401 159817014763441323259
unknown 01000110100001011000000110000111110111010 41 962420 320000001 160784797604655487586 483570326334694401 160784129355328352538
unknown 01000110100001011000000110010010011101010 41 2125797 320000001 72792700766193824887 483570326334694401 72792563796269046051
unknown 01000110100001011000000110010100101101010 41 2125797 320000001 72792700766193824887 483570326334694401 72792563796269046051
unknown 01000110100001011000000110010110110111010 41 2408922 320000001 64237241766513209794 483570326334694401 64237135101149862787
unknown 01000110100001011000000110010111000101010 41 10000001 39227667 15474248943642359073 3944728727065836834 15474242753945876464
unknown 01000110100001011000000110010111101101010 41 8898478 320000001 17389772150998466745 483570326334694401 17389764334037258756
unknown 01000110100001011000000110011001111011010 41 3451451 320000001 44834043685010314318 483570326334694401 44833991725423780511
unknown 01000110100001011000000110011100100101010 41 10000001 40011774 15474248943642359073 3867424246439873783 15474242753945876464
unknown 01000110100001011000000110011101001001010 41 2126290 320000001 72775823105349004305 483570326334694401 72775686198932289873
unknown 01000110100001011000000110011110011101010 41 10000001 140852554 15474248943642359073 1098613411799920465 15474242753945876464
unknown 01000110100001011000000110011110110011010 41 1924927 320000001 80388765345736505521 483570326334694401 80388598298158497299
unknown 01000110100001011000000111001011011011010 41 71539 320000001 2163050991915913478836 483570326334694401 2162930054801623280578
unknown 01000110100001011000000111001011101011010 41 71537 320000001 2163111465544718598242 483570326334694401 2162990521668309561824
unknown 01000110100001011000000111001100111011010 41 101169 320000001 1529544671892304306284 483570326334694401 1529484199447209575306
unknown 01000110100001011000000111001100111101010 41 88511 320000001 1748285579314125186276 483570326334694401 1748206574147574245749
unknown 01000110100001011000000111001110011101010 41 10000001 75923673 15474248943642359073 2038132492755883062 15474242753945876464
unknown 01000110100001011000000111001111010011010 41 1851490 320000001 83577283652988962599 483570326334694401 83577103091164505185
unknown 01000110100001011000000111100110011011010 41 2037145 320000001 75960476505439001330 483570326334694401 75960327354882993028
unknown 01000110100001011000000111100110011101010 41 8027887 320000001 19275620709493361624 483570326334694401 19275611105167289188
unknown 01000110100001011000000111100111010011010 41 10000001 44833776 15474248943642359073 3451471607269317097 15474242753945876464
unknown 01000110100001011000000111100111100011010 41 10000001 37004520 15474248943642359073 4181719014614229137 15474242753945876464
unknown 01000110100001011000000111100111101000110 41 10000001 47998825 15474248943642359073 3223881103561858741 15474242753945876464
unknown 01000110100001011000001001100001100111010 41 969220 320000001 159656739347797749080 483570326334694401 159656080442366815476
unknown 01000110100001011000001100101100011000110 41 10000001 34999979 15474248943642359073 4421217078749462518 15474242753945876464
unknown 01000110100001011000001100110011000001110 41 10000001 33333379 15474248943642359073 4642268787411937277 15474242753945876464
unknown 01000110100001011000001110011000000011110 41 10000001 32500039 15474248943642359073 4761302129842752939 15474242753945876464
unknown 01000110100001011000010000011001110101010 41 1879129 320000001 82347994688322374017 483570326334694401 82347819398984816063
unknown 01000110100001011000010010000110011101010 41 1880068 320000001 82306865980737151190 483570326334694401 82306690866452207343
unknown 01000110100001011000010010100001100111010 41 2094007 320000001 73897797338152419912 483570326334694401 73897656177867515674
unknown 01000110100001011000010101100010110100010 41 6505447 320000001 23786606041164048276 483570326334694401 23786591415517930174
unknown 01000110100001011000010110000011110100010 41 1927688 320000001 80273625664875505976 483570326334694401 80273459095474035460
unknown 01000110100001011000010110001001110100010 41 6505447 320000001 23786606041164048276 483570326334694401 23786591415517930174
unknown 01000110100001011000010111001110001101010 41 10000001 40007746 15474248943642359073 3867813620659172711 15474242753945876464
unknown 01000110100001011000011000000110011101010 41 7481742 320000001 20682683913809448971 483570326334694401 20682672856131781855
unknown 01000110100001011000011000110011000001110 41 10000001 34999948 15474248943642359073 4421220994690407379 15474242753945876464
unknown 01000110100001011000011001110011100011010 41 10000001 36250207 15474248943642359073 4268734380211195329 15474242753945876464
unknown 01000110100001011000011100001111000111010 41 10000001 33999159 15474248943642359073 4551362723727152615 15474242753945876464
unknown 01000110100001011000011100101100010100010 41 10000001 38665079 15474248943642359073 4002125662556451375 15474242753945876464
unknown 01000110100001011000011100101110001011010 41 10000001 37142916 15474248943642359073 4166137761253654247 15474242753945876464
unknown 01000110100001011000011100101110001101010 41 10000001 37528442 15474248943642359073 4123339437077418092 15474242753945876464
unknown 01000110100001011000011100111000001111010 41 10000001 33333414 15474248943642359073 4642263913041506471 15474242753945876464
unknown 01000110100001011000011100111000110011010 41 10000001 36283061 15474248943642359073 4264869077905872781 15474242753945876464
unknown 01000110100001011000011100111000111000110 41 10000001 36000045 15474248943642359073 4298397541188421692 15474242753945876464
unknown 01000110100001011000100001001001100111010 41 1906101 320000001 81182741581202955333 483570326334694401 81182571217573289175
unknown 01000110100001011000100001010010100111010 41 1906101 320000001 81182741581202955333 483570326334694401 81182571217573289175
unknown 01000110100001011000100001011001110100010 41 10000001 41997316 15474248943642359073 3684580817275859590 15474242753945876464
unknown 01000110100001011000100001011101100111010 41 160858 320000001 961982027071532248085 483570326334694401 961958106393508313725
unknown 01000110100001011000100001100100100111010 41 2279938 320000001 67871365322509881569 483570326334694401 67871246246910024186
unknown 01000110100001011000100001100101001011010 41 2279938 320000001 67871365322509881569 483570326334694401 67871246246910024186
unknown 01000110100001011000100001100111001001010 41 10000001 39980500 15474248943642359073 3870449466881918295 15474242753945876464
unknown 01000110100001011000100100000110011101010 41 1904634 320000001 81245270698030453286 483570326334694401 81245100071862755213
unknown 01000110100001011000100100100001100111010 41 1906101 320000001 81182741581202955333 483570326334694401 81182571217573289175
unknown 01000110100001011000100101011000110001010 41 10000001 36250036 15474248943642359073 4268754516841653188 15474242753945876464
unknown 01000110100001011000100101100011000001110 41 10000001 32500052 15474248943642359073 4761300225324948230 15474242753945876464
unknown 01000110100001011000100110000101110100010 41 1449796 320000001 106733985271495116805 483570326334694401 106733690792297237111
unknown 01000110100001011000110000001011110110110 41 1218776 320000001 126965500560129617225 483570326334694401 126965083863102885150
unknown 01000110100001011000110000101011101010110 41 1217995 320000001 127046913091328399840 483570326334694401 127046495859744165934
unknown 01000110100001011000110000101011101101010 41 1217995 320000001 127046913091328399840 483570326334694401 127046495859744165934
unknown 01000110100001011000110000101100010001110 41 10000001 30002242 15474248943642359073 5157698045055184022 15474242753945876464
unknown 01000110100001011000110000101110110001110 41 10000001 32500023 15474248943642359073 4761304473866758014 15474242753945876464
unknown 01000110100001011000110010101100010001010 41 10000001 36000047 15474248943642359073 4298397302388870058 15474242753945876464
unknown 01000110100001011000110010101101000001010 41 10000001 31250055 15474248943642359073 4951751442058983076 15474242753945876464
unknown 01000110100001011000110010110000011000110 41 10000001 35000050 15474248943642359073 4421208110007629543 15474242753945876464
unknown 01000110100001011000110010110001000001110 41 10000001 32500049 15474248943642359073 4761300664828921777 15474242753945876464
unknown 01000110100001011001000000011001110101010 41 1882648 320000001 82194071813038090160 483570326334694401 82193897178380568668
unknown 01000110100001011001000010100001100111010 41 2096983 320000001 73792922932933902833 483570326334694401 73792782173028509172
unknown 01000110100001011001001000000110011101010 41 1880068 320000001 82306865980737151190 483570326334694401 82306690866452207343
unknown 01000110100001011001001000100001100111010 41 2094007 320000001 73897797338152419912 483570326334694401 73897656177867515674
unknown 01000110100001011001011000001000110011010 41 10000001 33333407 15474248943642359073 4642264887914773740 15474242753945876464
unknown 01000110100001011001011000001101001100010 41 10000001 32857201 15474248943642359073 4709546163432257494 15474242753945876464
unknown 01000110100001011001100000000110011011010 41 10000001 54408165 15474248943642359073 2844104463193576449 15474242753945876464
unknown 01000110100001011001100000000110011101010 41 2763239 320000001 56000405651003237275 483570326334694401 56000324586246137008
unknown 01000110100001011001100000001111001100010 41 10000001 32500060 15474248943642359073 4761299053314748784 15474242753945876464
unknown 01000110100001011001100000010110110111010 41 1530687 320000001 101093499135141628800 483570326334694401 101093234957723364391
unknown 01000110100001011001100000011001100011010 41 10000001 32500015 15474248943642359073 4761305645879626036 15474242753945876464
unknown 01000110100001011001100000011001110100010 41 2849771 320000001 54299978809059582108 483570326334694401 54299902592545914805
unknown 01000110100001011001100000011001111011010 41 2759599 320000001 56074271990485767810 483570326334694401 56074190711733729223
unknown 01000110100001011001100000011110011101010 41 10000001 80090507 15474248943642359073 1932095459336679370 15474242753945876464
unknown 01000110100001011001100001110011100011010 41 10000001 40000014 15474248943642359073 3868561268770369290 15474242753945876464
unknown 01000110100001100000000001100111111011110 41 762946 320000001 202822355593544673362 483570326334694401 202821292234972847975
unknown 01000110100001100000000101100111110111010 41 762946 320000001 202822355593544673362 483570326334694401 202821292234972847975
unknown 01000110100001100000000101101001111101110 41 760575 320000001 203454629603487538195 483570326334694401 203453559604817559205
unknown 01000110100001100000000110000111111011110 41 762946 320000001 202822355593544673362 483570326334694401 202821292234972847975
unknown 01000110100001100000000110010111110111010 41 1524655 320000001 101493455837991240224 483570326334694401 101493189566107919452
unknown 01000110100001100000000110011001111101110 41 760575 320000001 203454629603487538195 483570326334694401 203453559604817559205
unknown 01000110100001100000010001100111110111010 41 1522271 320000001 101652402831475167275 483570326334694401 101652135724933099711
unknown 01000110100001100000010001110011011101110 41 1522271 320000001 101652402831475167275 483570326334694401 101652135724933099711
unknown 01000110100001100000010001110011111010110 41 966190 320000001 160157427535652960973 483570326334694401 160156764491057214558
unknown 01000110100001100000010100110110011110110 41 1524656 320000001 101493389269889427099 483570326334694401 101493122998355393572
unknown 01000110100001100000010101100111101101010 41 762946 320000001 202822355593544673362 483570326334694401 202821292234972847975
unknown 01000110100001100000010101101001111011010 41 760575 320000001 203454629603487538195 483570326334694401 203453559604817559205
unknown 01000110100001100000010101101010011110110 41 758305 320000001 204063674788736107981 483570326334694401 204062598374373157068
unknown 01000110100001100000010110000010011110110 41 757087 320000001 204391972006747618653 483570326334694401 204390892126141420731
unknown 01000110100001100000010110000111110111010 41 762946 320000001 202822355593544673362 483570326334694401 202821292234972847975
unknown 01000110100001100000010110001110011110110 41 2107529 320000001 73423665776685651473 483570326334694401 73423526421969446914
unknown 01000110100001100000010110010111101101010 41 50658 320000001 3054650892468564380007 483570326334694401 3054409713605316299444
unknown 01000110100001100000010110011001111011010 41 760575 320000001 203454629603487538195 483570326334694401 203453559604817559205
unknown 01000110100001100000010110011010011110110 41 758305 320000001 204063674788736107981 483570326334694401 204062598374373157068
unknown 01000110100001100000010110011110110000010 41 764149 320000001 202503052298272371439 483570326334694401 202501992285147783707
unknown 01000110100001100000010110011110110001110 41 764149 320000001 202503052298272371439 483570326334694401 202501992285147783707
unknown 01000110100001100000010110011110110011010 41 764149 320000001 202503052298272371439 483570326334694401 202501992285147783707
unknown 01000110100001100000010110100001111101110 41 760575 320000001 203454629603487538195 483570326334694401 203453559604817559205
unknown 01000110100001100000010110100101110101110 41 3628 320000001 42652289115400367795588 483570326334694401 42605315228709398227531
unknown 01000110100001100000010110100101111011010 41 35896 320000001 4310856499628720034611 483570326334694401 4310376181355780901460
unknown 01000110100001100000010110100110011110110 41 758305 320000001 204063674788736107981 483570326334694401 204062598374373157068
unknown 01000110100001100000010111001011010110110 41 94 320000001 1646196860751835471940325 483570326334694401 1579005152149719738391741
unknown 01000110100001100000010111101001110001110 41 1533137 320000001 100931948619511846862 483570326334694401 100931685285745103916
unknown 01000110100001100000011000000111111011110 41 762946 320000001 202822355593544673362 483570326334694401 202821292234972847975
unknown 01000110100001100000011000010111110111010 41 1522270 320000001 101652469608330016596 483570326334694401 101652202501437017490
unknown 01000110100001100000011000011001111101110 41 760575 320000001 203454629603487538195 483570326334694401 203453559604817559205
unknown 01000110100001100000011001000111110111010 41 1524656 320000001 101493389269889427099 483570326334694401 101493122998355393572
unknown 01000110100001100000011001010011110110110 41 1524656 320000001 101493389269889427099 483570326334694401 101493122998355393572
unknown 01000110100001100000011001010111101101010 41 50658 320000001 3054650892468564380007 483570326334694401 3054409713605316299444
unknown 01000110100001100000011001011001111011010 41 760575 320000001 203454629603487538195 483570326334694401 203453559604817559205
unknown 01000110100001100000011001011010011110110 41 758305 320000001 204063674788736107981 483570326334694401 204062598374373157068
unknown 01000110100001100000011001011101100110110 41 2448 320000001 63211807561549237893134 483570326334694401 63108688789018162464271
unknown 01000110100001100000011001011101100111010 41 71534 320000001 2163202182328298911880 483570326334694401 2163081228307648164087
unknown 01000110100001100000011001011101110011010 41 69 320000001 2242644998705399048730298 483570326334694401 2119760341242089511813569
unknown 01000110100001100000011001011110110011010 41 62 320000001 2495846853397944102619203 483570326334694401 2344583407737462641854402
unknown 01000110100001100000011001100001111101110 41 760575 320000001 203454629603487538195 483570326334694401 203453559604817559205
unknown 01000110100001100000011001100101111011010 41 35896 320000001 4310856499628720034611 483570326334694401 4310376181355780901460
unknown 01000110100001100000011001100110011110110 41 758305 320000001 204063674788736107981 483570326334694401 204062598374373157068
unknown 01000110100001100000011001111001001110110 41 10000001 30305810 15474248943642359073 5106034285527182226 15474242753945876464
unknown 01000110100001100000011100001110011111010 41 10000001 79934590 15474248943642359073 1935864122286391091 15474242753945876464
unknown 01000110100001100000011110000111001111010 41 4128638 320000001 37480279189086699867 483570326334694401 37480242876634141290
unknown 01000110100001100001000000011011100111010 41 1519916 320000001 101809905883399170983 483570326334694401 101809637948492377469
unknown 01000110100001100001000001100011100111010 41 1519916 320000001 101809905883399170983 483570326334694401 101809637948492377469
unknown 01000110100001100001000001100111110111010 41 1524656 320000001 101493389269889427099 483570326334694401 101493122998355393572
unknown 01000110100001100001000101100010100111010 41 1527061 320000001 101333545228823560004 483570326334694401 101333279795341085260
unknown 01000110100001100001000110000011100111010 41 1529482 320000001 101173145490219913908 483570326334694401 101172880896374686897
unknown 01000110100001100001000110011000100111010 41 1529482 320000001 101173145490219913908 483570326334694401 101172880896374686897
unknown 01000110100001100001001001010110001011010 41 10000001 315490063 15474248943642359073 490482975721084865 15474242753945876464
unknown 01000110100001100001001001011000001111010 41 2873631 320000001 53849121515835726425 483570326334694401 53849046559730979879
unknown 01000110100001100001001001011000100111010 41 8510056 320000001 18183488441283175383 483570326334694401 18183479894462851539
unknown 01000110100001100001010001100010100111010 41 8510056 320000001 18183488441283175383 483570326334694401 18183479894462851539
unknown 01000110100001100001010010010110001011010 41 10000001 315490063 15474248943642359073 490482975721084865 15474242753945876464
unknown 01000110100001100001010010011000001111010 41 2873631 320000001 53849121515835726425 483570326334694401 53849046559730979879
unknown 01000110100001100001010010011000100111010 41 8510056 320000001 18183488441283175383 483570326334694401 18183479894462851539
unknown 01000110100001100001010100011000101011010 41 10000001 315490063 15474248943642359073 490482975721084865 15474242753945876464
unknown 01000110100001100001010100100110001011010 41 10000001 315490063 15474248943642359073 490482975721084865 15474242753945876464
unknown 01000110100001100001010100101000001111010 41 2873631 320000001 53849121515835726425 483570326334694401 53849046559730979879
unknown 01000110100001100001010100101000100111010 41 8510056 320000001 18183488441283175383 483570326334694401 18183479894462851539
unknown 01000110100001100001010101001010001011010 41 10000001 315490063 15474248943642359073 490482975721084865 15474242753945876464
unknown 01000110100001100001010101100000101011010 41 3804361 320000001 40675031867552141967 483570326334694401 40674989100854553747
unknown 01000110100001100001010101100010001011010 41 8515143 320000001 18172625510889545175 483570326334694401 18172616974278017087
unknown 01000110100001100001010101100010110100010 41 8498751 320000001 18207676035063568090 483570326334694401 18207667465490243496
unknown 01000110100001100001010110000000001011010 41 2876523 320000001 53794982661592670861 483570326334694401 53794907856130860014
unknown 01000110100001100001010110000010100111010 41 2553982 320000001 60588721811928406059 483570326334694401 60588626919126625739
unknown 01000110100001100001010110000100101011010 41 10000001 242128014 15474248943642359073 639093768433885286 15474242753945876464
unknown 01000110100001100001010110000110001011010 41 10000001 301649178 15474248943642359073 512988319532806864 15474242753945876464
unknown 01000110100001100001010110001000100111010 41 8515143 320000001 18172625510889545175 483570326334694401 18172616974278017087
unknown 01000110100001100001010110001001001011010 41 10000001 314302337 15474248943642359073 492336475724876759 15474242753945876464
unknown 01000110100001100001010110001001110100010 41 8498751 320000001 18207676035063568090 483570326334694401 18207667465490243496
unknown 01000110100001100001010110001011001001010 41 10000001 39615753 15474248943642359073 3906085160382349274 15474242753945876464
unknown 01000110100001100001010110010000101011010 41 10000001 238137992 15474248943642359073 649801838048052973 15474242753945876464
unknown 01000110100001100001010110010010001011010 41 10000001 242128015 15474248943642359073 639093765794398201 15474242753945876464
unknown 01000110100001100001010110011000001011010 41 8477124 320000001 18254127804509233835 483570326334694401 18254119191154425693
unknown 01000110100001100001010111000101100111010 41 10000001 53087737 15474248943642359073 2914844626183115215 15474242753945876464
unknown 01000110100001100001010111000111010001110 41 10000001 36666691 15474248943642359073 4220247333217838893 15474242753945876464
unknown 01000110100001100001010111001110001101010 41 10000001 37191891 15474248943642359073 4160651710628871610 15474242753945876464
unknown 01000110100001100001011000000100101111010 41 2402093 320000001 64419864222855873758 483570326334694401 64419756950145033429
unknown 01000110100001100001011000000110011101010 41 1258675 320000001 122940794812539006783 483570326334694401 122940404114688919385
unknown 01000110100001100001011000001001100111010 41 2555687 320000001 60548300676363159637 483570326334694401 60548205910132537292
unknown 01000110100001100001011000001111001001010 41 10000001 39760951 15474248943642359073 3891821020847125472 15474242753945876464
unknown 01000110100001100001011000010000110111010 41 2402093 320000001 64419864222855873758 483570326334694401 64419756950145033429
unknown 01000110100001100001011000010010001111010 41 2402093 320000001 64419864222855873758 483570326334694401 64419756950145033429
unknown 01000110100001100001011000010010100111010 41 10000001 302628568 15474248943642359073 511328147019723976 15474242753945876464
unknown 01000110100001100001011000011000100111010 41 10000001 301649176 15474248943642359073 512988322934031600 15474242753945876464
unknown 01000110100001100001011000100001100111010 41 1339328 320000001 115537422431751247165 483570326334694401 115537077371908185844
unknown 01000110100001100001011000100100100111010 41 8494118 320000001 18217607161882202998 483570326334694401 18217598582958019012
unknown 01000110100001100001011000100101001011010 41 8494118 320000001 18217607161882202998 483570326334694401 18217598582958019012
unknown 01000110100001100001011000100101110100010 41 8498751 320000001 18207676035063568090 483570326334694401 18207667465490243496
unknown 01000110100001100001011000100111001001010 41 10000001 39679171 15474248943642359073 3899842184471861430 15474242753945876464
unknown 01000110100001100001011000110011100111010 41 2890611 320000001 53532801511747009322 483570326334694401 53532727433668106740
unknown 01000110100001100001011001000000111011010 41 2402093 320000001 64419864222855873758 483570326334694401 64419756950145033429
unknown 01000110100001100001011001000010100111010 41 10000001 298644972 15474248943642359073 518148703038176496 15474242753945876464
unknown 01000110100001100001011001000011000111010 41 2402093 320000001 64419864222855873758 483570326334694401 64419756950145033429
unknown 01000110100001100001011001001000001111010 41 2402093 320000001 64419864222855873758 483570326334694401 64419756950145033429
unknown 01000110100001100001011001001000100111010 41 10000001 302628569 15474248943642359073 511328145330101120 15474242753945876464
unknown 01000110100001100001011001100000100111010 41 7703929 320000001 20086180040168144640 483570326334694401 20086169611115846200
unknown 01000110100001100001011001100110000010110 41 10000001 35451722 15474248943642359073 4364879790907548423 15474242753945876464
unknown 01000110100001100001011001110011000111010 41 10000001 37500068 15474248943642359073 4126459314971709768 15474242753945876464
unknown 01000110100001100001011100010011100111010 41 10000001 53087734 15474248943642359073 2914844790901652242 15474242753945876464
unknown 01000110100001100001011100011000011110110 41 8726357 320000001 17732772669130146104 483570326334694401 17732764540760178769
unknown 01000110100001100001011100011001011101010 41 8705384 320000001 17775494442367221752 483570326334694401 17775486274784367379
unknown 01000110100001100001011100011001100111010 41 9491805 320000001 16302747992681321874 483570326334694401 16302741122442785603
unknown 01000110100001100001011100101100000101010 41 10000001 34888757 15474248943642359073 4435311493346482203 15474242753945876464
unknown 01000110100001100001011100101100010100010 41 10000001 38053283 15474248943642359073 4066469242894825510 15474242753945876464
unknown 01000110100001100001011100101110001101010 41 10000001 36365389 15474248943642359073 4255213794376640227 15474242753945876464
unknown 01000110100001100001011100110011100011010 41 10000001 40756610 15474248943642359073 3796746218850697700 15474242753945876464
unknown 01000110100001100001011100111000110011010 41 10000001 36570742 15474248943642359073 4231319805069105089 15474242753945876464
unknown 01000110100001100001011100111001100010110 41 10000001 38964675 15474248943642359073 3971353666126370472 15474242753945876464
unknown 01000110100001100001100000011001111101110 41 1443101 320000001 107229157841809086379 483570326334694401 107228860623913391169
unknown 01000110100001100001100001010110001011010 41 7732645 320000001 20011587873317931234 483570326334694401 20011577521580577932
unknown 01000110100001100001100001011000001111010 41 1927696 320000001 80273292526763833283 483570326334694401 80273125958744895141
unknown 01000110100001100001100001011000100111010 41 6473245 320000001 23904935609678381456 483570326334694401 23904920838156007032
unknown 01000110100001100001100001011100011110110 41 1838432 320000001 84170915710057556855 483570326334694401 84170732574140483739
unknown 01000110100001100001100001111001110001110 41 10000001 34999716 15474248943642359073 4421250301307374448 15474242753945876464
unknown 01000110100001100001100101011000001011010 41 1835629 320000001 84299444446929381898 483570326334694401 84299260751289900739
unknown 01000110100001100001100101011000111010110 41 1470917 320000001 105201384517734538633 483570326334694401 105201098434703518655
unknown 01000110100001100001100101011100011101010 41 1471796 320000001 105138555146686452717 483570326334694401 105138269405267383043
unknown 01000110100001100001100101100000100111010 41 1835629 320000001 84299444446929381898 483570326334694401 84299260751289900739
unknown 01000110100001100001100101100011100111010 41 1517843 320000001 101948953159630168840 483570326334694401 101948684492358277457
unknown 01000110100001100001100101110000110001010 41 10000001 35000003 15474248943642359073 4421214047058011234 15474242753945876464
unknown 01000110100001100001100101110001100111010 41 1517843 320000001 101948953159630168840 483570326334694401 101948684492358277457
unknown 01000110100001100001100101110011000110110 41 10000001 35000455 15474248943642359073 4421156950978852543 15474242753945876464
unknown 01000110100001100001100101110011100011010 41 10000001 36910420 15474248943642359073 4192379954242529193 15474242753945876464
unknown 01000110100001100001100110000001100111010 41 1918059 320000001 80676613655092223109 483570326334694401 80676445409078082609
unknown 01000110100001100001100110010111000111010 41 1517843 320000001 101948953159630168840 483570326334694401 101948684492358277457
unknown 01000110100001100001100110011100111000110 41 10000001 36910442 15474248943642359073 4192377455427722442 15474242753945876464
unknown 01000110100001100001100111001011000001010 41 10000001 33333648 15474248943642359073 4642231324656471274 15474242753945876464
unknown 01000110100001100001100111001011000111010 41 1517843 320000001 101948953159630168840 483570326334694401 101948684492358277457
unknown 01000110100001100001100111001110011000110 41 10000001 35000572 15474248943642359073 4421142171924291248 15474242753945876464
unknown 01000110100001100001110000001100111110110 41 962385 320000001 160790645023220991976 483570326334694401 160789976725287315590
unknown 01000110100001100001110000001111100111010 41 10000001 39518278 15474248943642359073 3915719832495548879 15474242753945876464
unknown 01000110100001100001110000110011110001110 41 10000001 34445273 15474248943642359073 4492416271767465288 15474242753945876464
unknown 01000110100001100001110000111100111000110 41 10000001 38999961 15474248943642359073 3967760503931594557 15474242753945876464
unknown 01000110100001100001110010101100010001010 41 10000001 36233378 15474248943642359073 4270717041912916162 15474242753945876464
unknown 01000110100001100001110010101110001011010 41 10000001 42460670 15474248943642359073 3644372660880587480 15474242753945876464
unknown 01000110100001100001110010101110001101010 41 10000001 36626520 15474248943642359073 4224875989055813503 15474242753945876464
unknown 01000110100001100001110010110000000001010 41 10000001 30549274 15474248943642359073 5065341484405571614 15474242753945876464
unknown 01000110100001100001110010110000110001010 41 10000001 34867408 15474248943642359073 4438027194641842444 15474242753945876464
unknown 01000110100001100001110010111000100111010 41 10000001 42460666 15474248943642359073 3644373004198109714 15474242753945876464
unknown 01000110100001100001110010111001100010110 41 10000001 38726838 15474248943642359073 3995743337234827547 15474242753945876464
unknown 01000110100001100001110011001011100011010 41 10000001 40585547 15474248943642359073 3812749028876524305 15474242753945876464
unknown 01000110100001100001110011001100111000110 41 10000001 40418987 15474248943642359073 3828460740757123240 15474242753945876464
unknown 01000110100001100001110011100001100011110 41 10000001 34444471 15474248943642359073 4492520872527626695 15474242753945876464
unknown 01000110100001100001110011100001110001110 41 10000001 37273219 15474248943642359073 4151573410138591314 15474242753945876464
unknown 01000110100001100001110011100101110001010 41 10000001 38471448 15474248943642359073 4022268798166175975 15474242753945876464
unknown 01000110100001100001110011100111001100010 41 10000001 39133865 15474248943642359073 3954184052882906771 15474242753945876464
unknown 01000110100001100100000101011000101101010 41 10000001 315518837 15474248943642359073 490438245722465485 15474242753945876464
unknown 01000110100001100100000101100000111101010 41 2876523 320000001 53794982661592670861 483570326334694401 53794907856130860014
unknown 01000110100001100100000101100010011101010 41 8510402 320000001 18182749171034756568 483570326334694401 18182740624909379690
unknown 01000110100001100100000101100011101000110 41 2876523 320000001 53794982661592670861 483570326334694401 53794907856130860014
unknown 01000110100001100100000101101101000001110 41 2876523 320000001 53794982661592670861 483570326334694401 53794907856130860014
unknown 01000110100001100100010110001010010011010 41 10000001 32727298 15474248943642359073 4728239554352227134 15474242753945876464
unknown 01000110100001100100011000000110011101010 41 1920949 320000001 80555238536094677351 483570326334694401 80555070795939585385
unknown 01000110100001100100011000110010011000110 41 10000001 32000026 15474248943642359073 4835699349452795269 15474242753945876464
unknown 01000110100001100100011010000001100111010 41 1918027 320000001 80677959648468209448 483570326334694401 80677791396840058562
unknown 01000110100001100100011010000001110011010 41 126422 320000001 1224015637394381787683 483570326334694401 1223976910688248733350
unknown 01000110100001100100100001010110001011010 41 10000001 315490064 15474248943642359073 490482974166414745 15474242753945876464
unknown 01000110100001100100100001011000001111010 41 2873631 320000001 53849121515835726425 483570326334694401 53849046559730979879
unknown 01000110100001100100100001011000100111010 41 8510056 320000001 18183488441283175383 483570326334694401 18183479894462851539
unknown 01000110100001100100100110000001100111010 41 1920949 320000001 80555238536094677351 483570326334694401 80555070795939585385
unknown 01000110100001100101001010000001100111010 41 1920949 320000001 80555238536094677351 483570326334694401 80555070795939585385
unknown 01000110100001100101100000000101110101010 41 10000001 35713123 15474248943642359073 4332931200406991413 15474242753945876464
unknown 01000110100001100101100000000110011101010 41 10000001 232693133 15474248943642359073 665006753382243276 15474242753945876464
unknown 01000110100001100101100000010110110111010 41 1219221 320000001 126919159783724635946 483570326334694401 126918743390820016291
unknown 01000110100001100101100000011001111011010 41 2756915 320000001 56128863207850998077 483570326334694401 56128781770763861529
unknown 01000110100001100101100000011100111101010 41 88512 320000001 1748265827353042913531 483570326334694401 1748186823971626986787
unknown 01000110100001100101100000011110011101010 41 10000001 60044981 15474248943642359073 2577109732296734916 15474242753945876464
unknown 01000110100001100101100000100001100111010 41 10000001 235997113 15474248943642359073 655696601299832572 15474242753945876464
unknown 01000110100001100101100010000001100111010 41 2853588 320000001 54227346383105246575 483570326334694401 54227270370351660070
unknown 01000110100001100101100010000001110011010 41 353524 320000001 437714285057513872785 483570326334694401 437709332530018935877
unknown 01000110100001100110000000011001111101110 41 960440 320000001 161116264327467134191 483570326334694401 161115593320040038110
unknown 01000110100001100110000001001001100111010 41 2859306 320000001 54118903297049191085 483570326334694401 54118827588009881532
unknown 01000110100001100110000001010010100111010 41 2859306 320000001 54118903297049191085 483570326334694401 54118827588009881532
unknown 01000110100001100110000001010110110111010 41 1220937 320000001 126740777706525835783 483570326334694401 126740362483258842453
unknown 01000110100001100110000001010111101011010 41 1988587 320000001 77815305496150047427 483570326334694401 77815148972650753404
unknown 01000110100001100110000001011000100110110 41 10000001 43987386 15474248943642359073 3517883624879926586 15474242753945876464
unknown 01000110100001100110000001011001110101110 41 1918035 320000001 80677623145913674340 483570326334694401 80677454895689052393
unknown 01000110100001100110000001011001111010110 41 2156382 320000001 71760246983453086867 483570326334694401 71760113871390620401
unknown 01000110100001100110000001011010000110110 41 10000001 39990517 15474248943642359073 3869479979733008563 15474242753945876464
unknown 01000110100001100110000001011011001111010 41 1082884 320000001 142898505205241313347 483570326334694401 142897977363007563444
unknown 01000110100001100110000001011100111101010 41 10000001 44374215 15474248943642359073 3487216729595611649 15474242753945876464
unknown 01000110100001100110000001011101001111010 41 2025821 320000001 76385082843287997490 483570326334694401 76384932020620011286
unknown 01000110100001100110000001011110011101010 41 10000001 87972994 15474248943642359073 1758977361969430464 15474242753945876464
unknown 01000110100001100110000001011110100110110 41 1395059 320000001 110921835499912573134 483570326334694401 110921517458833424987
unknown 01000110100001100110000001011110100111010 41 2407286 320000001 64280897621085543788 483570326334694401 64280790810692743443
unknown 01000110100001100110000001100001111101110 41 963379 320000001 160624743647798565635 483570326334694401 160624076728230137300
unknown 01000110100001100110000001100100100111010 41 3321395 320000001 46589612169185698890 483570326334694401 46589556060766121253
unknown 01000110100001100110000001100101001011010 41 3321395 320000001 46589612169185698890 483570326334694401 46589556060766121253
unknown 01000110100001100110000001100101101101110 41 3022236 320000001 51201330707023718321 483570326334694401 51201262940955230016
unknown 01000110100001100110000001100101111010110 41 8705238 320000001 17775792564278258029 483570326334694401 17775784396421436000
unknown 01000110100001100110000001100101111011010 41 1582506 320000001 97783202661267972673 483570326334694401 97782955501496062814
unknown 01000110100001100110000001100110011110110 41 3026703 320000001 51125764540053164901 483570326334694401 51125696973863850833
unknown 01000110100001100110000001100111001001010 41 10000001 39904057 15474248943642359073 3877863970339470355 15474242753945876464
unknown 01000110100001100110000001100111001111010 41 3940896 320000001 39265817953752784738 483570326334694401 39265778099082071193
unknown 01000110100001100110000001100111100111010 41 9754208 320000001 15864179327596103586 483570326334694401 15864172822025247592
unknown 01000110100001100110000001110010110110110 41 71562 320000001 2162355788137175237730 483570326334694401 2162234928746507201219
unknown 01000110100001100110000001110010111010110 41 71560 320000001 2162416222899280804394 483570326334694401 2162295356753011770757
unknown 01000110100001100110000001110011001110110 41 101170 320000001 1529529553332732374839 483570326334694401 1529469082083070100643
unknown 01000110100001100110000001110011001111010 41 3295738 320000001 46952307771634921940 483570326334694401 46952250786218258093
unknown 01000110100001100110000001110011100111010 41 10000001 38249906 15474248943642359073 4045565625982781092 15474242753945876464
unknown 01000110100001100110000001111001100110110 41 1633164 320000001 94750132203913712501 483570326334694401 94749900139282997440
unknown 01000110100001100110000001111001100111010 41 8173297 320000001 18932690799156391156 483570326334694401 18932681533528807316
unknown 01000110100001100110000100000110011101010 41 2856464 320000001 54172748163699081929 483570326334694401 54172672303933576138
unknown 01000110100001100110000100100001100111010 41 2859306 320000001 54118903297049191085 483570326334694401 54118827588009881532
unknown 01000110100001100110000101011000001011010 41 6506727 320000001 23781926752216980114 483570326334694401 23781912132324593466
unknown 01000110100001100110000101100000100111010 41 6506728 320000001 23781923097242198285 483570326334694401 23781908477354305413
unknown 01000110100001100110000101110001100111010 41 8716659 320000001 17752501837076858733 483570326334694401 17752493690609873798
unknown 01000110100001100110000101110011100011010 41 10000001 38339727 15474248943642359073 4036087813318872468 15474242753945876464
unknown 01000110100001100110000110000001100111010 41 1931547 320000001 80113248557074994480 483570326334694401 80113082652579473368
unknown 01000110100001100110000110010111000111010 41 1472643 320000001 105078084037117301588 483570326334694401 105077798624295254982
unknown 01000110100001100110000110011100111000110 41 10000001 36910176 15474248943642359073 4192407668570112870 15474242753945876464
unknown 01000110100001100110000111001011000001010 41 10000001 34549272 15474248943642359073 4478893358756518354 15474242753945876464
unknown 01000110100001100110000111001011100011010 41 10000001 38745418 15474248943642359073 3993827216180053455 15474242753945876464
unknown 01000110100001100110000111001100111000110 41 10000001 40379904 15474248943642359073 3832166240679337286 15474242753945876464
unknown 01000110100001100110010000000110011101010 41 2865049 320000001 54010421780106565146 483570326334694401 54010346374280871720
unknown 01000110100001100110010001011000101000110 41 10000001 35000062 15474248943642359073 4421206594167534171 15474242753945876464
unknown 01000110100001100110010001100011001001010 41 10000001 36000065 15474248943642359073 4298395153194099355 15474242753945876464
unknown 01000110100001100110010010000001100111010 41 2859306 320000001 54118903297049191085 483570326334694401 54118827588009881532
unknown 01000110100001100110010110000001100011010 41 10000001 38000043 15474248943642359073 4072166573881838354 15474242753945876464
unknown 01000110100001100110011000000001100111010 41 2886028 320000001 53617811369353497043 483570326334694401 53617737055816614079
unknown 01000110100001100110011000000101101101110 41 1222551 320000001 126573455758224020399 483570326334694401 126573041630579020464
unknown 01000110100001100110011000000110011110110 41 2756918 320000001 56128802130013491284 483570326334694401 56128720693103589570
unknown 01000110100001100110011000000111001111010 41 10000001 40757204 15474248943642359073 3796690884651276235 15474242753945876464
unknown 01000110100001100110011000000111100111010 41 10000001 41674643 15474248943642359073 3713109309914725230 15474242753945876464
unknown 01000110100001100110011000010110000010110 41 10000001 34705942 15474248943642359073 4458674682008992419 15474242753945876464
unknown 01000110100100000110000001100111101100010 41 766590 320000001 201858235707056620048 483570326334694401 201857182433820946111
unknown 01000110100100010001101010000001100111010 41 1915141 320000001 80799536384356313380 483570326334694401 80799367625256852282
unknown 01000110100100010001101010000001110011010 41 151674 320000001 1020230922311487363440 483570326334694401 1020204017132824367162
unknown 01000110100100010010011010000001100111010 41 1918989 320000001 80637515332642622945 483570326334694401 80637347249662992186
unknown 01000110100100010010011010000001110011010 41 151680 320000001 1020190565075636434352 483570326334694401 1020163662025477534628
unknown 01000110100100010100101010000001100111010 41 1918989 320000001 80637515332642622945 483570326334694401 80637347249662992186
unknown 01000110100100010100101010000001110011010 41 151680 320000001 1020190565075636434352 483570326334694401 1020163662025477534628
unknown 01000110100100010110001010000001100111010 41 2848795 320000001 54318582035798481240 483570326334694401 54318505767052197914
unknown 01000110100100010110001010000001110011010 41 202176 320000001 765385134292262851983 483570326334694401 765369991644438294403
unknown 01000110100100010110101000000110011000110 41 10000001 31666668 15474248943642359073 4886605212479965823 15474242753945876464
unknown 01000110100100011000000110011101000011010 41 1918989 320000001 80637515332642622945 483570326334694401 80637347249662992186
unknown 01000110100100011000000111001101000011010 41 151680 320000001 1020190565075636434352 483570326334694401 1020163662025477534628
unknown 01000110100100011000110000110010110001010 41 10000001 36250001 15474248943642359073 4268758638397624717 15474242753945876464
unknown 01000110100100011001001010000001100111010 41 2858302 320000001 54137912967444494796 483570326334694401 54137837205209146384
unknown 01000110100100011001001010000001110011010 41 151680 320000001 1020190565075636434352 483570326334694401 1020163662025477534628
unknown 01000110100100011010000001000110100111010 41 2276126 320000001 67985034620523000205 483570326334694401 67984915145739713621
unknown 01000110100100011010000001001001100111010 41 2859261 320000001 54119755038337715362 483570326334694401 54119679326915320673
unknown 01000110100100011010000001001001110011010 41 176939 320000001 874552839739529071389 483570326334694401 874533069466848275221
unknown 01000110100100011010000001010010100111010 41 2859261 320000001 54119755038337715362 483570326334694401 54119679326915320673
unknown 01000110100100011010000001010010110011010 41 176939 320000001 874552839739529071389 483570326334694401 874533069466848275221
unknown 01000110100100011010000001011001110100010 41 1914170 320000001 80840523522295582087 483570326334694401 80840354591940196849
unknown 01000110100100011010000001100100100111010 41 3324195 320000001 46550369310666953763 483570326334694401 46550313296728786202
unknown 01000110100100011010000001100101001011010 41 3324195 320000001 46550369310666953763 483570326334694401 46550313296728786202
unknown 01000110100100011010000001100101100010110 41 5864303 320000001 26387194677811247878 483570326334694401 26387176679302862958
unknown 01000110100100011010000001100111001001010 41 10000001 39999070 15474248943642359073 3868652568939041192 15474242753945876464
unknown 01000110100100011010000001110010001101010 41 107280 320000001 1442417085297096703602 483570326334694401 1442363305904631952224
unknown 01000110100100011010000001110010010011010 41 151680 320000001 1020190565075636434352 483570326334694401 1020163662025477534628
unknown 01000110100100011010000001110010100101010 41 151680 320000001 1020190565075636434352 483570326334694401 1020163662025477534628
unknown 01000110100100011010000001110010110110110 41 71538 320000001 2163081228307648164087 483570326334694401 2162960287812369438406
unknown 01000110100100011010000001110010111010110 41 71543 320000001 2162930054801623280578 483570326334694401 2162809131209869517414
unknown 01000110100100011010000001110011001001010 41 10000001 39982133 15474248943642359073 3870291385171284743 15474242753945876464
unknown 01000110100100011010000001110011001110110 41 101146 320000001 1529892481271355608353 483570326334694401 1529831981321527774221
unknown 01000110100100011010000001110011100110110 41 9106230 320000001 16993037174623585651 483570326334694401 16993029710270187914
unknown 01000110100100011010000001110011100111010 41 10000001 102406511 15474248943642359073 1511061195226859495 15474242753945876464
unknown 01000110100100011010000100000110011101010 41 2856404 320000001 54173886085677143137 483570326334694401 54173810222724671813
unknown 01000110100100011010000100000111001101010 41 176939 320000001 874552839739529071389 483570326334694401 874533069466848275221
unknown 01000110100100011010000100100001100111010 41 2859261 320000001 54119755038337715362 483570326334694401 54119679326915320673
unknown 01000110100100011010000100100001110011010 41 176939 320000001 874552839739529071389 483570326334694401 874533069466848275221
unknown 01000110100100011010000110000001100111010 41 1923814 320000001 80435273321990865210 483570326334694401 80435106081070316612
unknown 01000110100100011010000110000001110011010 41 176939 320000001 874552839739529071389 483570326334694401 874533069466848275221
unknown 01000110100100011010010010000001100111010 41 2859261 320000001 54119755038337715362 483570326334694401 54119679326915320673
unknown 01000110100100011010010010000001110011010 41 176939 320000001 874552839739529071389 483570326334694401 874533069466848275221
unknown 01000110100100100000010111001011010110110 41 10000001 309996615 15474248943642359073 499174821346589654 15474242753945876464
unknown 01000110100100100000011001011101100110110 41 745561 320000001 207551769621362349107 483570326334694401 207550656093932164684
unknown 01000110100100100000011001011101100111010 41 107274 320000001 1442497761905704405191 483570326334694401 1442443976497255116263
unknown 01000110100100100001011000000110011101010 41 1259665 320000001 122844172784567749650 483570326334694401 122843782700592405118
unknown 01000110100100100001011000100001100111010 41 1340548 320000001 115432274644900842315 483570326334694401 115431930212832127633
unknown 01000110100100100001100001010110001011010 41 7759898 320000001 19941306562363646322 483570326334694401 19941296283209831048
unknown 01000110100100100001100001011000001111010 41 1928663 320000001 80233044814294946480 483570326334694401 80232878413262908715
unknown 01000110100100100001100001011000100111010 41 6489509 320000001 23845025087517797474 483570326334694401 23845010389943364682
unknown 01000110100100100001100110000001100111010 41 1919021 320000001 80636170688425261820 483570326334694401 80636002611051202753
unknown 01000110100100100100011010000001100111010 41 1918989 320000001 80637515332642622945 483570326334694401 80637347249662992186
unknown 01000110100100100100011010000001110011010 41 151680 320000001 1020190565075636434352 483570326334694401 1020163662025477534628
unknown 01000110100101001000011010000001100111010 41 1918989 320000001 80637515332642622945 483570326334694401 80637347249662992186
unknown 01000110100101001000011010000001110011010 41 151680 320000001 1020190565075636434352 483570326334694401 1020163662025477534628
unknown 01001000000100011010000110000111100111010 41 766577 320000001 201861658920985803595 483570326334694401 201860605612026040774
unknown 01001000010001011010100000011100101101010 41 71533 320000001 2163232422947066869311 483570326334694401 2163111465544718598242
unknown 01001000010001101000011000000110011110110 41 765361 320000001 202182375259090199739 483570326334694401 202181318600501113015
unknown 01001001000101100010100000011100101101010 41 71532 320000001 2163262664411347849388 483570326334694401 2163141703627160232085
unknown 01001001000101101010000001011010000110110 41 10000001 39993676 15474248943642359073 3869174339229845598 15474242753945876464
unknown 01001001000101101010000001110010110110110 41 71533 320000001 2163232422947066869311 483570326334694401 2163111465544718598242
unknown 01001001000101101010000001110010111010110 41 71533 320000001 2163232422947066869311 483570326334694401 2163111465544718598242
unknown 01001001000101101010000001110011001110110 41 101157 320000001 1529726117922363596809 483570326334694401 1529665631129314007992
unknown 01001001000101101010000001110011100110110 41 9140683 320000001 16928987134842389170 483570326334694401 16928979726652114263
unknown 01001001000101101010000001110011100111010 41 10000001 100351112 15474248943642359073 1542010863922190861 15474242753945876464
unknown 01001001000110011000000110011101000011010 41 1918019 320000001 80678296153829828778 483570326334694401 80678127900798131390
unknown 01001001000110011000000111001101000011010 41 126412 320000001 1224112464882072385236 483570326334694401 1224073732048732236129
unknown 01001001000110011010000001110011001110110 41 101149 320000001 1529847105860389468630 483570326334694401 1529786609499199572553
unknown 01001001000110100000010111001011010110110 41 93 320000001 1663897902265296068412802 483570326334694401 1595283555780129220230831
unknown 01001001000110100000011001011101100110110 41 2445 320000001 63289368061624758430426 483570326334694401 63185996288555546901752
unknown 01001001000110100000011001011101100111010 41 71529 320000001 2163353393877623542373 483570326334694401 2163232422947066869311
unknown 01001001000110100001011000000110011101010 41 1258670 320000001 122941283188343675755 483570326334694401 122940892487389534036
unknown 01001001000110100001011000100001100111010 41 1339323 320000001 115537853759453495806 483570326334694401 115537508697034058421
unknown 01001001000110100001100001010110001011010 41 7732083 320000001 20013042398881715880 483570326334694401 20013032045639493498
unknown 01001001000110100001100001011000001111010 41 1927693 320000001 80273417453231678677 483570326334694401 80273250884694292912
unknown 01001001000110100001100001011000100111010 41 6472977 320000001 23905925343265167537 483570326334694401 23905910570519600531
unknown 01001001000110100001100110000001100111010 41 1918054 320000001 80676823963596715402 483570326334694401 80676655716705404301
unknown 01001001000110100100011010000001100111010 41 1918022 320000001 80678169963990264118 483570326334694401 80678001711484898726
unknown 01001001000110100100011010000001110011010 41 126416 320000001 1224073732048732236129 483570326334694401 1224035001666449409607
unknown 01010000010110101000100000011100101101010 41 71533 320000001 2163232422947066869311 483570326334694401 2163111465544718598242
unknown 01010000011010001000011000000110011110110 41 765361 320000001 202182375259090199739 483570326334694401 202181318600501113015
unknown 01010001011010100000010110100001101100010 41 10000001 39993678 15474248943642359073 3869174145740547653 15474242753945876464
unknown 01010001011010100000011100101101101100010 41 71533 320000001 2163232422947066869311 483570326334694401 2163111465544718598242
unknown 01010001011010100000011100101110101100010 41 71533 320000001 2163232422947066869311 483570326334694401 2163111465544718598242
unknown 01010001011010100000011100110011101100010 41 101159 320000001 1529695873927900971366 483570326334694401 1529635389526531779034
unknown 01010001011010100000011100111001110100010 41 10000001 56850919 15474248943642359073 2721899797445183505 15474242753945876464
unknown 01010001100011000010110100001101100000110 41 10000001 39993680 15474248943642359073 3869173952251269060 15474242753945876464
unknown 01010001100110000001100111010000110100010 41 1918018 320000001 80678338217197406053 483570326334694401 80678169963990264118
unknown 01010001100110100000011100101101101100010 41 71543 320000001 2162930054801623280578 483570326334694401 2162809131209869517414
unknown 01010001100110100000011100110011101100010 41 101151 320000001 1529816857081714806205 483570326334694401 1529756363112772817581
unknown 01010001101000000101011011011001110100010 41 10000001 51892350 15474248943642359073 2981990696329469265 15474242753945876464
unknown 01010001101000000101100111010011101100010 41 1910319 320000001 81003489422799299155 483570326334694401 81003319810666852864
unknown 01010001101000000110010111011001101100010 41 1525161 320000001 101459783531491124126 483570326334694401 101459517436259378076
unknown 01010001101000000110010111011001110100010 41 71530 320000001 2163323149876590722248 483570326334694401 2163202182328298911880
unknown 01010001101000000111001010110110110100010 41 73005 320000001 2119615162121396265495 483570326334694401 2119499033142113086913
unknown 01010001101000000111001011001110101100010 41 699581 320000001 221193121183497742738 483570326334694401 221191856473012620858
unknown 01010001101000000111001011001110110100010 41 73005 320000001 2119615162121396265495 483570326334694401 2119499033142113086913
unknown 01010001101000000111001011011011000011010 41 71529 320000001 2163353393877623542373 483570326334694401 2163232422947066869311
unknown 01010001101000000111001011100110101100010 41 10000001 60000916 15474248943642359073 2579002375741605918 15474242753945876464
unknown 01010001101000000111001011100110110100010 41 968133 320000001 159835998680628110356 483570326334694401 159835338294758421962
unknown 01010001101000000111001100101110110100010 41 73005 320000001 2119615162121396265495 483570326334694401 2119499033142113086913
unknown 01010001101000000111001100111011000011010 41 101141 320000001 1529968112938101604319 483570326334694401 1529907607006500908225
unknown 01010001101000000111001110011001101100010 41 10000001 138506642 15474248943642359073 1117220825487001081 15474242753945876464
unknown 01010001101000000111001110011011000011010 41 9711477 320000001 15933982535372583837 483570326334694401 15933975972426093854
unknown 01010001101000000111001110011101000011010 41 10000001 94279076 15474248943642359073 1641323944569339377 15474242753945876464
unknown 01010001101000010110000001100111010100010 41 1258669 320000001 122941380863970221212 483570326334694401 122940990162395264189
unknown 01010001101000010110001000011001110100010 41 1339322 320000001 115537940025380404685 483570326334694401 115537594962445688625
unknown 01010001101000011000010101100010110100010 41 7732082 320000001 20013044987193945223 483570326334694401 20013034633949044846
unknown 01010001101000011000010110000011110100010 41 1927692 320000001 80273459095474035460 483570326334694401 80273292526763833283
unknown 01010001101000011000010110001001110100010 41 6472976 320000001 23905929036454412061 483570326334694401 23905914263704280620
unknown 01010001101000011001100000011001110100010 41 1918053 320000001 80676866025429190102 483570326334694401 80676697778362444058
unknown 01010001101001000110100000011001110100010 41 1918021 320000001 80678212027226257879 483570326334694401 80678043774545448763
unknown 01010010000101100010100000011100101101010 41 71532 320000001 2163262664411347849388 483570326334694401 2163141703627160232085
unknown 01010010000101101010000001011010000110110 41 10000001 39993676 15474248943642359073 3869174339229845598 15474242753945876464
unknown 01010010000101101010000001110010110110110 41 71533 320000001 2163232422947066869311 483570326334694401 2163111465544718598242
unknown 01010010000101101010000001110010111010110 41 71533 320000001 2163232422947066869311 483570326334694401 2163111465544718598242
unknown 01010010000101101010000001110011001110110 41 101157 320000001 1529726117922363596809 483570326334694401 1529665631129314007992
unknown 01010010000101101010000001110011100110110 41 9140683 320000001 16928987134842389170 483570326334694401 16928979726652114263
unknown 01010010000101101010000001110011100111010 41 10000001 100351112 15474248943642359073 1542010863922190861 15474242753945876464
unknown 01010010000110011000000110011101000011010 41 1918019 320000001 80678296153829828778 483570326334694401 80678127900798131390
unknown 01010010000110011000000111001101000011010 41 126412 320000001 1224112464882072385236 483570326334694401 1224073732048732236129
unknown 01010010000110011010000001110011001110110 41 101149 320000001 1529847105860389468630 483570326334694401 1529786609499199572553
unknown 01010010000110100000010111001011010110110 41 93 320000001 1663897902265296068412802 483570326334694401 1595283555780129220230831
unknown 01010010000110100000011001011101100110110 41 2445 320000001 63289368061624758430426 483570326334694401 63185996288555546901752
unknown 01010010000110100000011001011101100111010 41 71529 320000001 2163353393877623542373 483570326334694401 2163232422947066869311
unknown 01010010000110100001011000000110011101010 41 1258670 320000001 122941283188343675755 483570326334694401 122940892487389534036
unknown 01010010000110100001011000100001100111010 41 1339323 320000001 115537853759453495806 483570326334694401 115537508697034058421
unknown 01010010000110100001100001010110001011010 41 7732083 320000001 20013042398881715880 483570326334694401 20013032045639493498
unknown 01010010000110100001100001011000001111010 41 1927693 320000001 80273417453231678677 483570326334694401 80273250884694292912
unknown 01010010000110100001100001011000100111010 41 6472977 320000001 23905925343265167537 483570326334694401 23905910570519600531
unknown 01010010000110100001100110000001100111010 41 1918054 320000001 80676823963596715402 483570326334694401 80676655716705404301
unknown 01010010000110100100011010000001100111010 41 1918022 320000001 80678169963990264118 483570326334694401 80678001711484898726
unknown 01010010000110100100011010000001110011010 41 126416 320000001 1224073732048732236129 483570326334694401 1224035001666449409607
