010001011010100000011100101101010
010001101000011000000110011110110
0100010101101010100000011100110110
0100010110011010100000011100110110
0100010110101000000101110100111010
0100010110101000000111001011010110
0100010110101000000111001011011010
0100010110101000000111001011101010
0100011010000001011010010111010110
0100011010000001100101110110011010
0100011010000001110000111001111010
00010001011010100000011100101101010
00010001101000011000000110011110110
01000101100010100000011100101101010
01000101101010000001110010110110110
01000101101010000001110010111010110
01000101101010000001110011001110110
01000101101010000001110011100110110
01000101101010000001110011100111010
01000110011000000110011101000011010
01000110011000000111001101000011010
01000110011010000001110011001110110
01000110100000010111001011010110110
01000110100000011001011101100110110
01000110100000011001011101100111010
01000110100001011000000110011101010
01000110100001011000100001100111010
01000110100001100001011000100111010
01000110100001100110000001100111010
01000110100100011010000001100111010
01000110100100011010000001110011010
000100010101101010100000011100110110
000100010110011010100000011100110110
000100010110101000000101110100111010
000100010110101000000111001011010110
000100010110101000000111001011011010
000100010110101000000111001011101010
000100010110110100000011100101101010
000100011010000001011010010111010110
000100011010000001100101110110011010
000100011010000001110000111001111010
010001011010100000010101101000111010
010001011010100000010110110000110110
010001011010100000010111010000110110
010001011010100000011001011000111010
010001100011000010101101000011011010
010001101000000101011100010110011010
010001101000000101110011011001110110
010001101000000110010111011001100010
010001101000000111001100101110110110
010001101000010000011100110110011010
010001101000010000011100111010011010
010001101000010001011010011101000110
010001101000010001101001011000001010
010001101000010001110010110101000110
010001101000010001110011010011000110
010001101000010110000001110011011010
010001101000010110000110011000111010
010001101000010110001100101101000110
010001101000010110011001011000101010
010001101000010110011001100000111010
010001101000010110011001100011000110
010001101000011000010110011000111010
010001101000011000011001011000111010
010001101000011000011001110011000110
010001101000011001011001011000101010
010001101000011001100000011001111010
010001101000011001100000011100110110
010001101000011001100000011100111010
010001101000011001100110000110001110
0000010001011010100000011100101101010
0000010001101000011000000110011110110
0001000101100010100000011100101101010
0001000101101010000001110010110110110
0001000101101010000001110010111010110
0001000101101010000001110011001110110
0001000101101010000001110011100110110
0001000101101010000001110011100111010
0001000110011000000110011101000011010
0001000110011000000111001101000011010
0001000110011010000001110011001110110
0001000110100000010111001011010110110
0001000110100000011001011101100110110
0001000110100000011001011101100111010
0001000110100001011000000110011101010
0001000110100001011000100001100111010
0001000110100001100001011000100111010
0001000110100001100001011011100111010
0001000110100001100001011110011101010
0001000110100001100110000001100111010
0001000110100100011010000001100111010
0001000110100100011010000001110011010
0100000101110101100000011100101101010
0100000111011000011000000110011110110
0100010101101010100000011001011101010
0100010101101010100000011100101101010
0100010110011010100000011001011101010
0100010110011010100000011100101101010
0100010110100010000001110011001110110
0100010110100101101010000001100111010
0100010110101000000101011011000111010
0100010110101000000101110100110001110
0100010110101000000110010101101101010
0100010110101000000110010101110101010
0100010110101000000110010110011011010
0100010110101000000110010110011101010
0100010110101000000110011100101101010
0100010110101000000111001100101101010
0100010110101000011000000101101101110
0100010110101000011000000110011110110
0100011000000111001111010000101101010
0100011000011100101100000101000011010
0100011000011100111000110000101101010
0100011000110000001011101100001101110
0100011001011010100000011100101101010
0100011001100000011100111101000011010
0100011001100000011110011101000011010
0100011001100011000000101110100111010
0100011001101000000110010111011000110
0100011001101000011000000101101101110
0100011001101000011000000110011110110
0100011010000001000110011011001110110
0100011010000001000110011101001110110
0100011010000001011010010111000110110
0100011010000001011100001110011010110
0100011010000001100101110110000110110
0100011010000001100101110110011000110
0100011010000001100111000000111110110
0100011010000001110000001100111110110
0100011010000001110011001011101100010
0100011010000100010110110011101000110
0100011010000100010111001110101000110
0100011010000100011100101101101000110
0100011010000100011100101110101000110
0100011010000101100000010110110111010
0100011010000101100000011001111011010
0100011010000101100000011100111101010
0100011010000101100000011110011101010
0100011010000101100001110011100011010
0100011010000110000000011001111101110
0100011010000110000001011001111011010
0100011010000110000001011010011110110
0100011010000110000001100001111101110
0100011010000110000001100101111011010
0100011010000110000001100110011110110
0100011010000110000101011000001011010
0100011010000110000101100000100111010
0100011010000110000101110001100111010
0100011010000110000101110011100011010
0100011010000110000110010111000111010
0100011010000110000110011100111000110
0100011010000110000111001011000001010
0100011010000110000111001011100011010
0100011010000110000111001100111000110
0100011010000110010001100011001001010
0100011010000110011000000101101101110
0100011010000110011000000110011110110
0100011010000110011000000111001111010
0100011010000110011000000111100111010
0101000110100000011100110011101100010
00000100010101101010100000011100110110
00000100010110011010100000011100110110
00000100010110101000000101110100111010
00000100010110101000000111001011010110
00000100010110101000000111001011011010
00000100010110101000000111001011101010
00000100010110110100000011100101101010
00000100011010000001011010010111010110
00000100011010000001100101110110011010
00000100011010000001110000111001111010
00010001011010100000010101101000111010
00010001011010100000010110110000110110
00010001011010100000010111010000110110
00010001011010100000011001011000111010
00010001100011000010101101000011011010
00010001101000000101011100010110011010
00010001101000000101110011011001110110
00010001101000000110010111011001100010
00010001101000000110010111011001101110
00010001101000000110010111011001111010
00010001101000000111001100101110110110
00010001101000010000011100110110011010
00010001101000010000011100111010011010
00010001101000010001011010011101000110
00010001101000010001101001011000001010
00010001101000010001110010110101000110
00010001101000010001110011010011000110
00010001101000010110000001110011011010
00010001101000010110000110011000111010
00010001101000010110001100101101000110
00010001101000010110011001011000101010
00010001101000010110011001100000111010
00010001101000010110011001100011000110
00010001101000011000010110011000111010
00010001101000011000010111011100111010
00010001101000011000010111100111010110
00010001101000011000011001011000111010
00010001101000011000011001110011000110
00010001101000011001011001011000101010
00010001101000011001100000011001111010
00010001101000011001100000011100110110
00010001101000011001100000011100111010
00010001101000011001100110000110001110
01000001011101101100000011100101101010
01000001110110000001011010010111010110
01000001110110000001100101110110011010
01000001110110000001110000111001111010
01000101010110101010100000011100110110
01000101010110101010100000011100111010
01000101011001101010100000011100110110
01000101011001101010100000011100111010
01000101011010011010100000011100110110
01000101011010011010100000011100111010
01000101011010100110100000011100110110
01000101011010100110100000011100111010
01000101011010101000000101110100111010
01000101011010101000000110011100111010
01000101011010101000000111001011010110
01000101011010101000000111001011011010
01000101011010101000000111001011101010
01000101011010101000000111001100111010
01000101011010101000000111001110011010
01000101100000110100000011100101101010
01000101100010100000011001011000111010
01000101100101101010100000011100110110
01000101100101101010100000011100111010
01000101100110011010100000011100110110
01000101100110011010100000011100111010
01000101100110100110100000011100110110
01000101100110100110100000011100111010
01000101100110101000000101110100111010
01000101100110101000000110011100111010
01000101100110101000000111001011101010
01000101100110101000000111001100111010
01000101100110101000000111001110011010
01000101101001011010100000011100110110
01000101101001100110100000011100110110
01000101101001101000000101100111010110
01000101101001101000000101110100111010
01000101101001101000000110011100111010
01000101101001101000000111001011011010
01000101101001101000000111001100111010
01000101101001101000000111001110011010
01000101101010000001010110001000111010
01000101101010000001010111010011101010
01000101101010000001011001110100110110
01000101101010000001011001110100111010
01000101101010000001011100011100110110
01000101101010000001011100111010001110
01000101101010000001011101001100111010
01000101101010000001100101100111011010
01000101101010000001100101110100111010
01000101101010000001100110000111101110
01000101101010000001100110011100111010
01000101101010000001100111001110011010
01000101101010000001110000111001111010
01000101101010000001110010110011011010
01000101101010000001110011001011010110
01000101101010000001110011001011011010
01000101101010000001110011001011101010
01000101101010000001110011001100111010
01000101101010000001110011001110011010
01000101101010000001110011100101101010
01000101101010000001110011100110011010
01000101101010000110000001111001111010
01000110000111001011101101000011000110
01000110000111011000000101110100111010
01000110001100000011001011101100111010
01000110001100001010110100001101100010
01000110001100001011000011010000110110
01000110001100001011000100001011011010
01000110001100001011000100001100111010
01000110001100001011001001010000110110
01000110001100001011001100010000110110
01000110001100001011010000110010010110
01000110010001100011010000110011000110
01000110010101101010100000011100110110
01000110010101101010100000011100111010
01000110010110011010100000011100110110
01000110010110011010100000011100111010
01000110010110101000000101110100111010
01000110010110101000000111001011010110
01000110010110101000000111001011011010
01000110010110101000000111001011101010
01000110011000110000001000110100111010
01000110011010000000010111100110101110
01000110011010000001011010010111010110
01000110011010000001011100011100110110
01000110011010000001100110000111101110
01000110011010000001110000111001111010
01000110011010000110000001111001111010
01000110100000000110010111101110001110
01000110100000000111100001110011111010
01000110100000010101101001011101011010
01000110100000010101110001110011101010
01000110100000010110010111011001101010
01000110100000010110011010010111010110
01000110100000010110100101011101011010
01000110100000010110100101110110011010
01000110100000010111000011100111101010
01000110100000010111001011010001110110
01000110100000011001010111011001101010
01000110100000011001011001011101011010
01000110100000011001011010010111010110
01000110100000011001011100011001110110
01000110100000011001011101100101101010
01000110100000011001011101100110000010
01000110100000011001011101100110001110
01000110100000011001011101100110011010
01000110100000011001011101100111000110
01000110100000011001100101110110011010
01000110100000011001110000101111010110
01000110100000011001110000111001111010
01000110100000011100001011011001111010
01000110100000011100001011100111101010
01000110100000011100001011101001111010
01000110100000011100001100111001111010
01000110100000011100001110000111110110
01000110100000011100001110010111101010
01000110100000011100001110011001111010
01000110100000011100101011100010110110
01000110100001000101100010011101000110
01000110100001000101101010010110001010
01000110100001000110100001100110001110
01000110100001000110100101100000001010
01000110100001000110100101100110001010
01000110100001000111001011000101000110
01000110100001010001101001011000101010
01000110100001010110001010010110001010
01000110100001011000001110011000001110
01000110100001011000011001100000111010
01000110100001011000100101100011000110
01000110100001011000110000101101100010
01000110100001011000110010110001000110
01000110100001100000000111001111101110
01000110100001100000010110011110110110
01000110100001100000010110110011110110
01000110100001100000010111010011110110
01000110100001100000011001011110110110
01000110100001100000011001110011110110
01000110100001100000011100110011110110
01000110100001100001000001101100111010
01000110100001100001000110001100111010
01000110100001100001010110001000111010
01000110100001100001011000001100111010
01000110100001100001110011100111000110
01000110100001100100011000110010011010
01000110100001100110000001110011000110
01000110100001100110000001111001111010
01000110100001100110010110000110001010
01000110100100011000110000110011000110
000000010001011010100000011100101101010
000000010001101000011000000110011110110
000001000101100010100000011100101101010
000001000101101010000001110010110110110
000001000101101010000001110010111010110
000001000101101010000001110011001110110
000001000101101010000001110011100110110
000001000101101010000001110011100111010
000001000101101110100000011100101101010
000001000110011000000110011101000011010
000001000110011000000111001101000011010
000001000110011010000001110011001110110
000001000110100000010111001011010110110
000001000110100000011001011101100110110
000001000110100000011001011101100111010
000001000110100001011000000110011101010
000001000110100001011000100001100111010
000001000110100001100001011000100111010
000001000110100001100001011011100111010
000001000110100001100001011110011101010
000001000110100001100110000001100111010
000001000110100100011010000001100111010
000001000110100100011010000001110011010
000100000101110101100000011100101101010
000100000111011000011000000110011110110
000100010101101010100000011001011101010
000100010101101010100000011100101101010
000100010110011010100000011001011101010
000100010110011010100000011100101101010
000100010110100010000001110011001110110
000100010110100101101010000001100111010
000100010110101000000101011011000111010
000100010110101000000101110100110001110
000100010110101000000110010101101101010
000100010110101000000110010101110101010
000100010110101000000110010110011011010
000100010110101000000110010110011101010
000100010110101000000110011100101101010
000100010110101000000111001100101101010
000100010110101000011000000101101101110
000100010110101000011000000110011110110
000100010110110100000011001011000111010
000100011000000111001111010000101101010
000100011000011100101100000101000011010
000100011000011100111000110000101101010
000100011000110000001011101100001101110
000100011000110000101011010000110110110
000100011000110000111001011010000110110
000100011001011010100000011100101101010
000100011001100000011100111101000011010
000100011001100000011110011101000011010
000100011001100011000000101110100111010
000100011001101000000110010111011000110
000100011001101000011000000101101101110
000100011001101000011000000110011110110
000100011010000001000110011011001110110
000100011010000001000110011101001110110
000100011010000001011010010111000110110
000100011010000001011100001110011010110
000100011010000001100101110110000110110
000100011010000001100101110110011000110
000100011010000001100111000000111110110
000100011010000001110000001100111110110
000100011010000001110011001011101100010
000100011010000100010110110011101000110
000100011010000100010111001110101000110
000100011010000100011100101101101000110
000100011010000100011100101110101000110
000100011010000101100000010110110111010
000100011010000101100000011001111011010
000100011010000101100000011100111101010
000100011010000101100000011110011101010
000100011010000101100001110011100011010
000100011010000101100011001011011000110
000100011010000101100110000011100110110
000100011010000101100110000011100111010
000100011010000101101100101100011000110
000100011010000101101100110011000001110
000100011010000110000000011001111101110
000100011010000110000001011001111011010
000100011010000110000001011010011110110
000100011010000110000001100001111101110
000100011010000110000001100101111011010
000100011010000110000001100110011110110
000100011010000110000101011000001011010
000100011010000110000101100000100111010
000100011010000110000101110001100111010
000100011010000110000101110011100011010
000100011010000110000101111001110100010
000100011010000110000101111001110101110
000100011010000110000110010111000111010
000100011010000110000110011100111000110
000100011010000110000111001011000001010
000100011010000110000111001011100011010
000100011010000110000111001100111000110
000100011010000110010001011011101000110
000100011010000110010001100011001001010
000100011010000110011000000101101101110
000100011010000110011000000110011110110
000100011010000110011000000111001111010
000100011010000110011000000111100111010
000101000101101010000001110010110101010
000101000110100000011100110011101100010
000101000110100001100000011001111011010
000110000100011010000110000111100111010
000110010001011010100000011100101101010
000110010001101000011000000110011110110
010000010111000101100000011100101101010
010000010111011011000000101110100111010
010000010111011011000000111001011010110
010000010111011011000000111001011011010
010000010111011011000000111001011101010
010000011100111000000110011101000011010
010000011100111000000111001101000011010
010000011101100000010111001011010110110
010000011101100000011001011101100110110
010000011101100000011001011101100111010
010000011101100001011000000110011101010
010000011101100001011000100001100111010
010000011101100001100001011000100111010
010000011101100001100110000001100111010
010000011101100100011010000001100111010
010000011101100100011010000001110011010
010001000101101010100000011100101101010
010001000110100101101010000001100111010
010001000110101000011000000110011110110
010001001001011010100000011100101101010
010001001001101000011000000110011110110
010001010001101010100000011100101101010
010001010010011010100000011100101101010
010001010010101000011000000110011110110
010001010100101010100000011100101101010
010001010110001010100000011001011101010
010001010110001010100000011100101101010
010001010110100010100000011100101101010
010001010110101010000001110010110110110
010001010110101010000001110010111010110
010001010110101010000001110011001110110
010001010110101010000001110011100111010
010001011000011010100000011100101101010
010001011000100101101010000001100111010
010001011000101000000110010101101101010
010001011000101000000110010101110101010
010001011000101000000110010110011011010
010001011000101000000110010110011101010
010001011000101000000110011100101101010
010001011000101000000111001100101101010
010001011000101000011000010110011011010
010001011000110100000011001011000111010
010001011001001010100000011100101101010
010001011001100000011001110101000011010
010001011001100000011100110101000011010
010001011001100010100000011001011101010
010001011001100010100000011100101101010
010001011001101010000001110010110110110
010001011001101010000001110010111010110
010001011001101010000001110011001110110
010001011001101010000001110011100111010
010001011010001000011000000110011110110
010001011010001100000010101101000111010
010001011010010001101010000001100111010
010001011010010001101010000001110011010
010001011010010010100000011100101101010
010001011010010110001010000001100111010
010001011010010110001010000001110011010
010001011010011000100000011001100110110
010001011010011010000001110010110110110
010001011010011010000001110010111010110
010001011010011010000001110011001110110
010001011010011010000001110011100110110
010001011010011010000001110011100111010
010001011010100000010010011100101101010
010001011010100000010100101100101101010
010001011010100000010101100011000111010
010001011010100000010101101000011011010
010001011010100000010101110100111010110
010001011010100000010110000011100110110
010001011010100000010110001001100111010
010001011010100000010110001110000111010
010001011010100000010110011101001110110
010001011010100000010110100101100010110
010001011010100000010110110000111000110
010001011010100000010110110011000001110
010001011010100000010111001110100111010
010001011010100000010111010011100111010
010001011010100000011001011000001111010
010001011010100000011001011101100110110
010001011010100000011001011101100111010
010001011010100000011001110010110001010
010001011010100000011001110011100110110
010001011010100000011001110011100111010
010001011010100000011100100010110101010
010001011010100000011100100100101101010
010001011010100000011100101000110101010
010001011010100000011100101001001101010
010001011010100000011100101010010101010
010001011010100000011100101100100101010
010001011010100000011100101101001001010
010001011010100000011100101110100111010
010001011010100000011100110010110001010
010001011010100000011100110010110110110
010001011010100000011100110010111010110
010001011010100000011100110010111011010
010001011010100000011100110011100110110
010001011010100000011100110011100111010
010001011010100000011100111001011010110
010001011010100000011100111001011011010
010001011010100000011100111001011101010
010001011010100000011100111001100110110
010001011010100000011100111001100111010
010001011010100000011100111001110011010
010001011010100001000001110010110101010
010001011010100001001000011100101101010
010001011010100001011000000110011101010
010001011010100001011000100001100111010
010001011010100001100000011100101101010
010001011010100001100001011000100111010
010001011010100001100110000001100111010
010001011010100100011010000001100111010
010001011010100100011010000001110011010
010001011010100100100000011100101101010
010001100000011100101101010000101101010
010001100000111000010101101010000110110
010001100001011011010000110011000001110
010001100001011100101100010101000011010
010001100001011101000110000110011000110
010001100001011101010000110010110001010
010001100001011101010000110011000001110
010001100001100000011001111011000011010
010001100001110000110011000111000011010
010001100001110010110000000101000011010
010001100001110010110001010000101101010
010001100001110010110011000101000011010
010001100011000000101110011011001110110
010001100011000010001011101010000110110
010001100011000010101101000011011000110
010001100011000010101101000110000110110
010001100011000010110000110110000110110
010001100011000010110000111010000110110
010001100011000010110001100101101000110
010001100011000010110010011010000110110
010001100011000010110100001100001111010
010001100011000010110100001100100111010
010001100011000010110100001100110001110
010001100011000010110100101011010001010
010001100011000010110100101101000001110
010001100100101000011000000110011110110
010001100101100010100000011100101101010
010001100101101010000001110010110110110
010001100101101010000001110010111010110
010001100101101010000001110011001110110
010001100101101010000001110011100110110
010001100101101010000001110011100111010
010001100110000001011001110101000011010
010001100110000001100110011101000011010
010001100110000001100111010000101101010
010001100110000001100111010000110011010
010001100110000110001110000110011000110
010001100110001100001011001100011000110
010001100110011000000110011101000011010
010001100110011000000111001101000011010
010001100110011010000001110011001110110
010001100110011010000001110011100110110
010001100110011010000001110011100111010
010001100110100000010101110001011000110
010001100110100000010111001011010110110
010001100110100000010111001110011101010
010001100110100000011001011101100110110
010001100110100000011001011101100111010
010001100110100000011001110011100111010
010001100110100000011100101110011101010
010001100110100000011100110011100111010
010001100110100000011100111001011101010
010001100110100000011100111001100110110
010001100110100000011100111001100111010
010001100110100001011000000110011101010
010001100110100001011000100001100111010
010001100110100001100000011100101101010
010001100110100001100001011000100111010
010001100110100001100110000001100111010
010001100110100100011010000001100111010
010001100110100100011010000001110011010
010001101000000001100101111011100110110
010001101000000001100101111011100111010
010001101000000001111000011110011111010
010001101000000100011010000111001111010
010001101000000101011010010111010110110
010001101000000101011100101101011011010
010001101000000101100101110110011010110
010001101000000101100101110110011011010
010001101000000101100101110110011101010
010001101000000101101000010111101101110
010001101000000101101001010111010110110
010001101000000101101001011100110110110
010001101000000101101001011100111010110
010001101000000101101001011101100110110
010001101000000101101001110010111010110
010001101000000101101100101110110011010
010001101000000101110000111001111010110
010001101000000101110010101101011010110
010001101000000101110010110011011010110
010001101000000101110010110011101010110
010001101000000101110010110100111010110
010001101000000101110010110110011010110
010001101000000101110011001011010110110
010001101000000101110011100011100111010
010001101000000101110100101110110001110
010001101000000101110100101110110011010
010001101000000110000101111011100110110
010001101000000110000101111011100111010
010001101000000110010100011010110011010
010001101000000110010101110001110110110
010001101000000110010101110110011010110
010001101000000110010101110110011011010
010001101000000110010101110110011101010
010001101000000110010110010111011011010
010001101000000110010111001011010110110
010001101000000110010111011001011010110
010001101000000110010111011001011011010
010001101000000110010111011001011101010
010001101000000110010111011001100000110
010001101000000110010111011001100110110
010001101000000110010111011001100111010
010001101000000110010111011001110011010
010001101000000110011001011101100110110
010001101000000110011001011101100111010
010001101000000110011100001011110101110
010001101000000110011100001111001111010
010001101000000110011100101110110001110
010001101000000110011100101110110011010
010001101000000111000000111100111110110
010001101000000111000010110000011111010
010001101000000111000010111001111010110
010001101000000111000010111011001111010
010001101000000111000011100101111010110
010001101000000111000011100111001111010
010001101000000111001011001011101011010
010001101000000111001011010010111010110
010001101000000111001100101110110011010
010001101000000111001110000111001111010
010001101000010000010111000110110011010
010001101000010000011001110011010011010
010001101000010000011100110001110011010
010001101000010000011100111000110011010
010001101000010001011000110011101000110
010001101000010001011010010110101000110
010001101000010001011010110010110001010
010001101000010001011101010011000001110
010001101000010001100000011001111011010
010001101000010001100011000011100111010
010001101000010001100110001110000111010
010001101000010001100110001110011000110
010001101000010001100111000110000111010
010001101000010001100111010011000001110
010001101000010001101000000110011110110
010001101000010001110010110001101000110
010001101000010001110011000110000111010
010001101000010001110011000110011000110
010001101000010001110011010011000001110
010001101000010010011000000110011110110
010001101000010100101000000110011110110
010001101000010101100000011001110101010
010001101000010110000001100110011101010
010001101000010110000001100111101100010
010001101000010110000001110010110101010
010001101000010110000101011000101101010
010001101000010110000101100000111101010
010001101000010110000101100010011101010
010001101000010110000110010110001011010
010001101000010110000110011100000111010
010001101000010110000111001011000101010
010001101000010110001000010110011011010
010001101000010110001000010110011101010
010001101000010110001000010110110001110
010001101000010110001000011001100111010
010001101000010110001001100001011101010
010001101000010110001001100001100111010
010001101000010110001100001011010001110
010001101000010110001100001100110001110
010001101000010110001100101011010001010
010001101000010110001100101100011000110
010001101000010110001100101101000001110
010001101000010110010110000011010011010
010001101000010110010110001000110011010
010001101000010110011000000011110011010
010001101000010110011000000110011101010
010001101000010110011001011000110100010
010001101000010110011001100000111000110
010001101000011000000100100110011110110
010001101000011000000101001010011110110
010001101000011000000101100010011110110
010001101000011000000101100111101100010
010001101000011000000101100111101101110
010001101000011000000101101110011110110
010001101000011000000101111010011110110
010001101000011000000110010010011110110
010001101000011000000110010100101110110
010001101000011000000110010111101101110
010001101000011000000110011110010010110
010001101000011000000110011110011110110
010001101000011000000111001011110101110
010001101000011000000111100110011110110
010001101000011000000111100111001111010
010001101000011000000111100111100111010
010001101000011000010010000110011110110
010001101000011000010101011000101101010
010001101000011000010101100010011101010
010001101000011000010101100011000111010
010001101000011000010101100110001011010
010001101000011000010110000000100111010
010001101000011000010110000011100111010
010001101000011000010110001001011101010
010001101000011000010110001001100111010
010001101000011000010110001100111000110
010001101000011000010110011000001111010
010001101000011000010110011000100111010
010001101000011000010111001011000101010
010001101000011000011000000110011110110
010001101000011000011000010110001111010
010001101000011000011001011000100111010
010001101000011000011001011001100010110
010001101000011000011001100001100011110
010001101000011000011001100101100010110
010001101000011000011001110000110001110
010001101000011000011100001011100011010
010001101000011000011100001100110001110
010001101000011000011100101100000001010
010001101000011000011100110011001100010
010001101000011001000000011001111011010
010001101000011001001000000110011110110
010001101000011001011000000110011101010
010001101000011001011000100001011101010
010001101000011001011000100001100111010
010001101000011001011000110010110001010
010001101000011001100000010111101000110
010001101000011001100000011001011101010
010001101000011001100000011001100111010
010001101000011001100000011100101101010
010001101000011001100001010110001011010
010001101000011001100001011000001111010
010001101000011001100001011000100111010
010001101000011001100100010110101000110
010001101000011001100101011000100011010
010001101000011001100101011000110001010
010001101000011001100101100000011101010
010001101000011001100101100001100011010
010001101000011001100110000001100111010
010001101001000101101010000001100111010
010001101001000110011010000001100111010
010001101001000110100000010110011101010
010001101001000110100000011001100111010
010001101001001000011000000110011110110
010010000100011010000110000111100111010
010010010001011010100000011100101101010
010010010001101000011000000110011110110
010100011010000110000001100111101100010
010100100001011010100000011100101101010
010100100001101000011000000110011110110
0000000100010101101010100000011100110110
0000000100010110011010100000011100110110
0000000100010110101000000101110100111010
0000000100010110101000000111001011010110
0000000100010110101000000111001011011010
0000000100010110101000000111001011101010
0000000100010110110100000011100101101010
0000000100011010000001011010010111010110
0000000100011010000001100101110110011010
0000000100011010000001110000111001111010
0000010001011010100000010101101000111010
0000010001011010100000010110110000110110
0000010001011010100000010111010000110110
0000010001011010100000011001011000111010
0000010001100011000010101101000011011010
0000010001101000000101011100010110011010
0000010001101000000101110011011001110110
0000010001101000000110010111011001100010
0000010001101000000110010111011001101110
0000010001101000000110010111011001111010
0000010001101000000111001100101110110110
0000010001101000010000011100110110011010
0000010001101000010000011100111010011010
0000010001101000010001011010011101000110
0000010001101000010001101001011000001010
0000010001101000010001110010110101000110
0000010001101000010001110011010011000110
0000010001101000010110000001110011011010
0000010001101000010110000110011000111010
0000010001101000010110001100101101000110
0000010001101000010110011001011000101010
0000010001101000010110011001100000111010
0000010001101000010110011001100011000110
0000010001101000011000010110011000111010
0000010001101000011000010110111100111010
0000010001101000011000010111011100111010
0000010001101000011000010111100111010110
0000010001101000011000010111110011101010
0000010001101000011000011001011000111010
0000010001101000011000011001110011000110
0000010001101000011001011001011000101010
0000010001101000011001100000011001111010
0000010001101000011001100000011100110110
0000010001101000011001100000011100111010
0000010001101000011001100110000110001110
0001000001011101101100000011100101101010
0001000001110110000001011010010111010110
0001000001110110000001100101110110011010
0001000001110110000001110000111001111010
0001000101010110101010100000011100110110
0001000101010110101010100000011100111010
0001000101011001101010100000011100110110
0001000101011001101010100000011100111010
0001000101011010011010100000011100110110
0001000101011010011010100000011100111010
0001000101011010100110100000011100110110
0001000101011010100110100000011100111010
0001000101011010101000000101110100111010
0001000101011010101000000110011100111010
0001000101011010101000000111001011010110
0001000101011010101000000111001011011010
0001000101011010101000000111001011101010
0001000101011010101000000111001100111010
0001000101011010101000000111001110011010
0001000101011010101100000011100101101010
0001000101011010110100000011100101101010
0001000101011011010100000011100101101010
0001000101100000110100000011100101101010
0001000101100010100000011001011000111010
0001000101100101101010100000011100110110
0001000101100101101010100000011100111010
0001000101100110011010100000011100110110
0001000101100110011010100000011100111010
0001000101100110100110100000011100110110
0001000101100110100110100000011100111010
0001000101100110101000000101110100111010
0001000101100110101000000110011100111010
0001000101100110101000000111001011101010
0001000101100110101000000111001100111010
0001000101100110101000000111001110011010
0001000101100110110100000011100101101010
0001000101100111010100000011100101101010
0001000101101001011010100000011100110110
0001000101101001100110100000011100110110
0001000101101001101000000101100111010110
0001000101101001101000000101110100111010
0001000101101001101000000110011100111010
0001000101101001101000000111001011011010
0001000101101001101000000111001100111010
0001000101101001101000000111001110011010
0001000101101010000001010110001000111010
0001000101101010000001010110111000111010
0001000101101010000001010111010011101010
0001000101101010000001011001110100110110
0001000101101010000001011001110100111010
0001000101101010000001011100011100110110
0001000101101010000001011100111010001110
0001000101101010000001011101001100111010
0001000101101010000001100101100111011010
0001000101101010000001100101110100111010
0001000101101010000001100110000111101110
0001000101101010000001100110011100111010
0001000101101010000001100111001110011010
0001000101101010000001110000111001111010
0001000101101010000001110010110011011010
0001000101101010000001110011001011010110
0001000101101010000001110011001011011010
0001000101101010000001110011001011101010
0001000101101010000001110011001100111010
0001000101101010000001110011001110011010
0001000101101010000001110011100101101010
0001000101101010000001110011100110011010
0001000101101010000110000001111001111010
0001000101101011000011000000110011110110
0001000101101101000000110010101101101010
0001000101101101000000110010110011011010
0001000101101101000000110010110011101010
0001000101101101000000110011100101101010
0001000101101101000000111001100101101010
0001000110000111001011101101000011000110
0001000110000111011000000101110100111010
0001000110001100000011001011101100111010
0001000110001100001010110100001101100010
0001000110001100001011000011010000110110
0001000110001100001011000100001011011010
0001000110001100001011000100001100111010
0001000110001100001011001001010000110110
0001000110001100001011001100010000110110
0001000110001100001011010000110010010110
0001000110001100100000101101000011011010
0001000110010001100011010000110011000110
0001000110010101101010100000011100110110
0001000110010101101010100000011100111010
0001000110010110011010100000011100110110
0001000110010110011010100000011100111010
0001000110010110101000000101110100111010
0001000110010110101000000111001011010110
0001000110010110101000000111001011011010
0001000110010110101000000111001011101010
0001000110010110110100000011100101101010
0001000110011000110000001000110100111010
0001000110011010000000010111100110101110
0001000110011010000001011010010111010110
0001000110011010000001011100011100110110
0001000110011010000001100110000111101110
0001000110011010000001110000111001111010
0001000110011010000110000001111001111010
0001000110100000000110010111101110001110
0001000110100000000111100001110011111010
0001000110100000010101101001011101011010
0001000110100000010101110001110011101010
0001000110100000010110010111011001101010
0001000110100000010110011010010111010110
0001000110100000010110100101011101011010
0001000110100000010110100101110110011010
0001000110100000010111000011100111101010
0001000110100000010111001011010001110110
0001000110100000011001010111011001101010
0001000110100000011001011001011101011010
0001000110100000011001011010010111010110
0001000110100000011001011100011001110110
0001000110100000011001011101100101101010
0001000110100000011001011101100110000010
0001000110100000011001011101100110001110
0001000110100000011001011101100110011010
0001000110100000011001011101100111000110
0001000110100000011001100101110110011010
0001000110100000011001110000101111010110
0001000110100000011001110000111001111010
0001000110100000011100001011011001111010
0001000110100000011100001011100111101010
0001000110100000011100001011101001111010
0001000110100000011100001100111001111010
0001000110100000011100001110000111110110
0001000110100000011100001110010111101010
0001000110100000011100001110011001111010
0001000110100000011100101011100010110110
0001000110100001000101100010011101000110
0001000110100001000101101010010110001010
0001000110100001000101101110011101000110
0001000110100001000110100001100110001110
0001000110100001000110100101100000001010
0001000110100001000110100101100110001010
0001000110100001000111001011000101000110
0001000110100001000111001011011101000110
0001000110100001010001101001011000101010
0001000110100001010110001010010110001010
0001000110100001011000000110011110110110
0001000110100001011000001110011000001110
0001000110100001011000011001100000111010
0001000110100001011000100101100011000110
0001000110100001011000110000101101100010
0001000110100001011000110010110001000110
0001000110100001011011001100001011101010
0001000110100001011011001100001100111010
0001000110100001011100110000001111011010
0001000110100001011100110000101110101010
0001000110100001011100110000110011101010
0001000110100001100000000111001111101110
0001000110100001100000010110011110110110
0001000110100001100000010110110011110110
0001000110100001100000010111010011110110
0001000110100001100000011001011110110110
0001000110100001100000011001110011110110
0001000110100001100000011100110011110110
0001000110100001100001000001101100111010
0001000110100001100001000110001100111010
0001000110100001100001010110001000111010
0001000110100001100001011000001100111010
0001000110100001100001011000111100111010
0001000110100001100001011110011101000110
0001000110100001100001110011100111000110
0001000110100001100100011000110010011010
0001000110100001100110000001110011000110
0001000110100001100110000001111001111010
0001000110100001100110010110000110001010
0001000110100001110011000000110011110110
0001000110100100011000110000110011000110
0001000111001011010100000011100101101010
0001000111001101000011000000110011110110
0001010001010110101010000001110011011010
0001010001011001101010000001110011011010
0001010001011010100000010111010011101010
0001010001011010100000011100101101011010
0001010001011010100000011100101101101010
0001010001011010100000011100101110101010
0001010001011011010000001110010110101010
0001010001101000000101101001011101011010
0001010001101000000110010111011001101010
0001010001101000000111000011100111101010
0001100100010101101010100000011100110110
0001100100010110011010100000011100110110
0001100100010110101000000101110100111010
0001100100010110101000000111001011010110
0001100100010110101000000111001011011010
0001100100010110101000000111001011101010
0001100100010110110100000011100101101010
0001100100011010000001011010010111010110
0001100100011010000001100101110110011010
0001100100011010000001110000111001111010
0100000101011101101101100000011100110110
0100000101110011101101100000011100110110
0100000101110101100000011001011000111010
0100000101110110110000001110010110110110
0100000101110110110000001110010111010110
0100000101110110110000001110011001110110
0100000101110110110000001110011100110110
0100000101110110110000001110011100111010
0100000111000011000011110011101000011010
0100000111000111000010101101000011011010
0100000111001110110000001110011001110110
0100000111011000000101011100010110011010
0100000111011000000101110011011001110110
0100000111011000000110010111011001100010
0100000111011000000111001100101110110110
0100000111011000010000011100110110011010
0100000111011000010000011100111010011010
0100000111011000010001011010011101000110
0100000111011000010001101001011000001010
0100000111011000010001110010110101000110
0100000111011000010001110011010011000110
0100000111011000010110000001110011011010
0100000111011000010110000110011000111010
0100000111011000010110001100101101000110
0100000111011000010110011001011000101010
0100000111011000010110011001100000111010
0100000111011000010110011001100011000110
0100000111011000011000010110011000111010
0100000111011000011000011001011000111010
0100000111011000011000011001110011000110
0100000111011000011001011001011000101010
0100000111011000011001100000011001111010
0100000111011000011001100000011100110110
0100000111011000011001100000011100111010
0100000111011000011001100110000110001110
0100010001010110101010100000011100110110
0100010001011001101010100000011100110110
0100010001011010100110100000011100110110
0100010001011010100110100000011100111010
0100010001011010101000000101110100111010
0100010001011010101000000111001011010110
0100010001011010101000000111001011011010
0100010001011010101000000111001011101010
0100010001011010110100000011100101101010
0100010001011011010100000011100101101010
0100010001011101010100000011100101101010
0100010001100110100110100000011100110110
0100010001100110100110100000011100111010
0100010001100110110011010000001100111010
0100010001101001011010100000011100110110
0100010001101001011010100000011100111010
0100010001101001100110100000011100110110
0100010001101001100110100000011100111010
0100010001101001101000000101100111010110
0100010001101001101000000101110100111010
0100010001101001101000000110011100111010
0100010001101001101000000111001011011010
0100010001101001101000000111001100111010
0100010001101001101000000111001110011010
0100010001101010000001011010010111010110
0100010001101010000001100101110110011010
0100010001101010000001110000111001111010
0100010001101100110100000011100101101010
0100010001101101000011000000110011110110
0100010001110101000011000000110011110110
0100010010010101101010100000011100110110
0100010010010110011010100000011100110110
0100010010010110101000000101110100111010
0100010010010110101000000111001011010110
0100010010010110101000000111001011011010
0100010010010110101000000111001011101010
0100010010011010000001011010010111010110
0100010010011010000001100101110110011010
0100010010011010000001110000111001111010
0100010100010110101010100000011100110110
0100010100011001101010100000011100110110
0100010100011010011010100000011100110110
0100010100011010011010100000011100111010
0100010100011010101000000101110100111010
0100010100011010101000000111001011010110
0100010100011010101000000111001011011010
0100010100011010101000000111001011101010
0100010100011011010100000011100101101010
0100010100011101010100000011100101101010
0100010100100101101010100000011100110110
0100010100100110011010100000011100110110
0100010100100110101000000101110100111010
0100010100100110101000000111001011010110
0100010100100110101000000111001011011010
0100010100100110101000000111001011101010
0100010100101010000001011010010111010110
0100010100101010000001100101110110011010
0100010100101010000001110000111001111010
0100010100110101000011000000110011110110
0100010101000110101010100000011100110110
0100010101001001101010100000011100110110
0100010101001010011010100000011100110110
0100010101001010101000000101110100111010
0100010101001010101000000111001011010110
0100010101001010101000000111001011011010
0100010101001010101000000111001011101010
0100010101001101010100000011100101101010
0100010101010010101010100000011100110110
0100010101011010001010100000011100110110
0100010101011010100010100000011100110110
0100010101011010101000100000011100110110
0100010101100000011100110110101000011010
0100010101100001101010100000011100111010
0100010101100010101000000101110100111010
0100010101100010101000000111001011010110
0100010101100010101000000111001011101010
0100010101100011010011010000001100110110
0100010101100011010100000011001011101010
0100010101100100101010100000011100110110
0100010101100110100010100000011100110110
0100010101100110101000100000011100110110
0100010101101000011010100000011100110110
0100010101101000011010100000011100111010
0100010101101000101000000110011100111010
0100010101101000101000000111001011010110
0100010101101000101000000111001100111010
0100010101101000101000000111001110011010
0100010101101001001010100000011100110110
0100010101101001101000100000011100110110
0100010101101010000110100000011100110110
0100010101101010001000000101110100111010
0100010101101010001000000111001011010110
0100010101101010001000000111001011011010
0100010101101010001000000111001011101010
0100010101101010010010100000011100110110
0100010101101010100000010001100111010110
0100010101101010100000010010011100110110
0100010101101010100000010100101100110110
0100010101101010100000010101101000111010
0100010101101010100000010110110000110110
0100010101101010100000010111010000110110
0100010101101010100000011001011000111010
0100010101101010100000011100100100110110
0100010101101010100000011100101001010110
0100010101101010100000011100110010010110
0100010101101010100001000001110011011010
0100010101101010100001001000011100110110
0100010101101010100001100000011100110110
0100010101101010100001100000011100111010
0100010101101010100100100000011100110110
0100010110000001110010110110101000011010
0100010110000001110011011010000101101010
0100010110000001110011011010000110011010
0100010110000001110011101010000101101010
0100010110000001110011101010000110011010
0100010110000010100000011001011000111010
0100010110000101101010100000011100111010
0100010110000110011010100000011100111010
0100010110000110100110100000011100110110
0100010110000110100110100000011100111010
0100010110000110101000000101110100111010
0100010110000110101000000110011100111010
0100010110000110101000000111001011101010
0100010110000110101000000111001100111010
0100010110000110101000000111001110011010
0100010110000110110011010000001100111010
0100010110000110110100000011100101101010
0100010110000111010100000011100101101010
0100010110001001101000000101100111010110
0100010110001001101000000101110100111010
0100010110001001101000000110011100111010
0100010110001001101000000111001100111010
0100010110001001101000000111001110011010
0100010110001010000001010111010011101010
0100010110001010000001011001110100111010
0100010110001010000001011100110011011010
0100010110001010000001100101110011010110
0100010110001010000001110010110011011010
0100010110001010000001110011001011011010
0100010110001010000001110011100101101010
0100010110001100110100000011001100111010
0100010110001101000000110010101101101010
0100010110001101000000110010101110101010
0100010110001101000000110010110011011010
0100010110001101000000110010110011101010
0100010110001101000010101101000011011010
0100010110001101000011000000110011110110
0100010110010001101010100000011100110110
0100010110010010011010100000011100110110
0100010110010010101000000101110100111010
0100010110010010101000000111001011010110
0100010110010010101000000111001011011010
0100010110010010101000000111001011101010
0100010110010011010100000011100101101010
0100010110010100101010100000011100110110
0100010110010110100010100000011100110110
0100010110010110101000100000011100110110
0100010110011000000111001101101000011010
0100010110011000000111001110101000011010
0100010110011000011010100000011100111010
0100010110011000101000000101110100111010
0100010110011000101000000110011100111010
0100010110011000101000000111001011101010
0100010110011000101000000111001100111010
0100010110011000101000000111001110011010
0100010110011000110011010000001100110110
0100010110011000110011010000001100111010
0100010110011000110100000011001011101010
0100010110011001001010100000011100110110
0100010110011001101000100000011100110110
0100010110011010000110100000011100110110
0100010110011010010010100000011100110110
0100010110011010011010000001110011000110
0100010110011010100000010001100111010110
0100010110011010100000010010011100110110
0100010110011010100000010100101100110110
0100010110011010100000010101101000111010
0100010110011010100000010110110000110110
0100010110011010100000010111010000110110
0100010110011010100000011001011000111010
0100010110011010100000011100100100110110
0100010110011010100000011100101001010110
0100010110011010100000011100110010010110
0100010110011010100001000001110011011010
0100010110011010100001001000011100110110
0100010110011010100001100000011100110110
0100010110011010100100100000011100110110
0100010110100001011011010000001100111010
0100010110100001100110110000001100111010
0100010110100001101000000111001011011010
0100010110100001101100000011100101101010
0100010110100001110100000011100101101010
0100010110100010000001011100011100110110
0100010110100010000001100101110011010110
0100010110100010000001110000111001111010
0100010110100011000000101011010011101010
0100010110100011000000101011011000111010
0100010110100100101000000101110100111010
0100010110100100101000000111001011010110
0100010110100100101000000111001011011010
0100010110100100101000000111001011101010
0100010110100100110100000011100101101010
0100010110100110000110110000001100111010
0100010110100110001100000011001100110110
0100010110100110001100000011001100111010
0100010110100110011000110000001100111010
0100010110100110011010000001110011000110
0100010110100110100000010110011000111010
0100010110100110100000010110110000110110
0100010110100110100000011001011000110110
0100010110100110100000011001011000111010
0100010110100110100000011001100110001110
0100010110100110100000011001110011000110
0100010110100110100001100000011001111010
0100010110101000000001011101100001101110
0100010110101000000001011110110011110110
0100010110101000000100011001011011010110
0100010110101000000100011001011101010110
0100010110101000000100011001100110110110
0100010110101000000100011001100111010110
0100010110101000000100011001110011010110
0100010110101000000100011010011100111010
0100010110101000000100011110010110101010
0100010110101000000100011110100101101010
0100010110101000000100100101110100111010
0100010110101000000100100111001011010110
0100010110101000000100100111001011011010
0100010110101000000100100111001011101010
0100010110101000000101000110100111010110
0100010110101000000101001001110100111010
0100010110101000000101001011001011010110
0100010110101000000101001011001011011010
0100010110101000000101001011001011101010
0100010110101000000101001110100101101010
0100010110101000000101010010110100111010
0100010110101000000101010110100011101010
0100010110101000000101011000001000111010
0100010110101000000101011000111000111010
0100010110101000000101011001101000111010
0100010110101000000101011001110100010110
0100010110101000000101011010000110110110
0100010110101000000101011011000011011010
0100010110101000000101011100010110011010
0100010110101000000101011101000011011010
0100010110101000000101011101001110100010
0100010110101000000101100101110001010110
0100010110101000000101100101110100010110
0100010110101000000101100110001001110110
0100010110101000000101100110110000111010
0100010110101000000101100111010000111010
0100010110101000000101101100001110011010
0100010110101000000101101100101101000110
0100010110101000000101110001110011000110
0100010110101000000101110010010100111010
0100010110101000000101110010110001011010
0100010110101000000101110010111000101010
0100010110101000000101110011001110001010
0100010110101000000101110100100100111010
0100010110101000000101110100101001011010
0100010110101000000101110100111001001010
0100010110101000000110010101100011010110
0100010110101000000110010101100011101010
0100010110101000000110010110000110111010
0100010110101000000110010110011000111010
0100010110101000000110010110110000110110
0100010110101000000110010111000011011010
0100010110101000000110010111001100011010
0100010110101000000110010111010000110110
0100010110101000000110010111010011000110
0100010110101000000110011001011000111010
0100010110101000000111001000101101011010
0100010110101000000111001000101101101010
0100010110101000000111001000101110101010
0100010110101000000111001000110100111010
0100010110101000000111001000110110011010
0100010110101000000111001001001011010110
0100010110101000000111001001001011011010
0100010110101000000111001001001011101010
0100010110101000000111001010001101010110
0100010110101000000111001010001101101010
0100010110101000000111001010001110101010
0100010110101000000111001010010011010110
0100010110101000000111001010010011011010
0100010110101000000111001010010011101010
0100010110101000000111001010100101010110
0100010110101000000111001010100101011010
0100010110101000000111001010100101101010
0100010110101000000111001010100110101010
0100010110101000000111001010110100010110
0100010110101000000111001010111000101010
0100010110101000000111001011000011101010
0100010110101000000111001011001001010110
0100010110101000000111001011001001011010
0100010110101000000111001011001001101010
0100010110101000000111001011010000110110
0100010110101000000111001011010000111010
0100010110101000000111001011010010010110
0100010110101000000111001011010010011010
0100010110101000000111001011011000011010
0100010110101000000111001011011001001010
0100010110101000000111001011100100101010
0100010110101000000111001011101001001010
0100010110101000000111001100100011010110
0100010110101000000111001100101110110110
0100010110101000000111001110010110110110
0100010110101000000111001110010111010110
0100010110101000000111001110011001110110
0100010110101000000111001110011100110110
0100010110101000000111001110011100111010
0100010110101000010000010111010011101010
0100010110101000010000011100101101011010
0100010110101000010000011100101101101010
0100010110101000010000011100101110101010
0100010110101000010000011100110110011010
0100010110101000010000011100111010011010
0100010110101000010000011110010110101010
0100010110101000010001011010011101000110
0100010110101000010001101001011000001010
0100010110101000010001110010110101000110
0100010110101000010001110011010011000110
0100010110101000010010000101110100111010
0100010110101000010010000111001011010110
0100010110101000010010000111001011011010
0100010110101000010010000111001011101010
0100010110101000010110000001110011011010
0100010110101000010110000001110011101010
0100010110101000010110000110011000111010
0100010110101000010110001100101101000110
0100010110101000010110011001011000101010
0100010110101000010110011001100000111010
0100010110101000010110011001100011000110
0100010110101000011000000101110100111010
0100010110101000011000000101111010011010
0100010110101000011000000110011100111010
0100010110101000011000000111001011010110
0100010110101000011000000111001011011010
0100010110101000011000000111001100111010
0100010110101000011000010110011000111010
0100010110101000011000011001011000111010
0100010110101000011000011001110011000110
0100010110101000011001011001011000101010
0100010110101000011001100000011001111010
0100010110101000011001100000011100110110
0100010110101000011001100000011100111010
0100010110101000011001100110000110001110
0100010110101001000110100000011100110110
0100010110101001000110100000011100111010
0100010110101001001000000101110100111010
0100010110101001001000000111001011010110
0100010110101001001000000111001011011010
0100010110101001001000000111001011101010
0100011000000101101001011101011000011010
0100011000000101110100111010000101101010
0100011000000110010111011001101000011010
0100011000000111000011100111101000011010
0100011000000111001011010110000101101010
0100011000000111001011011010000101101010
0100011000000111001011101010000101101010
0100011000000111001101100001010110101010
0100011000000111001101100001011001101010
0100011000000111100110001110000101101010
0100011000011001100111000110000101101010
0100011000011011000011000000110011110110
0100011000011100000011001111011000011010
0100011000011100011000010110100101101010
0100011000011100101100011100011000011010
0100011000011100101110001010000101101010
0100011000011100111000001110000101101010
0100011000011100111000011000111000011010
0100011000011100111000110000101100011010
0100011000011100111000110000101101000110
0100011000011101000011000000110011110110
0100011000110000001000110011011100111010
0100011000110000001010111010000110110110
0100011000110000101010110100001101101010
0100011000110000101011010000110110000010
0100011000110000101011010000110110011010
0100011000110000101100001110110000110110
0100011000110000101100010000101101100010
0100011000110000101101000000101110111010
0100011000110000101101000010110110001110
0100011000110000101101000010111010001110
0100011000110000101101000011000011101110
0100011000110000101101000011000011110110
0100011000110000101101000011001001110110
0100011000110000101101001011010000110110
0100011001001010000001011010010111010110
0100011001001010000001100101110110011010
0100011001001010000001110000111001111010
0100011001001101000011000000110011110110
0100011001011000000111001101101000011010
0100011001011010100000010101101000111010
0100011001011010100000010110110000110110
0100011001011010100000010111010000110110
0100011001011010100000011001011000111010
0100011001011010100001100000011100110110
0100011001011010100001100000011100111010
0100011001100000000111001111011000011010
0100011001100000010110011101011000011010
0100011001100000010111010011101000011010
0100011001100000011001110011101000011010
0100011001100000011100101101101000011010
0100011001100000011100110011101000011010
0100011001100000011100110110000101101010
0100011001100000011100110110000110011010
0100011001100000011100111001101000011010
0100011001100000011100111010000101101010
0100011001100000011100111010000110011010
0100011001100000011110011000111000011010
0100011001100011000000101110001110011010
0100011001100011000010101101000011011010
0100011001100011000011000000110011110110
0100011001100110000001110011011000011010
0100011001100110000001110011101000011010
0100011001100110100001100000011100110110
0100011001101000000100011001110011010110
0100011001101000000101100110001001110110
0100011001101000000101110011011001110110
0100011001101000000111001100100011010110
0100011001101000000111001100101110110110
0100011001101000000111001110011001110110
0100011001101000000111001110011100110110
0100011001101000000111001110011100111010
0100011001101000010000011100110110011010
0100011001101000010000011100111010011010
0100011001101000010001011010011101000110
0100011001101000010001101001011000001010
0100011001101000010001110010110101000110
0100011001101000010001110011010011000110
0100011001101000010110000001110011011010
0100011001101000010110000001110011101010
0100011001101000010110000110011000111010
0100011001101000010110001100101101000110
0100011001101000010110011001011000101010
0100011001101000010110011001100000111010
0100011001101000010110011001100011000110
0100011001101000011000000101110100111010
0100011001101000011000000101111010011010
0100011001101000011000000111001011010110
0100011001101000011000000111001011011010
0100011001101000011000000111001011101010
0100011001101000011000010110011000111010
0100011001101000011000011001011000111010
0100011001101000011000011001110011000110
0100011001101000011001011001011000101010
0100011001101000011001100000011001111010
0100011001101000011001100000011100110110
0100011001101000011001100000011100111010
0100011001101000011001100110000110001110
0100011001101001000110100000011100110110
0100011001101001000110100000011100111010
0100011010000000011001011110111001110110
0100011010000000011001111001011110111010
0100011010000000011100101111011100110110
0100011010000000011100101111011100111010
0100011010000001000101100011101001110110
0100011010000001000101100111010011010110
0100011010000001000110000111100111010110
0100011010000001000110011000111001110110
0100011010000001000110011100011001110110
0100011010000001000110011100101101010110
0100011010000001001001011010010111010110
0100011010000001001001100101110110011010
0100011010000001001001110000111001111010
0100011010000001010001101010010111010110
0100011010000001010010011010010111010110
0100011010000001010010100101110110011010
0100011010000001010010110000111001111010
0100011010000001010100101010010111010110
0100011010000001010110100101110101100010
0100011010000001010111000000010110011010
0100011010000001010111001011010110110110
0100011010000001010111001101100111011010
0100011010000001011000100101110110011010
0100011010000001011001001010010111010110
0100011010000001011001011101100110001010
0100011010000001011001011101100110100010
0100011010000001011001011101100110110110
0100011010000001011001011101100111010110
0100011010000001011010010001011011010110
0100011010000001011010010010010111010110
0100011010000001011010010100100111010110
0100011010000001011010010101001011010110
0100011010000001011010010101110101100010
0100011010000001011010010111001001010110
0100011010000001011010010111001100010110
0100011010000001011010010111010010010110
0100011010000001011010010111011001100010
0100011010000001011011001011101100110110
0100011010000001011011001011101100111010
0100011010000001011100001110011110100010
0100011010000001011100010010111011000110
0100011010000001011100101011010110110110
0100011010000001011100101101101001110110
0100011010000001011100110011011001110110
0100011010000001011100111001110011101010
0100011010000001011101001011101100110110
0100011010000001011101001011101100111010
0100011010000001100001011110111001110110
0100011010000001100001011110111001111010
0100011010000001100100010110100110110110
0100011010000001100100010110100111010110
0100011010000001100100100101110110011010
0100011010000001100101000110101100110110
0100011010000001100101000110101100111010
0100011010000001100101001001110110011010
0100011010000001100101010010110110011010
0100011010000001100101011101100110001010
0100011010000001100101011101100110100010
0100011010000001100101011101100110110110
0100011010000001100101011101100111010110
0100011010000001100101110010010110011010
0100011010000001100101110011011001110110
0100011010000001100101110110000110001110
0100011010000001100101110110000111000110
0100011010000001100101110110010001101010
0100011010000001100101110110010010011010
0100011010000001100101110110010100101010
0100011010000001100101110110010110001010
0100011010000001100101110110010110100010
0100011010000001100101110110010110110110
0100011010000001100101110110010111010110
0100011010000001100101110110011000000010
0100011010000001100101110110011000001110
0100011010000001100101110110011000011010
0100011010000001100101110110011001001010
0100011010000001100101110110011001100010
0100011010000001100101110110011100110110
0100011010000001100101110110011100111010
0100011010000001100110010111011001100010
0100011010000001100111001011101100110110
0100011010000001100111001011101100111010
0100011010000001100111001110011100111010
0100011010000001110000100100111001111010
0100011010000001110000101001011001111010
0100011010000001110000101110001001111010
0100011010000001110000101110011110100010
0100011010000001110000101110011110101110
0100011010000001110000101110111001111010
0100011010000001110000101111011001111010
0100011010000001110000110000111100111010
0100011010000001110000110010110001111010
0100011010000001110000110011110011000110
0100011010000001110000111001001001111010
0100011010000001110000111001010010111010
0100011010000001110000111001011110100010
0100011010000001110000111001011110101110
0100011010000001110000111001011110111010
0100011010000001110000111001111001001010
0100011010000001110000111001111001111010
0100011010000001110000111100111001111010
0100011010000001110010010000111001111010
0100011010000001110010111001011010110110
0100011010000001110011001000101101010110
0100011010000001110011001011101100110110
0100011010000001110011001011101100111010
0100011010000001110011001100101110110110
0100011010000001110011100111001110011010
0100011010000100000101101001011101011010
0100011010000100000101110011010110011010
0100011010000100000101110011011010011010
0100011010000100000101110011101010011010
0100011010000100000110010111011001101010
0100011010000100000111000011100111101010
0100011010000100000111000011110110011010
0100011010000100000111001011010110011010
0100011010000100000111001011011010011010
0100011010000100000111001011101010011010
0100011010000100000111001100110110011010
0100011010000100000111001100111010011010
0100011010000100000111001110011010011010
0100011010000100010101101001110101000110
0100011010000100010110000010011101000110
0100011010000100010110001110011101000110
0100011010000100010110011010011101000110
0100011010000100010110100101101101000110
0100011010000100010110100101110101000110
0100011010000100010110110010110101000110
0100011010000100010110110011011001100010
0100011010000100010111001011010101000110
0100011010000100010111001110001101000110
0100011010000100010111001110101000001110
0100011010000100010111010011101000001110
0100011010000100011000000110011111011010
0100011010000100011001101001011000001010
0100011010000100011010010110000000001010
0100011010000100011010010110000110001010
0100011010000100011010010110011000001010
0100011010000100011100000011001111011010
0100011010000100011100001110110011000110
0100011010000100011100101011010101000110
0100011010000100011100101100000101000110
0100011010000100011100101100011101000110
0100011010000100011100101100110101000110
0100011010000100011100101101010011000110
0100011010000100011100101110001101000110
0100011010000100011100101110101000001110
0100011010000100011100110011010011000110
0100011010000100011100110100110011000110
0100011010000100011101000000110011110110
0100011010000100100001011010010111010110
0100011010000100100001100101110110011010
0100011010000100100001110000111001111010
0100011010000101001101000000110011110110
0100011010000101011000000111001101101010
0100011010000101011000000111001110101010
0100011010000101011000001010010110001010
0100011010000101011000011001100011101010
0100011010000101011000101000011100111010
0100011010000101011000101001011000001010
0100011010000101011001100011000011011010
0100011010000101011001100101100010101010
0100011010000101100000000111110110011010
0100011010000101100000010111010011101010
0100011010000101100000010111101010011010
0100011010000101100000011001100000111010
0100011010000101100000011001110011101010
0100011010000101100000011100101101011010
0100011010000101100000011100101101101010
0100011010000101100000011100101110101010
0100011010000101100000011100110011101010
0100011010000101100000011100111010011010
0100011010000101100000100110011000001110
0100011010000101100001011100010110011010
0100011010000101100001100101100011101010
0100011010000101100001100110011000111010
0100011010000101100001100111000001111010
0100011010000101100001100111001100011010
0100011010000101100001110000011110011010
0100011010000101100001110011000111000110
0100011010000101100001110011100011000110
0100011010000101100010000111001011101010
0100011010000101100010011000010111010110
0100011010000101100010011000011100111010
0100011010000101100010011001011000001010
0100011010000101100011000000101111010110
0100011010000101100011000000111100110110
0100011010000101100011000010101110101010
0100011010000101100011000010110110001110
0100011010000101100011000010111010001110
0100011010000101100011000011000011110110
0100011010000101100011000011001011101010
0100011010000101100011001011000001000110
0100011010000101100011001011001101000110
0100011010000101100011001011010000110110
0100011010000101100101100101100010101010
0100011010000101100101100110000011101010
0100011010000101100101100110001101000110
0100011010000101100110000001100111101010
0100011010000101100110000001110011011010
0100011010000101100110000001110011101010
0100011010000101100110000110011000111010
0100011010000101100110001100101101000110
0100011010000101100110010110000000101010
0100011010000101100110010110001010011010
0100011010000101100110010110011000101010
0100011010000101100110011000001110011010
0100011010000101100110011001011000101010
0100011010000101100110011001100000111010
0100011010000101100110011001100011000110
0100011010000110000001000111010011110110
0100011010000110000001010011010011110110
0100011010000110000001011000110011110110
0100011010000110000001011001111011000110
0100011010000110000001011010010111010110
0100011010000110000001100100011011101110
0100011010000110000001100100011111010110
0100011010000110000001100101001111010110
0100011010000110000001100101110110011010
0100011010000110000001100111100001111010
0100011010000110000001100111100100111010
0100011010000110000001110000111001111010
0100011010000110000100000110011101110110
0100011010000110000100000110011111011010
0100011010000110000101011000001000111010
0100011010000110000101011000101100111010
0100011010000110000101011000111000001010
0100011010000110000101011000111000111010
0100011010000110000101011001100011101010
0100011010000110000101011001110001011010
0100011010000110000101011100011101000110
0100011010000110000101011100110001011010
0100011010000110000101100000111100110110
0100011010000110000101100000111100111010
0100011010000110000101100010011100111010
0100011010000110000101100011100111000110
0100011010000110000101100110011000111010
0100011010000110000101100111000001111010
0100011010000110000101100111000100111010
0100011010000110000101100111000111000110
0100011010000110000101100111001100010110
0100011010000110000101110001001011101010
0100011010000110000101110010111000101010
0100011010000110000101110011000100110110
0100011010000110000101110011000100111010
0100011010000110000101110011001100010110
0100011010000110000101110011100011000110
0100011010000110000110000001100111110110
0100011010000110000110010101100011101010
0100011010000110000110010101110001010110
0100011010000110000110010110001100111010
0100011010000110000110010111001100011010
0100011010000110000110011001011000111010
0100011010000110000110011001110011000110
0100011010000110000110011100001100011110
0100011010000110000110011100111001100010
0100011010000110000111000000110011110110
0100011010000110000111000011100111000110
0100011010000110000111001010110001011010
0100011010000110000111001011000100111010
0100011010000110000111001011001110001010
0100011010000110000111001100001100011110
0100011010000110000111001100111001100010
0100011010000110000111001110000110001110
0100011010000110000111001110000111000110
0100011010000110000111001110010110001010
0100011010000110000111001110011001100010
0100011010000110010000000110011111011010
0100011010000110010001011000101001001010
0100011010000110010001100011001001100010
0100011010000110010101100101100010101010
0100011010000110010110000001110011011010
0100011010000110010110000001110011101010
0100011010000110010110001000011100111010
0100011010000110010110001100001100111010
0100011010000110010110010110001010011010
0100011010000110010110010110011000101010
0100011010000110010110011001011000101010
0100011010000110011000000001100111110110
0100011010000110011000000101110100111010
0100011010000110011000000101111010011010
0100011010000110011000000110000111110110
0100011010000110011000000110010111101010
0100011010000110011000000110011001111010
0100011010000110011000000110011100111010
0100011010000110011000000111001011101010
0100011010000110011000000111001100111010
0100011010000110011000000111001110011010
0100011010000110011000010110011000111010
0100011010000110011000011001011000111010
0100011010000110011000011001110011000110
0100011010000110011001000101101101000110
0100011010000110011001000101110101000110
0100011010000110011001011001011000101010
0100011010000110011001100000011001111010
0100011010000110011001100000011100110110
0100011010000110011001100000011100111010
0100011010000110011001100110000110001110
0100011010010000010110010110110101100010
0100011010010000011001010110110110100010
0100011010010001011010100000011100110110
0100011010010001011010100000011100111010
0100011010010001100110100000011100110110
0100011010010001100110100000011100111010
0100011010010001101000000001110011110110
0100011010010001101000000101100111010110
0100011010010001101000000101110100111010
0100011010010001101000000110011100111010
0100011010010001101000000111001011011010
0100011010010001101000000111001100111010
0100011010010001101000000111001110011010
0100011010010010000001011010010111010110
0100011010010010000001100101110110011010
0100011010010010000001110000111001111010
0100100100010101101010100000011100110110
0100100100010110011010100000011100110110
0100100100010110101000000101110100111010
0100100100010110101000000111001011010110
0100100100010110101000000111001011011010
0100100100010110101000000111001011101010
0100100100011010000001011010010111010110
0100100100011010000001100101110110011010
0100100100011010000001110000111001111010
0101000101011010101000000111001101100010
0101000101100110101000000111001101100010
0101000101101001101000000111001101100010
0101000101101010000001011101001110100010
0101000101101010000001110010110101100010
0101000101101010000001110010110110100010
0101000101101010000001110010111010100010
0101000101101010000001110011011000011010
0101000110010110101000000111001101100010
0101000110011001101000000111001101100010
0101000110011010000001110011011000011010
0101000110100000010111000111001101100010
0101000110100000011001011100110101100010
0101000110100000011100001110011110100010
0101000110100000011100101101101000011010
0101001000010101101010100000011100110110
0101001000010110011010100000011100110110
0101001000010110101000000101110100111010
0101001000010110101000000111001011010110
0101001000010110101000000111001011011010
0101001000010110101000000111001011101010
0101001000011010000001011010010111010110
0101001000011010000001100101110110011010
0101001000011010000001110000111001111010
00000000010001011010100000011100101101010
00000000010001101000011000000110011110110
00000001000101100010100000011100101101010
00000001000101101010000001110010110110110
00000001000101101010000001110010111010110
00000001000101101010000001110011001110110
00000001000101101010000001110011100110110
00000001000101101010000001110011100111010
00000001000101101110100000011100101101010
00000001000110011000000110011101000011010
00000001000110011000000111001101000011010
00000001000110011010000001110011001110110
00000001000110100000010111001011010110110
00000001000110100000011001011101100110110
00000001000110100000011001011101100111010
00000001000110100001011000000110011101010
00000001000110100001011000100001100111010
00000001000110100001100001011000100111010
00000001000110100001100001011011100111010
00000001000110100001100001011110011101010
00000001000110100001100110000001100111010
00000001000110100100011010000001100111010
00000001000110100100011010000001110011010
00000100000101110101100000011100101101010
00000100000111011000011000000110011110110
00000100010101101010100000011001011101010
00000100010101101010100000011100101101010
00000100010110011010100000011001011101010
00000100010110011010100000011100101101010
00000100010110100010000001110011001110110
00000100010110100101101010000001100111010
00000100010110101000000101011011000111010
00000100010110101000000101110100110001110
00000100010110101000000110010101101101010
00000100010110101000000110010101110101010
00000100010110101000000110010110011011010
00000100010110101000000110010110011101010
00000100010110101000000110011100101101010
00000100010110101000000111001100101101010
00000100010110101000011000000101101101110
00000100010110101000011000000110011110110
00000100010110110100000011001011000111010
00000100011000000111001111010000101101010
00000100011000011100101100000101000011010
00000100011000011100111000110000101101010
00000100011000110000001011101100001101110
00000100011000110000101011010000110110110
00000100011000110000111001011010000110110
00000100011001011010100000011100101101010
00000100011001100000011100111101000011010
00000100011001100000011110011101000011010
00000100011001100011000000101110100111010
00000100011001101000000110010111011000110
00000100011001101000011000000101101101110
00000100011001101000011000000110011110110
00000100011010000001000110011011001110110
00000100011010000001000110011101001110110
00000100011010000001011010010111000110110
00000100011010000001011100001110011010110
00000100011010000001100101110110000110110
00000100011010000001100101110110011000110
00000100011010000001100101110110011011110
00000100011010000001100101110110011111010
00000100011010000001100111000000111110110
00000100011010000001110000001100111110110
00000100011010000001110011001011101100010
00000100011010000100010110110011101000110
00000100011010000100010111001110101000110
00000100011010000100011100101101101000110
00000100011010000100011100101110101000110
00000100011010000101100000010110110111010
00000100011010000101100000011001111011010
00000100011010000101100000011100111101010
00000100011010000101100000011110011101010
00000100011010000101100001110011100011010
00000100011010000101100011001011011000110
00000100011010000101100110000011100110110
00000100011010000101100110000011100111010
00000100011010000101101100101100011000110
00000100011010000101101100110011000001110
00000100011010000110000000011001111101110
00000100011010000110000001011001111011010
00000100011010000110000001011010011110110
00000100011010000110000001100001111101110
00000100011010000110000001100101111011010
00000100011010000110000001100110011110110
00000100011010000110000101011000001011010
00000100011010000110000101100000100111010
00000100011010000110000101110001100111010
00000100011010000110000101110011100011010
00000100011010000110000101110111100111010
00000100011010000110000101111001110100010
00000100011010000110000101111001110101110
00000100011010000110000101111100111010110
00000100011010000110000110010111000111010
00000100011010000110000110011100111000110
00000100011010000110000111001011000001010
00000100011010000110000111001011100011010
00000100011010000110000111001100111000110
00000100011010000110010001011011101000110
00000100011010000110010001100011001001010
00000100011010000110011000000101101101110
00000100011010000110011000000110011110110
00000100011010000110011000000111001111010
00000100011010000110011000000111100111010
00000101000101101010000001110010110101010
00000101000110100000011100110011101100010
00000101000110100001100000011001111011010
00000110000100011010000110000111100111010
00000110010001011010100000011100101101010
00000110010001101000011000000110011110110
00010000010001101000011000011110011101010
00010000010111000101100000011100101101010
00010000010111011011000000101110100111010
00010000010111011011000000111001011010110
00010000010111011011000000111001011011010
00010000010111011011000000111001011101010
00010000010111011101100000011100101101010
00010000011100111000000110011101000011010
00010000011100111000000111001101000011010
00010000011101100000010111001011010110110
00010000011101100000011001011101100110110
00010000011101100000011001011101100111010
00010000011101100001011000000110011101010
00010000011101100001011000100001100111010
00010000011101100001100001011000100111010
00010000011101100001100001011011100111010
00010000011101100001100001011110011101010
00010000011101100001100110000001100111010
00010000011101100100011010000001100111010
00010000011101100100011010000001110011010
00010001000101101010000001110010110101010
00010001000101101010100000011100101101010
00010001000110100001100000011001111011010
00010001000110100101101010000001100111010
00010001000110101000011000000110011110110
00010001001001011010100000011100101101010
00010001001001101000011000000110011110110
00010001010001101010100000011100101101010
00010001010010011010100000011100101101010
00010001010010101000011000000110011110110
00010001010100101010100000011100101101010
00010001010101101010101100000011100110110
00010001010110001010100000011001011101010
00010001010110001010100000011100101101010
00010001010110011010101100000011100110110
00010001010110100010100000011100101101010
00010001010110101010000001110010110110110
00010001010110101010000001110010111010110
00010001010110101010000001110011001110110
00010001010110101010000001110011100111010
00010001010110101011000000101110100111010
00010001010110101011000000111001011010110
00010001010110101011000000111001011011010
00010001010110101011000000111001011101010
00010001010110101101000000111001110011010
00010001010110110101100000011100101101010
00010001011000011010100000011100101101010
00010001011000100101101010000001100111010
00010001011000101000000110010101101101010
00010001011000101000000110010101110101010
00010001011000101000000110010110011011010
00010001011000101000000110010110011101010
00010001011000101000000110011100101101010
00010001011000101000000111001100101101010
00010001011000101000011000010110011011010
00010001011000110100000011001011000111010
00010001011001001010100000011100101101010
00010001011001100000011001110101000011010
00010001011001100000011100110101000011010
00010001011001100010100000011001011101010
00010001011001100010100000011100101101010
00010001011001101010000001110010110110110
00010001011001101010000001110010111010110
00010001011001101010000001110011001110110
00010001011001101010000001110011100111010
00010001011001101101000000111001110011010
00010001011001110110100000011100101101010
00010001011010001000011000000110011110110
00010001011010001100000010101101000111010
00010001011010010001101010000001100111010
00010001011010010001101010000001110011010
00010001011010010010100000011100101101010
00010001011010010110001010000001100111010
00010001011010010110001010000001110011010
00010001011010011000100000011001100110110
00010001011010011010000001110010110110110
00010001011010011010000001110010111010110
00010001011010011010000001110011001110110
00010001011010011010000001110011100110110
00010001011010011010000001110011100111010
00010001011010100000010010011100101101010
00010001011010100000010100101100101101010
00010001011010100000010101100011000111010
00010001011010100000010101101000011011010
00010001011010100000010101110100111010110
00010001011010100000010110000011100110110
00010001011010100000010110001001100111010
00010001011010100000010110001110000111010
00010001011010100000010110011101001110110
00010001011010100000010110100101100010110
00010001011010100000010110110000111000110
00010001011010100000010110110011000001110
00010001011010100000010111001110100111010
00010001011010100000010111010011100111010
00010001011010100000011001011000001111010
00010001011010100000011001011001110111010
00010001011010100000011001011001111011010
00010001011010100000011001011101100110110
00010001011010100000011001011101100111010
00010001011010100000011001110010110001010
00010001011010100000011001110011100110110
00010001011010100000011001110011100111010
00010001011010100000011100100010110101010
00010001011010100000011100100100101101010
00010001011010100000011100101000110101010
00010001011010100000011100101001001101010
00010001011010100000011100101010010101010
00010001011010100000011100101100100101010
00010001011010100000011100101101001001010
00010001011010100000011100101110100111010
00010001011010100000011100110010110001010
00010001011010100000011100110010110110110
00010001011010100000011100110010111010110
00010001011010100000011100110010111011010
00010001011010100000011100110011100110110
00010001011010100000011100110011100111010
00010001011010100000011100111001011010110
00010001011010100000011100111001011011010
00010001011010100000011100111001011101010
00010001011010100000011100111001100110110
00010001011010100000011100111001100111010
00010001011010100000011100111001110011010
00010001011010100001000001110010110101010
00010001011010100001001000011100101101010
00010001011010100001011000000110011101010
00010001011010100001011000100001100111010
00010001011010100001100000011100101101010
00010001011010100001100001011000100111010
00010001011010100001100001011011100111010
00010001011010100001100001011110011101010
00010001011010100001100110000001100111010
00010001011010100100000001110010110101010
00010001011010100100011010000001100111010
00010001011010100100011010000001110011010
00010001011010100100100000011100101101010
00010001011010110000001011010010111010110
00010001011010110000001100101110110011010
00010001011010110000001110000111001111010
00010001011011001101000000111001011011010
00010001011011001101000000111001110011010
00010001011011010000001011010010111010110
00010001011011010000001100101100111011010
00010001011011010000001100101110110011010
00010001011011010000001110010101101011010
00010001011011010000001110010110011011010
00010001011011010000001110010110011101010
00010001011011010000001110011100101101010
00010001100000011100101101010000101101010
00010001100000111000010101101010000110110
00010001100001011011010000110011000001110
00010001100001011100101100010101000011010
00010001100001011101000110000110011000110
00010001100001011101010000110010110001010
00010001100001011101010000110011000001110
00010001100001100000011001111011000011010
00010001100001110000110011000111000011010
00010001100001110010110000000101000011010
00010001100001110010110001010000101101010
00010001100001110010110011000101000011010
00010001100011000000101110011011001110110
00010001100011000010001011101010000110110
00010001100011000010101101000011011000110
00010001100011000010101101000110000110110
00010001100011000010110000110110000110110
00010001100011000010110000111010000110110
00010001100011000010110001100101101000110
00010001100011000010110010011010000110110
00010001100011000010110100001100001111010
00010001100011000010110100001100100111010
00010001100011000010110100001100110001110
00010001100011000010110100101011010001010
00010001100011000010110100101101000001110
00010001100100101000011000000110011110110
00010001100101100010100000011100101101010
00010001100101101010000001110010110110110
00010001100101101010000001110010111010110
00010001100101101010000001110011001110110
00010001100101101010000001110011100110110
00010001100101101010000001110011100111010
00010001100110000001011001110101000011010
00010001100110000001100110011101000011010
00010001100110000001100111010000101101010
00010001100110000001100111010000110011010
00010001100110000110001110000110011000110
00010001100110001100001011001100011000110
00010001100110011000000110011101000011010
00010001100110011000000111001101000011010
00010001100110011010000001110011001110110
00010001100110011010000001110011100110110
00010001100110011010000001110011100111010
00010001100110100000010101110001011000110
00010001100110100000010111001011010110110
00010001100110100000010111001110011101010
00010001100110100000011001011101100110110
00010001100110100000011001011101100111010
00010001100110100000011001110011100111010
00010001100110100000011100101110011101010
00010001100110100000011100110011100111010
00010001100110100000011100111001011101010
00010001100110100000011100111001100110110
00010001100110100000011100111001100111010
00010001100110100001011000000110011101010
00010001100110100001011000100001100111010
00010001100110100001100000011100101101010
00010001100110100001100001011000100111010
00010001100110100001100001011011100111010
00010001100110100001100001011110011101010
00010001100110100001100110000001100111010
00010001100110100100011010000001100111010
00010001100110100100011010000001110011010
00010001101000000001100101111011100110110
00010001101000000001100101111011100111010
00010001101000000001111000011110011111010
00010001101000000100011010000111001111010
00010001101000000101011010010111010110110
00010001101000000101011100101101011011010
00010001101000000101100101110110011010110
00010001101000000101100101110110011011010
00010001101000000101100101110110011101010
00010001101000000101101000010111101101110
00010001101000000101101001010111010110110
00010001101000000101101001011100110110110
00010001101000000101101001011100111010110
00010001101000000101101001011101100110110
00010001101000000101101001110010111010110
00010001101000000101101100101110110011010
00010001101000000101110000111001111010110
00010001101000000101110010101101011010110
00010001101000000101110010110011011010110
00010001101000000101110010110011101010110
00010001101000000101110010110100111010110
00010001101000000101110010110110011010110
00010001101000000101110011001011010110110
00010001101000000101110011100011100111010
00010001101000000101110100101110110001110
00010001101000000101110100101110110011010
00010001101000000101111001011101100011010
00010001101000000110000101111011100110110
00010001101000000110000101111011100111010
00010001101000000110010100011010110011010
00010001101000000110010101110001110110110
00010001101000000110010101110110011010110
00010001101000000110010101110110011011010
00010001101000000110010101110110011101010
00010001101000000110010110010111011011010
00010001101000000110010111001011010110110
00010001101000000110010111011001011010110
00010001101000000110010111011001011011010
00010001101000000110010111011001011101010
00010001101000000110010111011001100000110
00010001101000000110010111011001100011110
00010001101000000110010111011001100110110
00010001101000000110010111011001100111010
00010001101000000110010111011001110011010
00010001101000000110010111011001111000110
00010001101000000110011001011101100110110
00010001101000000110011001011101100111010
00010001101000000110011100001011110101110
00010001101000000110011100001111001111010
00010001101000000110011100101110110001110
00010001101000000110011100101110110011010
00010001101000000111000000111100111110110
00010001101000000111000010110000011111010
00010001101000000111000010111001111010110
00010001101000000111000010111011001111010
00010001101000000111000011100101111010110
00010001101000000111000011100111001111010
00010001101000000111001011001011101011010
00010001101000000111001011010010111010110
00010001101000000111001100101110110011010
00010001101000000111001110000111001111010
00010001101000010000010111000110110011010
00010001101000010000011001110011010011010
00010001101000010000011100110001110011010
00010001101000010000011100111000110011010
00010001101000010001011000110011101000110
00010001101000010001011010010110101000110
00010001101000010001011010110010110001010
00010001101000010001011101010011000001110
00010001101000010001100000011001111011010
00010001101000010001100011000011100111010
00010001101000010001100110001110000111010
00010001101000010001100110001110011000110
00010001101000010001100111000110000111010
00010001101000010001100111010011000001110
00010001101000010001101000000110011110110
00010001101000010001110010110001101000110
00010001101000010001110011000110000111010
00010001101000010001110011000110011000110
00010001101000010001110011010011000001110
00010001101000010010011000000110011110110
00010001101000010100101000000110011110110
00010001101000010101100000011001110101010
00010001101000010101100101100000101010110
00010001101000010110000001100110011101010
00010001101000010110000001100111101100010
00010001101000010110000001110010110101010
00010001101000010110000101011000101101010
00010001101000010110000101100000111101010
00010001101000010110000101100010011101010
00010001101000010110000101101110011101010
00010001101000010110000101111001110101010
00010001101000010110000110010110001011010
00010001101000010110000110011100000111010
00010001101000010110000111001011000101010
00010001101000010110001000010110011011010
00010001101000010110001000010110011101010
00010001101000010110001000010110110001110
00010001101000010110001000011001100111010
00010001101000010110001001100001011101010
00010001101000010110001001100001100111010
00010001101000010110001100001011010001110
00010001101000010110001100001100110001110
00010001101000010110001100101011010001010
00010001101000010110001100101100011000110
00010001101000010110001100101101000001110
00010001101000010110010101100000101101010
00010001101000010110010110000010100110110
00010001101000010110010110000011010011010
00010001101000010110010110001000110011010
00010001101000010110011000000011110011010
00010001101000010110011000000110011101010
00010001101000010110011001011000110100010
00010001101000010110011001100000111000110
00010001101000010110110011000010111010110
00010001101000010110110011000011100111010
00010001101000010110110011001011000001010
00010001101000010111001100000011110110110
00010001101000010111001100001011101010110
00010001101000010111001100001011101011010
00010001101000010111001100001100111010110
00010001101000010111001100001110011101010
00010001101000011000000100100110011110110
00010001101000011000000101001010011110110
00010001101000011000000101100010011110110
00010001101000011000000101100111101100010
00010001101000011000000101100111101101110
00010001101000011000000101101110011110110
00010001101000011000000101111010011110110
00010001101000011000000110010010011110110
00010001101000011000000110010100101110110
00010001101000011000000110010111101101110
00010001101000011000000110011110010010110
00010001101000011000000110011110011110110
00010001101000011000000111001011110101110
00010001101000011000000111100110011110110
00010001101000011000000111100111001111010
00010001101000011000000111100111100111010
00010001101000011000010010000110011110110
00010001101000011000010101011000101101010
00010001101000011000010101100010011101010
00010001101000011000010101100011000111010
00010001101000011000010101100110001011010
00010001101000011000010101101110011101010
00010001101000011000010101101110100111010
00010001101000011000010101111001110101010
00010001101000011000010101111010011101010
00010001101000011000010110000000100111010
00010001101000011000010110000011100111010
00010001101000011000010110001001011101010
00010001101000011000010110001001100111010
00010001101000011000010110001100111000110
00010001101000011000010110011000001111010
00010001101000011000010110011000100111010
00010001101000011000010110011011100111010
00010001101000011000010110011110100111010
00010001101000011000010110111000011110110
00010001101000011000010110111001011101010
00010001101000011000010110111001100111010
00010001101000011000010111000111100111010
00010001101000011000010111001011000101010
00010001101000011000010111100001111011010
00010001101000011000010111100101110101010
00010001101000011000010111100110011101010
00010001101000011000010111100111010000010
00010001101000011000010111100111010001110
00010001101000011000011000000110011110110
00010001101000011000011000010110001111010
00010001101000011000011001011000100111010
00010001101000011000011001011001100010110
00010001101000011000011001011011100111010
00010001101000011000011001011110011101010
00010001101000011000011001100001100011110
00010001101000011000011001100101100010110
00010001101000011000011001110000110001110
00010001101000011000011100001011100011010
00010001101000011000011100001100110001110
00010001101000011000011100101100000001010
00010001101000011000011100110011001100010
00010001101000011000011110000110011110110
00010001101000011001000000011001111011010
00010001101000011001000110001100100110110
00010001101000011001001000000110011110110
00010001101000011001011000000110011101010
00010001101000011001011000100001011101010
00010001101000011001011000100001100111010
00010001101000011001011000110010110001010
00010001101000011001100000010111101000110
00010001101000011001100000011001011101010
00010001101000011001100000011001100111010
00010001101000011001100000011100101101010
00010001101000011001100001010110001011010
00010001101000011001100001011000001111010
00010001101000011001100001011000100111010
00010001101000011001100001011011100111010
00010001101000011001100001011110011101010
00010001101000011001100100010110101000110
00010001101000011001100101011000100011010
00010001101000011001100101011000110001010
00010001101000011001100101100000011101010
00010001101000011001100101100001100011010
00010001101000011001100110000001100111010
00010001101000011100001110000111001111010
00010001101001000001100000011001111011010
00010001101001000101101010000001100111010
00010001101001000110011010000001100111010
00010001101001000110100000010110011101010
00010001101001000110100000011001100111010
00010001101001001000011000000110011110110
00010001110010101101010100000011100110110
00010001110010110011010100000011100110110
00010001110010110101000000101110100111010
00010001110010110101000000111001011010110
00010001110010110101000000111001011011010
00010001110010110101000000111001011101010
00010001110010110110100000011100101101010
00010001110011010000001011010010111010110
00010001110011010000001100101110110011010
00010001110011010000001110000111001111010
00010010000100011010000110000111100111010
00010010010001011010100000011100101101010
00010010010001101000011000000110011110110
00010100000101101010100000011100101101010
00010100000110101000011000000110011110110
00010100010110001010000001110010110101010
00010100010110101000000111001011011011010
00010100010110101000000111001011101011010
00010100010110101000000111001100111011010
00010100010110101000000111001110011011010
00010100010110101000000111001110011101010
00010100011001100000011001110100001101010
00010100011001100000011100110100001101010
00010100011001101000000111001100111011010
00010100011010000001011100101101011011010
00010100011010000001100101110110011011010
00010100011010000001100101110110011101010
00010100011010000101100000011001110101010
00010100011010000101100010000110011101010
00010100011010000110000001100111101100010
00010100011010000110000101100010011101010
00010100011010000110000101101110011101010
00010100011010000110000101111001110101010
00010100011010000110011000000110011101010
00010100011010010001101000000110011101010
00010100011010010001101000000111001101010
00010100100001011010100000011100101101010
00010100100001101000011000000110011110110
00011000000100011010000110000111100111010
00011000010001011010100000011100101101010
00011000010001101000011000000110011110110
00011001000101100010100000011100101101010
00011001000101101010000001110010110110110
00011001000101101010000001110010111010110
00011001000101101010000001110011001110110
00011001000101101010000001110011100110110
00011001000101101010000001110011100111010
00011001000110011000000110011101000011010
00011001000110011000000111001101000011010
00011001000110011010000001110011001110110
00011001000110100000010111001011010110110
00011001000110100000011001011101100110110
00011001000110100000011001011101100111010
00011001000110100001011000000110011101010
00011001000110100001011000100001100111010
00011001000110100001100001011000100111010
00011001000110100001100001011011100111010
00011001000110100001100001011110011101010
00011001000110100001100110000001100111010
00011001000110100100011010000001100111010
00011001000110100100011010000001110011010
01000000010111101011100000011100101101010
01000000011110111000011000000110011110110
01000001000110100001100001111001110100010
01000001010111010110100000011100101101010
01000001011100110101100000011100101101010
01000001011101011000000110010101101101010
01000001011101011000000110010110011011010
01000001011101011000000110010110011101010
01000001011101011000000110011100101101010
01000001011101011000000111001100101101010
01000001011101100010000001110011001110110
01000001011101101000011000000110011110110
01000001011101101100000010101101000111010
01000001011101101100000010110110000110110
01000001011101101100000010111010000110110
01000001011101101100000011001011000111010
01000001100101110101100000011100101101010
01000001100111011000011000000110011110110
01000001110000001110011111010000101101010
01000001110000111100101100000101000011010
01000001110001110000001011101100001101110
01000001110110000001000110011011001110110
01000001110110000001000110011101001110110
01000001110110000001011010010111000110110
01000001110110000001011100001110011010110
01000001110110000001100101110110000110110
01000001110110000001100101110110011000110
01000001110110000001100111000000111110110
01000001110110000001110000001100111110110
01000001110110000001110011001011101100010
01000001110110000100010110110011101000110
01000001110110000100010111001110101000110
01000001110110000100011100101101101000110
01000001110110000100011100101110101000110
01000001110110000101100000010110110111010
01000001110110000101100000011001111011010
01000001110110000101100000011100111101010
01000001110110000101100000011110011101010
01000001110110000101100001110011100011010
01000001110110000110000000011001111101110
01000001110110000110000001011001111011010
01000001110110000110000001011010011110110
01000001110110000110000001100001111101110
01000001110110000110000001100101111011010
01000001110110000110000001100110011110110
01000001110110000110000101011000001011010
01000001110110000110000101100000100111010
01000001110110000110000101110001100111010
01000001110110000110000101110011100011010
01000001110110000110000110010111000111010
01000001110110000110000110011100111000110
01000001110110000110000111001011000001010
01000001110110000110000111001011100011010
01000001110110000110000111001100111000110
01000001110110000110010001100011001001010
01000001110110000110011000000101101101110
01000001110110000110011000000110011110110
01000001110110000110011000000111001111010
01000001110110000110011000000111100111010
01000100010101101010110100000011100110110
01000100010101101011010100000011100110110
01000100010101101101010100000011100110110
01000100010101110101010100000011100110110
01000100010110001010100000011100101101010
01000100010110011010110100000011100110110
01000100010110011011010100000011100110110
01000100010110011101010100000011100110110
01000100010110101000000111001011010100010
01000100010110101010000001110010110110110
01000100010110101010000001110010111010110
01000100010110101010000001110011001110110
01000100010110101010000001110011100110110
01000100010110101010000001110011100111010
01000100010110101100110100000011100110110
01000100010110101100110100000011100111010
01000100010110101101000000101110100111010
01000100010110101101000000111001011010110
01000100010110101101000000111001011011010
01000100010110101101000000111001011101010
01000100010110110100110100000011100110110
01000100010110110100110100000011100111010
01000100010110110101000000101110100111010
01000100010110110101000000111001011010110
01000100010110110101000000111001011011010
01000100010110110101000000111001011101010
01000100010110110110100000011100101101010
01000100010111001101010100000011100110110
01000100010111010100110100000011100110110
01000100010111010100110100000011100111010
01000100010111010101000000101110100111010
01000100010111010101000000111001011010110
01000100010111010101000000111001011011010
01000100010111010101000000111001011101010
01000100010111010110100000011100101101010
01000100010111011010100000011100101101010
01000100011001100000011001110101000011010
01000100011001100000011100110101000011010
01000100011001101010000001110011001110110
01000100011001101100110100000011100110110
01000100011001110100110100000011100110110
01000100011010000110000001100111101100010
01000100011010010001101010000001100111010
01000100011010010001101010000001110011010
01000100011010010110001010000001100111010
01000100011010010110001010000001110011010
01000100011010011000000110011101000011010
01000100011010011000000111001101000011010
01000100011010011010000001110010110110110
01000100011010011010000001110010111010110
01000100011010011010000001110011001110110
01000100011010011010000001110011100110110
01000100011010011010000001110011100111010
01000100011010100000010111001011010110110
01000100011010100000011001011101100110110
01000100011010100000011001011101100111010
01000100011010100001011000000110011101010
01000100011010100001011000100001100111010
01000100011010100001100001011000100111010
01000100011010100001100110000001100111010
01000100011010100100011010000001100111010
01000100011010100100011010000001110011010
01000100011011001011010100000011100110110
01000100011011001100110100000011100110110
01000100011011001101000000101110100111010
01000100011011001101000000111001011010110
01000100011011001101000000111001011011010
01000100011011001101000000111001011101010
01000100011011010000001011010010111010110
01000100011011010000001100101110110011010
01000100011011010000001110000111001111010
01000100011101010000001011010010111010110
01000100011101010000001100101110110011010
01000100011101010000001110000111001111010
01000100011101101000011000000110011110110
01000100100101100010100000011100101101010
01000100100101101010000001110010110110110
01000100100101101010000001110010111010110
01000100100101101010000001110011001110110
01000100100101101010000001110011100110110
01000100100101101010000001110011100111010
01000100100110011000000110011101000011010
01000100100110011000000111001101000011010
01000100100110011010000001110011001110110
01000100100110100000010111001011010110110
01000100100110100000011001011101100110110
01000100100110100000011001011101100111010
01000100100110100001011000000110011101010
01000100100110100001011000100001100111010
01000100100110100001100001011000100111010
01000100100110100001100110000001100111010
01000100100110100100011010000001100111010
01000100100110100100011010000001110011010
01000101000101101011010100000011100110110
01000101000101101101010100000011100110110
01000101000101110101010100000011100110110
01000101000110001010100000011100101101010
01000101000110011011010100000011100110110
01000101000110011101010100000011100110110
01000101000110101010000001110010110110110
01000101000110101010000001110010111010110
01000101000110101010000001110011001110110
01000101000110101010000001110011100110110
01000101000110101010000001110011100111010
01000101000110110011010100000011100110110
01000101000110110101000000101110100111010
01000101000110110101000000111001011010110
01000101000110110101000000111001011011010
01000101000110110101000000111001011101010
01000101000111001101010100000011100110110
01000101000111010011010100000011100110110
01000101000111010101000000101110100111010
01000101000111010101000000111001011010110
01000101000111010101000000111001011011010
01000101000111010101000000111001011101010
01000101000111011010100000011100101101010
01000101001001100010100000011100101101010
01000101001001101010000001110010110110110
01000101001001101010000001110010111010110
01000101001001101010000001110011001110110
01000101001001101010000001110011100110110
01000101001001101010000001110011100111010
01000101001010011000000110011101000011010
01000101001010011000000111001101000011010
01000101001010011010000001110011001110110
01000101001010100000010111001011010110110
01000101001010100000011001011101100110110
01000101001010100000011001011101100111010
01000101001010100001011000000110011101010
01000101001010100001011000100001100111010
01000101001010100001100001011000100111010
01000101001010100001100110000001100111010
01000101001010100100011010000001100111010
01000101001010100100011010000001110011010
01000101001101010000001011010010111010110
01000101001101010000001100101110110011010
01000101001101010000001110000111001111010
01000101010001101101010100000011100110110
01000101010001110101010100000011100110110
01000101010010100010100000011100101101010
01000101010010101010000001110010110110110
01000101010010101010000001110010111010110
01000101010010101010000001110011001110110
01000101010010101010000001110011100110110
01000101010010101010000001110011100111010
01000101010011010011010100000011100110110
01000101010011010101000000101110100111010
01000101010011010101000000111001011010110
01000101010011010101000000111001011011010
01000101010011010101000000111001011101010
01000101010100110101010100000011100110110
01000101010110100011010100000011100110110
01000101010110101000110100000011100110110
01000101010110101010001100000011100110110
01000101010110101010100000011001011101010
01000101010110101010100000011100101101010
01000101011000011101010100000011100110110
01000101011000110101000000101100110110110
01000101011000110101000000101110100111010
01000101011001001101010100000011100110110
01000101011001101000110100000011100110110
01000101011001101010001100000011100110110
01000101011001101010100000011001011101010
01000101011001101010100000011100101101010
01000101011010000110110100000011100110110
01000101011010000110110100000011100111010
01000101011010000111010100000011100110110
01000101011010001010000001110010110110110
01000101011010001010000001110011001110110
01000101011010001101000000101110100111010
01000101011010001101000000111001011101010
01000101011010001101000000111001110011010
01000101011010010011010100000011100110110
01000101011010010110101010000001100111010
01000101011010011010001100000011100110110
01000101011010100001101100000011100110110
01000101011010100001110100000011100110110
01000101011010100010000001110010110110110
01000101011010100010000001110010111010110
01000101011010100010000001110011001110110
01000101011010100010000001110011100111010
01000101011010100011000000101110100111010
01000101011010100011000000111001011010110
01000101011010100011000000111001011101010
01000101011010100011000000111001100111010
01000101011010100011000000111001110011010
01000101011010100100110100000011100110110
01000101011010100101101010000001100111010
01000101011010100110100000011100101101010
01000101011010101000000100011110100110110
01000101011010101000000101001110100110110
01000101011010101000000101011011000111010
01000101011010101000000101110100110001110
01000101011010101000000110000101110101110
01000101011010101000000110010101101101010
01000101011010101000000110010101110101010
01000101011010101000000110010110001110110
01000101011010101000000110010110011011010
01000101011010101000000110010110011101010
01000101011010101000000110011001011101010
01000101011010101000000110011100110001110
01000101011010101000000111001000110111010
01000101011010101000000111001000111010110
01000101011010101000000111001010011010110
01000101011010101000000111001011101000110
01000101011010101000000111001100001111010
01000101011010101000000111001100100111010
01000101011010101000000111001100101101010
01000101011010101000010000011100110111010
01000101011010101000010000011110011011010
01000101011010101000011000000101101101110
01000101011010101000011000000110011110110
01000101011010101000011000000111001111010
01000101011010101000011000000111100111010
01000101100000001110100000011100101101010
01000101100000011100101101101101000011010
01000101100000011100110011101101000011010
01000101100000011100111001101101000011010
01000101100000011100111001110101000011010
01000101100000011100111101010000101101010
01000101100000101000000110010101101101010
01000101100000101000000110010110011011010
01000101100000101000000110010110011101010
01000101100000110100000011001011000111010
01000101100001001010100000011100101101010
01000101100001011010110100000011100111010
01000101100001011011010100000011100111010
01000101100001011101010100000011100111010
01000101100001100110110100000011100111010
01000101100001100111010100000011100111010
01000101100001101010000001000110100111010
01000101100001101010000001110011100111010
01000101100001101100110100000011100110110
01000101100001101101000000101110100111010
01000101100001101101000000111001011010110
01000101100001101101000000111001011101010
01000101100001101101000000111001100111010
01000101100001101101000000111001110011010
01000101100001110010110000010101000011010
01000101100001110011010100000011100110110
01000101100001110011010100000011100111010
01000101100001110011100011010000101101010
01000101100001110101000000101110100111010
01000101100001110101000000111001011010110
01000101100001110101000000111001011011010
01000101100001110101000000111001011101010
01000101100010001100000010101101000111010
01000101100010010001101010000001100111010
01000101100010010001101010000001110011010
01000101100010010010100000011100101101010
01000101100010010110001010000001100111010
01000101100010010110001010000001110011010
01000101100010011010000001110010110110110
01000101100010011010000001110011001110110
01000101100010100000010010011100101101010
01000101100010100000010100101100101101010
01000101100010100000010101101000011011010
01000101100010100000010110000011100110110
01000101100010100000010110001001100111010
01000101100010100000010110001110000111010
01000101100010100000010110011101001110110
01000101100010100000010110110000111000110
01000101100010100000011001011000001111010
01000101100010100000011001011100110001010
01000101100010100000011001011101100111010
01000101100010100000011001110010110001010
01000101100010100000011100100010110101010
01000101100010100000011100100100101101010
01000101100010100000011100101000110101010
01000101100010100000011100101001001101010
01000101100010100000011100101010010101010
01000101100010100000011100101100100101010
01000101100010100000011100101100111010110
01000101100010100000011100101101001001010
01000101100010100000011100101110011010110
01000101100010100000011100110010110001010
01000101100010100001000001110010110101010
01000101100010100001001000011100101101010
01000101100010100001011000000110011101010
01000101100010100001011000100001100111010
01000101100010100100011010000001100111010
01000101100010100100011010000001110011010
01000101100010100100100000011100101101010
01000101100011010000001010111010011101010
01000101100011010000001011001110100111010
01000101100011010000001011100011100110110
01000101100011010000001011101100001101110
01000101100011010000001100101100111011010
01000101100100001010100000011100101101010
01000101100100011011010100000011100110110
01000101100100011101010100000011100110110
01000101100100100010100000011100101101010
01000101100100101010000001110010110110110
01000101100100101010000001110010111010110
01000101100100101010000001110011001110110
01000101100100101010000001110011100110110
01000101100100101010000001110011100111010
01000101100100110101000000101110100111010
01000101100100110101000000111001011010110
01000101100100110101000000111001011011010
01000101100100110101000000111001011101010
01000101100101001101010100000011100110110
01000101100101101000110100000011100110110
01000101100101101010001100000011100110110
01000101100101101010100000011001011101010
01000101100101101010100000011100101101010
01000101100110000001100111010001000011010
01000101100110000001110011110101000011010
01000101100110000001111001110101000011010
01000101100110000110110100000011100111010
01000101100110000111010100000011100110110
01000101100110001010000001000110100111010
01000101100110001101000000101100110110110
01000101100110001101000000101110100111010
01000101100110001101000000110010110110110
01000101100110001101000000110011100111010
01000101100110010011010100000011100110110
01000101100110011010001100000011100110110
01000101100110011010100000011001011101010
01000101100110011010100000011100101101010
01000101100110100001101100000011100110110
01000101100110100001110100000011100110110
01000101100110100010000001110010110110110
01000101100110100010000001110011001110110
01000101100110100011000000101110100111010
01000101100110100100110100000011100110110
01000101100110100101101010000001100111010
01000101100110101000000100011110100110110
01000101100110101000000101001110100110110
01000101100110101000000101011011000111010
01000101100110101000000101100011100111010
01000101100110101000000101110011100011010
01000101100110101000000101110100110001110
01000101100110101000000110000111100111010
01000101100110101000000110010101101101010
01000101100110101000000110010101110101010
01000101100110101000000110010110001110110
01000101100110101000000110010110011011010
01000101100110101000000110010110011101010
01000101100110101000000110010111011000110
01000101100110101000000110011001011101010
01000101100110101000000110011100110001110
01000101100110101000000111001000110111010
01000101100110101000000111001000111010110
01000101100110101000000111001010011010110
01000101100110101000000111001011101000110
01000101100110101000000111001100001111010
01000101100110101000000111001100100111010
01000101100110101000000111001100101101010
01000101100110101000000111001100111000110
01000101100110101000010000011100110111010
01000101100110101000010000011110011011010
01000101100110101000011000000101101101110
01000101100110101000011000000110011110110
01000101100110101000011000000111001111010
01000101100110101000011000000111100111010
01000101101000011010000001110010110110110
01000101101000011010000001110011001110110
01000101101000011010000001110011100110110
01000101101000011010000001110011100111010
01000101101000011011000000101110100111010
01000101101000011011000000110011100111010
01000101101000011011000000111001011010110
01000101101000011011000000111001011011010
01000101101000011011000000111001100111010
01000101101000011101000000101110100111010
01000101101000011101000000111001011010110
01000101101000011101000000111001011011010
01000101101000011101000000111001011101010
01000101101000100000010101101101100111010
01000101101000100000010110011101001110110
01000101101000100000011001011101100110110
01000101101000100000011001011101100111010
01000101101000100000011100101011011011010
01000101101000100000011100101100111010110
01000101101000100000011100101100111011010
01000101101000100000011100101110011010110
01000101101000100000011100101110011011010
01000101101000100000011100110010111011010
01000101101000100000011100111001100110110
01000101101000100001011000000110011101010
01000101101000100001011000100001100111010
01000101101000100001100001011000100111010
01000101101000100001100110000001100111010
01000101101000100100011010000001100111010
01000101101000110000001010110001000111010
01000101101000110000001010110100111011010
01000101101000110000001010110110011101010
01000101101000110000001010111010011101010
01000101101000110000001011100011100110110
01000101101000110000001110010101101011010
01000101101000110000001110010111001101010
01000101101001001010000001110010110110110
01000101101001001010000001110010111010110
01000101101001001010000001110011001110110
01000101101001001010000001110011100110110
01000101101001001010000001110011100111010
01000101101001001101000000101110100111010
01000101101001001101000000111001011010110
01000101101001001101000000111001011011010
01000101101001001101000000111001011101010
01000101101001010110101010000001100111010
01000101101001011001101010000001100111010
01000101101001011010100000011001100111010
01000101101001011010100000011100101101010
01000101101001100010000001110011001110110
01000101101001100011000000101100110110110
01000101101001100011000000101110100111010
01000101101001100011000000110011100111010
01000101101001100101101010000001100111010
01000101101001101000000101011011000111010
01000101101001101000000101100011100111010
01000101101001101000000101100110001110110
01000101101001101000000101100111010001110
01000101101001101000000101110001100110110
01000101101001101000000101110011101000110
01000101101001101000000101110100110001110
01000101101001101000000110000111100110110
01000101101001101000000110000111100111010
01000101101001101000000110010101101101010
01000101101001101000000110010110001110110
01000101101001101000000110010110011011010
01000101101001101000000110010111000110110
01000101101001101000000110010111000111010
01000101101001101000000110010111011000110
01000101101001101000000110011000011110110
01000101101001101000000110011100110001110
01000101101001101000000111001011101000110
01000101101001101000000111001100110001110
01000101101001101000000111001110011000110
01000101101001101000011000000101101101110
01000101101001101000011000000110011110110
01000101101001101000011000000111001111010
01000101101001101000011000000111100111010
01000101101010000000010101110100011110110
01000101101010000000010101110110111000110
01000101101010000000010101111011011000110
01000101101010000000010111011100001101110
01000101101010000000010111101100001101110
01000101101010000000011001011100011110110
01000101101010000000011001011101100111010
01000101101010000001000101101011100111010
01000101101010000001000101101100110110110
01000101101010000001000101111010100111010
01000101101010000001000110010110110110110
01000101101010000001000110010111010110110
01000101101010000001000110010111011010110
01000101101010000001000110011011001110110
01000101101010000001000110011101001110110
01000101101010000001000110011110100111010
01000101101010000001000111100101101011010
01000101101010000001000111100101101101010
01000101101010000001000111100101110101010
01000101101010000001000111100110100111010
01000101101010000001000111100110110011010
01000101101010000001000111101001011010110
01000101101010000001000111101001011011010
01000101101010000001000111101001011101010
01000101101010000001001001110010110110110
01000101101010000001001001110010111010110
01000101101010000001001001110011001110110
01000101101010000001001001110011100110110
01000101101010000001001001110011100111010
01000101101010000001010001101101100111010
01000101101010000001010001111010100111010
01000101101010000001010010110010110110110
01000101101010000001010010110010111010110
01000101101010000001010010110011001110110
01000101101010000001010010110011100110110
01000101101010000001010010110011100111010
01000101101010000001010011101001011010110
01000101101010000001010011101001011011010
01000101101010000001010011101001011101010
01000101101010000001010011101100101101010
01000101101010000001010100111010100111010
01000101101010000001010101101000111010110
01000101101010000001010101101100011101010
01000101101010000001010110000011000111010
01000101101010000001010110001110011101010
01000101101010000001010110011011000111010
01000101101010000001010110011101000111010
01000101101010000001010110100001101100010
01000101101010000001010110110000110110110
01000101101010000001010111010000110110110
01000101101010000001010111010011101000110
01000101101010000001011000010111010110110
01000101101010000001011000011010000110110
01000101101010000001011000011110110011010
01000101101010000001011000100001011011010
01000101101010000001011000100001100111010
01000101101010000001011001001010000110110
01000101101010000001011001011000110110110
01000101101010000001011001100010000110110
01000101101010000001011001100011100110110
01000101101010000001011001100110001110110
01000101101010000001011001100110110011010
01000101101010000001011001100111000110110
01000101101010000001011001101100111000110
01000101101010000001011001110100110001110
01000101101010000001011001110110000111010
01000101101010000001011010000101111010110
01000101101010000001011010000110010010110
01000101101010000001011010000111001101110
01000101101010000001011010000111001111010
01000101101010000001011010010110000010110
01000101101010000001011011000011100110110
01000101101010000001011011000011100111010
01000101101010000001011011001011011000110
01000101101010000001011011001011101000110
01000101101010000001011011001100110001110
01000101101010000001011100001110011010110
01000101101010000001011100001110011101010
01000101101010000001011100001110100111010
01000101101010000001011100011001011101010
01000101101010000001011100011001100111010
01000101101010000001011100011100110001110
01000101101010000001011100100110100111010
01000101101010000001011100101101100011010
01000101101010000001011100101110100011010
01000101101010000001011100110001110011010
01000101101010000001011100111001110100010
01000101101010000001011100111010011000110
01000101101010000001011101000011100111010
01000101101010000001011101001000110110110
01000101101010000001011101001000111101010
01000101101010000001011101001010011101010
01000101101010000001011101001011101000110
01000101101010000001011101001110000111010
01000101101010000001011101001110010011010
01000101101010000001100001011100011110110
01000101101010000001100001011110100111010
01000101101010000001100101010110110101010
01000101101010000001100101010111010101010
01000101101010000001100101011000110110110
01000101101010000001100101011000111010110
01000101101010000001100101011001101101010
01000101101010000001100101011001110101010
01000101101010000001100101011100011010110
01000101101010000001100101011100011101010
01000101101010000001100101100001110111010
01000101101010000001100101100011100110110
01000101101010000001100101100011100111010
01000101101010000001100101100101101011010
01000101101010000001100101100101101101010
01000101101010000001100101100101110101010
01000101101010000001100101100110001110110
01000101101010000001100101100110011011010
01000101101010000001100101100110011101010
01000101101010000001100101100111000110110
01000101101010000001100101100111001101010
01000101101010000001100101101100110001110
01000101101010000001100101110001100110110
01000101101010000001100101110011100011010
01000101101010000001100101110100110001110
01000101101010000001100101110110000110110
01000101101010000001100110010101101101010
01000101101010000001100110010101110101010
01000101101010000001100110010110011011010
01000101101010000001100110010110011101010
01000101101010000001100110010111011000110
01000101101010000001100110011100101101010
01000101101010000001100111000000111110110
01000101101010000001100111001100101101010
01000101101010000001110000001100111110110
01000101101010000001110000101100111011010
01000101101010000001110010001011010111010
01000101101010000001110010001011011010110
01000101101010000001110010001011011011010
01000101101010000001110010001011011101010
01000101101010000001110010001011101010110
01000101101010000001110010001011101011010
01000101101010000001110010001011101101010
01000101101010000001110010001011110101010
01000101101010000001110010001100110110110
01000101101010000001110010001100111010110
01000101101010000001110010001101100110110
01000101101010000001110010001101100111010
01000101101010000001110010001101110011010
01000101101010000001110010001110011010110
01000101101010000001110010010010110110110
01000101101010000001110010010010111010110
01000101101010000001110010010011001110110
01000101101010000001110010010011100110110
01000101101010000001110010010011100111010
01000101101010000001110010100011011010110
01000101101010000001110010100011011011010
01000101101010000001110010100011011101010
01000101101010000001110010100011101010110
01000101101010000001110010100011101011010
01000101101010000001110010100011101101010
01000101101010000001110010100011110101010
01000101101010000001110010100100110110110
01000101101010000001110010100100111010110
01000101101010000001110010100101001110110
01000101101010000001110010100101100110110
01000101101010000001110010100101100111010
01000101101010000001110010101001010110110
01000101101010000001110010101001011010110
01000101101010000001110010101001101010110
01000101101010000001110010101001101011010
01000101101010000001110010101001101101010
01000101101010000001110010101001110101010
01000101101010000001110010101101000111010
01000101101010000001110010101110100010110
01000101101010000001110010110000110111010
01000101101010000001110010110000111010110
01000101101010000001110010110000111101010
01000101101010000001110010110010010110110
01000101101010000001110010110010011010110
01000101101010000001110010110010011011010
01000101101010000001110010110010011101010
01000101101010000001110010110100001101110
01000101101010000001110010110100001110110
01000101101010000001110010110100001111010
01000101101010000001110010110100100110110
01000101101010000001110010110100100111010
01000101101010000001110010110110000110110
01000101101010000001110010110110000111010
01000101101010000001110010110110010010110
01000101101010000001110010110110010011010
01000101101010000001110010111000011101010
01000101101010000001110010111001001010110
01000101101010000001110010111001001101010
01000101101010000001110010111010000110110
01000101101010000001110010111010000111010
01000101101010000001110010111010010010110
01000101101010000001110010111010010011010
01000101101010000001110011001001001110110
01000101101010000001110011001010010110110
01000101101010000001110011001011101100010
01000101101010000001110011001100101101010
01000101101010000001110011001110010010110
01000101101010000001110011100100100110110
01000101101010000001110011100100100111010
01000101101010000001110011100101001010110
01000101101010000001110011100101001011010
01000101101010000001110011100110010010110
01000101101010000001110011100111001001010
01000101101010000100000101110100111101010
01000101101010000100000101111010011101010
01000101101010000100000111001011010111010
01000101101010000100000111001011011011010
01000101101010000100000111001011011101010
01000101101010000100000111001011101011010
01000101101010000100000111001011110101010
01000101101010000100000111001100111011010
01000101101010000100000111001110011011010
01000101101010000100000111001110011101010
01000101101010000100000111100101101011010
01000101101010000100000111100101101101010
01000101101010000100000111100101110101010
01000101101010000100000111100110110011010
01000101101010000100010110110011101000110
01000101101010000100010111001110101000110
01000101101010000100011100101101101000110
01000101101010000100011100101110101000110
01000101101010000100100001110010110110110
01000101101010000100100001110010111010110
01000101101010000100100001110011001110110
01000101101010000100100001110011100110110
01000101101010000100100001110011100111010
01000101101010000101100000010110110111010
01000101101010000101100000011001111011010
01000101101010000101100000011100111101010
01000101101010000101100000011110011101010
01000101101010000101100001110011100011010
01000101101010000110000000011001111101110
01000101101010000110000001010110110101110
01000101101010000110000001010110110111010
01000101101010000110000001010111101011010
01000101101010000110000001011001110101110
01000101101010000110000001011001111010110
01000101101010000110000001011011001111010
01000101101010000110000001011011100110110
01000101101010000110000001011100111101010
01000101101010000110000001011101001111010
01000101101010000110000001011110011101010
01000101101010000110000001011110100110110
01000101101010000110000001011110100111010
01000101101010000110000001100001111101110
01000101101010000110000001100101101101110
01000101101010000110000001100101111010110
01000101101010000110000001100101111011010
01000101101010000110000001100110011110110
01000101101010000110000001100111001111010
01000101101010000110000001100111100111010
01000101101010000110000001110010110101110
01000101101010000110000001110010110110110
01000101101010000110000001110010110111010
01000101101010000110000001110010111101010
01000101101010000110000001110011001110110
01000101101010000110000001110011100110110
01000101101010000110000001111001100110110
01000101101010000110000001111001100111010
01000101101010000110000101011000001011010
01000101101010000110000101100000100111010
01000101101010000110000101110001100111010
01000101101010000110000101110011100011010
01000101101010000110000110010111000111010
01000101101010000110000110011100111000110
01000101101010000110000111001011000001010
01000101101010000110000111001011100011010
01000101101010000110000111001100111000110
01000101101010000110010001100011001001010
01000101101010000110011000000101101101110
01000101101010000110011000000110011110110
01000101101010000110011000000111001111010
01000101101010000110011000000111100111010
01000101101010010000000111001011010100010
01000101101010010010000001110010110110110
01000101101010010010000001110010111010110
01000101101010010010000001110011001110110
01000101101010010010000001110011100110110
01000101101010010010000001110011100111010
01000110000001011100101101011011000011010
01000110000001100101110110011011000011010
01000110000001100101110110011101000011010
01000110000001100101111011001101000011010
01000110000001100111001111010000101101010
01000110000001110010110101000010110001010
01000110000001110010110110110000101101010
01000110000001110010111010110000101101010
01000110000001110011001110110000101101010
01000110000001110011001110110000110011010
01000110000001110011001111010000101101010
01000110000001110011100110110000101101010
01000110000001110011100111010000101101010
01000110000001110011110100001100101101010
01000110000001111000011100111101000011010
01000110000001111001111000110000101101010
01000110000011100001010110100010000110110
01000110000101100000011001110101000011010
01000110000101100010000110011101000011010
01000110000101110011100011010000101101010
01000110000101110101100000011100101101010
01000110000110000101100010011101000011010
01000110000110011000000110011101000011010
01000110000110011100111000110000101101010
01000110000110100001100110000001100111010
01000110000110100001100110000001110011010
01000110000110110000001100101110110011010
01000110000110110000001110000111001111010
01000110000111000011110001110000101101010
01000110000111001010110101101000011000110
01000110000111001011000000000101000011010
01000110000111001011000001010000110011010
01000110000111001011000011000101000011010
01000110000111001011001100000101000011010
01000110000111001101000000101110011010110
01000110000111001110001100001010110101010
01000110000111001110001100001011001101010
01000110000111010000001011010010111010110
01000110000111010000001100101110110011010
01000110000111010000001110000111001111010
01000110000111011000011000000110011110110
01000110001100000010001011010000110110110
01000110001100000010001011010100001101110
01000110001100000010101110001110011101010
01000110001100000010101110100001101110110
01000110001100000010101110110000110111010
01000110001100000010111010010111010001110
01000110001100000011001010111010110011010
01000110001100000011001011100011001110110
01000110001100000011001011101100001101110
01000110001100000011001011101100111000110
01000110001100001000011001011010000110110
01000110001100001010110100001101100000110
01000110001100001011000001110011000001110
01000110001100001011000100101011010001010
01000110001100001011000100101100011000110
01000110001100001011000100101101000001110
01000110001100001011000110000101101100010
01000110001100001011000110010110001000110
01000110001100001011001001100010000110110
01000110001100001011010000101110110001110
01000110001100001011010000110010011100010
01000110001100001011010010101100010001010
01000110001100001011010010101101000001010
01000110001100001011010010110001000001110
01000110010001100000011001110101000011010
01000110010001100000011100110101000011010
01000110010001100011010000110010110001010
01000110010001101000000110011101000011010
01000110010001101000000111001101000011010
01000110010001101010000001110011001110110
01000110010010011000000110011101000011010
01000110010010011000000111001101000011010
01000110010010011010000001110011001110110
01000110010010100000010111001011010110110
01000110010010100000011001011101100110110
01000110010010100000011001011101100111010
01000110010010100001011000000110011101010
01000110010010100001011000100001100111010
01000110010010100001100001011000100111010
01000110010010100001100110000001100111010
01000110010010100100011010000001100111010
01000110010010100100011010000001110011010
01000110010011010000001011010010111010110
01000110010011010000001100101110110011010
01000110010011010000001110000111001111010
01000110010100101000000110011101000011010
01000110010100101000000111001101000011010
01000110010100101010000001110011001110110
01000110010101101010100000011001011101010
01000110010101101010100000011100101101010
01000110010110000110001010000110011000110
01000110010110011010100000011001011101010
01000110010110011010100000011100101101010
01000110010110100010000001110011001110110
01000110010110100010000001110011100110110
01000110010110100101101010000001100111010
01000110010110101000000101011011000111010
01000110010110101000000101110100110001110
01000110010110101000000110010101101101010
01000110010110101000000110010101110101010
01000110010110101000000110010110011011010
01000110010110101000000110010110011101010
01000110010110101000000110010111011000110
01000110010110101000000110011100101101010
01000110010110101000000111001100101101010
01000110010110101000011000000101101101110
01000110010110101000011000000110011110110
01000110010110101000011000000111001101110
01000110010110101000011000000111001111010
01000110010110101000011000000111100110110
01000110010110101000011000000111100111010
01000110011000000100011010011101000011010
01000110011000000100100110011101000011010
01000110011000000100100111001101000011010
01000110011000000101001010011101000011010
01000110011000000101001011001101000011010
01000110011000000101100111010001000011010
01000110011000000101100111010111000011010
01000110011000000101111001110101000011010
01000110011000000110010010011101000011010
01000110011000000110010100101101000011010
01000110011000000110010110001011000011010
01000110011000000110011000110000101101010
01000110011000000110011100100101000011010
01000110011000000110011101000010001101010
01000110011000000110011101000010010011010
01000110011000000110011101000010100101010
01000110011000000110011101000010110001010
01000110011000000110011101000011001001010
01000110011000000110011101001001000011010
01000110011000000110011110011101000011010
01000110011000000111001000110101000011010
01000110011000000111001001001101000011010
01000110011000000111001010010101000011010
01000110011000000111001011011011000011010
01000110011000000111001011101011000011010
01000110011000000111001100100101000011010
01000110011000000111001100111011000011010
01000110011000000111001101000010001101010
01000110011000000111001101000010010011010
01000110011000000111001101000010100101010
01000110011000000111001101000010110001010
01000110011000000111001101000011001001010
01000110011000000111001101001001000011010
01000110011000000111001110011011000011010
01000110011000000111001110011101000011010
01000110011000000111001111010000101101010
01000110011000000111100110011101000011010
01000110011000000111100111010000110011010
01000110011000001110000001011101100111010
01000110011000010000011001110101000011010
01000110011000010000011100110101000011010
01000110011000010010000110011101000011010
01000110011000010010000111001101000011010
01000110011000011000000110011101000011010
01000110011000011000000111001101000011010
01000110011000011100101100000101000011010
01000110011000011100111000110000101101010
01000110011000110000001011100011100110110
01000110011000110000001011101100001101110
01000110011000110000001011101100110001110
01000110011000110000001100101100111011010
01000110011001000000011001110101000011010
01000110011001000000011100110101000011010
01000110011001001000000110011101000011010
01000110011001001000000111001101000011010
01000110011001001010000001110011001110110
01000110011001011010100000011100101101010
01000110011001100000000110011101000011010
01000110011001100000000111001101000011010
01000110011001100000011100111101000011010
01000110011001100000011110011101000011010
01000110011001100011000000101110100111010
01000110011001101000000110010111011000110
01000110011001101000011000000101101101110
01000110011001101000011000000110011110110
01000110011001101000011000000111001111010
01000110011001101000011000000111100111010
01000110011010000001000110011011001110110
01000110011010000001000110011101001110110
01000110011010000001001001110011001110110
01000110011010000001010010110011001110110
01000110011010000001011010010111000110110
01000110011010000001011100001110011010110
01000110011010000001011100011100110001110
01000110011010000001100101110110000110110
01000110011010000001100101110110011000110
01000110011010000001100110010111011000110
01000110011010000001100111000000111110110
01000110011010000001110000001100111110110
01000110011010000001110010001110011010110
01000110011010000001110010010011001110110
01000110011010000001110010100101001110110
01000110011010000001110011001001001110110
01000110011010000001110011001010010110110
01000110011010000001110011001011101100010
01000110011010000001110011001110010010110
01000110011010000001110011100001011101010
01000110011010000001110011100001100110110
01000110011010000001110011100001100111010
01000110011010000100000111001100111011010
01000110011010000100000111100110110011010
01000110011010000100010110110011101000110
01000110011010000100010111001110101000110
01000110011010000100011100101101101000110
01000110011010000100011100101110101000110
01000110011010000100100001110011001110110
01000110011010000101100000010110110111010
01000110011010000101100000011001111011010
01000110011010000101100000011100111101010
01000110011010000101100000011110011101010
01000110011010000101100001110011100011010
01000110011010000110000000011001111101110
01000110011010000110000001010110110111010
01000110011010000110000001010111101011010
01000110011010000110000001011001110101110
01000110011010000110000001011001111010110
01000110011010000110000001011011001111010
01000110011010000110000001011011100110110
01000110011010000110000001011100111101010
01000110011010000110000001011101001111010
01000110011010000110000001011110011101010
01000110011010000110000001011110100110110
01000110011010000110000001011110100111010
01000110011010000110000001100001111101110
01000110011010000110000001100101101101110
01000110011010000110000001100101111010110
01000110011010000110000001100101111011010
01000110011010000110000001100110011110110
01000110011010000110000001100111001111010
01000110011010000110000001100111100111010
01000110011010000110000001110010110110110
01000110011010000110000001110010111010110
01000110011010000110000001110011001110110
01000110011010000110000001110011100110110
01000110011010000110000001110011100111010
01000110011010000110000001111001100011110
01000110011010000110000001111001100111010
01000110011010000110000001111001110011010
01000110011010000110000101011000001011010
01000110011010000110000101100000100111010
01000110011010000110000101110001100111010
01000110011010000110000101110011100011010
01000110011010000110000110010111000111010
01000110011010000110000110011100111000110
01000110011010000110000111001011000001010
01000110011010000110000111001011100011010
01000110011010000110000111001100111000110
01000110011010000110011000000101101101110
01000110011010000110011000000110011110110
01000110011010000110011000000111001111010
01000110011010000110011000000111100111010
01000110011010010010000001110011001110110
01000110100000000101110100101111011101110
01000110100000000101110110010111101101110
01000110100000000110010111101110000011110
01000110100000000110010111101110011100010
01000110100000000110010111101110011101110
01000110100000000110010111101110011110110
01000110100000000110011110000001111110110
01000110100000000110011110000110011111010
01000110100000000111001011110011110111010
01000110100000000111001011110111001110110
01000110100000000111001011110111001111010
01000110100000000111001111001011110111010
01000110100000000111100000011001111110110
01000110100000010001010111101110101000110
01000110100000010001011001011101101010110
01000110100000010001011001101101001110110
01000110100000010001011001110101001110110
01000110100000010001100001110111001110110
01000110100000010001100101011000101010110
01000110100000010001100101101101001110110
01000110100000010001100101110101001110110
01000110100000010001100110011011001110110
01000110100000010001100110011101001110110
01000110100000010001100111001101001110110
01000110100000010001101001110011100111010
01000110100000010001110010110100110110110
01000110100000010001110010110100111010110
01000110100000010001110100101110110011010
01000110100000010001111001101001110001110
01000110100000010001111010000111001111010
01000110100000010010010111001011010110110
01000110100000010010011001011101100110110
01000110100000010010011001011101100111010
01000110100000010100010110001010110011010
01000110100000010100011001101100111011010
01000110100000010100011001110100111011010
01000110100000010100011011010010111010110
01000110100000010100011101010010111010110
01000110100000010100100111001011010110110
01000110100000010100101001011101100110110
01000110100000010100101001011101100111010
01000110100000010100110100101110110011010
01000110100000010100111010000111001111010
01000110100000010101001011001011010110110
01000110100000010101001101010010111010110
01000110100000010101011100010110011101010
01000110100000010101101001011100011011010
01000110100000010101101001011101000111010
01000110100000010101101001011101011000110
01000110100000010101110000111001101011010
01000110100000010101110001011001011101010
01000110100000010101110001011001100111010
01000110100000010101110001011001110011010
01000110100000010101110001110011100011010
01000110100000010101110001110011101000110
01000110100000010101110010110101101100010
01000110100000010101110011011001110110110
01000110100000010101110011100011101000110
01000110100000010110000111010010111010110
01000110100000010110001001011101100110110
01000110100000010110001001011101100111010
01000110100000010110001100101110110011010
01000110100000010110010011010010111010110
01000110100000010110010111010110000111010
01000110100000010110010111011000011011010
01000110100000010110010111011001100010110
01000110100000010110010111011001100011010
01000110100000010110010111011001101000110
01000110100000010110010111011001101100010
01000110100000010110010111011001110100010
01000110100000010110011100000011111011010
01000110100000010110100100011011100111010
01000110100000010110100101000110110110110
01000110100000010110100101000111101010110
01000110100000010110100101010011101010110
01000110100000010110100101011100011011010
01000110100000010110100101011101011000110
01000110100000010110100101110000110110110
01000110100000010110100101110000111010110
01000110100000010110100101110010011010110
01000110100000010110100101110100001101110
01000110100000010110100101110100001111010
01000110100000010110100101110100100111010
01000110100000010110100101110110000110110
01000110100000010110100101110110011000110
01000110100000010110100111000000111110110
01000110100000010110110010111011001100010
01000110100000010111000000110011111011010
01000110100000010111000100101110110011010
01000110100000010111001001001011010110110
01000110100000010111001010001101010110110
01000110100000010111001010010011010110110
01000110100000010111001010100101010110110
01000110100000010111001010110101100010110
01000110100000010111001011001001010110110
01000110100000010111001011001110001010110
01000110100000010111001011010000110110110
01000110100000010111001011010010010110110
01000110100000010111001011010011100010110
01000110100000010111001011010110010010110
01000110100000010111001011011011001110110
01000110100000010111001101000011110011010
01000110100000010111001101100100011010110
01000110100000010111001110000110001111010
01000110100000010111001110001110000110110
01000110100000010111001110011011001110110
01000110100000010111010010111011001100010
01000110100000011000010101111011101110110
01000110100000011000010111101110011100010
01000110100000011000010111101110011101110
01000110100000011000010111101110011110110
01000110100000011000011110000001111110110
01000110100000011001000101101001110110110
01000110100000011001001001011101100110110
01000110100000011001001001011101100111010
01000110100000011001010001101011001100010
01000110100000011001010001101110110011010
01000110100000011001010001111010110011010
01000110100000011001010010011101100110110
01000110100000011001010010011101100111010
01000110100000011001010100101101100110110
01000110100000011001010100101101100111010
01000110100000011001010100111010110011010
01000110100000011001010111000101100111010
01000110100000011001010111010110011000110
01000110100000011001010111011000011011010
01000110100000011001010111011001100010110
01000110100000011001010111011001100011010
01000110100000011001010111011001101000110
01000110100000011001010111011001101100010
01000110100000011001010111011001110100010
01000110100000011001011001011100011011010
01000110100000011001011001011101011000110
01000110100000011001011010010111000110110
01000110100000011001011100000011111011010
01000110100000011001011100001101110011010
01000110100000011001011100001110011010110
01000110100000011001011100001111010011010
01000110100000011001011100011100111000110
01000110100000011001011100100101100110110
01000110100000011001011100100101100111010
01000110100000011001011100100111010011010
01000110100000011001011101100000011101110
01000110100000011001011101100000011110110
01000110100000011001011101100001011010110
01000110100000011001011101100001011011010
01000110100000011001011101100001011101010
01000110100000011001011101100001100110110
01000110100000011001011101100001100111010
01000110100000011001011101100001110011010
01000110100000011001011101100100011011010
01000110100000011001011101100100011101010
01000110100000011001011101100100100110110
01000110100000011001011101100100100111010
01000110100000011001011101100101001010110
01000110100000011001011101100101001011010
01000110100000011001011101100101001101010
01000110100000011001011101100101100010110
01000110100000011001011101100101100011010
01000110100000011001011101100101101000110
01000110100000011001011101100101101100010
01000110100000011001011101100101110001010
01000110100000011001011101100101110100010
01000110100000011001011101100110000000110
01000110100000011001011101100110000011110
01000110100000011001011101100110000110110
01000110100000011001011101100110000111010
01000110100000011001011101100110010010110
01000110100000011001011101100110010011010
01000110100000011001011101100110011000110
01000110100000011001011101100110011100010
01000110100000011001011101100111000001110
01000110100000011001011101100111001001010
01000110100000011001011101100111001100010
01000110100000011001100101110110000110110
01000110100000011001100101110110011000110
01000110100000011001100111000000111110110
01000110100000011001110000000011111101110
01000110100000011001110000001100111110110
01000110100000011001110000110000111110110
01000110100000011001110000111100101101010
01000110100000011001110010111011001100010
01000110100000011100000000110011111101110
01000110100000011100000010110011111011010
01000110100000011100000010110100111110110
01000110100000011100000011000011111101110
01000110100000011100000011001011111011010
01000110100000011100000011001100111110110
01000110100000011100001000111101001111010
01000110100000011100001010011101001111010
01000110100000011100001011000111001111010
01000110100000011100001011000111100110110
01000110100000011100001011100011001111010
01000110100000011100001011100111101000110
01000110100000011100001110010001101101110
01000110100000011100001110010001111101010
01000110100000011100001110010100111101010
01000110100000011100001110011110000111010
01000110100000011100001110011110010011010
01000110100000011100100000111001111101010
01000110100000011100100000111100111010110
01000110100000011100100011100101101010110
01000110100000011100101011100010001110110
01000110100000011100101011100010110011010
01000110100000011100101101001011100010110
01000110100000011100101101001011101100010
01000110100000011100101110011011001110110
01000110100000011100110010100011010110110
01000110100000011100110010111011001100010
01000110100000011100110011001011101100010
01000110100000011100110011100101110110110
01000110100000011100111001100101110110110
01000110100001000000011110011101110011010
01000110100001000000011110011110110011010
01000110100001000001011010010111010111010
01000110100001000001011010010111101011010
01000110100001000001011100101101011011010
01000110100001000001011100110110110011010
01000110100001000001011100111010110011010
01000110100001000001100101110110011011010
01000110100001000001100101110110011101010
01000110100001000001100101110111001101010
01000110100001000001100101111011001101010
01000110100001000001100111001100010011010
01000110100001000001100111001101110011010
01000110100001000001100111001111010011010
01000110100001000001110000111001111101010
01000110100001000001110010110110110011010
01000110100001000001110010111010110011010
01000110100001000001110011001110110011010
01000110100001000001110011010010110001010
01000110100001000001110011100110110011010
01000110100001000001110011100111010011010
01000110100001000001111000011100111101010
01000110100001000001111001101100101101010
01000110100001000001111001110110011000110
01000110100001000011001100101011000101010
01000110100001000101011011001110101000110
01000110100001000101011100111010101000110
01000110100001000101100000011001110101010
01000110100001000101100000110011101000110
01000110100001000101100010000110011101010
01000110100001000101100010010110101000110
01000110100001000101100010100001100111010
01000110100001000101100110110011101000110
01000110100001000101100111010011101000110
01000110100001000101101001011000101000110
01000110100001000101101001110011101000110
01000110100001000101101010011000000011110
01000110100001000101101100101101101000110
01000110100001000101101100101110101000110
01000110100001000101110010110110101000110
01000110100001000101110010111010101000110
01000110100001000101110100101110101000110
01000110100001000110000011100110011000110
01000110100001000110000101100010011101010
01000110100001000110011000000110011101010
01000110100001000110011101001011000001010
01000110100001000110100001010110001011010
01000110100001000110100001011000100111010
01000110100001000110100100010110101000110
01000110100001000110100101011000001101010
01000110100001000110100101011000100011010
01000110100001000110100101011000110001010
01000110100001000110100101100000011101010
01000110100001000110100101100001110001010
01000110100001000110100101100011000001110
01000110100001000110100110000001100011110
01000110100001000110100110000101100010110
01000110100001000110100110000110000011110
01000110100001000110100110010110000011010
01000110100001000111000000110011111011010
01000110100001000111001010110110101000110
01000110100001000111001010111010101000110
01000110100001000111001011000001101000110
01000110100001000111001011001101101000110
01000110100001000111001011001110101000110
01000110100001000111001011010011101000110
01000110100001000111001011010110011000110
01000110100001000111001011101010011000110
01000110100001000111001100111010011000110
01000110100001000111001101001011000001010
01000110100001000111001110010110101000110
01000110100001000111001110011010011000110
01000110100001001000010111001011010110110
01000110100001001000011001011101100110110
01000110100001001000011001011101100111010
01000110100001001001011000000110011101010
01000110100001001001011000100001100111010
01000110100001001001100001011000100111010
01000110100001001001100110000001100111010
01000110100001010001100000011001110101010
01000110100001010001100010100001100111010
01000110100001010001101000000110011101010
01000110100001010001101000000111001101010
01000110100001010001101001011000110001010
01000110100001010001101001100000001111010
01000110100001010001101001100000111000110
01000110100001010010011000000110011101010
01000110100001010010011000100001100111010
01000110100001010010100001011000100111010
01000110100001010010100110000001100111010
01000110100001010100101000000110011101010
01000110100001010100101000100001100111010
01000110100001010101100010001010011000110
01000110100001010110000001011011011101010
01000110100001010110000001100111101101010
01000110100001010110000001111001110101010
01000110100001010110000010100001100111010
01000110100001010110000111001110001101010
01000110100001010110001000000110011101010
01000110100001010110001000000111001101010
01000110100001011000000001011001101101010
01000110100001011000000001100111110111010
01000110100001011000000001111100111101010
01000110100001011000000100100110011101010
01000110100001011000000101001010011101010
01000110100001011000000101011011011101010
01000110100001011000000101100111010111010
01000110100001011000000101111001110101010
01000110100001011000000101111010110011010
01000110100001011000000110000101110101010
01000110100001011000000110000110011101010
01000110100001011000000110000111110111010
01000110100001011000000110010010011101010
01000110100001011000000110010100101101010
01000110100001011000000110010110110111010
01000110100001011000000110010111000101010
01000110100001011000000110010111101101010
01000110100001011000000110011001111011010
01000110100001011000000110011100100101010
01000110100001011000000110011101001001010
01000110100001011000000110011110011101010
01000110100001011000000110011110110011010
01000110100001011000000111001011011011010
01000110100001011000000111001011101011010
01000110100001011000000111001100111011010
01000110100001011000000111001100111101010
01000110100001011000000111001110011101010
01000110100001011000000111001111010011010
01000110100001011000000111100110011011010
01000110100001011000000111100110011101010
01000110100001011000000111100111010011010
01000110100001011000000111100111100011010
01000110100001011000000111100111101000110
01000110100001011000001001100001100111010
01000110100001011000001100101100011000110
01000110100001011000001100110011000001110
01000110100001011000001110011000000011110
01000110100001011000010000011001110101010
01000110100001011000010010000110011101010
01000110100001011000010010100001100111010
01000110100001011000010101100010110100010
01000110100001011000010110000011110100010
01000110100001011000010110001001110100010
01000110100001011000010111001110001101010
01000110100001011000011000000110011101010
01000110100001011000011000110011000001110
01000110100001011000011001110011100011010
01000110100001011000011100001111000111010
01000110100001011000011100101100010100010
01000110100001011000011100101110001011010
01000110100001011000011100101110001101010
01000110100001011000011100111000001111010
01000110100001011000011100111000110011010
01000110100001011000011100111000111000110
01000110100001011000100001001001100111010
01000110100001011000100001010010100111010
01000110100001011000100001011001110100010
01000110100001011000100001011101100111010
01000110100001011000100001100100100111010
01000110100001011000100001100101001011010
01000110100001011000100001100111001001010
01000110100001011000100100000110011101010
01000110100001011000100100100001100111010
01000110100001011000100101011000110001010
01000110100001011000100101100011000001110
01000110100001011000100110000101110100010
01000110100001011000110000001011110110110
01000110100001011000110000101011101010110
01000110100001011000110000101011101101010
01000110100001011000110000101100010001110
01000110100001011000110000101110110001110
01000110100001011000110010101100010001010
01000110100001011000110010101101000001010
01000110100001011000110010110000011000110
01000110100001011000110010110001000001110
01000110100001011001000000011001110101010
01000110100001011001000010100001100111010
01000110100001011001001000000110011101010
01000110100001011001001000100001100111010
01000110100001011001011000001000110011010
01000110100001011001011000001101001100010
01000110100001011001100000000110011011010
01000110100001011001100000000110011101010
01000110100001011001100000001111001100010
01000110100001011001100000010110110111010
01000110100001011001100000011001100011010
01000110100001011001100000011001110100010
01000110100001011001100000011001111011010
01000110100001011001100000011110011101010
01000110100001011001100001110011100011010
01000110100001100000000001100111111011110
01000110100001100000000101100111110111010
01000110100001100000000101101001111101110
01000110100001100000000110000111111011110
01000110100001100000000110010111110111010
01000110100001100000000110011001111101110
01000110100001100000010001100111110111010
01000110100001100000010001110011011101110
01000110100001100000010001110011111010110
01000110100001100000010100110110011110110
01000110100001100000010101100111101101010
01000110100001100000010101101001111011010
01000110100001100000010101101010011110110
01000110100001100000010110000010011110110
01000110100001100000010110000111110111010
01000110100001100000010110001110011110110
01000110100001100000010110010111101101010
01000110100001100000010110011001111011010
01000110100001100000010110011010011110110
01000110100001100000010110011110110000010
01000110100001100000010110011110110001110
01000110100001100000010110011110110011010
01000110100001100000010110100001111101110
01000110100001100000010110100101110101110
01000110100001100000010110100101111011010
01000110100001100000010110100110011110110
01000110100001100000010111001011010110110
01000110100001100000010111101001110001110
01000110100001100000011000000111111011110
01000110100001100000011000010111110111010
01000110100001100000011000011001111101110
01000110100001100000011001000111110111010
01000110100001100000011001010011110110110
01000110100001100000011001010111101101010
01000110100001100000011001011001111011010
01000110100001100000011001011010011110110
01000110100001100000011001011101100110110
01000110100001100000011001011101100111010
01000110100001100000011001011101110011010
01000110100001100000011001011110110011010
01000110100001100000011001100001111101110
01000110100001100000011001100101111011010
01000110100001100000011001100110011110110
01000110100001100000011001111001001110110
01000110100001100000011100001110011111010
01000110100001100000011110000111001111010
01000110100001100001000000011011100111010
01000110100001100001000001100011100111010
01000110100001100001000001100111110111010
01000110100001100001000101100010100111010
01000110100001100001000110000011100111010
01000110100001100001000110011000100111010
01000110100001100001001001011000100111010
01000110100001100001010001100010100111010
01000110100001100001010010011000100111010
01000110100001100001010100101000100111010
01000110100001100001010101100000101011010
01000110100001100001010101100010001011010
01000110100001100001010101100010110100010
01000110100001100001010110000000001011010
01000110100001100001010110000010100111010
01000110100001100001010110000110001011010
01000110100001100001010110001000100111010
01000110100001100001010110001001001011010
01000110100001100001010110001001110100010
01000110100001100001010110001011001001010
01000110100001100001010110010000101011010
01000110100001100001010110011000001011010
01000110100001100001010111000101100111010
01000110100001100001010111000111010001110
01000110100001100001010111001110001101010
01000110100001100001011000000110011101010
01000110100001100001011000001001100111010
01000110100001100001011000001111001001010
01000110100001100001011000010010100111010
01000110100001100001011000011000100111010
01000110100001100001011000100001100111010
01000110100001100001011000100100100111010
01000110100001100001011000100101001011010
01000110100001100001011000100101110100010
01000110100001100001011000100111001001010
01000110100001100001011000110011100111010
01000110100001100001011001000010100111010
01000110100001100001011001001000100111010
01000110100001100001011001100000100111010
01000110100001100001011001100110000010110
01000110100001100001011001110011000111010
01000110100001100001011100010011100111010
01000110100001100001011100011000011110110
01000110100001100001011100011001011101010
01000110100001100001011100011001100111010
01000110100001100001011100101100000101010
01000110100001100001011100101100010100010
01000110100001100001011100101110001101010
01000110100001100001011100110011100011010
01000110100001100001011100111000110011010
01000110100001100001011100111001100010110
01000110100001100001100000011001111101110
01000110100001100001100001011000100111010
01000110100001100001100001011100011110110
01000110100001100001100001111001110001110
01000110100001100001100101011000001011010
01000110100001100001100101011000111010110
01000110100001100001100101011100011101010
01000110100001100001100101100000100111010
01000110100001100001100101100011100111010
01000110100001100001100101110000110001010
01000110100001100001100101110001100111010
01000110100001100001100101110011000110110
01000110100001100001100101110011100011010
01000110100001100001100110000001100111010
01000110100001100001100110010111000111010
01000110100001100001100110011100111000110
01000110100001100001100111001011000001010
01000110100001100001100111001011000111010
01000110100001100001100111001110011000110
01000110100001100001110000001100111110110
01000110100001100001110000001111100111010
01000110100001100001110000110011110001110
01000110100001100001110000111100111000110
01000110100001100001110010101100010001010
01000110100001100001110010101110001011010
01000110100001100001110010101110001101010
01000110100001100001110010110000000001010
01000110100001100001110010110000110001010
01000110100001100001110010111000100111010
01000110100001100001110010111001100010110
01000110100001100001110011001011100011010
01000110100001100001110011001100111000110
01000110100001100001110011100001100011110
01000110100001100001110011100001110001110
01000110100001100001110011100101110001010
01000110100001100001110011100111001100010
01000110100001100100000101100010011101010
01000110100001100100010110001010010011010
01000110100001100100011000000110011101010
01000110100001100100011000110010011000110
01000110100001100100011010000001100111010
01000110100001100100011010000001110011010
01000110100001100100100001011000100111010
01000110100001100100100110000001100111010
01000110100001100101001010000001100111010
01000110100001100101100000000101110101010
01000110100001100101100000000110011101010
01000110100001100101100000010110110111010
01000110100001100101100000011001111011010
01000110100001100101100000011100111101010
01000110100001100101100000011110011101010
01000110100001100101100000100001100111010
01000110100001100101100010000001100111010
01000110100001100101100010000001110011010
01000110100001100110000000011001111101110
01000110100001100110000001001001100111010
01000110100001100110000001010010100111010
01000110100001100110000001010110110111010
01000110100001100110000001010111101011010
01000110100001100110000001011000100110110
01000110100001100110000001011001110101110
01000110100001100110000001011001111010110
01000110100001100110000001011011001111010
01000110100001100110000001011100111101010
01000110100001100110000001011101001111010
01000110100001100110000001011110011101010
01000110100001100110000001011110100110110
01000110100001100110000001011110100111010
01000110100001100110000001100001111101110
01000110100001100110000001100100100111010
01000110100001100110000001100101001011010
01000110100001100110000001100101101101110
01000110100001100110000001100101111010110
01000110100001100110000001100101111011010
01000110100001100110000001100110011110110
01000110100001100110000001100111001001010
01000110100001100110000001100111001111010
01000110100001100110000001100111100111010
01000110100001100110000001110010110110110
01000110100001100110000001110010111010110
01000110100001100110000001110011001110110
01000110100001100110000001110011001111010
01000110100001100110000001110011100111010
01000110100001100110000001111001100110110
01000110100001100110000001111001100111010
01000110100001100110000100000110011101010
01000110100001100110000100100001100111010
01000110100001100110000101011000001011010
01000110100001100110000101100000100111010
01000110100001100110000101110001100111010
01000110100001100110000101110011100011010
01000110100001100110000110000001100111010
01000110100001100110000110010111000111010
01000110100001100110000110011100111000110
01000110100001100110000111001011000001010
01000110100001100110000111001011100011010
01000110100001100110000111001100111000110
01000110100001100110010000000110011101010
01000110100001100110010001011000101000110
01000110100001100110010001100011001001010
01000110100001100110010010000001100111010
01000110100001100110010110000001100011010
01000110100001100110011000000001100111010
01000110100001100110011000000101101101110
01000110100001100110011000000110011110110
01000110100001100110011000000111001111010
01000110100001100110011000000111100111010
01000110100001100110011000010110000010110
01000110100100000110000001100111101100010
01000110100100010001101010000001100111010
01000110100100010001101010000001110011010
01000110100100010010011010000001100111010
01000110100100010010011010000001110011010
01000110100100010100101010000001100111010
01000110100100010100101010000001110011010
01000110100100010110001010000001100111010
01000110100100010110001010000001110011010
01000110100100010110101000000110011000110
01000110100100011000000110011101000011010
01000110100100011000000111001101000011010
01000110100100011000110000110010110001010
01000110100100011001001010000001100111010
01000110100100011001001010000001110011010
01000110100100011010000001000110100111010
01000110100100011010000001001001100111010
01000110100100011010000001001001110011010
01000110100100011010000001010010100111010
01000110100100011010000001010010110011010
01000110100100011010000001011001110100010
01000110100100011010000001100100100111010
01000110100100011010000001100101001011010
01000110100100011010000001100101100010110
01000110100100011010000001100111001001010
01000110100100011010000001110010001101010
01000110100100011010000001110010010011010
01000110100100011010000001110010100101010
01000110100100011010000001110010110110110
01000110100100011010000001110010111010110
01000110100100011010000001110011001001010
01000110100100011010000001110011001110110
01000110100100011010000001110011100110110
01000110100100011010000001110011100111010
01000110100100011010000100000110011101010
01000110100100011010000100000111001101010
01000110100100011010000100100001100111010
01000110100100011010000100100001110011010
01000110100100011010000110000001100111010
01000110100100011010000110000001110011010
01000110100100011010010010000001100111010
01000110100100011010010010000001110011010
01000110100100100000010111001011010110110
01000110100100100000011001011101100110110
01000110100100100000011001011101100111010
01000110100100100001011000000110011101010
01000110100100100001011000100001100111010
01000110100100100001100001011000100111010
01000110100100100001100110000001100111010
01000110100100100100011010000001100111010
01000110100100100100011010000001110011010
01000110100101001000011010000001100111010
01000110100101001000011010000001110011010
01001000000100011010000110000111100111010
01001000010001011010100000011100101101010
01001000010001101000011000000110011110110
01001001000101100010100000011100101101010
01001001000101101010000001110010110110110
01001001000101101010000001110010111010110
01001001000101101010000001110011001110110
01001001000101101010000001110011100110110
01001001000101101010000001110011100111010
01001001000110011000000110011101000011010
01001001000110011000000111001101000011010
01001001000110011010000001110011001110110
01001001000110100000010111001011010110110
01001001000110100000011001011101100110110
01001001000110100000011001011101100111010
01001001000110100001011000000110011101010
01001001000110100001011000100001100111010
01001001000110100001100001011000100111010
01001001000110100001100110000001100111010
01001001000110100100011010000001100111010
01001001000110100100011010000001110011010
01010000010110101000100000011100101101010
01010000011010001000011000000110011110110
01010001011010100000011100101101101100010
01010001011010100000011100101110101100010
01010001011010100000011100110011101100010
01010001011010100000011100111001110100010
01010001100110000001100111010000110100010
01010001100110100000011100101101101100010
01010001100110100000011100110011101100010
01010001101000000101011011011001110100010
01010001101000000101100111010011101100010
01010001101000000110010111011001101100010
01010001101000000110010111011001110100010
01010001101000000111001010110110110100010
01010001101000000111001011001110101100010
01010001101000000111001011001110110100010
01010001101000000111001011011011000011010
01010001101000000111001011100110101100010
01010001101000000111001011100110110100010
01010001101000000111001100101110110100010
01010001101000000111001100111011000011010
01010001101000000111001110011001101100010
01010001101000000111001110011011000011010
01010001101000000111001110011101000011010
01010001101000010110000001100111010100010
01010001101000010110001000011001110100010
01010001101000011000010110001001110100010
01010001101000011001100000011001110100010
01010001101001000110100000011001110100010
01010010000101100010100000011100101101010
01010010000101101010000001110010110110110
01010010000101101010000001110010111010110
01010010000101101010000001110011001110110
01010010000101101010000001110011100110110
01010010000101101010000001110011100111010
01010010000110011000000110011101000011010
01010010000110011000000111001101000011010
01010010000110011010000001110011001110110
01010010000110100000010111001011010110110
01010010000110100000011001011101100110110
01010010000110100000011001011101100111010
01010010000110100001011000000110011101010
01010010000110100001011000100001100111010
01010010000110100001100001011000100111010
01010010000110100001100110000001100111010
01010010000110100100011010000001100111010
01010010000110100100011010000001110011010
