term_bits,size_bits,class,steps_run,size0,final_size,max_size,pos_delta_frac,hit_node_cap,period,first_recur_step,head_bits,head_k,head_count,chain_len,milestone_steps,milestone_arg_sizes,growth,ckpt_0_1k_5k_10k_20k,k0_frac,max_k,final_k,notes
00000000010001011010100000011100101101010,41,blowup,48,20,1062916,1062916,0.5000,1,0,0,,0,0,0,,,n/a,20|0|0|0|0,1.0000,0,0,
00000000010001101000011000000110011110110,41,opaque,20000,19,61228,61522,0.0100,0,0,0,,0,0,0,,,linear(r2=1.000),19|3373|15628|30517|61228,1.0000,0,0,
00000001000101100010100000011100101101010,41,blowup,51,20,1062915,1062915,0.4902,1,0,0,,0,0,0,,,n/a,20|0|0|0|0,1.0000,0,0,
00000001000101101010000001110010110110110,41,opaque,20000,19,300035,300038,0.5000,0,0,0,,0,0,0,,,linear(r2=1.000),19|15035|75035|150035|300035,1.0000,0,0,
00000001000101101010000001110010111010110,41,opaque,20000,19,300035,300038,0.5000,0,0,0,,0,0,0,,,linear(r2=1.000),19|15035|75035|150035|300035,1.0000,0,0,
00000001000101101010000001110011001110110,41,opaque,20000,19,400415,400418,0.5001,0,0,0,,0,0,0,,,linear(r2=1.000),19|20415|100415|200415|400415,1.0000,0,0,
00000001000101101010000001110011100110110,41,opaque,20000,19,316611,316614,0.6912,0,0,0,,0,0,0,,,linear(r2=1.000),19|16883|80259|159095|316611,1.0000,0,0,
00000001000101101010000001110011100111010,41,opaque,20000,19,39999,40021,0.1915,0,0,0,,0,0,0,,,linear(r2=0.997),19|4927|12279|21507|39999,1.0000,0,0,
00000001000101101110100000011100101101010,41,blowup,50,19,1062917,1062917,0.5000,1,0,0,,0,0,0,,,n/a,19|0|0|0|0,1.0000,0,0,
00000001000110011000000110011101000011010,41,blowup,3500,20,500073,500073,0.5060,1,0,0,,0,0,0,,,linear(r2=0.971),20|77097|0|0|0,1.0000,0,0,
00000001000110011000000111001101000011010,41,blowup,91,20,524317,524317,0.5824,1,0,0,,0,0,0,,,n/a,20|0|0|0|0,1.0000,0,0,
00000001000110011010000001110011001110110,41,opaque,20000,19,400115,400118,0.5001,0,0,0,,0,0,0,,,linear(r2=1.000),19|20115|100115|200115|400115,1.0000,0,0,
00000001000110100000010111001011010110110,41,monotone-growth,51,19,573080,573080,1.0000,1,0,0,,0,0,0,,,n/a,19|0|0|0|0,1.0000,0,0,
00000001000110100000011001011101100110110,41,monotone-growth,577,19,500014,500014,1.0000,1,0,0,,0,0,0,,,n/a,19|0|0|0|0,1.0000,0,0,
00000001000110100000011001011101100111010,41,monotone-growth,577,19,502282,502282,0.9983,1,0,0,,0,0,0,,,n/a,19|0|0|0|0,1.0000,0,0,
00000001000110100001011000000110011101010,41,blowup,5554,20,500207,500207,0.5061,1,0,0,,0,0,0,,,linear(r2=0.972),20|38215|427978|0|0,1.0000,0,0,
00000001000110100001011000100001100111010,41,blowup,6069,20,500023,500023,0.2974,1,0,0,,0,0,0,,,linear(r2=0.973),20|33804|371002|0|0,1.0000,0,0,
00000001000110100001100001011000001111010,41,opaque,20000,19,2513,2849,0.5026,0,0,0,,0,0,0,,,linear(r2=0.714),19|250|649|544|2513,1.0000,0,0,
00000001000110100001100001011000100111010,41,opaque,20000,20,83730,83772,0.0352,0,0,0,,0,0,0,,,linear(r2=1.000),20|4434|21332|41898|83730,1.0000,0,0,
00000001000110100001100001011011100111010,41,opaque,20000,19,82563,82650,0.0375,0,0,0,,0,0,0,,,linear(r2=1.000),19|4438|21093|41782|82563,1.0000,0,0,
00000001000110100001100001011110011101010,41,monotone-growth,1763,19,500113,500113,1.0000,1,0,0,,0,0,0,,,n/a,19|215129|0|0|0,1.0000,0,0,
00000001000110100001100110000001100111010,41,blowup,3654,20,500313,500313,0.5060,1,0,0,,0,0,0,,,linear(r2=0.967),20|69195|0|0|0,1.0000,0,0,
00000001000110100100011010000001100111010,41,blowup,3499,20,500073,500073,0.5061,1,0,0,,0,0,0,,,linear(r2=0.971),20|77289|0|0|0,1.0000,0,0,
00000001000110100100011010000001110011010,41,blowup,90,20,524317,524317,0.5889,1,0,0,,0,0,0,,,n/a,20|0|0|0|0,1.0000,0,0,
00000100000101110101100000011100101101010,41,blowup,50,19,1062917,1062917,0.5000,1,0,0,,0,0,0,,,n/a,19|0|0|0|0,1.0000,0,0,
00000100000111011000011000000110011110110,41,opaque,20000,18,61227,61521,0.0100,0,0,0,,0,0,0,,,linear(r2=1.000),18|3372|15627|30516|61227,1.0000,0,0,
00000100010101101010100000011001011101010,41,opaque,20000,20,99836,99836,0.4994,0,0,0,,0,0,0,,,linear(r2=1.000),20|4916|24868|49852|99836,1.0000,0,0,
00000100010101101010100000011100101101010,41,blowup,41,20,590521,590521,0.5122,1,0,0,,0,0,0,,,n/a,20|0|0|0|0,1.0000,0,0,
00000100010110011010100000011001011101010,41,opaque,20000,20,99820,99820,0.4994,0,0,0,,0,0,0,,,linear(r2=1.000),20|4900|24852|49836|99820,1.0000,0,0,
00000100010110011010100000011100101101010,41,blowup,42,20,590558,590558,0.5000,1,0,0,,0,0,0,,,n/a,20|0|0|0|0,1.0000,0,0,
00000100010110100010000001110011001110110,41,opaque,20000,19,400055,400055,0.5000,0,0,0,,0,0,0,,,linear(r2=1.000),19|20055|100055|200055|400055,1.0000,0,0,
00000100010110100101101010000001100111010,41,blowup,3501,20,500089,500089,0.5001,1,0,0,,0,0,0,,,linear(r2=0.971),20|77662|0|0|0,1.0000,0,0,
00000100010110101000000101011011000111010,41,opaque,20000,19,13389,13389,0.6667,0,0,0,,0,0,0,,,linear(r2=0.802),19|716|3389|6716|13389,1.0000,0,0,
00000100010110101000000101110100110001110,41,opaque,20000,19,141594,146488,0.5892,0,0,0,,0,0,0,,,linear(r2=0.972),19|9169|28805|58943|141594,1.0000,0,0,
00000100010110101000000110010101101101010,41,opaque,20000,20,180010,180016,0.4000,0,0,0,,0,0,0,,,linear(r2=1.000),20|9010|45010|90010|180010,1.0000,0,0,
00000100010110101000000110010101110101010,41,opaque,20000,20,239770,239770,0.4996,0,0,0,,0,0,0,,,linear(r2=1.000),20|11860|59800|119770|239770,1.0000,0,0,
00000100010110101000000110010110011011010,41,opaque,20000,20,140020,140026,0.3333,0,0,0,,0,0,0,,,linear(r2=1.000),20|7030|35020|70030|140020,1.0000,0,0,
00000100010110101000000110010110011101010,41,opaque,20000,20,90040,90046,0.2500,0,0,0,,0,0,0,,,linear(r2=1.000),20|4540|22540|45040|90040,1.0000,0,0,
00000100010110101000000110011100101101010,41,blowup,34,20,531490,531490,0.5000,1,0,0,,0,0,0,,,n/a,20|0|0|0|0,1.0000,0,0,
00000100010110101000000111001100101101010,41,blowup,28,20,524338,524338,0.5000,1,0,0,,0,0,0,,,n/a,20|0|0|0|0,1.0000,0,0,
00000100010110101000011000000101101101110,41,opaque,20000,19,1381,2152,0.0072,0,0,0,,0,0,0,,,linear(r2=0.701),19|502|1021|1246|1381,1.0000,0,0,
00000100010110101000011000000110011110110,41,opaque,20000,19,1854,2430,0.0100,0,0,0,,0,0,0,,,linear(r2=0.778),19|495|954|1143|1854,1.0000,0,0,
00000100010110110100000011001011000111010,41,opaque,20000,19,60016,60022,0.3333,0,0,0,,0,0,0,,,linear(r2=1.000),19|3022|15016|30022|60016,1.0000,0,0,
00000100011000000111001111010000101101010,41,opaque,20000,19,28024,28036,0.2001,0,0,0,,0,0,0,,,linear(r2=1.000),19|1424|7024|14024|28024,1.0000,0,0,
00000100011000011100101100000101000011010,41,opaque,20000,20,50453,73727,0.1676,0,0,0,,0,0,0,,,linear(r2=0.745),20|3809|12521|25157|50453,1.0000,0,0,
00000100011000011100111000110000101101010,41,opaque,20000,19,95176,96865,0.3375,0,0,0,,0,0,0,,,linear(r2=1.000),19|5840|24761|48724|95176,1.0000,0,0,
00000100011000110000001011101100001101110,41,opaque,20000,18,667,1441,0.0071,0,0,0,,0,0,0,,,linear(r2=0.418),18|333|657|737|667,1.0000,0,0,
00000100011000110000101011010000110110110,41,opaque,20000,19,811,1585,0.0071,0,0,0,,0,0,0,,,linear(r2=0.502),19|368|731|840|811,1.0000,0,0,
00000100011000110000111001011010000110110,41,opaque,20000,19,811,1585,0.0071,0,0,0,,0,0,0,,,linear(r2=0.502),19|368|731|840|811,1.0000,0,0,
00000100011001011010100000011100101101010,41,blowup,46,20,1062914,1062914,0.5000,1,0,0,,0,0,0,,,n/a,20|0|0|0|0,1.0000,0,0,
00000100011001100000011100111101000011010,41,opaque,20000,19,16707,16707,0.3335,0,0,0,,0,0,0,,,linear(r2=1.000),19|866|4207|8366|16707,1.0000,0,0,
00000100011001100000011110011101000011010,41,blowup,3094,19,500584,500584,0.3432,1,0,0,,0,0,0,,,linear(r2=0.968),19|89100|0|0|0,1.0000,0,0,
00000100011001100011000000101110100111010,41,blowup,2797,19,500207,500207,0.6618,1,0,0,,0,0,0,,,linear(r2=0.970),19|104742|0|0|0,1.0000,0,0,
00000100011001101000000110010111011000110,41,opaque,20000,19,6492,8010,0.6706,0,0,0,,0,0,0,,,linear(r2=0.675),19|885|1989|2926|6492,1.0000,0,0,
00000100011001101000011000000101101101110,41,opaque,20000,19,1446,2163,0.0073,0,0,0,,0,0,0,,,linear(r2=0.736),19|366|1086|1311|1446,1.0000,0,0,
00000100011001101000011000000110011110110,41,opaque,20000,19,1257,2430,0.0101,0,0,0,,0,0,0,,,linear(r2=0.678),19|507|657|1155|1257,1.0000,0,0,
00000100011010000001000110011011001110110,41,opaque,20000,19,173351,173354,0.6667,0,0,0,,0,0,0,,,linear(r2=1.000),19|8696|43351|86696|173351,1.0000,0,0,
00000100011010000001000110011101001110110,41,opaque,20000,19,173351,173354,0.6667,0,0,0,,0,0,0,,,linear(r2=1.000),19|8696|43351|86696|173351,1.0000,0,0,
00000100011010000001011010010111000110110,41,opaque,20000,19,437619,491469,0.0027,0,0,0,,0,0,0,,,linear(r2=0.728),19|8239|109603|218951|437619,1.0000,0,0,
00000100011010000001011100001110011010110,41,opaque,20000,19,273328,273328,0.6667,0,0,0,,0,0,0,,,linear(r2=1.000),19|13662|68328|136662|273328,1.0000,0,0,
00000100011010000001100101110110000110110,41,blowup,1732,19,501451,501451,0.6669,1,0,0,,0,0,0,,,n/a,19|167537|0|0|0,1.0000,0,0,
00000100011010000001100101110110011000110,41,monotone-growth,34,19,786439,786439,1.0000,1,0,0,,0,0,0,,,n/a,19|0|0|0|0,1.0000,0,0,
00000100011010000001100101110110011011110,41,monotone-growth,1412,18,500582,500582,0.9993,1,0,0,,0,0,0,,,n/a,18|251528|0|0|0,1.0000,0,0,
00000100011010000001100101110110011111010,41,monotone-growth,1412,18,500582,500582,0.9993,1,0,0,,0,0,0,,,n/a,18|251528|0|0|0,1.0000,0,0,
00000100011010000001100111000000111110110,41,opaque,20000,18,21628,21922,0.0100,0,0,0,,0,0,0,,,linear(r2=0.999),18|1438|5828|10918|21628,1.0000,0,0,
00000100011010000001110000001100111110110,41,opaque,20000,18,61428,61722,0.0100,0,0,0,,0,0,0,,,linear(r2=1.000),18|3418|15728|30658|61428,1.0000,0,0,
00000100011010000001110011001011101100010,41,opaque,20000,19,268110,268110,0.4002,0,0,0,,0,0,0,,,linear(r2=1.000),19|13510|67110|134110|268110,1.0000,0,0,
00000100011010000100010110110011101000110,41,opaque,20000,19,159333,229375,0.5003,0,0,0,,0,0,0,,,linear(r2=0.787),19|3753|39846|79675|159333,1.0000,0,0,
00000100011010000100010111001110101000110,41,opaque,20000,19,17903,21492,0.5719,0,0,0,,0,0,0,,,linear(r2=0.827),19|2026|8986|7998|17903,1.0000,0,0,
00000100011010000100011100101101101000110,41,blowup,2028,19,826690,826690,0.5049,1,0,0,,0,0,0,,,linear(r2=0.964),19|92024|0|0|0,1.0000,0,0,
00000100011010000100011100101110101000110,41,opaque,20000,19,320004,428654,0.6670,0,0,0,,0,0,0,,,linear(r2=0.759),19|10625|114421|366645|320004,1.0000,0,0,
00000100011010000101100000010110110111010,41,opaque,20000,19,2852,3146,0.0051,0,0,0,,0,0,0,,,linear(r2=0.833),19|572|1452|1412|2852,1.0000,0,0,
00000100011010000101100000011001111011010,41,opaque,20000,19,64154,64724,0.0106,0,0,0,,0,0,0,,,linear(r2=0.999),19|3894|17292|33470|64154,1.0000,0,0,
00000100011010000101100000011100111101010,41,opaque,20000,19,76052,76058,0.2001,0,0,0,,0,0,0,,,linear(r2=1.000),19|3852|19052|38052|76052,1.0000,0,0,
00000100011010000101100000011110011101010,41,blowup,508,19,505736,505736,0.2087,1,0,0,,0,0,0,,,n/a,19|0|0|0|0,1.0000,0,0,
00000100011010000101100001110011100011010,41,opaque,20000,19,438841,440941,0.3354,0,0,0,,0,0,0,,,linear(r2=0.999),19|26764|116156|224248|438841,1.0000,0,0,
00000100011010000101100011001011011000110,41,blowup,2513,19,29843,32146,0.2547,1,0,0,,0,0,0,,,linear(r2=0.757),19|13655|0|0|0,1.0000,0,0,step-alloc-cap
00000100011010000101100110000011100110110,41,blowup,2283,19,46068,46068,0.3368,1,0,0,,0,0,0,,,linear(r2=1.000),19|17937|0|0|0,1.0000,0,0,step-alloc-cap
00000100011010000101100110000011100111010,41,blowup,2283,19,46068,46068,0.3368,1,0,0,,0,0,0,,,linear(r2=1.000),19|17937|0|0|0,1.0000,0,0,step-alloc-cap
00000100011010000101101100101100011000110,41,blowup,710,19,50898,50898,0.2606,1,0,0,,0,0,0,,,n/a,19|0|0|0|0,1.0000,0,0,step-alloc-cap
00000100011010000101101100110011000001110,41,blowup,1883,19,19296,19299,0.3356,1,0,0,,0,0,0,,,n/a,19|6441|0|0|0,1.0000,0,0,step-alloc-cap
00000100011010000110000000011001111101110,41,opaque,20000,18,81328,81622,0.0100,0,0,0,,0,0,0,,,linear(r2=1.000),18|4408|20678|40528|81328,1.0000,0,0,
00000100011010000110000001011001111011010,41,opaque,20000,19,101430,101724,0.0100,0,0,0,,0,0,0,,,linear(r2=1.000),19|5445|25730|50541|101430,1.0000,0,0,
00000100011010000110000001011010011110110,41,opaque,20000,19,101430,101724,0.0100,0,0,0,,0,0,0,,,linear(r2=1.000),19|5445|25730|50541|101430,1.0000,0,0,
00000100011010000110000001100001111101110,41,opaque,20000,18,81328,81622,0.0100,0,0,0,,0,0,0,,,linear(r2=1.000),18|4408|20678|40528|81328,1.0000,0,0,
00000100011010000110000001100101111011010,41,opaque,20000,19,21680,22034,0.0072,0,0,0,,0,0,0,,,linear(r2=0.999),19|1350|5691|10730|21680,1.0000,0,0,
00000100011010000110000001100110011110110,41,opaque,20000,19,101430,101724,0.0100,0,0,0,,0,0,0,,,linear(r2=1.000),19|5445|25730|50541|101430,1.0000,0,0,
00000100011010000110000101011000001011010,41,opaque,20000,20,595,758,0.0184,0,0,0,,0,0,0,,,linear(r2=0.696),20|208|317|343|595,1.0000,0,0,
00000100011010000110000101100000100111010,41,opaque,20000,20,595,758,0.0184,0,0,0,,0,0,0,,,linear(r2=0.696),20|208|317|343|595,1.0000,0,0,
00000100011010000110000101110001100111010,41,blowup,832,19,500126,500126,0.5565,1,0,0,,0,0,0,,,n/a,19|0|0|0|0,1.0000,0,0,
00000100011010000110000101110011100011010,41,blowup,10792,19,501395,501395,0.5191,1,0,0,,0,0,0,,,linear(r2=0.998),19|57491|230235|444450|0,1.0000,0,0,
00000100011010000110000101110111100111010,41,blowup,249,18,7839,7839,0.0361,1,0,0,,0,0,0,,,n/a,18|0|0|0|0,1.0000,0,0,step-alloc-cap
00000100011010000110000101111001110100010,41,opaque,20000,19,101430,101724,0.0100,0,0,0,,0,0,0,,,linear(r2=1.000),19|5445|25730|50541|101430,1.0000,0,0,
00000100011010000110000101111001110101110,41,opaque,20000,18,81328,81622,0.0100,0,0,0,,0,0,0,,,linear(r2=1.000),18|4408|20678|40528|81328,1.0000,0,0,
00000100011010000110000101111100111010110,41,blowup,30,18,8496,8496,0.3000,1,0,0,,0,0,0,,,n/a,18|0|0|0|0,1.0000,0,0,step-alloc-cap
00000100011010000110000110010111000111010,41,blowup,172,19,503878,503878,0.7674,1,0,0,,0,0,0,,,n/a,19|0|0|0|0,1.0000,0,0,
00000100011010000110000110011100111000110,41,blowup,754,19,507684,507684,0.5424,1,0,0,,0,0,0,,,n/a,19|0|0|0|0,1.0000,0,0,
00000100011010000110000111001011000001010,41,blowup,19733,20,684452,684452,0.1471,1,0,0,,0,0,0,,,exp(r2=0.178),20|3334|76855|65350|0,1.0000,0,0,
00000100011010000110000111001011100011010,41,blowup,131,19,776381,776381,0.6183,1,0,0,,0,0,0,,,n/a,19|0|0|0|0,1.0000,0,0,
00000100011010000110000111001100111000110,41,blowup,75,19,539380,539380,0.7067,1,0,0,,0,0,0,,,n/a,19|0|0|0|0,1.0000,0,0,
00000100011010000110010001011011101000110,41,opaque,20000,19,489,836,0.5003,0,0,0,,0,0,0,,,linear(r2=0.616),19|225|371|450|489,1.0000,0,0,
00000100011010000110010001100011001001010,41,opaque,20000,20,338,843,0.4004,0,0,0,,0,0,0,,,linear(r2=0.314),20|245|158|248|338,1.0000,0,0,
00000100011010000110011000000101101101110,41,opaque,20000,19,115526,116273,0.0097,0,0,0,,0,0,0,,,linear(r2=1.000),19|5436|27726|57540|115526,1.0000,0,0,
00000100011010000110011000000110011110110,41,opaque,20000,19,64978,65125,0.0106,0,0,0,,0,0,0,,,linear(r2=0.999),19|4058|17254|32818|64978,1.0000,0,0,
00000100011010000110011000000111001111010,41,blowup,4390,19,500026,500026,0.2513,1,0,0,,0,0,0,,,linear(r2=0.989),19|72486|0|0|0,1.0000,0,0,
00000100011010000110011000000111100111010,41,blowup,384,19,510240,510240,0.2604,1,0,0,,0,0,0,,,n/a,19|0|0|0|0,1.0000,0,0,
00000101000101101010000001110010110101010,41,blowup,49,20,1062913,1062913,0.4898,1,0,0,,0,0,0,,,n/a,20|0|0|0|0,1.0000,0,0,
00000101000110100000011100110011101100010,41,opaque,20000,19,400055,400055,0.5000,0,0,0,,0,0,0,,,linear(r2=1.000),19|20055|100055|200055|400055,1.0000,0,0,
00000101000110100001100000011001111011010,41,opaque,20000,19,61228,61519,0.0100,0,0,0,,0,0,0,,,linear(r2=1.000),19|3373|15628|30517|61228,1.0000,0,0,
00000110000100011010000110000111100111010,41,opaque,20000,19,41127,41421,0.0100,0,0,0,,0,0,0,,,linear(r2=1.000),19|2337|10577|20505|41127,1.0000,0,0,
00000110010001011010100000011100101101010,41,blowup,48,20,1062916,1062916,0.5000,1,0,0,,0,0,0,,,n/a,20|0|0|0|0,1.0000,0,0,
00000110010001101000011000000110011110110,41,opaque,20000,19,61228,61522,0.0100,0,0,0,,0,0,0,,,linear(r2=1.000),19|3373|15628|30517|61228,1.0000,0,0,
00010000010001101000011000011110011101010,41,opaque,20000,19,41127,41418,0.0100,0,0,0,,0,0,0,,,linear(r2=1.000),19|2337|10577|20505|41127,1.0000,0,0,
00010000010111000101100000011100101101010,41,blowup,51,19,1062914,1062914,0.4902,1,0,0,,0,0,0,,,n/a,19|0|0|0|0,1.0000,0,0,
00010000010111011011000000101110100111010,41,monotone-growth,2135,18,500011,500011,1.0000,1,0,0,,0,0,0,,,linear(r2=0.972),18|160326|0|0|0,1.0000,0,0,
00010000010111011011000000111001011010110,41,monotone-growth,56,18,524290,524290,1.0000,1,0,0,,0,0,0,,,n/a,18|0|0|0|0,1.0000,0,0,
00010000010111011011000000111001011011010,41,monotone-growth,56,18,524290,524290,1.0000,1,0,0,,0,0,0,,,n/a,18|0|0|0|0,1.0000,0,0,
00010000010111011011000000111001011101010,41,monotone-growth,56,18,524290,524290,1.0000,1,0,0,,0,0,0,,,n/a,18|0|0|0|0,1.0000,0,0,
00010000010111011101100000011100101101010,41,blowup,50,18,1062916,1062916,0.5000,1,0,0,,0,0,0,,,n/a,18|0|0|0|0,1.0000,0,0,
00010000011100111000000110011101000011010,41,blowup,3500,19,500072,500072,0.5060,1,0,0,,0,0,0,,,linear(r2=0.971),19|77096|0|0|0,1.0000,0,0,
00010000011100111000000111001101000011010,41,blowup,91,19,524316,524316,0.5824,1,0,0,,0,0,0,,,n/a,19|0|0|0|0,1.0000,0,0,
00010000011101100000010111001011010110110,41,monotone-growth,51,18,573079,573079,1.0000,1,0,0,,0,0,0,,,n/a,18|0|0|0|0,1.0000,0,0,
00010000011101100000011001011101100110110,41,monotone-growth,577,18,500013,500013,1.0000,1,0,0,,0,0,0,,,n/a,18|0|0|0|0,1.0000,0,0,
00010000011101100000011001011101100111010,41,monotone-growth,577,18,502281,502281,0.9983,1,0,0,,0,0,0,,,n/a,18|0|0|0|0,1.0000,0,0,
00010000011101100001011000000110011101010,41,blowup,5554,19,500206,500206,0.5061,1,0,0,,0,0,0,,,linear(r2=0.972),19|38214|427977|0|0,1.0000,0,0,
00010000011101100001011000100001100111010,41,blowup,6069,19,500022,500022,0.2974,1,0,0,,0,0,0,,,linear(r2=0.973),19|33803|371001|0|0,1.0000,0,0,
00010000011101100001100001011000001111010,41,opaque,20000,18,2512,2848,0.5026,0,0,0,,0,0,0,,,linear(r2=0.714),18|249|648|543|2512,1.0000,0,0,
00010000011101100001100001011000100111010,41,opaque,20000,19,83729,83771,0.0352,0,0,0,,0,0,0,,,linear(r2=1.000),19|4433|21331|41897|83729,1.0000,0,0,
00010000011101100001100001011011100111010,41,opaque,20000,18,82562,82649,0.0375,0,0,0,,0,0,0,,,linear(r2=1.000),18|4437|21092|41781|82562,1.0000,0,0,
00010000011101100001100001011110011101010,41,monotone-growth,1763,18,500112,500112,1.0000,1,0,0,,0,0,0,,,n/a,18|215128|0|0|0,1.0000,0,0,
00010000011101100001100110000001100111010,41,blowup,3654,19,500312,500312,0.5060,1,0,0,,0,0,0,,,linear(r2=0.967),19|69194|0|0|0,1.0000,0,0,
00010000011101100100011010000001100111010,41,blowup,3499,19,500072,500072,0.5061,1,0,0,,0,0,0,,,linear(r2=0.971),19|77288|0|0|0,1.0000,0,0,
00010000011101100100011010000001110011010,41,blowup,90,19,524316,524316,0.5889,1,0,0,,0,0,0,,,n/a,19|0|0|0|0,1.0000,0,0,
00010001000101101010000001110010110101010,41,blowup,49,20,1062913,1062913,0.4898,1,0,0,,0,0,0,,,n/a,20|0|0|0|0,1.0000,0,0,
00010001000101101010100000011100101101010,41,blowup,49,20,1062913,1062913,0.4898,1,0,0,,0,0,0,,,n/a,20|0|0|0|0,1.0000,0,0,
00010001000110100001100000011001111011010,41,opaque,20000,19,61228,61519,0.0100,0,0,0,,0,0,0,,,linear(r2=1.000),19|3373|15628|30517|61228,1.0000,0,0,
00010001000110100101101010000001100111010,41,blowup,3510,20,500144,500144,0.5003,1,0,0,,0,0,0,,,linear(r2=0.970),20|76912|0|0|0,1.0000,0,0,
00010001000110101000011000000110011110110,41,opaque,20000,19,61228,61519,0.0100,0,0,0,,0,0,0,,,linear(r2=1.000),19|3373|15628|30517|61228,1.0000,0,0,
00010001001001011010100000011100101101010,41,blowup,49,20,1062913,1062913,0.4898,1,0,0,,0,0,0,,,n/a,20|0|0|0|0,1.0000,0,0,
00010001001001101000011000000110011110110,41,opaque,20000,19,61228,61519,0.0100,0,0,0,,0,0,0,,,linear(r2=1.000),19|3373|15628|30517|61228,1.0000,0,0,
00010001010001101010100000011100101101010,41,blowup,49,20,1062913,1062913,0.5102,1,0,0,,0,0,0,,,n/a,20|0|0|0|0,1.0000,0,0,
00010001010010011010100000011100101101010,41,blowup,49,20,1062913,1062913,0.4898,1,0,0,,0,0,0,,,n/a,20|0|0|0|0,1.0000,0,0,
00010001010010101000011000000110011110110,41,opaque,20000,19,61228,61519,0.0100,0,0,0,,0,0,0,,,linear(r2=1.000),19|3373|15628|30517|61228,1.0000,0,0,
00010001010100101010100000011100101101010,41,blowup,49,20,1062913,1062913,0.4898,1,0,0,,0,0,0,,,n/a,20|0|0|0|0,1.0000,0,0,
00010001010101101010101100000011100110110,41,opaque,20000,19,106693,106693,0.5000,0,0,0,,0,0,0,,,linear(r2=1.000),19|5357|26693|53357|106693,1.0000,0,0,
00010001010110001010100000011001011101010,41,opaque,20000,20,99796,99799,0.4993,0,0,0,,0,0,0,,,linear(r2=1.000),20|4876|24828|49812|99796,1.0000,0,0,
00010001010110001010100000011100101101010,41,blowup,44,20,590520,590520,0.5000,1,0,0,,0,0,0,,,n/a,20|0|0|0|0,1.0000,0,0,
00010001010110011010101100000011100110110,41,opaque,20000,19,106701,106701,0.5000,0,0,0,,0,0,0,,,linear(r2=1.000),19|5357|26701|53357|106701,1.0000,0,0,
00010001010110100010100000011100101101010,41,blowup,55,20,1062913,1062913,0.4545,1,0,0,,0,0,0,,,n/a,20|0|0|0|0,1.0000,0,0,
00010001010110101010000001110010110110110,41,opaque,20000,19,300043,300043,0.5000,0,0,0,,0,0,0,,,linear(r2=1.000),19|15043|75043|150043|300043,1.0000,0,0,
00010001010110101010000001110010111010110,41,opaque,20000,19,300043,300043,0.5000,0,0,0,,0,0,0,,,linear(r2=1.000),19|15043|75043|150043|300043,1.0000,0,0,
00010001010110101010000001110011001110110,41,opaque,20000,19,400463,400466,0.5000,0,0,0,,0,0,0,,,linear(r2=1.000),19|20463|100463|200463|400463,1.0000,0,0,
00010001010110101010000001110011100111010,41,blowup,282,19,507241,507241,0.5071,1,0,0,,0,0,0,,,n/a,19|0|0|0|0,1.0000,0,0,
00010001010110101011000000101110100111010,41,monotone-growth,2135,19,500012,500012,1.0000,1,0,0,,0,0,0,,,linear(r2=0.972),19|160327|0|0|0,1.0000,0,0,
00010001010110101011000000111001011010110,41,monotone-growth,57,19,524288,524288,0.9825,1,0,0,,0,0,0,,,n/a,19|0|0|0|0,1.0000,0,0,
00010001010110101011000000111001011011010,41,monotone-growth,57,19,524288,524288,0.9825,1,0,0,,0,0,0,,,n/a,19|0|0|0|0,1.0000,0,0,
00010001010110101011000000111001011101010,41,monotone-growth,57,19,524288,524288,0.9825,1,0,0,,0,0,0,,,n/a,19|0|0|0|0,1.0000,0,0,
00010001010110101101000000111001110011010,41,monotone-growth,50,19,797399,797399,0.9400,1,0,0,,0,0,0,,,n/a,19|0|0|0|0,1.0000,0,0,
00010001010110110101100000011100101101010,41,blowup,50,19,1062917,1062917,0.5000,1,0,0,,0,0,0,,,n/a,19|0|0|0|0,1.0000,0,0,
00010001011000011010100000011100101101010,41,blowup,40,20,590520,590520,0.5250,1,0,0,,0,0,0,,,n/a,20|0|0|0|0,1.0000,0,0,
00010001011000100101101010000001100111010,41,blowup,3522,20,500524,500524,0.4943,1,0,0,,0,0,0,,,linear(r2=0.971),20|76421|0|0|0,1.0000,0,0,
00010001011000101000000110010101101101010,41,opaque,20000,20,180000,180006,0.4000,0,0,0,,0,0,0,,,linear(r2=1.000),20|9000|45000|90000|180000,1.0000,0,0,
00010001011000101000000110010101110101010,41,opaque,20000,20,239700,239703,0.4995,0,0,0,,0,0,0,,,linear(r2=1.000),20|11790|59730|119700|239700,1.0000,0,0,
00010001011000101000000110010110011011010,41,opaque,20000,20,140010,140016,0.3333,0,0,0,,0,0,0,,,linear(r2=1.000),20|7020|35010|70020|140010,1.0000,0,0,
00010001011000101000000110010110011101010,41,opaque,20000,20,90030,90036,0.2500,0,0,0,,0,0,0,,,linear(r2=1.000),20|4530|22530|45030|90030,1.0000,0,0,
00010001011000101000000110011100101101010,41,blowup,35,20,531477,531477,0.4857,1,0,0,,0,0,0,,,n/a,20|0|0|0|0,1.0000,0,0,
00010001011000101000000111001100101101010,41,blowup,29,20,524325,524325,0.4828,1,0,0,,0,0,0,,,n/a,20|0|0|0|0,1.0000,0,0,
00010001011000101000011000010110011011010,41,opaque,20000,20,500,756,0.0669,0,0,0,,0,0,0,,,linear(r2=0.319),20|400|507|612|500,1.0000,0,0,
00010001011000110100000011001011000111010,41,opaque,20000,19,60025,60031,0.3333,0,0,0,,0,0,0,,,linear(r2=1.000),19|3031|15025|30031|60025,1.0000,0,0,
00010001011001001010100000011100101101010,41,blowup,49,20,1062913,1062913,0.4898,1,0,0,,0,0,0,,,n/a,20|0|0|0|0,1.0000,0,0,
00010001011001100000011001110101000011010,41,blowup,3500,20,500076,500076,0.5063,1,0,0,,0,0,0,,,linear(r2=0.971),20|77100|0|0|0,1.0000,0,0,
00010001011001100000011100110101000011010,41,blowup,87,20,655386,655386,0.5977,1,0,0,,0,0,0,,,n/a,20|0|0|0|0,1.0000,0,0,
00010001011001100010100000011001011101010,41,opaque,20000,20,99780,99783,0.4993,0,0,0,,0,0,0,,,linear(r2=1.000),20|4860|24812|49796|99780,1.0000,0,0,
00010001011001100010100000011100101101010,41,blowup,42,20,590550,590550,0.5000,1,0,0,,0,0,0,,,n/a,20|0|0|0|0,1.0000,0,0,
00010001011001101010000001110010110110110,41,opaque,20000,19,300243,300246,0.5000,0,0,0,,0,0,0,,,linear(r2=1.000),19|15243|75243|150243|300243,1.0000,0,0,
00010001011001101010000001110010111010110,41,opaque,20000,19,300183,300186,0.5000,0,0,0,,0,0,0,,,linear(r2=1.000),19|15183|75183|150183|300183,1.0000,0,0,
00010001011001101010000001110011001110110,41,opaque,20000,19,400123,400126,0.5000,0,0,0,,0,0,0,,,linear(r2=1.000),19|20123|100123|200123|400123,1.0000,0,0,
00010001011001101010000001110011100111010,41,blowup,1350,19,500221,500221,0.5015,1,0,0,,0,0,0,,,n/a,19|379503|0|0|0,1.0000,0,0,
00010001011001101101000000111001110011010,41,monotone-growth,48,19,797389,797389,0.9583,1,0,0,,0,0,0,,,n/a,19|0|0|0|0,1.0000,0,0,
00010001011001110110100000011100101101010,41,blowup,50,19,1062917,1062917,0.5000,1,0,0,,0,0,0,,,n/a,19|0|0|0|0,1.0000,0,0,
00010001011010001000011000000110011110110,41,opaque,20000,19,61228,61516,0.0100,0,0,0,,0,0,0,,,linear(r2=1.000),19|3373|15628|30517|61228,1.0000,0,0,
00010001011010001100000010101101000111010,41,opaque,20000,19,6697,6713,0.3333,0,0,0,,0,0,0,,,linear(r2=1.000),19|367|1697|3367|6697,1.0000,0,0,
00010001011010010001101010000001100111010,41,blowup,3498,20,500071,500071,0.5060,1,0,0,,0,0,0,,,linear(r2=0.971),20|77284|0|0|0,1.0000,0,0,
00010001011010010001101010000001110011010,41,blowup,89,20,524315,524315,0.5843,1,0,0,,0,0,0,,,n/a,20|0|0|0|0,1.0000,0,0,
00010001011010010010100000011100101101010,41,blowup,70,20,1062922,1062922,0.3429,1,0,0,,0,0,0,,,n/a,20|0|0|0|0,1.0000,0,0,
00010001011010010110001010000001100111010,41,blowup,4204,20,500399,500399,0.3423,1,0,0,,0,0,0,,,linear(r2=0.972),20|60221|0|0|0,1.0000,0,0,
00010001011010010110001010000001110011010,41,blowup,123,20,524327,524327,0.4228,1,0,0,,0,0,0,,,n/a,20|0|0|0|0,1.0000,0,0,
00010001011010011000100000011001100110110,41,opaque,20000,20,852,1228,0.0811,0,0,0,,0,0,0,,,exp(r2=0.068),20|750|1058|844|852,1.0000,0,0,
00010001011010011010000001110010110110110,41,opaque,20000,19,300063,300066,0.5000,0,0,0,,0,0,0,,,linear(r2=1.000),19|15063|75063|150063|300063,1.0000,0,0,
00010001011010011010000001110010111010110,41,opaque,20000,19,300203,300206,0.5000,0,0,0,,0,0,0,,,linear(r2=1.000),19|15203|75203|150203|300203,1.0000,0,0,
00010001011010011010000001110011001110110,41,opaque,20000,19,400043,400046,0.5000,0,0,0,,0,0,0,,,linear(r2=1.000),19|20043|100043|200043|400043,1.0000,0,0,
00010001011010011010000001110011100110110,41,opaque,20000,19,331251,331251,0.6894,0,0,0,,0,0,0,,,linear(r2=0.999),19|31643|94799|173479|331251,1.0000,0,0,
00010001011010011010000001110011100111010,41,opaque,20000,19,52899,52899,0.1941,0,0,0,,0,0,0,,,linear(r2=0.940),19|17735|25199|34447|52899,1.0000,0,0,
00010001011010100000010010011100101101010,41,blowup,71,20,1062925,1062925,0.3380,1,0,0,,0,0,0,,,n/a,20|0|0|0|0,1.0000,0,0,
00010001011010100000010100101100101101010,41,blowup,71,20,1062925,1062925,0.3380,1,0,0,,0,0,0,,,n/a,20|0|0|0|0,1.0000,0,0,
00010001011010100000010101100011000111010,41,opaque,20000,19,6731,6731,0.3334,0,0,0,,0,0,0,,,linear(r2=1.000),19|379|1731|3379|6731,1.0000,0,0,
00010001011010100000010101101000011011010,41,opaque,20000,20,31974,32745,0.0071,0,0,0,,0,0,0,,,linear(r2=0.999),20|2210|8969|16792|31974,1.0000,0,0,
00010001011010100000010101110100111010110,41,monotone-growth,1555,19,500268,500268,1.0000,1,0,0,,0,0,0,,,n/a,19|258989|0|0|0,1.0000,0,0,
00010001011010100000010110000011100110110,41,opaque,20000,19,82665,119784,0.2506,0,0,0,,0,0,0,,,linear(r2=0.872),19|6589|20473|41585|82665,1.0000,0,0,
00010001011010100000010110001001100111010,41,opaque,20000,20,448342,448466,0.0348,0,0,0,,0,0,0,,,linear(r2=1.000),20|20474|109488|220812|448342,1.0000,0,0,
00010001011010100000010110001110000111010,41,opaque,20000,19,1132,1426,0.0100,0,0,0,,0,0,0,,,linear(r2=0.868),19|317|582|629|1132,1.0000,0,0,
00010001011010100000010110011101001110110,41,monotone-growth,1528,19,500165,500165,1.0000,1,0,0,,0,0,0,,,n/a,19|268049|0|0|0,1.0000,0,0,
00010001011010100000010110100101100010110,41,opaque,20000,20,3232,3403,0.0775,0,0,0,,0,0,0,,,linear(r2=0.666),20|682|1368|1738|3232,1.0000,0,0,
00010001011010100000010110110000111000110,41,opaque,20000,19,20833,21127,0.0100,0,0,0,,0,0,0,,,linear(r2=1.000),19|1263|5433|10359|20833,1.0000,0,0,
00010001011010100000010110110011000001110,41,opaque,20000,19,204055,243724,0.2506,0,0,0,,0,0,0,,,linear(r2=0.908),19|7375|51007|102023|204055,1.0000,0,0,
00010001011010100000010111001110100111010,41,monotone-growth,1642,19,500381,500381,1.0000,1,0,0,,0,0,0,,,n/a,19|244205|0|0|0,1.0000,0,0,
00010001011010100000010111010011100111010,41,monotone-growth,1218,19,500381,500381,1.0000,1,0,0,,0,0,0,,,n/a,19|373637|0|0|0,1.0000,0,0,
00010001011010100000011001011000001111010,41,opaque,20000,19,73359,73365,0.3333,0,0,0,,0,0,0,,,linear(r2=1.000),19|3699|18359|36699|73359,1.0000,0,0,
00010001011010100000011001011001110111010,41,opaque,20000,19,40039,40045,0.2500,0,0,0,,0,0,0,,,linear(r2=1.000),19|2039|10039|20039|40039,1.0000,0,0,
00010001011010100000011001011001111011010,41,opaque,20000,19,73359,73365,0.3333,0,0,0,,0,0,0,,,linear(r2=1.000),19|3699|18359|36699|73359,1.0000,0,0,
00010001011010100000011001011101100110110,41,monotone-growth,111,19,532330,532330,1.0000,1,0,0,,0,0,0,,,n/a,19|0|0|0|0,1.0000,0,0,
00010001011010100000011001011101100111010,41,monotone-growth,575,19,501178,501178,1.0000,1,0,0,,0,0,0,,,n/a,19|0|0|0|0,1.0000,0,0,
00010001011010100000011001110010110001010,41,blowup,75,20,655337,655337,0.4133,1,0,0,,0,0,0,,,n/a,20|0|0|0|0,1.0000,0,0,
00010001011010100000011001110011100110110,41,monotone-growth,18337,19,500024,500024,1.0000,1,0,0,,0,0,0,,,linear(r2=1.000),19|28027|136565|272779|0,1.0000,0,0,
00010001011010100000011001110011100111010,41,opaque,20000,19,73721,73734,0.2863,0,0,0,,0,0,0,,,linear(r2=1.000),19|4495|19593|37533|73721,1.0000,0,0,
00010001011010100000011100100010110101010,41,opaque,20000,20,28042,28042,0.2001,0,0,0,,0,0,0,,,linear(r2=1.000),20|1442|7042|14042|28042,1.0000,0,0,
00010001011010100000011100100100101101010,41,blowup,54,20,620056,620056,0.4074,1,0,0,,0,0,0,,,n/a,20|0|0|0|0,1.0000,0,0,
00010001011010100000011100101000110101010,41,blowup,84,20,917531,917531,0.5952,1,0,0,,0,0,0,,,n/a,20|0|0|0|0,1.0000,0,0,
00010001011010100000011100101001001101010,41,blowup,54,20,620056,620056,0.4074,1,0,0,,0,0,0,,,n/a,20|0|0|0|0,1.0000,0,0,
00010001011010100000011100101010010101010,41,blowup,54,20,620056,620056,0.4074,1,0,0,,0,0,0,,,n/a,20|0|0|0|0,1.0000,0,0,
00010001011010100000011100101100100101010,41,blowup,54,20,620056,620056,0.4074,1,0,0,,0,0,0,,,n/a,20|0|0|0|0,1.0000,0,0,
00010001011010100000011100101101001001010,41,blowup,134,20,620146,620146,0.1642,1,0,0,,0,0,0,,,n/a,20|0|0|0|0,1.0000,0,0,
00010001011010100000011100101110100111010,41,monotone-growth,403,19,500746,500746,1.0000,1,0,0,,0,0,0,,,n/a,19|0|0|0|0,1.0000,0,0,
00010001011010100000011100110010110001010,41,blowup,51,20,620043,620043,0.4118,1,0,0,,0,0,0,,,n/a,20|0|0|0|0,1.0000,0,0,
00010001011010100000011100110010110110110,41,monotone-growth,40,19,737249,737249,1.0000,1,0,0,,0,0,0,,,n/a,19|0|0|0|0,1.0000,0,0,
00010001011010100000011100110010111010110,41,monotone-growth,40,19,737249,737249,1.0000,1,0,0,,0,0,0,,,n/a,19|0|0|0|0,1.0000,0,0,
00010001011010100000011100110010111011010,41,monotone-growth,40,19,737249,737249,1.0000,1,0,0,,0,0,0,,,n/a,19|0|0|0|0,1.0000,0,0,
00010001011010100000011100110011100110110,41,monotone-growth,16389,19,500024,500024,1.0000,1,0,0,,0,0,0,,,linear(r2=1.000),19|37657|157815|307663|0,1.0000,0,0,
00010001011010100000011100110011100111010,41,opaque,20000,19,90355,90370,0.2990,0,0,0,,0,0,0,,,linear(r2=0.993),19|14463|30591|50265|90355,1.0000,0,0,
00010001011010100000011100111001011010110,41,monotone-growth,40,19,737249,737249,1.0000,1,0,0,,0,0,0,,,n/a,19|0|0|0|0,1.0000,0,0,
00010001011010100000011100111001011011010,41,monotone-growth,40,19,737249,737249,1.0000,1,0,0,,0,0,0,,,n/a,19|0|0|0|0,1.0000,0,0,
00010001011010100000011100111001011101010,41,monotone-growth,40,19,737249,737249,1.0000,1,0,0,,0,0,0,,,n/a,19|0|0|0|0,1.0000,0,0,
00010001011010100000011100111001100110110,41,monotone-growth,13599,19,500006,500006,1.0000,1,0,0,,0,0,0,,,linear(r2=0.984),19|105379|229733|386487|0,1.0000,0,0,
00010001011010100000011100111001100111010,41,opaque,20000,19,234661,234664,0.3276,0,0,0,,0,0,0,,,linear(r2=0.931),19|76769|117419|156379|234661,1.0000,0,0,
00010001011010100000011100111001110011010,41,monotone-growth,1647,19,500182,500182,0.9994,1,0,0,,0,0,0,,,n/a,19|404655|0|0|0,1.0000,0,0,
00010001011010100001000001110010110101010,41,blowup,72,20,1062922,1062922,0.3333,1,0,0,,0,0,0,,,n/a,20|0|0|0|0,1.0000,0,0,
00010001011010100001001000011100101101010,41,blowup,72,20,1062922,1062922,0.3333,1,0,0,,0,0,0,,,n/a,20|0|0|0|0,1.0000,0,0,
00010001011010100001011000000110011101010,41,blowup,5554,20,500218,500218,0.5061,1,0,0,,0,0,0,,,linear(r2=0.972),20|38226|427989|0|0,1.0000,0,0,
00010001011010100001011000100001100111010,41,blowup,6069,20,500034,500034,0.2974,1,0,0,,0,0,0,,,linear(r2=0.973),20|33815|371013|0|0,1.0000,0,0,
00010001011010100001100000011100101101010,41,blowup,72,20,1062922,1062922,0.3333,1,0,0,,0,0,0,,,n/a,20|0|0|0|0,1.0000,0,0,
00010001011010100001100001011000001111010,41,opaque,20000,19,2523,2859,0.5026,0,0,0,,0,0,0,,,linear(r2=0.714),19|260|659|554|2523,1.0000,0,0,
00010001011010100001100001011000100111010,41,opaque,20000,20,83741,83783,0.0352,0,0,0,,0,0,0,,,linear(r2=1.000),20|4445|21343|41909|83741,1.0000,0,0,
00010001011010100001100001011011100111010,41,opaque,20000,19,82573,82660,0.0375,0,0,0,,0,0,0,,,linear(r2=1.000),19|4448|21103|41792|82573,1.0000,0,0,
00010001011010100001100001011110011101010,41,monotone-growth,1763,19,500123,500123,1.0000,1,0,0,,0,0,0,,,n/a,19|215139|0|0|0,1.0000,0,0,
00010001011010100001100110000001100111010,41,blowup,3654,20,500324,500324,0.5060,1,0,0,,0,0,0,,,linear(r2=0.967),20|69206|0|0|0,1.0000,0,0,
00010001011010100100000001110010110101010,41,blowup,72,20,1062922,1062922,0.3333,1,0,0,,0,0,0,,,n/a,20|0|0|0|0,1.0000,0,0,
00010001011010100100011010000001100111010,41,blowup,3499,20,500084,500084,0.5061,1,0,0,,0,0,0,,,linear(r2=0.971),20|77300|0|0|0,1.0000,0,0,
00010001011010100100011010000001110011010,41,blowup,81,20,851994,851994,0.6049,1,0,0,,0,0,0,,,n/a,20|0|0|0|0,1.0000,0,0,
00010001011010100100100000011100101101010,41,blowup,72,20,1062922,1062922,0.3333,1,0,0,,0,0,0,,,n/a,20|0|0|0|0,1.0000,0,0,
00010001011010110000001011010010111010110,41,monotone-growth,55,19,573088,573088,0.9636,1,0,0,,0,0,0,,,n/a,19|0|0|0|0,1.0000,0,0,
00010001011010110000001100101110110011010,41,monotone-growth,35,19,524310,524310,0.9714,1,0,0,,0,0,0,,,n/a,19|0|0|0|0,1.0000,0,0,
00010001011010110000001110000111001111010,41,opaque,20000,18,41327,41618,0.0100,0,0,0,,0,0,0,,,linear(r2=1.000),18|2382|10677|20646|41327,1.0000,0,0,
00010001011011001101000000111001011011010,41,monotone-growth,58,19,589677,589677,0.9655,1,0,0,,0,0,0,,,n/a,19|0|0|0|0,1.0000,0,0,
00010001011011001101000000111001110011010,41,monotone-growth,44,19,797353,797353,0.9773,1,0,0,,0,0,0,,,n/a,19|0|0|0|0,1.0000,0,0,
00010001011011010000001011010010111010110,41,monotone-growth,53,19,573084,573084,0.9811,1,0,0,,0,0,0,,,n/a,19|0|0|0|0,1.0000,0,0,
00010001011011010000001100101100111011010,41,monotone-growth,148,19,512739,512739,0.9730,1,0,0,,0,0,0,,,n/a,19|0|0|0|0,1.0000,0,0,
00010001011011010000001100101110110011010,41,monotone-growth,37,19,524350,524350,0.9730,1,0,0,,0,0,0,,,n/a,19|0|0|0|0,1.0000,0,0,
00010001011011010000001110010101101011010,41,monotone-growth,41,19,708542,708542,0.9512,1,0,0,,0,0,0,,,n/a,19|0|0|0|0,1.0000,0,0,
00010001011011010000001110010110011011010,41,monotone-growth,85,19,523982,523982,0.9059,1,0,0,,0,0,0,,,n/a,19|0|0|0|0,1.0000,0,0,
00010001011011010000001110010110011101010,41,monotone-growth,578,19,503447,503447,0.9983,1,0,0,,0,0,0,,,n/a,19|0|0|0|0,1.0000,0,0,
00010001011011010000001110011100101101010,41,monotone-growth,32,19,1446719,1446719,0.9688,1,0,0,,0,0,0,,,n/a,19|0|0|0|0,1.0000,0,0,
00010001100000011100101101010000101101010,41,blowup,49,20,1062913,1062913,0.4898,1,0,0,,0,0,0,,,n/a,20|0|0|0|0,1.0000,0,0,
00010001100000111000010101101010000110110,41,opaque,20000,19,1385,1739,0.0071,0,0,0,,0,0,0,,,linear(r2=0.762),19|305|590|323|1385,1.0000,0,0,
00010001100001011011010000110011000001110,41,opaque,20000,19,90375,98311,0.3360,0,0,0,,0,0,0,,,linear(r2=0.766),19|3056|22780|45319|90375,1.0000,0,0,
00010001100001011100101100010101000011010,41,opaque,20000,20,107235,110538,0.1121,0,0,0,,0,0,0,,,linear(r2=0.689),20|2472|26679|53523|107235,1.0000,0,0,
00010001100001011101000110000110011000110,41,opaque,20000,19,19177,23011,0.5719,0,0,0,,0,0,0,,,linear(r2=0.827),19|2166|9638|8491|19177,1.0000,0,0,
00010001100001011101010000110010110001010,41,opaque,20000,20,169527,184245,0.0012,0,0,0,,0,0,0,,,linear(r2=0.860),20|11088|42243|84666|169527,1.0000,0,0,
00010001100001011101010000110011000001110,41,opaque,20000,19,313096,344008,0.5007,0,0,0,,0,0,0,,,linear(r2=0.829),19|8174|78540|156454|313096,1.0000,0,0,
00010001100001100000011001111011000011010,41,opaque,20000,19,61228,61519,0.0100,0,0,0,,0,0,0,,,linear(r2=1.000),19|3373|15628|30517|61228,1.0000,0,0,
00010001100001110000110011000111000011010,41,blowup,2277,19,590485,590485,0.5582,1,0,0,,0,0,0,,,linear(r2=0.964),19|40113|0|0|0,1.0000,0,0,
00010001100001110010110000000101000011010,41,opaque,20000,20,72690,81920,0.1260,0,0,0,,0,0,0,,,linear(r2=0.707),20|5050|18068|36280|72690,1.0000,0,0,
00010001100001110010110001010000101101010,41,opaque,20000,20,59226,73680,0.0920,0,0,0,,0,0,0,,,linear(r2=0.801),20|3981|14676|29526|59226,1.0000,0,0,
00010001100001110010110011000101000011010,41,opaque,20000,20,4155,5376,0.1255,0,0,0,,0,0,0,,,linear(r2=0.670),20|915|711|4554|4155,1.0000,0,0,
00010001100011000000101110011011001110110,41,blowup,8370,18,501763,501763,0.0299,1,0,0,,0,0,0,,,linear(r2=0.999),18|51434|289244|0|0,1.0000,0,0,
00010001100011000010001011101010000110110,41,opaque,20000,19,957,1308,0.0141,0,0,0,,0,0,0,,,linear(r2=0.707),19|207|375|324|957,1.0000,0,0,
00010001100011000010101101000011011000110,41,opaque,20000,19,32256,33030,0.0071,0,0,0,,0,0,0,,,linear(r2=0.999),19|2274|9111|16992|32256,1.0000,0,0,
00010001100011000010101101000110000110110,41,opaque,20000,19,1413,1761,0.0072,0,0,0,,0,0,0,,,linear(r2=0.816),19|333|618|669|1413,1.0000,0,0,
00010001100011000010110000110110000110110,41,opaque,20000,19,534,1308,0.0071,0,0,0,,0,0,0,,,linear(r2=0.318),19|309|594|645|534,1.0000,0,0,
00010001100011000010110000111010000110110,41,opaque,20000,19,951,1308,0.0071,0,0,0,,0,0,0,,,linear(r2=0.689),19|201|369|939|951,1.0000,0,0,
00010001100011000010110001100101101000110,41,blowup,2001,19,639587,639587,0.2554,1,0,0,,0,0,0,,,linear(r2=0.892),19|197201|0|0|0,1.0000,0,0,
00010001100011000010110010011010000110110,41,opaque,20000,19,951,1740,0.0071,0,0,0,,0,0,0,,,linear(r2=0.593),19|201|369|1248|951,1.0000,0,0,
00010001100011000010110011000110000110110,41,opaque,20000,19,516,1728,0.0070,0,0,0,,0,0,0,,,linear(r2=0.336),19|291|576|627|516,1.0000,0,0,
00010001100011000010110100001100001111010,41,opaque,20000,19,1557,1848,0.0051,0,0,0,,0,0,0,,,linear(r2=0.608),19|291|807|507|1557,1.0000,0,0,
00010001100011000010110100001100100111010,41,opaque,20000,19,28089,124179,0.5026,0,0,0,,0,0,0,,,linear(r2=0.475),19|3096|7500|31860|28089,1.0000,0,0,
00010001100011000010110100001100110001110,41,opaque,20000,19,3952,8677,0.5155,0,0,0,,0,0,0,,,linear(r2=0.686),19|922|955|1783|3952,1.0000,0,0,
00010001100011000010110100101011010001010,41,blowup,1994,20,541278,541278,0.1289,1,0,0,,0,0,0,,,n/a,20|180291|0|0|0,1.0000,0,0,
00010001100011000010110100101101000001110,41,blowup,1260,19,513950,513950,0.2548,1,0,0,,0,0,0,,,n/a,19|131262|0|0|0,1.0000,0,0,
00010001100100101000011000000110011110110,41,opaque,20000,19,60622,60919,0.0100,0,0,0,,0,0,0,,,linear(r2=1.000),19|3232|15322|30088|60622,1.0000,0,0,
00010001100101100010100000011100101101010,41,blowup,49,20,1062913,1062913,0.4898,1,0,0,,0,0,0,,,n/a,20|0|0|0|0,1.0000,0,0,
00010001100101101010000001110010110110110,41,opaque,20000,19,300043,300046,0.5000,0,0,0,,0,0,0,,,linear(r2=1.000),19|15043|75043|150043|300043,1.0000,0,0,
00010001100101101010000001110010111010110,41,opaque,20000,19,300043,300046,0.5000,0,0,0,,0,0,0,,,linear(r2=1.000),19|15043|75043|150043|300043,1.0000,0,0,
00010001100101101010000001110011001110110,41,opaque,20000,19,400963,400966,0.5001,0,0,0,,0,0,0,,,linear(r2=1.000),19|20963|100963|200963|400963,1.0000,0,0,
00010001100101101010000001110011100110110,41,opaque,20000,19,320223,320223,0.6906,0,0,0,,0,0,0,,,linear(r2=1.000),19|20579|83851|162687|320223,1.0000,0,0,
00010001100101101010000001110011100111010,41,opaque,20000,19,51235,51261,0.1941,0,0,0,,0,0,0,,,linear(r2=0.950),19|16127|23575|32783|51235,1.0000,0,0,
00010001100110000001011001110101000011010,41,blowup,1879,20,501045,501045,0.5082,1,0,0,,0,0,0,,,n/a,20|195722|0|0|0,1.0000,0,0,
00010001100110000001100110011101000011010,41,blowup,1753,20,500105,500105,0.5071,1,0,0,,0,0,0,,,n/a,20|218332|0|0|0,1.0000,0,0,
00010001100110000001100111010000101101010,41,blowup,3667,20,500091,500091,0.5061,1,0,0,,0,0,0,,,linear(r2=0.967),20|68672|0|0|0,1.0000,0,0,
00010001100110000001100111010000110011010,41,blowup,3584,20,500122,500122,0.5064,1,0,0,,0,0,0,,,linear(r2=0.969),20|72651|0|0|0,1.0000,0,0,
00010001100110000110001110000110011000110,41,opaque,20000,19,119505,134400,0.2502,0,0,0,,0,0,0,,,linear(r2=0.787),19|2729|29883|59722|119505,1.0000,0,0,
00010001100110001100001011001100011000110,41,opaque,20000,19,13801,18413,0.4003,0,0,0,,0,0,0,,,linear(r2=0.734),19|3818|7403|14618|13801,1.0000,0,0,
00010001100110011000000110011101000011010,41,blowup,3501,20,500089,500089,0.5064,1,0,0,,0,0,0,,,linear(r2=0.971),20|77116|0|0|0,1.0000,0,0,
00010001100110011000000111001101000011010,41,blowup,78,20,589850,589850,0.6154,1,0,0,,0,0,0,,,n/a,20|0|0|0|0,1.0000,0,0,
00010001100110011010000001110011001110110,41,opaque,20000,19,400423,400426,0.5001,0,0,0,,0,0,0,,,linear(r2=1.000),19|20423|100423|200423|400423,1.0000,0,0,
00010001100110011010000001110011100110110,41,opaque,20000,19,316639,316639,0.6913,0,0,0,,0,0,0,,,linear(r2=1.000),19|16891|80271|159107|316639,1.0000,0,0,
00010001100110011010000001110011100111010,41,opaque,20000,19,40011,40019,0.1915,0,0,0,,0,0,0,,,linear(r2=0.997),19|4959|12291|21499|40011,1.0000,0,0,
00010001100110100000010101110001011000110,41,opaque,20000,19,2039,2061,0.2001,0,0,0,,0,0,0,,,linear(r2=1.000),19|139|539|1039|2039,1.0000,0,0,
00010001100110100000010111001011010110110,41,monotone-growth,56,19,573307,573307,1.0000,1,0,0,,0,0,0,,,n/a,19|0|0|0|0,1.0000,0,0,
00010001100110100000010111001110011101010,41,opaque,20000,19,74671,74671,0.2862,0,0,0,,0,0,0,,,linear(r2=1.000),19|5345|19961|38083|74671,1.0000,0,0,
00010001100110100000011001011101100110110,41,monotone-growth,109,19,532258,532258,1.0000,1,0,0,,0,0,0,,,n/a,19|0|0|0|0,1.0000,0,0,
00010001100110100000011001011101100111010,41,monotone-growth,573,19,501106,501106,1.0000,1,0,0,,0,0,0,,,n/a,19|0|0|0|0,1.0000,0,0,
00010001100110100000011001110011100111010,41,opaque,20000,19,73241,73244,0.2861,0,0,0,,0,0,0,,,linear(r2=1.000),19|3885|19007|36947|73241,1.0000,0,0,
00010001100110100000011100101110011101010,41,opaque,20000,19,75259,75262,0.2832,0,0,0,,0,0,0,,,linear(r2=1.000),19|5781|20453|38723|75259,1.0000,0,0,
00010001100110100000011100110011100111010,41,opaque,20000,19,82343,82350,0.2979,0,0,0,,0,0,0,,,linear(r2=1.000),19|6437|22579|42281|82343,1.0000,0,0,
00010001100110100000011100111001011101010,41,opaque,20000,19,81327,81339,0.2078,0,0,0,,0,0,0,,,linear(r2=0.999),19|6485|23079|42973|81327,1.0000,0,0,
00010001100110100000011100111001100110110,41,monotone-growth,15656,19,500001,500001,1.0000,1,0,0,,0,0,0,,,linear(r2=1.000),19|41925|166413|323281|0,1.0000,0,0,
00010001100110100000011100111001100111010,41,opaque,20000,19,168997,168997,0.3246,0,0,0,,0,0,0,,,linear(r2=0.997),19|12099|51703|90715|168997,1.0000,0,0,
00010001100110100001011000000110011101010,41,blowup,5555,20,500239,500239,0.5062,1,0,0,,0,0,0,,,linear(r2=0.972),20|38127|428013|0|0,1.0000,0,0,
00010001100110100001011000100001100111010,41,blowup,6070,20,500055,500055,0.2975,1,0,0,,0,0,0,,,linear(r2=0.973),20|33839|371037|0|0,1.0000,0,0,
00010001100110100001100000011100101101010,41,blowup,51,20,1062913,1062913,0.4706,1,0,0,,0,0,0,,,n/a,20|0|0|0|0,1.0000,0,0,
00010001100110100001100001011000001111010,41,opaque,20000,19,2008,2878,0.5026,0,0,0,,0,0,0,,,linear(r2=0.399),19|357|959|609|2008,1.0000,0,0,
00010001100110100001100001011000100111010,41,opaque,20000,20,83764,83804,0.0353,0,0,0,,0,0,0,,,linear(r2=1.000),20|4468|21367|41932|83764,1.0000,0,0,
00010001100110100001100001011011100111010,41,opaque,20000,19,82595,82679,0.0376,0,0,0,,0,0,0,,,linear(r2=1.000),19|4470|21125|41814|82595,1.0000,0,0,
00010001100110100001100001011110011101010,41,monotone-growth,1764,19,500142,500142,1.0000,1,0,0,,0,0,0,,,n/a,19|214836|0|0|0,1.0000,0,0,
00010001100110100001100110000001100111010,41,blowup,3655,20,500345,500345,0.5062,1,0,0,,0,0,0,,,linear(r2=0.967),20|69043|0|0|0,1.0000,0,0,
00010001100110100100011010000001100111010,41,blowup,3502,20,500105,500105,0.5063,1,0,0,,0,0,0,,,linear(r2=0.971),20|76759|0|0|0,1.0000,0,0,
00010001100110100100011010000001110011010,41,blowup,80,20,851999,851999,0.6000,1,0,0,,0,0,0,,,n/a,20|0|0|0|0,1.0000,0,0,
00010001101000000001100101111011100110110,41,opaque,20000,18,50029,50032,0.5000,0,0,0,,0,0,0,,,linear(r2=1.000),18|2529|12529|25029|50029,1.0000,0,0,
00010001101000000001100101111011100111010,41,opaque,20000,18,50029,50032,0.5000,0,0,0,,0,0,0,,,linear(r2=1.000),18|2529|12529|25029|50029,1.0000,0,0,
00010001101000000001111000011110011111010,41,opaque,20000,17,41527,41821,0.0100,0,0,0,,0,0,0,,,linear(r2=1.000),17|2427|10777|20787|41527,1.0000,0,0,
00010001101000000100011010000111001111010,41,opaque,20000,19,40912,41212,0.0100,0,0,0,,0,0,0,,,linear(r2=1.000),19|2277|10462|20349|40912,1.0000,0,0,
00010001101000000101011010010111010110110,41,monotone-growth,51,19,523870,523870,0.9804,1,0,0,,0,0,0,,,n/a,19|0|0|0|0,1.0000,0,0,
00010001101000000101011100101101011011010,41,monotone-growth,50,19,523873,523873,1.0000,1,0,0,,0,0,0,,,n/a,19|0|0|0|0,1.0000,0,0,
00010001101000000101100101110110011010110,41,monotone-growth,34,19,524553,524553,1.0000,1,0,0,,0,0,0,,,n/a,19|0|0|0|0,1.0000,0,0,
00010001101000000101100101110110011011010,41,monotone-growth,378,19,500881,500881,1.0000,1,0,0,,0,0,0,,,n/a,19|0|0|0|0,1.0000,0,0,
00010001101000000101100101110110011101010,41,monotone-growth,434,19,501817,501817,0.9977,1,0,0,,0,0,0,,,n/a,19|0|0|0|0,1.0000,0,0,
00010001101000000101101000010111101101110,41,blowup,293,18,29157,29157,0.1263,1,0,0,,0,0,0,,,n/a,18|0|0|0|0,1.0000,0,0,step-alloc-cap
00010001101000000101101001010111010110110,41,monotone-growth,38,19,708601,708601,0.9737,1,0,0,,0,0,0,,,n/a,19|0|0|0|0,1.0000,0,0,
00010001101000000101101001011100110110110,41,monotone-growth,5290,19,501513,501513,1.0000,1,0,0,,0,0,0,,,linear(r2=0.988),19|101139|476503|0|0,1.0000,0,0,
00010001101000000101101001011100111010110,41,monotone-growth,82,19,591457,591457,0.9756,1,0,0,,0,0,0,,,n/a,19|0|0|0|0,1.0000,0,0,
00010001101000000101101001011101100110110,41,monotone-growth,378,19,500881,500881,1.0000,1,0,0,,0,0,0,,,n/a,19|0|0|0|0,1.0000,0,0,
00010001101000000101101001110010111010110,41,monotone-growth,44,19,531739,531739,0.9773,1,0,0,,0,0,0,,,n/a,19|0|0|0|0,1.0000,0,0,
00010001101000000101101100101110110011010,41,monotone-growth,34,19,524553,524553,1.0000,1,0,0,,0,0,0,,,n/a,19|0|0|0|0,1.0000,0,0,
00010001101000000101110000111001111010110,41,opaque,20000,18,358411,358708,0.0198,0,0,0,,0,0,0,,,linear(r2=1.000),18|21091|94011|181675|358411,1.0000,0,0,
00010001101000000101110010101101011010110,41,monotone-growth,35,19,708562,708562,1.0000,1,0,0,,0,0,0,,,n/a,19|0|0|0|0,1.0000,0,0,
00010001101000000101110010110011011010110,41,monotone-growth,74,19,650857,650857,1.0000,1,0,0,,0,0,0,,,n/a,19|0|0|0|0,1.0000,0,0,
00010001101000000101110010110011101010110,41,blowup,564,19,501803,501803,0.6684,1,0,0,,0,0,0,,,n/a,19|0|0|0|0,1.0000,0,0,
00010001101000000101110010110100111010110,41,blowup,13079,19,500134,500134,0.2017,1,0,0,,0,0,0,,,linear(r2=0.973),19|68831|266003|395451|0,1.0000,0,0,
00010001101000000101110010110110011010110,41,monotone-growth,50,19,531633,531633,1.0000,1,0,0,,0,0,0,,,n/a,19|0|0|0|0,1.0000,0,0,
00010001101000000101110011001011010110110,41,monotone-growth,42,19,531689,531689,1.0000,1,0,0,,0,0,0,,,n/a,19|0|0|0|0,1.0000,0,0,
00010001101000000101110011100011100111010,41,blowup,80,18,514046,514046,0.2375,1,0,0,,0,0,0,,,n/a,18|0|0|0|0,1.0000,0,0,
00010001101000000101110100101110110001110,41,blowup,2034,18,1141634,1141634,0.2532,1,0,0,,0,0,0,,,linear(r2=0.963),18|95696|0|0|0,1.0000,0,0,
00010001101000000101110100101110110011010,41,monotone-growth,60,19,525143,525143,0.9833,1,0,0,,0,0,0,,,n/a,19|0|0|0|0,1.0000,0,0,
00010001101000000101111001011101100011010,41,monotone-growth,1992,18,500519,500519,0.9985,1,0,0,,0,0,0,,,n/a,18|127279|0|0|0,1.0000,0,0,
00010001101000000110000101111011100110110,41,monotone-growth,1412,18,501289,501289,0.9993,1,0,0,,0,0,0,,,n/a,18|252029|0|0|0,1.0000,0,0,
00010001101000000110000101111011100111010,41,monotone-growth,1412,18,501289,501289,0.9993,1,0,0,,0,0,0,,,n/a,18|252029|0|0|0,1.0000,0,0,
00010001101000000110010100011010110011010,41,blowup,50,20,524307,524307,0.6600,1,0,0,,0,0,0,,,n/a,20|0|0|0|0,1.0000,0,0,
00010001101000000110010101110001110110110,41,blowup,1018,18,579270,579270,0.2701,1,0,0,,0,0,0,,,n/a,18|399601|0|0|0,1.0000,0,0,
00010001101000000110010101110110011010110,41,monotone-growth,34,19,524553,524553,1.0000,1,0,0,,0,0,0,,,n/a,19|0|0|0|0,1.0000,0,0,
00010001101000000110010101110110011011010,41,monotone-growth,378,19,500881,500881,1.0000,1,0,0,,0,0,0,,,n/a,19|0|0|0|0,1.0000,0,0,
00010001101000000110010101110110011101010,41,monotone-growth,377,19,501548,501548,0.9973,1,0,0,,0,0,0,,,n/a,19|0|0|0|0,1.0000,0,0,
00010001101000000110010110010111011011010,41,monotone-growth,72,19,522879,522879,1.0000,1,0,0,,0,0,0,,,n/a,19|0|0|0|0,1.0000,0,0,
00010001101000000110010111001011010110110,41,monotone-growth,55,19,588874,588874,1.0000,1,0,0,,0,0,0,,,n/a,19|0|0|0|0,1.0000,0,0,
00010001101000000110010111011001011010110,41,monotone-growth,28,19,524091,524091,1.0000,1,0,0,,0,0,0,,,n/a,19|0|0|0|0,1.0000,0,0,
00010001101000000110010111011001011011010,41,monotone-growth,28,19,524091,524091,1.0000,1,0,0,,0,0,0,,,n/a,19|0|0|0|0,1.0000,0,0,
00010001101000000110010111011001011101010,41,opaque,20000,19,103591,103609,0.1674,0,0,0,,0,0,0,,,linear(r2=0.998),19|7575|30703|55447|103591,1.0000,0,0,
00010001101000000110010111011001100000110,41,monotone-growth,998,19,500029,500029,1.0000,1,0,0,,0,0,0,,,n/a,19|0|0|0|0,1.0000,0,0,
00010001101000000110010111011001100011110,41,monotone-growth,1154,18,501442,501442,0.9991,1,0,0,,0,0,0,,,n/a,18|376779|0|0|0,1.0000,0,0,
00010001101000000110010111011001100110110,41,monotone-growth,28,19,524091,524091,1.0000,1,0,0,,0,0,0,,,n/a,19|0|0|0|0,1.0000,0,0,
00010001101000000110010111011001100111010,41,opaque,20000,19,273431,273431,0.2507,0,0,0,,0,0,0,,,linear(r2=0.999),19|16271|71655|142247|273431,1.0000,0,0,
00010001101000000110010111011001110011010,41,monotone-growth,46,19,523465,523465,1.0000,1,0,0,,0,0,0,,,n/a,19|0|0|0|0,1.0000,0,0,
00010001101000000110010111011001111000110,41,monotone-growth,1154,18,501442,501442,0.9991,1,0,0,,0,0,0,,,n/a,18|376779|0|0|0,1.0000,0,0,
00010001101000000110011001011101100110110,41,monotone-growth,378,19,500881,500881,1.0000,1,0,0,,0,0,0,,,n/a,19|0|0|0|0,1.0000,0,0,
00010001101000000110011001011101100111010,41,monotone-growth,458,19,500889,500889,0.9956,1,0,0,,0,0,0,,,n/a,19|0|0|0|0,1.0000,0,0,
00010001101000000110011100001011110101110,41,blowup,50,18,576913,576913,0.4000,1,0,0,,0,0,0,,,n/a,18|0|0|0|0,1.0000,0,0,
00010001101000000110011100001111001111010,41,blowup,683,18,501600,501600,0.3148,1,0,0,,0,0,0,,,n/a,18|0|0|0|0,1.0000,0,0,
00010001101000000110011100101110110001110,41,blowup,1517,18,1062911,1062911,0.3382,1,0,0,,0,0,0,,,n/a,18|332342|0|0|0,1.0000,0,0,
00010001101000000110011100101110110011010,41,monotone-growth,47,19,525266,525266,1.0000,1,0,0,,0,0,0,,,n/a,19|0|0|0|0,1.0000,0,0,
00010001101000000111000000111100111110110,41,opaque,20000,17,61427,61721,0.0100,0,0,0,,0,0,0,,,linear(r2=1.000),17|3417|15727|30657|61427,1.0000,0,0,
00010001101000000111000010110000011111010,41,opaque,20000,18,2616,2952,0.5026,0,0,0,,0,0,0,,,linear(r2=0.732),18|273|700|615|2616,1.0000,0,0,
00010001101000000111000010111001111010110,41,opaque,20000,18,81529,81823,0.0100,0,0,0,,0,0,0,,,linear(r2=1.000),18|4454|20779|40670|81529,1.0000,0,0,
00010001101000000111000010111011001111010,41,opaque,20000,18,81529,81823,0.0100,0,0,0,,0,0,0,,,linear(r2=1.000),18|4454|20779|40670|81529,1.0000,0,0,
00010001101000000111000011100101111010110,41,opaque,20000,18,80125,80428,0.0100,0,0,0,,0,0,0,,,linear(r2=1.000),18|4135|20075|39679|80125,1.0000,0,0,
00010001101000000111000011100111001111010,41,opaque,20000,18,81529,81823,0.0100,0,0,0,,0,0,0,,,linear(r2=1.000),18|4454|20779|40670|81529,1.0000,0,0,
00010001101000000111001011001011101011010,41,monotone-growth,30,19,524149,524149,0.9667,1,0,0,,0,0,0,,,n/a,19|0|0|0|0,1.0000,0,0,
00010001101000000111001011010010111010110,41,monotone-growth,58,19,588953,588953,0.9828,1,0,0,,0,0,0,,,n/a,19|0|0|0|0,1.0000,0,0,
00010001101000000111001100101110110011010,41,monotone-growth,45,19,525248,525248,1.0000,1,0,0,,0,0,0,,,n/a,19|0|0|0|0,1.0000,0,0,
00010001101000000111001110000111001111010,41,blowup,10722,18,500599,500599,0.0706,1,0,0,,0,0,0,,,linear(r2=0.999),18|54065|240235|463937|0,1.0000,0,0,
00010001101000010000010111000110110011010,41,opaque,20000,19,193377,193377,0.6667,0,0,0,,0,0,0,,,linear(r2=1.000),19|9697|48377|96697|193377,1.0000,0,0,
00010001101000010000011001110011010011010,41,blowup,51,20,524317,524317,0.6667,1,0,0,,0,0,0,,,n/a,20|0|0|0|0,1.0000,0,0,
00010001101000010000011100110001110011010,41,opaque,20000,19,193377,193377,0.6667,0,0,0,,0,0,0,,,linear(r2=1.000),19|9697|48377|96697|193377,1.0000,0,0,
00010001101000010000011100111000110011010,41,opaque,20000,19,193377,193377,0.6667,0,0,0,,0,0,0,,,linear(r2=1.000),19|9697|48377|96697|193377,1.0000,0,0,
00010001101000010001011000110011101000110,41,opaque,20000,19,170713,245760,0.5003,0,0,0,,0,0,0,,,linear(r2=0.787),19|4020|42693|85365|170713,1.0000,0,0,
00010001101000010001011010010110101000110,41,blowup,1262,20,541280,541280,0.2036,1,0,0,,0,0,0,,,n/a,20|113776|0|0|0,1.0000,0,0,
00010001101000010001011010110010110001010,41,opaque,20000,20,107232,110538,0.1121,0,0,0,,0,0,0,,,linear(r2=0.689),20|2469|26676|53520|107232,1.0000,0,0,
00010001101000010001011101010011000001110,41,opaque,20000,19,444155,483272,0.5007,0,0,0,,0,0,0,,,linear(r2=0.847),19|12335|111183|222055|444155,1.0000,0,0,
00010001101000010001100000011001111011010,41,opaque,20000,19,60625,60919,0.0100,0,0,0,,0,0,0,,,linear(r2=1.000),19|3235|15325|30091|60625,1.0000,0,0,
00010001101000010001100011000011100111010,41,blowup,684,19,500095,500095,0.5058,1,0,0,,0,0,0,,,n/a,19|0|0|0|0,1.0000,0,0,
00010001101000010001100110001110000111010,41,opaque,20000,19,75367,129018,0.4004,0,0,0,,0,0,0,,,linear(r2=0.700),19|5570|18927|37785|75367,1.0000,0,0,
00010001101000010001100110001110011000110,41,blowup,2513,19,703589,703589,0.4071,1,0,0,,0,0,0,,,linear(r2=0.971),19|100840|0|0|0,1.0000,0,0,
00010001101000010001100111000110000111010,41,opaque,20000,19,75402,129027,0.4006,0,0,0,,0,0,0,,,linear(r2=0.700),19|5554|18787|37661|75402,1.0000,0,0,
00010001101000010001100111010011000001110,41,opaque,20000,19,247195,327368,0.5011,0,0,0,,0,0,0,,,linear(r2=0.891),19|16107|61491|123863|247195,1.0000,0,0,
00010001101000010001101000000110011110110,41,opaque,20000,19,60613,60913,0.0100,0,0,0,,0,0,0,,,linear(r2=1.000),19|3223|15313|30079|60613,1.0000,0,0,
00010001101000010001110010110001101000110,41,blowup,2028,19,629861,629861,0.5049,1,0,0,,0,0,0,,,linear(r2=0.964),19|105166|0|0|0,1.0000,0,0,
00010001101000010001110011000110000111010,41,opaque,20000,19,87893,150519,0.4007,0,0,0,,0,0,0,,,linear(r2=0.700),19|6445|21954|43870|87893,1.0000,0,0,
00010001101000010001110011000110011000110,41,blowup,16378,19,737284,737284,0.6670,1,0,0,,0,0,0,,,linear(r2=0.510),19|15527|302717|277716|0,1.0000,0,0,
00010001101000010001110011010011000001110,41,blowup,496,19,753667,753667,0.5161,1,0,0,,0,0,0,,,n/a,19|0|0|0|0,1.0000,0,0,
00010001101000010010011000000110011110110,41,opaque,20000,19,60625,60922,0.0100,0,0,0,,0,0,0,,,linear(r2=1.000),19|3235|15325|30091|60625,1.0000,0,0,
00010001101000010100101000000110011110110,41,opaque,20000,19,60625,60922,0.0100,0,0,0,,0,0,0,,,linear(r2=1.000),19|3235|15325|30091|60625,1.0000,0,0,
00010001101000010101100000011001110101010,41,blowup,5662,20,500238,500238,0.5060,1,0,0,,0,0,0,,,linear(r2=0.971),20|36745|414823|0|0,1.0000,0,0,
00010001101000010101100101100000101010110,41,opaque,20000,20,157240,194512,0.2006,0,0,0,,0,0,0,,,linear(r2=0.785),20|10638|39172|78522|157240,1.0000,0,0,
00010001101000010110000001100110011101010,41,blowup,2791,20,500015,500015,0.5070,1,0,0,,0,0,0,,,linear(r2=0.977),20|111557|0|0|0,1.0000,0,0,
00010001101000010110000001100111101100010,41,opaque,20000,19,59425,59728,0.0100,0,0,0,,0,0,0,,,linear(r2=1.000),19|2965|14725|29245|59425,1.0000,0,0,
00010001101000010110000001110010110101010,41,blowup,43,20,885765,885765,0.5349,1,0,0,,0,0,0,,,n/a,20|0|0|0|0,1.0000,0,0,
00010001101000010110000101011000101101010,41,opaque,20000,20,3258,3646,0.0175,0,0,0,,0,0,0,,,linear(r2=0.947),20|573|1369|2347|3258,1.0000,0,0,
00010001101000010110000101100000111101010,41,opaque,20000,19,39283,39619,0.5026,0,0,0,,0,0,0,,,linear(r2=0.998),19|2345|10290|18935|39283,1.0000,0,0,
00010001101000010110000101100010011101010,41,opaque,20000,20,3258,3646,0.0175,0,0,0,,0,0,0,,,linear(r2=0.947),20|573|1369|2347|3258,1.0000,0,0,
00010001101000010110000101101110011101010,41,opaque,20000,19,89718,89805,0.0375,0,0,0,,0,0,0,,,linear(r2=1.000),19|5443|23903|46351|89718,1.0000,0,0,
00010001101000010110000101111001110101010,41,monotone-growth,1725,19,500288,500288,1.0000,1,0,0,,0,0,0,,,n/a,19|224599|0|0|0,1.0000,0,0,
00010001101000010110000110010110001011010,41,opaque,20000,20,132871,147595,0.0026,0,0,0,,0,0,0,,,linear(r2=0.926),20|8888|33183|66416|132871,1.0000,0,0,
00010001101000010110000110011100000111010,41,opaque,20000,19,57583,180281,0.3362,0,0,0,,0,0,0,,,linear(r2=0.596),19|7203|15128|29464|57583,1.0000,0,0,
00010001101000010110000111001011000101010,41,opaque,20000,20,112514,123151,0.0629,0,0,0,,0,0,0,,,linear(r2=0.401),20|7530|122442|119202|112514,1.0000,0,0,
00010001101000010110001000010110011011010,41,opaque,20000,20,929,1296,0.0844,0,0,0,,0,0,0,,,linear(r2=0.502),20|507|698|809|929,1.0000,0,0,
00010001101000010110001000010110011101010,41,opaque,20000,20,14421,14627,0.0702,0,0,0,,0,0,0,,,linear(r2=0.918),20|2845|7738|10642|14421,1.0000,0,0,
00010001101000010110001000010110110001110,41,blowup,375,19,933887,933887,0.0453,1,0,0,,0,0,0,,,n/a,19|0|0|0|0,1.0000,0,0,
00010001101000010110001000011001100111010,41,blowup,2907,20,500186,500186,0.3144,1,0,0,,0,0,0,,,linear(r2=0.979),20|106273|0|0|0,1.0000,0,0,
00010001101000010110001001100001011101010,41,blowup,6929,20,500060,500060,0.3145,1,0,0,,0,0,0,,,linear(r2=0.966),20|24725|300134|0|0,1.0000,0,0,
00010001101000010110001001100001100111010,41,blowup,4755,20,500344,500344,0.4852,1,0,0,,0,0,0,,,linear(r2=0.971),20|49036|0|0|0,1.0000,0,0,
00010001101000010110001100001011010001110,41,opaque,20000,19,683,2459,0.5001,0,0,0,,0,0,0,,,linear(r2=0.412),19|485|383|881|683,1.0000,0,0,
00010001101000010110001100001100110001110,41,blowup,1014,19,630048,630048,0.4536,1,0,0,,0,0,0,,,n/a,19|404978|0|0|0,1.0000,0,0,
00010001101000010110001100101011010001010,41,blowup,1254,20,574132,574132,0.2057,1,0,0,,0,0,0,,,n/a,20|164613|0|0|0,1.0000,0,0,
00010001101000010110001100101100011000110,41,blowup,2002,19,703589,703589,0.2557,1,0,0,,0,0,0,,,linear(r2=0.893),19|216380|0|0|0,1.0000,0,0,
00010001101000010110001100101101000001110,41,blowup,1007,19,524922,524922,0.2562,1,0,0,,0,0,0,,,n/a,19|140208|0|0|0,1.0000,0,0,
00010001101000010110010101100000101101010,41,opaque,20000,20,173742,214938,0.2006,0,0,0,,0,0,0,,,linear(r2=0.785),20|11724|43254|86742|173742,1.0000,0,0,
00010001101000010110010110000010100110110,41,opaque,20000,20,157240,194512,0.2006,0,0,0,,0,0,0,,,linear(r2=0.785),20|10638|39172|78522|157240,1.0000,0,0,
00010001101000010110010110000011010011010,41,blowup,1695,20,916542,916542,0.1504,1,0,0,,0,0,0,,,n/a,20|211877|0|0|0,1.0000,0,0,
00010001101000010110010110001000110011010,41,blowup,1695,20,916542,916542,0.1504,1,0,0,,0,0,0,,,n/a,20|211877|0|0|0,1.0000,0,0,
00010001101000010110011000000011110011010,41,blowup,975,19,830082,830082,0.2615,1,0,0,,0,0,0,,,n/a,19|0|0|0|0,1.0000,0,0,
00010001101000010110011000000110011101010,41,blowup,3969,20,500064,500064,0.5057,1,0,0,,0,0,0,,,linear(r2=0.960),20|55144|0|0|0,1.0000,0,0,
00010001101000010110011001011000110100010,41,blowup,19628,20,949057,949057,0.2229,1,0,0,,0,0,0,,,linear(r2=0.811),20|33987|140693|440030|0,1.0000,0,0,
00010001101000010110011001100000111000110,41,blowup,12240,19,589455,589455,0.3346,1,0,0,,0,0,0,,,linear(r2=0.950),19|35143|234914|470356|0,1.0000,0,0,
00010001101000010110110011000010111010110,41,blowup,549,19,24310,25078,0.0182,1,0,0,,0,0,0,,,n/a,19|0|0|0|0,1.0000,0,0,step-alloc-cap
00010001101000010110110011000011100111010,41,opaque,20000,19,184477,184477,0.2067,0,0,0,,0,0,0,,,linear(r2=1.000),19|12124|48031|93307|184477,1.0000,0,0,
00010001101000010110110011001011000001010,41,opaque,20000,20,40540,77957,0.2004,0,0,0,,0,0,0,,,linear(r2=0.568),20|3358|10020|20180|40540,1.0000,0,0,
00010001101000010111001100000011110110110,41,opaque,20000,18,21829,22123,0.0100,0,0,0,,0,0,0,,,linear(r2=0.999),18|1484|5929|11060|21829,1.0000,0,0,
00010001101000010111001100001011101010110,41,monotone-growth,2184,19,500210,500210,1.0000,1,0,0,,0,0,0,,,linear(r2=0.974),19|157669|0|0|0,1.0000,0,0,
00010001101000010111001100001011101011010,41,blowup,38,19,25843,25843,0.2632,1,0,0,,0,0,0,,,n/a,19|0|0|0|0,1.0000,0,0,step-alloc-cap
00010001101000010111001100001100111010110,41,monotone-growth,2314,19,500403,500403,1.0000,1,0,0,,0,0,0,,,linear(r2=0.976),19|147791|0|0|0,1.0000,0,0,
00010001101000010111001100001110011101010,41,blowup,200,19,502312,502312,0.5150,1,0,0,,0,0,0,,,n/a,19|0|0|0|0,1.0000,0,0,
00010001101000011000000100100110011110110,41,opaque,20000,19,31834,32185,0.0072,0,0,0,,0,0,0,,,linear(r2=0.999),19|1879|8248|15781|31834,1.0000,0,0,
00010001101000011000000101001010011110110,41,opaque,20000,19,31834,32185,0.0072,0,0,0,,0,0,0,,,linear(r2=0.999),19|1879|8248|15781|31834,1.0000,0,0,
00010001101000011000000101100010011110110,41,opaque,20000,19,121531,121825,0.0100,0,0,0,,0,0,0,,,linear(r2=1.000),19|6481|30781|60553|121531,1.0000,0,0,
00010001101000011000000101100111101100010,41,opaque,20000,19,121531,121825,0.0100,0,0,0,,0,0,0,,,linear(r2=1.000),19|6481|30781|60553|121531,1.0000,0,0,
00010001101000011000000101100111101101110,41,blowup,93,18,622080,622080,0.1613,1,0,0,,0,0,0,,,n/a,18|0|0|0|0,1.0000,0,0,
00010001101000011000000101101110011110110,41,blowup,8193,18,597780,597780,0.0018,1,0,0,,0,0,0,,,linear(r2=0.894),18|35743|296079|0|0,1.0000,0,0,
00010001101000011000000101111010011110110,41,blowup,197,18,516716,516716,0.2944,1,0,0,,0,0,0,,,n/a,18|0|0|0|0,1.0000,0,0,
00010001101000011000000110010010011110110,41,opaque,20000,19,31834,32185,0.0072,0,0,0,,0,0,0,,,linear(r2=0.999),19|1879|8248|15781|31834,1.0000,0,0,
00010001101000011000000110010100101110110,41,opaque,20000,19,31834,32185,0.0072,0,0,0,,0,0,0,,,linear(r2=0.999),19|1879|8248|15781|31834,1.0000,0,0,
00010001101000011000000110010111101101110,41,blowup,561,18,511092,511092,0.1586,1,0,0,,0,0,0,,,n/a,18|0|0|0|0,1.0000,0,0,
00010001101000011000000110011110010010110,41,opaque,20000,19,10456,11503,0.0026,0,0,0,,0,0,0,,,linear(r2=0.928),19|1705|4759|7171|10456,1.0000,0,0,
00010001101000011000000110011110011110110,41,blowup,1077,18,500886,500886,0.1903,1,0,0,,0,0,0,,,n/a,18|395077|0|0|0,1.0000,0,0,
00010001101000011000000111001011110101110,41,opaque,20000,18,213395,213395,0.3334,0,0,0,,0,0,0,,,linear(r2=1.000),18|10701|53395|106701|213395,1.0000,0,0,
00010001101000011000000111100110011110110,41,blowup,246,18,501369,501369,0.5163,1,0,0,,0,0,0,,,n/a,18|0|0|0|0,1.0000,0,0,
00010001101000011000000111100111001111010,41,blowup,343,18,511222,511222,0.2157,1,0,0,,0,0,0,,,n/a,18|0|0|0|0,1.0000,0,0,
00010001101000011000000111100111100111010,41,opaque,20000,18,296023,296023,0.6553,0,0,0,,0,0,0,,,linear(r2=1.000),18|17797|75415|149855|296023,1.0000,0,0,
00010001101000011000010010000110011110110,41,opaque,20000,19,31834,32185,0.0072,0,0,0,,0,0,0,,,linear(r2=0.999),19|1879|8248|15781|31834,1.0000,0,0,
00010001101000011000010101011000101101010,41,opaque,20000,20,48967,49198,0.0147,0,0,0,,0,0,0,,,linear(r2=1.000),20|2682|12496|24427|48967,1.0000,0,0,
00010001101000011000010101100010011101010,41,opaque,20000,20,48967,49198,0.0147,0,0,0,,0,0,0,,,linear(r2=1.000),20|2682|12496|24427|48967,1.0000,0,0,
00010001101000011000010101100011000111010,41,opaque,20000,19,446,672,0.5005,0,0,0,,0,0,0,,,exp(r2=0.174),19|164|406|328|446,1.0000,0,0,
00010001101000011000010101100110001011010,41,opaque,20000,20,254,575,0.0247,0,0,0,,0,0,0,,,linear(r2=0.211),20|312|260|194|254,1.0000,0,0,
00010001101000011000010101101110011101010,41,opaque,20000,19,298126,298213,0.0375,0,0,0,,0,0,0,,,linear(r2=1.000),19|14926|74491|149176|298126,1.0000,0,0,
00010001101000011000010101101110100111010,41,opaque,20000,19,127324,127411,0.0243,0,0,0,,0,0,0,,,linear(r2=1.000),19|6898|32893|64825|127324,1.0000,0,0,
00010001101000011000010101111001110101010,41,monotone-growth,942,19,500314,500314,1.0000,1,0,0,,0,0,0,,,n/a,19|0|0|0|0,1.0000,0,0,
00010001101000011000010101111010011101010,41,opaque,20000,19,311194,311248,0.0384,0,0,0,,0,0,0,,,linear(r2=1.000),19|16306|79351|156742|311194,1.0000,0,0,
00010001101000011000010110000000100111010,41,opaque,20000,20,1163,2730,0.2036,0,0,0,,0,0,0,,,linear(r2=0.662),20|604|1404|960|1163,1.0000,0,0,
00010001101000011000010110000011100111010,41,blowup,2848,19,500033,500033,0.6053,1,0,0,,0,0,0,,,linear(r2=0.977),19|109936|0|0|0,1.0000,0,0,
00010001101000011000010110001001011101010,41,opaque,20000,20,48967,49198,0.0147,0,0,0,,0,0,0,,,linear(r2=1.000),20|2682|12496|24427|48967,1.0000,0,0,
00010001101000011000010110001001100111010,41,opaque,20000,20,451871,452091,0.0429,0,0,0,,0,0,0,,,linear(r2=1.000),20|22980|113012|227240|451871,1.0000,0,0,
00010001101000011000010110001100111000110,41,opaque,20000,19,92672,95808,0.3376,0,0,0,,0,0,0,,,linear(r2=0.999),19|6095|24676|48489|92672,1.0000,0,0,
00010001101000011000010110011000001111010,41,blowup,1303,19,626561,626561,0.3753,1,0,0,,0,0,0,,,n/a,19|121758|0|0|0,1.0000,0,0,
00010001101000011000010110011000100111010,41,opaque,20000,20,6759,6854,0.0192,0,0,0,,0,0,0,,,linear(r2=0.990),20|557|1950|3758|6759,1.0000,0,0,
00010001101000011000010110011011100111010,41,opaque,20000,19,128966,129026,0.0469,0,0,0,,0,0,0,,,linear(r2=1.000),19|6942|33312|65231|128966,1.0000,0,0,
00010001101000011000010110011110100111010,41,opaque,20000,19,145750,145798,0.0500,0,0,0,,0,0,0,,,linear(r2=1.000),19|8790|39020|75375|145750,1.0000,0,0,
00010001101000011000010110111000011110110,41,opaque,20000,18,102604,102691,0.0375,0,0,0,,0,0,0,,,linear(r2=1.000),18|5454|26119|51831|102604,1.0000,0,0,
00010001101000011000010110111001011101010,41,opaque,20000,19,298126,298213,0.0375,0,0,0,,0,0,0,,,linear(r2=1.000),19|14926|74491|149176|298126,1.0000,0,0,
00010001101000011000010110111001100111010,41,blowup,12722,19,500893,500893,0.0819,1,0,0,,0,0,0,,,linear(r2=1.000),19|36374|192839|392280|0,1.0000,0,0,
00010001101000011000010111000111100111010,41,blowup,369,18,7524,7524,0.0244,1,0,0,,0,0,0,,,n/a,18|0|0|0|0,1.0000,0,0,step-alloc-cap
00010001101000011000010111001011000101010,41,opaque,20000,20,123029,136367,0.0682,0,0,0,,0,0,0,,,linear(r2=0.394),20|7916|135151|131218|123029,1.0000,0,0,
00010001101000011000010111100001111011010,41,monotone-growth,1612,18,500226,500226,1.0000,1,0,0,,0,0,0,,,n/a,18|245858|0|0|0,1.0000,0,0,
00010001101000011000010111100101110101010,41,monotone-growth,942,19,500314,500314,1.0000,1,0,0,,0,0,0,,,n/a,19|0|0|0|0,1.0000,0,0,
00010001101000011000010111100110011101010,41,monotone-growth,994,19,500497,500497,1.0000,1,0,0,,0,0,0,,,n/a,19|0|0|0|0,1.0000,0,0,
00010001101000011000010111100111010000010,41,opaque,20000,19,121531,121825,0.0100,0,0,0,,0,0,0,,,linear(r2=1.000),19|6481|30781|60553|121531,1.0000,0,0,
00010001101000011000010111100111010001110,41,blowup,30,18,9501,9501,0.3000,1,0,0,,0,0,0,,,n/a,18|0|0|0|0,1.0000,0,0,step-alloc-cap
00010001101000011000011000000110011110110,41,opaque,20000,19,61231,61519,0.0100,0,0,0,,0,0,0,,,linear(r2=1.000),19|3376|15631|30520|61231,1.0000,0,0,
00010001101000011000011000010110001111010,41,opaque,20000,19,1900,2116,0.3410,0,0,0,,0,0,0,,,linear(r2=0.723),19|223|511|1261|1900,1.0000,0,0,
00010001101000011000011001011000100111010,41,opaque,20000,20,455065,455282,0.0430,0,0,0,,0,0,0,,,linear(r2=1.000),20|23682|114328|229518|455065,1.0000,0,0,
00010001101000011000011001011001100010110,41,opaque,20000,20,3362,3723,0.0196,0,0,0,,0,0,0,,,linear(r2=0.662),20|1281|835|2035|3362,1.0000,0,0,
00010001101000011000011001011011100111010,41,blowup,8890,19,500389,500389,0.0916,1,0,0,,0,0,0,,,linear(r2=1.000),19|53044|277819|0|0,1.0000,0,0,
00010001101000011000011001011110011101010,41,monotone-growth,790,19,500389,500389,1.0000,1,0,0,,0,0,0,,,n/a,19|0|0|0|0,1.0000,0,0,
00010001101000011000011001100001100011110,41,blowup,859,19,552855,552855,0.3853,1,0,0,,0,0,0,,,n/a,19|0|0|0|0,1.0000,0,0,
00010001101000011000011001100101100010110,41,opaque,20000,20,2544,3003,0.0501,0,0,0,,0,0,0,,,linear(r2=0.327),20|2070|1385|2361|2544,1.0000,0,0,
00010001101000011000011001110000110001110,41,opaque,20000,19,5322,9642,0.3791,0,0,0,,0,0,0,,,linear(r2=0.405),19|667|3382|1829|5322,1.0000,0,0,
00010001101000011000011100001011100011010,41,blowup,6369,19,501173,501173,0.5004,1,0,0,,0,0,0,,,linear(r2=0.987),19|48059|363918|0|0,1.0000,0,0,
00010001101000011000011100001100110001110,41,blowup,1378,19,581743,581743,0.5479,1,0,0,,0,0,0,,,n/a,19|86065|0|0|0,1.0000,0,0,
00010001101000011000011100101100000001010,41,blowup,15799,20,760500,760500,0.1837,1,0,0,,0,0,0,,,exp(r2=0.133),20|95110|82258|66260|0,1.0000,0,0,
00010001101000011000011100110011001100010,41,opaque,20000,20,1813,2641,0.0713,0,0,0,,0,0,0,,,exp(r2=0.113),20|1964|1935|1940|1813,1.0000,0,0,
00010001101000011000011110000110011110110,41,opaque,20000,18,101429,101723,0.0100,0,0,0,,0,0,0,,,linear(r2=1.000),18|5444|25729|50540|101429,1.0000,0,0,
00010001101000011001000000011001111011010,41,opaque,20000,19,31834,32185,0.0072,0,0,0,,0,0,0,,,linear(r2=0.999),19|1879|8248|15781|31834,1.0000,0,0,
00010001101000011001000110001100100110110,41,opaque,20000,19,337,842,0.4004,0,0,0,,0,0,0,,,linear(r2=0.314),19|244|157|247|337,1.0000,0,0,
00010001101000011001001000000110011110110,41,opaque,20000,19,31834,32185,0.0072,0,0,0,,0,0,0,,,linear(r2=0.999),19|1879|8248|15781|31834,1.0000,0,0,
00010001101000011001011000000110011101010,41,blowup,5515,20,500069,500069,0.5063,1,0,0,,0,0,0,,,linear(r2=0.974),20|40228|428919|0|0,1.0000,0,0,
00010001101000011001011000100001011101010,41,blowup,11127,20,515836,515836,0.0062,1,0,0,,0,0,0,,,linear(r2=0.955),20|25918|144549|318076|0,1.0000,0,0,
00010001101000011001011000100001100111010,41,blowup,6061,20,500261,500261,0.2938,1,0,0,,0,0,0,,,linear(r2=0.977),20|37017|380611|0|0,1.0000,0,0,
00010001101000011001011000110010110001010,41,opaque,20000,20,369352,386494,0.2012,0,0,0,,0,0,0,,,linear(r2=0.936),20|23296|91710|184235|369352,1.0000,0,0,
00010001101000011001100000010111101000110,41,opaque,20000,19,7220,7793,0.5507,0,0,0,,0,0,0,,,linear(r2=0.360),19|3040|3412|3099|7220,1.0000,0,0,
00010001101000011001100000011001011101010,41,opaque,20000,20,431565,431565,0.5006,0,0,0,,0,0,0,,,linear(r2=0.930),20|17967|110345|217487|431565,1.0000,0,0,
00010001101000011001100000011001100111010,41,blowup,1958,20,500405,500405,0.5072,1,0,0,,0,0,0,,,n/a,20|180377|0|0|0,1.0000,0,0,
00010001101000011001100000011100101101010,41,blowup,52,20,590907,590907,0.5385,1,0,0,,0,0,0,,,n/a,20|0|0|0|0,1.0000,0,0,
00010001101000011001100001010110001011010,41,opaque,20000,20,7554,7796,0.0268,0,0,0,,0,0,0,,,linear(r2=0.962),20|1215|3111|4784|7554,1.0000,0,0,
00010001101000011001100001011000001111010,41,opaque,20000,19,109128,111210,0.5050,0,0,0,,0,0,0,,,linear(r2=0.999),19|6822|28353|56520|109128,1.0000,0,0,
00010001101000011001100001011000100111010,41,opaque,20000,20,92848,93064,0.0361,0,0,0,,0,0,0,,,linear(r2=0.999),20|6071|25566|48224|92848,1.0000,0,0,
00010001101000011001100001011011100111010,41,opaque,20000,19,101127,101220,0.0394,0,0,0,,0,0,0,,,linear(r2=0.999),19|7102|28412|53688|101127,1.0000,0,0,
00010001101000011001100001011110011101010,41,monotone-growth,1630,19,500189,500189,1.0000,1,0,0,,0,0,0,,,n/a,19|245346|0|0|0,1.0000,0,0,
00010001101000011001100100010110101000110,41,opaque,20000,20,3177,3554,0.5006,0,0,0,,0,0,0,,,linear(r2=0.734),20|1649|2249|2725|3177,1.0000,0,0,
00010001101000011001100101011000100011010,41,blowup,2953,20,1040776,1040776,0.1300,1,0,0,,0,0,0,,,linear(r2=0.964),20|159941|0|0|0,1.0000,0,0,
00010001101000011001100101011000110001010,41,blowup,13067,20,520282,520282,0.2232,1,0,0,,0,0,0,,,linear(r2=0.939),20|37194|154202|482492|0,1.0000,0,0,
00010001101000011001100101100000011101010,41,opaque,20000,20,218973,225300,0.0919,0,0,0,,0,0,0,,,linear(r2=0.932),20|13593|54201|109107|218973,1.0000,0,0,
00010001101000011001100101100001100011010,41,opaque,20000,20,17081,17749,0.6760,0,0,0,,0,0,0,,,linear(r2=0.907),20|3163|8303|13592|17081,1.0000,0,0,
00010001101000011001100110000001100111010,41,blowup,3809,20,500188,500188,0.5062,1,0,0,,0,0,0,,,linear(r2=0.964),20|62772|0|0|0,1.0000,0,0,
00010001101000011100001110000111001111010,41,opaque,20000,18,41729,42023,0.0100,0,0,0,,0,0,0,,,linear(r2=1.000),18|2474|10879|20930|41729,1.0000,0,0,
00010001101001000001100000011001111011010,41,opaque,20000,19,60625,60919,0.0100,0,0,0,,0,0,0,,,linear(r2=1.000),19|3235|15325|30091|60625,1.0000,0,0,
00010001101001000101101010000001100111010,41,blowup,3666,20,500076,500076,0.5060,1,0,0,,0,0,0,,,linear(r2=0.967),20|68654|0|0|0,1.0000,0,0,
00010001101001000110011010000001100111010,41,blowup,3580,20,500076,500076,0.5061,1,0,0,,0,0,0,,,linear(r2=0.969),20|73146|0|0|0,1.0000,0,0,
00010001101001000110100000010110011101010,41,blowup,1878,20,501045,501045,0.5085,1,0,0,,0,0,0,,,n/a,20|196205|0|0|0,1.0000,0,0,
00010001101001000110100000011001100111010,41,blowup,1752,20,500105,500105,0.5074,1,0,0,,0,0,0,,,n/a,20|218715|0|0|0,1.0000,0,0,
00010001101001001000011000000110011110110,41,opaque,20000,19,60625,60919,0.0100,0,0,0,,0,0,0,,,linear(r2=1.000),19|3235|15325|30091|60625,1.0000,0,0,
00010001110010101101010100000011100110110,41,opaque,20000,19,106693,106696,0.5000,0,0,0,,0,0,0,,,linear(r2=1.000),19|5357|26693|53357|106693,1.0000,0,0,
00010001110010110011010100000011100110110,41,opaque,20000,19,106701,106704,0.5000,0,0,0,,0,0,0,,,linear(r2=1.000),19|5357|26701|53357|106701,1.0000,0,0,
00010001110010110101000000101110100111010,41,monotone-growth,2135,19,500012,500012,1.0000,1,0,0,,0,0,0,,,linear(r2=0.972),19|160327|0|0|0,1.0000,0,0,
00010001110010110101000000111001011010110,41,monotone-growth,56,19,524291,524291,1.0000,1,0,0,,0,0,0,,,n/a,19|0|0|0|0,1.0000,0,0,
00010001110010110101000000111001011011010,41,monotone-growth,56,19,524291,524291,1.0000,1,0,0,,0,0,0,,,n/a,19|0|0|0|0,1.0000,0,0,
00010001110010110101000000111001011101010,41,monotone-growth,56,19,524291,524291,1.0000,1,0,0,,0,0,0,,,n/a,19|0|0|0|0,1.0000,0,0,
00010001110010110110100000011100101101010,41,blowup,50,19,1062917,1062917,0.5000,1,0,0,,0,0,0,,,n/a,19|0|0|0|0,1.0000,0,0,
00010001110011010000001011010010111010110,41,monotone-growth,54,19,573091,573091,0.9815,1,0,0,,0,0,0,,,n/a,19|0|0|0|0,1.0000,0,0,
00010001110011010000001100101110110011010,41,monotone-growth,34,19,524313,524313,1.0000,1,0,0,,0,0,0,,,n/a,19|0|0|0|0,1.0000,0,0,
00010001110011010000001110000111001111010,41,opaque,20000,18,41327,41621,0.0100,0,0,0,,0,0,0,,,linear(r2=1.000),18|2382|10677|20646|41327,1.0000,0,0,
00010010000100011010000110000111100111010,41,opaque,20000,19,41127,41418,0.0100,0,0,0,,0,0,0,,,linear(r2=1.000),19|2337|10577|20505|41127,1.0000,0,0,
00010010010001011010100000011100101101010,41,blowup,49,20,1062913,1062913,0.4898,1,0,0,,0,0,0,,,n/a,20|0|0|0|0,1.0000,0,0,
00010010010001101000011000000110011110110,41,opaque,20000,19,61228,61519,0.0100,0,0,0,,0,0,0,,,linear(r2=1.000),19|3373|15628|30517|61228,1.0000,0,0,
00010100000101101010100000011100101101010,41,blowup,49,20,1062913,1062913,0.4898,1,0,0,,0,0,0,,,n/a,20|0|0|0|0,1.0000,0,0,
00010100000110101000011000000110011110110,41,opaque,20000,19,61228,61519,0.0100,0,0,0,,0,0,0,,,linear(r2=1.000),19|3373|15628|30517|61228,1.0000,0,0,
00010100010110001010000001110010110101010,41,blowup,52,20,1062912,1062912,0.4808,1,0,0,,0,0,0,,,n/a,20|0|0|0|0,1.0000,0,0,
00010100010110101000000111001011011011010,41,opaque,20000,19,300035,300035,0.5000,0,0,0,,0,0,0,,,linear(r2=1.000),19|15035|75035|150035|300035,1.0000,0,0,
00010100010110101000000111001011101011010,41,opaque,20000,19,300035,300035,0.5000,0,0,0,,0,0,0,,,linear(r2=1.000),19|15035|75035|150035|300035,1.0000,0,0,
00010100010110101000000111001100111011010,41,opaque,20000,19,400415,400415,0.5001,0,0,0,,0,0,0,,,linear(r2=1.000),19|20415|100415|200415|400415,1.0000,0,0,
00010100010110101000000111001110011011010,41,opaque,20000,19,316611,316611,0.6912,0,0,0,,0,0,0,,,linear(r2=1.000),19|16863|80239|159075|316611,1.0000,0,0,
00010100010110101000000111001110011101010,41,opaque,20000,19,39999,40018,0.1915,0,0,0,,0,0,0,,,linear(r2=0.997),19|4911|12279|21487|39999,1.0000,0,0,
00010100011001100000011001110100001101010,41,blowup,3500,20,500073,500073,0.5060,1,0,0,,0,0,0,,,linear(r2=0.971),20|77097|0|0|0,1.0000,0,0,
00010100011001100000011100110100001101010,41,blowup,92,20,524314,524314,0.5761,1,0,0,,0,0,0,,,n/a,20|0|0|0|0,1.0000,0,0,
00010100011001101000000111001100111011010,41,opaque,20000,19,400115,400115,0.5001,0,0,0,,0,0,0,,,linear(r2=1.000),19|20115|100115|200115|400115,1.0000,0,0,
00010100011010000001011100101101011011010,41,monotone-growth,52,19,573077,573077,0.9808,1,0,0,,0,0,0,,,n/a,19|0|0|0|0,1.0000,0,0,
00010100011010000001100101110110011011010,41,monotone-growth,578,19,500011,500011,0.9983,1,0,0,,0,0,0,,,n/a,19|0|0|0|0,1.0000,0,0,
00010100011010000001100101110110011101010,41,monotone-growth,578,19,502279,502279,0.9965,1,0,0,,0,0,0,,,n/a,19|0|0|0|0,1.0000,0,0,
00010100011010000101100000011001110101010,41,blowup,5554,20,500207,500207,0.5061,1,0,0,,0,0,0,,,linear(r2=0.972),20|38215|427978|0|0,1.0000,0,0,
00010100011010000101100010000110011101010,41,blowup,6069,20,500023,500023,0.2974,1,0,0,,0,0,0,,,linear(r2=0.973),20|33804|371002|0|0,1.0000,0,0,
00010100011010000110000001100111101100010,41,opaque,20000,19,61228,61516,0.0100,0,0,0,,0,0,0,,,linear(r2=1.000),19|3373|15628|30517|61228,1.0000,0,0,
00010100011010000110000101100000111101010,41,opaque,20000,19,2513,2849,0.5026,0,0,0,,0,0,0,,,linear(r2=0.714),19|250|649|544|2513,1.0000,0,0,
00010100011010000110000101100010011101010,41,opaque,20000,20,83730,83772,0.0352,0,0,0,,0,0,0,,,linear(r2=1.000),20|4434|21332|41898|83730,1.0000,0,0,
00010100011010000110000101101110011101010,41,opaque,20000,19,82563,82650,0.0375,0,0,0,,0,0,0,,,linear(r2=1.000),19|4438|21093|41782|82563,1.0000,0,0,
00010100011010000110000101111001110101010,41,monotone-growth,1763,19,500113,500113,1.0000,1,0,0,,0,0,0,,,n/a,19|215129|0|0|0,1.0000,0,0,
00010100011010000110011000000110011101010,41,blowup,3654,20,500313,500313,0.5060,1,0,0,,0,0,0,,,linear(r2=0.967),20|69195|0|0|0,1.0000,0,0,
00010100011010010001101000000110011101010,41,blowup,3499,20,500073,500073,0.5061,1,0,0,,0,0,0,,,linear(r2=0.971),20|77289|0|0|0,1.0000,0,0,
00010100011010010001101000000111001101010,41,blowup,91,20,524314,524314,0.5824,1,0,0,,0,0,0,,,n/a,20|0|0|0|0,1.0000,0,0,
00010100100001011010100000011100101101010,41,blowup,49,20,1062913,1062913,0.4898,1,0,0,,0,0,0,,,n/a,20|0|0|0|0,1.0000,0,0,
00010100100001101000011000000110011110110,41,opaque,20000,19,61228,61519,0.0100,0,0,0,,0,0,0,,,linear(r2=1.000),19|3373|15628|30517|61228,1.0000,0,0,
00011000000100011010000110000111100111010,41,opaque,20000,19,41127,41421,0.0100,0,0,0,,0,0,0,,,linear(r2=1.000),19|2337|10577|20505|41127,1.0000,0,0,
00011000010001011010100000011100101101010,41,blowup,48,20,1062916,1062916,0.5000,1,0,0,,0,0,0,,,n/a,20|0|0|0|0,1.0000,0,0,
00011000010001101000011000000110011110110,41,opaque,20000,19,61228,61522,0.0100,0,0,0,,0,0,0,,,linear(r2=1.000),19|3373|15628|30517|61228,1.0000,0,0,
00011001000101100010100000011100101101010,41,blowup,51,20,1062915,1062915,0.4902,1,0,0,,0,0,0,,,n/a,20|0|0|0|0,1.0000,0,0,
00011001000101101010000001110010110110110,41,opaque,20000,19,300035,300038,0.5000,0,0,0,,0,0,0,,,linear(r2=1.000),19|15035|75035|150035|300035,1.0000,0,0,
00011001000101101010000001110010111010110,41,opaque,20000,19,300035,300038,0.5000,0,0,0,,0,0,0,,,linear(r2=1.000),19|15035|75035|150035|300035,1.0000,0,0,
00011001000101101010000001110011001110110,41,opaque,20000,19,400415,400418,0.5001,0,0,0,,0,0,0,,,linear(r2=1.000),19|20415|100415|200415|400415,1.0000,0,0,
00011001000101101010000001110011100110110,41,opaque,20000,19,316611,316614,0.6912,0,0,0,,0,0,0,,,linear(r2=1.000),19|16883|80259|159095|316611,1.0000,0,0,
00011001000101101010000001110011100111010,41,opaque,20000,19,39999,40021,0.1915,0,0,0,,0,0,0,,,linear(r2=0.997),19|4927|12279|21507|39999,1.0000,0,0,
00011001000110011000000110011101000011010,41,blowup,3500,20,500073,500073,0.5060,1,0,0,,0,0,0,,,linear(r2=0.971),20|77097|0|0|0,1.0000,0,0,
00011001000110011000000111001101000011010,41,blowup,91,20,524317,524317,0.5824,1,0,0,,0,0,0,,,n/a,20|0|0|0|0,1.0000,0,0,
00011001000110011010000001110011001110110,41,opaque,20000,19,400115,400118,0.5001,0,0,0,,0,0,0,,,linear(r2=1.000),19|20115|100115|200115|400115,1.0000,0,0,
00011001000110100000010111001011010110110,41,monotone-growth,51,19,573080,573080,1.0000,1,0,0,,0,0,0,,,n/a,19|0|0|0|0,1.0000,0,0,
00011001000110100000011001011101100110110,41,monotone-growth,577,19,500014,500014,1.0000,1,0,0,,0,0,0,,,n/a,19|0|0|0|0,1.0000,0,0,
00011001000110100000011001011101100111010,41,monotone-growth,577,19,502282,502282,0.9983,1,0,0,,0,0,0,,,n/a,19|0|0|0|0,1.0000,0,0,
00011001000110100001011000000110011101010,41,blowup,5554,20,500207,500207,0.5061,1,0,0,,0,0,0,,,linear(r2=0.972),20|38215|427978|0|0,1.0000,0,0,
00011001000110100001011000100001100111010,41,blowup,6069,20,500023,500023,0.2974,1,0,0,,0,0,0,,,linear(r2=0.973),20|33804|371002|0|0,1.0000,0,0,
00011001000110100001100001011000001111010,41,opaque,20000,19,2513,2849,0.5026,0,0,0,,0,0,0,,,linear(r2=0.714),19|250|649|544|2513,1.0000,0,0,
00011001000110100001100001011000100111010,41,opaque,20000,20,83730,83772,0.0352,0,0,0,,0,0,0,,,linear(r2=1.000),20|4434|21332|41898|83730,1.0000,0,0,
00011001000110100001100001011011100111010,41,opaque,20000,19,82563,82650,0.0375,0,0,0,,0,0,0,,,linear(r2=1.000),19|4438|21093|41782|82563,1.0000,0,0,
00011001000110100001100001011110011101010,41,monotone-growth,1763,19,500113,500113,1.0000,1,0,0,,0,0,0,,,n/a,19|215129|0|0|0,1.0000,0,0,
00011001000110100001100110000001100111010,41,blowup,3654,20,500313,500313,0.5060,1,0,0,,0,0,0,,,linear(r2=0.967),20|69195|0|0|0,1.0000,0,0,
00011001000110100100011010000001100111010,41,blowup,3499,20,500073,500073,0.5061,1,0,0,,0,0,0,,,linear(r2=0.971),20|77289|0|0|0,1.0000,0,0,
00011001000110100100011010000001110011010,41,blowup,90,20,524317,524317,0.5889,1,0,0,,0,0,0,,,n/a,20|0|0|0|0,1.0000,0,0,
01000000010111101011100000011100101101010,41,blowup,50,18,1062916,1062916,0.5000,1,0,0,,0,0,0,,,n/a,18|0|0|0|0,0.9800,1,0,
01000000011110111000011000000110011110110,41,opaque,20000,17,61226,61520,0.0100,0,0,0,,0,0,0,,,linear(r2=1.000),17|3371|15626|30515|61226,1.0000,1,0,
01000001000110100001100001111001110100010,41,opaque,20000,19,41126,41417,0.0100,0,0,0,,0,0,0,,,linear(r2=1.000),19|2336|10576|20504|41126,1.0000,1,0,
01000001010111010110100000011100101101010,41,blowup,50,19,1062917,1062917,0.5000,1,0,0,,0,0,0,,,n/a,19|0|0|0|0,0.9800,1,0,
01000001011100110101100000011100101101010,41,blowup,50,19,1062917,1062917,0.5000,1,0,0,,0,0,0,,,n/a,19|0|0|0|0,0.9800,1,0,
01000001011101011000000110010101101101010,41,opaque,20000,19,179999,180005,0.4000,0,0,0,,0,0,0,,,linear(r2=1.000),19|8999|44999|89999|179999,1.0000,1,0,
01000001011101011000000110010110011011010,41,opaque,20000,19,140009,140015,0.3333,0,0,0,,0,0,0,,,linear(r2=1.000),19|7019|35009|70019|140009,1.0000,1,0,
01000001011101011000000110010110011101010,41,opaque,20000,19,90029,90035,0.2500,0,0,0,,0,0,0,,,linear(r2=1.000),19|4529|22529|45029|90029,1.0000,1,0,
01000001011101011000000110011100101101010,41,blowup,37,19,531500,531500,0.4865,1,0,0,,0,0,0,,,n/a,19|0|0|0|0,0.9730,1,0,
01000001011101011000000111001100101101010,41,blowup,28,19,524327,524327,0.5000,1,0,0,,0,0,0,,,n/a,19|0|0|0|0,0.9643,1,0,
01000001011101100010000001110011001110110,41,opaque,20000,18,400054,400054,0.5000,0,0,0,,0,0,0,,,linear(r2=1.000),18|20054|100054|200054|400054,1.0000,1,0,
01000001011101101000011000000110011110110,41,opaque,20000,18,61227,61518,0.0100,0,0,0,,0,0,0,,,linear(r2=1.000),18|3372|15627|30516|61227,1.0000,1,0,
01000001011101101100000010101101000111010,41,opaque,20000,18,6724,6724,0.3334,0,0,0,,0,0,0,,,linear(r2=1.000),18|374|1724|3374|6724,1.0000,1,0,
01000001011101101100000010110110000110110,41,opaque,20000,18,930,1518,0.0100,0,0,0,,0,0,0,,,linear(r2=0.706),18|270|480|915|930,1.0000,1,0,
01000001011101101100000010111010000110110,41,opaque,20000,18,930,1521,0.0100,0,0,0,,0,0,0,,,linear(r2=0.706),18|270|480|915|930,1.0000,1,0,
01000001011101101100000011001011000111010,41,opaque,20000,18,60024,60030,0.3333,0,0,0,,0,0,0,,,linear(r2=1.000),18|3030|15024|30030|60024,1.0000,1,0,
01000001100101110101100000011100101101010,41,blowup,50,19,1062917,1062917,0.5000,1,0,0,,0,0,0,,,n/a,19|0|0|0|0,0.9800,1,0,
01000001100111011000011000000110011110110,41,opaque,20000,18,61227,61521,0.0100,0,0,0,,0,0,0,,,linear(r2=1.000),18|3372|15627|30516|61227,1.0000,1,0,
01000001110000001110011111010000101101010,41,opaque,20000,18,28023,28035,0.2001,0,0,0,,0,0,0,,,linear(r2=1.000),18|1423|7023|14023|28023,1.0000,1,0,
01000001110000111100101100000101000011010,41,opaque,20000,19,50452,73726,0.1676,0,0,0,,0,0,0,,,linear(r2=0.745),19|3808|12520|25156|50452,1.0000,1,0,
01000001110001110000001011101100001101110,41,opaque,20000,17,666,1440,0.0071,0,0,0,,0,0,0,,,linear(r2=0.418),17|332|656|736|666,1.0000,1,0,
01000001110110000001000110011011001110110,41,opaque,20000,18,173350,173353,0.6667,0,0,0,,0,0,0,,,linear(r2=1.000),18|8695|43350|86695|173350,1.0000,1,0,
01000001110110000001000110011101001110110,41,opaque,20000,18,173350,173353,0.6667,0,0,0,,0,0,0,,,linear(r2=1.000),18|8695|43350|86695|173350,1.0000,1,0,
01000001110110000001011010010111000110110,41,opaque,20000,18,437618,491468,0.0027,0,0,0,,0,0,0,,,linear(r2=0.728),18|8238|109602|218950|437618,1.0000,1,0,
01000001110110000001011100001110011010110,41,opaque,20000,18,273327,273327,0.6667,0,0,0,,0,0,0,,,linear(r2=1.000),18|13661|68327|136661|273327,1.0000,1,0,
01000001110110000001100101110110000110110,41,blowup,1732,18,501450,501450,0.6669,1,0,0,,0,0,0,,,n/a,18|167536|0|0|0,0.9994,1,0,
01000001110110000001100101110110011000110,41,monotone-growth,34,18,786438,786438,1.0000,1,0,0,,0,0,0,,,n/a,18|0|0|0|0,0.9706,1,0,
01000001110110000001100111000000111110110,41,opaque,20000,17,21627,21921,0.0100,0,0,0,,0,0,0,,,linear(r2=0.999),17|1437|5827|10917|21627,1.0000,1,0,
01000001110110000001110000001100111110110,41,opaque,20000,17,61427,61721,0.0100,0,0,0,,0,0,0,,,linear(r2=1.000),17|3417|15727|30657|61427,1.0000,1,0,
01000001110110000001110011001011101100010,41,opaque,20000,18,268109,268109,0.4002,0,0,0,,0,0,0,,,linear(r2=1.000),18|13509|67109|134109|268109,1.0000,1,0,
01000001110110000100010110110011101000110,41,opaque,20000,18,159332,229374,0.5003,0,0,0,,0,0,0,,,linear(r2=0.787),18|3752|39845|79674|159332,1.0000,1,0,
01000001110110000100010111001110101000110,41,opaque,20000,18,17902,21491,0.5719,0,0,0,,0,0,0,,,linear(r2=0.827),18|2025|8985|7997|17902,1.0000,1,0,
01000001110110000100011100101101101000110,41,blowup,2028,18,826689,826689,0.5049,1,0,0,,0,0,0,,,linear(r2=0.964),18|92023|0|0|0,0.9995,1,0,
01000001110110000100011100101110101000110,41,opaque,20000,18,320003,428653,0.6670,0,0,0,,0,0,0,,,linear(r2=0.759),18|10624|114420|366644|320003,1.0000,1,0,
01000001110110000101100000010110110111010,41,opaque,20000,18,2851,3145,0.0051,0,0,0,,0,0,0,,,linear(r2=0.833),18|571|1451|1411|2851,1.0000,1,0,
01000001110110000101100000011001111011010,41,opaque,20000,18,64153,64723,0.0106,0,0,0,,0,0,0,,,linear(r2=0.999),18|3893|17291|33469|64153,1.0000,1,0,
01000001110110000101100000011100111101010,41,opaque,20000,18,76051,76057,0.2001,0,0,0,,0,0,0,,,linear(r2=1.000),18|3851|19051|38051|76051,1.0000,1,0,
01000001110110000101100000011110011101010,41,blowup,508,18,505735,505735,0.2087,1,0,0,,0,0,0,,,n/a,18|0|0|0|0,0.9980,1,0,
01000001110110000101100001110011100011010,41,opaque,20000,18,438840,440940,0.3354,0,0,0,,0,0,0,,,linear(r2=0.999),18|26763|116155|224247|438840,1.0000,1,0,
01000001110110000110000000011001111101110,41,opaque,20000,17,81327,81621,0.0100,0,0,0,,0,0,0,,,linear(r2=1.000),17|4407|20677|40527|81327,1.0000,1,0,
01000001110110000110000001011001111011010,41,opaque,20000,18,101429,101723,0.0100,0,0,0,,0,0,0,,,linear(r2=1.000),18|5444|25729|50540|101429,1.0000,1,0,
01000001110110000110000001011010011110110,41,opaque,20000,18,101429,101723,0.0100,0,0,0,,0,0,0,,,linear(r2=1.000),18|5444|25729|50540|101429,1.0000,1,0,
01000001110110000110000001100001111101110,41,opaque,20000,17,81327,81621,0.0100,0,0,0,,0,0,0,,,linear(r2=1.000),17|4407|20677|40527|81327,1.0000,1,0,
01000001110110000110000001100101111011010,41,opaque,20000,18,21679,22033,0.0072,0,0,0,,0,0,0,,,linear(r2=0.999),18|1349|5690|10729|21679,1.0000,1,0,
01000001110110000110000001100110011110110,41,opaque,20000,18,101429,101723,0.0100,0,0,0,,0,0,0,,,linear(r2=1.000),18|5444|25729|50540|101429,1.0000,1,0,
01000001110110000110000101011000001011010,41,opaque,20000,19,594,757,0.0184,0,0,0,,0,0,0,,,linear(r2=0.696),19|207|316|342|594,1.0000,1,0,
01000001110110000110000101100000100111010,41,opaque,20000,19,594,757,0.0184,0,0,0,,0,0,0,,,linear(r2=0.696),19|207|316|342|594,1.0000,1,0,
01000001110110000110000101110001100111010,41,blowup,832,18,500125,500125,0.5565,1,0,0,,0,0,0,,,n/a,18|0|0|0|0,0.9988,1,0,
01000001110110000110000101110011100011010,41,blowup,10792,18,501394,501394,0.5191,1,0,0,,0,0,0,,,linear(r2=0.998),18|57490|230234|444449|0,0.9999,1,0,
01000001110110000110000110010111000111010,41,blowup,172,18,503877,503877,0.7674,1,0,0,,0,0,0,,,n/a,18|0|0|0|0,0.9942,1,0,
01000001110110000110000110011100111000110,41,blowup,754,18,507683,507683,0.5424,1,0,0,,0,0,0,,,n/a,18|0|0|0|0,0.9987,1,0,
01000001110110000110000111001011000001010,41,blowup,19733,19,684451,684451,0.1471,1,0,0,,0,0,0,,,exp(r2=0.177),19|3333|76854|65349|0,0.9999,1,0,
01000001110110000110000111001011100011010,41,blowup,131,18,776380,776380,0.6183,1,0,0,,0,0,0,,,n/a,18|0|0|0|0,0.9924,1,0,
01000001110110000110000111001100111000110,41,blowup,75,18,539379,539379,0.7067,1,0,0,,0,0,0,,,n/a,18|0|0|0|0,0.9867,1,0,
01000001110110000110010001100011001001010,41,opaque,20000,19,337,842,0.4004,0,0,0,,0,0,0,,,linear(r2=0.314),19|244|157|247|337,1.0000,1,0,
01000001110110000110011000000101101101110,41,opaque,20000,18,115525,116272,0.0097,0,0,0,,0,0,0,,,linear(r2=1.000),18|5435|27725|57539|115525,1.0000,1,0,
01000001110110000110011000000110011110110,41,opaque,20000,18,64977,65124,0.0106,0,0,0,,0,0,0,,,linear(r2=0.999),18|4057|17253|32817|64977,1.0000,1,0,
01000001110110000110011000000111001111010,41,blowup,4390,18,500025,500025,0.2513,1,0,0,,0,0,0,,,linear(r2=0.989),18|72485|0|0|0,0.9998,1,0,
01000001110110000110011000000111100111010,41,blowup,384,18,510239,510239,0.2604,1,0,0,,0,0,0,,,n/a,18|0|0|0|0,0.9974,1,0,
01000100010101101010110100000011100110110,41,head-recurrent-other,20000,19,106693,106693,0.5001,0,0,0,0000011100110110,2,4,1,4;6,15;7,linear(r2=1.000),19|5357|26693|53357|106693,0.9996,3,0,argsz15->7/statesz31->39
01000100010101101011010100000011100110110,41,head-recurrent-other,20000,19,106693,106693,0.5001,0,0,0,0000011100110110,2,4,1,4;6,15;7,linear(r2=1.000),19|5357|26693|53357|106693,0.9996,3,0,argsz15->7/statesz31->39
01000100010101101101010100000011100110110,41,head-recurrent-other,20000,19,106693,106693,0.5001,0,0,0,0000011100110110,2,4,1,4;6,15;7,linear(r2=1.000),19|5357|26693|53357|106693,0.9996,3,0,argsz15->7/statesz31->39
01000100010101110101010100000011100110110,41,head-recurrent-other,20000,19,106693,106693,0.5001,0,0,0,0000011100110110,2,4,1,4;6,15;7,linear(r2=1.000),19|5357|26693|53357|106693,0.9996,3,0,argsz15->7/statesz31->39
01000100010110001010100000011100101101010,41,blowup,52,20,1062912,1062912,0.4808,1,0,0,,0,0,0,,,n/a,20|0|0|0|0,0.8462,2,0,
01000100010110011010110100000011100110110,41,opaque,20000,19,106701,106701,0.5001,0,0,0,,0,0,0,,,linear(r2=1.000),19|5357|26701|53357|106701,0.9997,2,0,
01000100010110011011010100000011100110110,41,opaque,20000,19,106701,106701,0.5001,0,0,0,,0,0,0,,,linear(r2=1.000),19|5357|26701|53357|106701,0.9997,2,0,
01000100010110011101010100000011100110110,41,opaque,20000,19,106701,106701,0.5001,0,0,0,,0,0,0,,,linear(r2=1.000),19|5357|26701|53357|106701,0.9997,2,0,
01000100010110101000000111001011010100010,41,blowup,49,20,1062912,1062912,0.4898,1,0,0,,0,0,0,,,n/a,20|0|0|0|0,0.8980,2,0,
01000100010110101010000001110010110110110,41,opaque,20000,19,300035,300035,0.5000,0,0,0,,0,0,0,,,linear(r2=1.000),19|15035|75035|150035|300035,0.9998,2,0,
01000100010110101010000001110010111010110,41,opaque,20000,19,300035,300035,0.5000,0,0,0,,0,0,0,,,linear(r2=1.000),19|15035|75035|150035|300035,0.9998,2,0,
01000100010110101010000001110011001110110,41,opaque,20000,19,400415,400415,0.5001,0,0,0,,0,0,0,,,linear(r2=1.000),19|20415|100415|200415|400415,0.9998,2,0,
01000100010110101010000001110011100110110,41,opaque,20000,19,316611,316611,0.6912,0,0,0,,0,0,0,,,linear(r2=1.000),19|16863|80239|159075|316611,0.9998,2,0,
01000100010110101010000001110011100111010,41,opaque,20000,19,39999,40018,0.1915,0,0,0,,0,0,0,,,linear(r2=0.997),19|4911|12279|21487|39999,0.9998,2,0,
01000100010110101100110100000011100110110,41,head-recurrent-other,20000,19,106725,106725,0.5001,0,0,0,0000011100110110,2,6,1,4;10,23;7,linear(r2=1.000),19|5405|26725|53405|106725,0.9994,3,0,argsz23->7/statesz39->63
01000100010110101100110100000011100111010,41,head-recurrent-other,20000,19,45769,45794,0.3402,0,0,0,0000011100111010,2,5,1,4;8,23;7,linear(r2=0.539),19|30049|35755|39029|45769,0.9995,3,0,argsz23->7/statesz39->63
01000100010110101101000000101110100111010,41,head-recurrent-other,2136,19,500009,500009,1.0000,1,0,0,00000101110100111010,2,1067,2,2;6,9;19,linear(r2=0.972),19|160029|0|0|0,0.0000,1022,1021,argsz9->19/statesz29->59
01000100010110101101000000111001011010110,41,monotone-growth,57,19,524288,524288,1.0000,1,0,0,,0,0,0,,,n/a,19|0|0|0|0,0.9123,2,0,
01000100010110101101000000111001011011010,41,monotone-growth,57,19,524288,524288,1.0000,1,0,0,,0,0,0,,,n/a,19|0|0|0|0,0.9123,2,0,
01000100010110101101000000111001011101010,41,monotone-growth,57,19,524288,524288,1.0000,1,0,0,,0,0,0,,,n/a,19|0|0|0|0,0.9123,2,0,
01000100010110110100110100000011100110110,41,head-recurrent-other,20000,19,106733,106733,0.5001,0,0,0,0000011100110110,2,4,1,4;6,15;7,linear(r2=1.000),19|5389|26733|53389|106733,0.9996,3,0,argsz15->7/statesz39->47
01000100010110110100110100000011100111010,41,head-recurrent-other,20000,19,15829,15842,0.3235,0,0,0,0000011100111010,2,4,1,4;6,15;7,linear(r2=0.994),19|2497|5255|8735|15829,0.9996,3,0,argsz15->7/statesz39->47
01000100010110110101000000101110100111010,41,head-recurrent-other,2136,19,500009,500009,1.0000,1,0,0,00000101110100111010,2,1067,2,2;6,9;19,linear(r2=0.972),19|160029|0|0|0,0.0000,1022,1021,argsz9->19/statesz29->59
01000100010110110101000000111001011010110,41,monotone-growth,57,19,524288,524288,1.0000,1,0,0,,0,0,0,,,n/a,19|0|0|0|0,0.9123,2,0,
01000100010110110101000000111001011011010,41,monotone-growth,57,19,524288,524288,1.0000,1,0,0,,0,0,0,,,n/a,19|0|0|0|0,0.9123,2,0,
01000100010110110101000000111001011101010,41,monotone-growth,57,19,524288,524288,1.0000,1,0,0,,0,0,0,,,n/a,19|0|0|0|0,0.9123,2,0,
01000100010110110110100000011100101101010,41,blowup,49,19,1062912,1062912,0.4898,1,0,0,,0,0,0,,,n/a,19|0|0|0|0,0.8980,2,0,
01000100010111001101010100000011100110110,41,opaque,20000,19,106701,106701,0.5001,0,0,0,,0,0,0,,,linear(r2=1.000),19|5357|26701|53357|106701,0.9997,2,0,
01000100010111010100110100000011100110110,41,opaque,20000,19,106733,106733,0.5001,0,0,0,,0,0,0,,,linear(r2=1.000),19|5413|26733|53413|106733,0.9997,2,0,
01000100010111010100110100000011100111010,41,opaque,20000,19,15823,15842,0.3235,0,0,0,,0,0,0,,,linear(r2=0.994),19|2499|5255|8729|15823,0.9997,2,0,
01000100010111010101000000101110100111010,41,head-recurrent-other,2136,19,500009,500009,1.0000,1,0,0,00000101110100111010,2,1067,2,2;6,9;19,linear(r2=0.972),19|160029|0|0|0,0.0000,1022,1021,argsz9->19/statesz29->59
01000100010111010101000000111001011010110,41,monotone-growth,57,19,524288,524288,1.0000,1,0,0,,0,0,0,,,n/a,19|0|0|0|0,0.9123,2,0,
01000100010111010101000000111001011011010,41,monotone-growth,57,19,524288,524288,1.0000,1,0,0,,0,0,0,,,n/a,19|0|0|0|0,0.9123,2,0,
01000100010111010101000000111001011101010,41,monotone-growth,57,19,524288,524288,1.0000,1,0,0,,0,0,0,,,n/a,19|0|0|0|0,0.9123,2,0,
01000100010111010110100000011100101101010,41,blowup,49,19,1062912,1062912,0.4898,1,0,0,,0,0,0,,,n/a,19|0|0|0|0,0.8980,2,0,
01000100010111011010100000011100101101010,41,blowup,49,19,1062912,1062912,0.4898,1,0,0,,0,0,0,,,n/a,19|0|0|0|0,0.8980,2,0,
01000100011001100000011001110101000011010,41,head-recurrent-other,3501,20,500070,500070,0.5059,1,0,0,000001100111010,2,1728,3,4;11,7;20,linear(r2=0.971),20|77097|0|0|0,0.0000,844,843,argsz7->20/statesz28->70
01000100011001100000011100110101000011010,41,blowup,92,20,524314,524314,0.5761,1,0,0,,0,0,0,,,n/a,20|0|0|0|0,0.9239,2,0,
01000100011001101010000001110011001110110,41,opaque,20000,19,400115,400115,0.5001,0,0,0,,0,0,0,,,linear(r2=1.000),19|20115|100115|200115|400115,0.9999,1,0,
01000100011001101100110100000011100110110,41,opaque,20000,19,106701,106701,0.5001,0,0,0,,0,0,0,,,linear(r2=1.000),19|5357|26701|53357|106701,0.9998,2,0,
01000100011001110100110100000011100110110,41,opaque,20000,19,106701,106701,0.5001,0,0,0,,0,0,0,,,linear(r2=1.000),19|5381|26701|53381|106701,0.9998,2,0,
01000100011010000110000001100111101100010,41,opaque,20000,19,61227,61518,0.0100,0,0,0,,0,0,0,,,linear(r2=1.000),19|3372|15627|30516|61227,0.9998,1,0,
01000100011010010001101010000001100111010,41,head-recurrent-other,3500,20,500070,500070,0.5060,1,0,0,000001100111010,2,1728,3,3;10,7;20,linear(r2=0.971),20|77094|0|0|0,0.0000,844,843,argsz7->20/statesz28->70
01000100011010010001101010000001110011010,41,blowup,91,20,524314,524314,0.5824,1,0,0,,0,0,0,,,n/a,20|0|0|0|0,0.9341,2,0,
01000100011010010110001010000001100111010,41,ratchet-candidate,4210,20,500327,500327,0.3397,1,0,0,000001100111010,3,5,4,6;18;21;24,2;10;29;40,linear(r2=0.972),20|59308|0|0|0,0.0000,678,676,
01000100011010010110001010000001110011010,41,blowup,127,20,524326,524326,0.4252,1,0,0,,0,0,0,,,n/a,20|0|0|0|0,0.9370,3,0,
01000100011010011000000110011101000011010,41,head-recurrent-other,3500,20,500070,500070,0.5060,1,0,0,000001100111010,2,1728,3,3;10,7;20,linear(r2=0.971),20|77094|0|0|0,0.0000,844,843,argsz7->20/statesz28->70
01000100011010011000000111001101000011010,41,blowup,91,20,524314,524314,0.5824,1,0,0,,0,0,0,,,n/a,20|0|0|0|0,0.9341,2,0,
01000100011010011010000001110010110110110,41,opaque,20000,19,300065,300065,0.5001,0,0,0,,0,0,0,,,linear(r2=1.000),19|15065|75065|150065|300065,0.9998,2,0,
01000100011010011010000001110010111010110,41,opaque,20000,19,300205,300205,0.5001,0,0,0,,0,0,0,,,linear(r2=1.000),19|15205|75205|150205|300205,0.9998,2,0,
01000100011010011010000001110011001110110,41,opaque,20000,19,400045,400045,0.5001,0,0,0,,0,0,0,,,linear(r2=1.000),19|20045|100045|200045|400045,0.9998,2,0,
01000100011010011010000001110011100110110,41,opaque,20000,19,331233,331236,0.6894,0,0,0,,0,0,0,,,linear(r2=0.999),19|31605|94781|173481|331233,0.9998,2,0,
01000100011010011010000001110011100111010,41,opaque,20000,19,52861,52880,0.1941,0,0,0,,0,0,0,,,linear(r2=0.940),19|17737|25185|34433|52861,0.9998,2,0,
01000100011010100000010111001011010110110,41,monotone-growth,52,19,573077,573077,0.9808,1,0,0,,0,0,0,,,n/a,19|0|0|0|0,0.9423,1,0,
01000100011010100000011001011101100110110,41,monotone-growth,578,19,500011,500011,0.9983,1,0,0,,0,0,0,,,n/a,19|0|0|0|0,0.9948,1,0,
01000100011010100000011001011101100111010,41,monotone-growth,578,19,502279,502279,0.9965,1,0,0,,0,0,0,,,n/a,19|0|0|0|0,0.9948,1,0,
01000100011010100001011000000110011101010,41,head-recurrent-other,5555,20,500204,500204,0.5060,1,0,0,000001100111010,60,2743,3,325;335,7;68,linear(r2=0.971),20|38092|427978|0|0,0.0000,1077,1076,argsz7->68/statesz7172->7440
01000100011010100001011000100001100111010,41,head-recurrent-other,6070,20,500020,500020,0.2974,1,0,0,0010,58,3403,3,398;437,89;97,linear(r2=0.973),20|33804|371002|0|0,0.0000,862,861,argsz89->97/statesz9378->9758
01000100011010100001100001011000001111010,41,ratchet-candidate,20000,19,1976,2846,0.5026,0,0,0,000101100000000101100000000101100000000101100000000101100000000101100000000101100000000101100000000101100000000101100000000101100000000101100000000101100000000101100000000101100000000101100000000101100000000101100000000101100000000101100000000101100000000101100000000101100000000101100000000101100000000101100000000101100000000101100000000101100000000101100000000101100000000110000101100000111101010101010101010101010101010101010101010101010101010101010101010,1,69,64,1894;2023;2156;2293;2434;2579;2728;2881;3038;3199;3364;3533,235;242;249;256;263;270;277;284;291;298;305;312,linear(r2=0.397),19|325|927|577|1976,0.0000,3,2,
01000100011010100001100001011000100111010,41,head-recurrent-other,20000,20,83729,83769,0.0352,0,0,0,0010,48,12750,1,489;512,71;10,linear(r2=1.000),20|4433|21332|41897|83729,0.0000,679,678,argsz71->10/statesz2324->2263
01000100011010100001100110000001100111010,41,head-recurrent-other,3655,20,500310,500310,0.5059,1,0,0,000001100111010,68,1805,3,336;346,7;108,linear(r2=0.967),20|69008|0|0|0,0.0000,844,843,argsz7->108/statesz12930->13358
01000100011010100100011010000001100111010,41,head-recurrent-other,3500,20,500070,500070,0.5060,1,0,0,000001100111010,2,1728,3,3;10,7;20,linear(r2=0.971),20|77094|0|0|0,0.0000,844,843,argsz7->20/statesz28->70
01000100011010100100011010000001110011010,41,blowup,91,20,524314,524314,0.5824,1,0,0,,0,0,0,,,n/a,20|0|0|0|0,0.9341,2,0,
01000100011011001011010100000011100110110,41,head-recurrent-other,20000,19,106693,106693,0.5000,0,0,0,0000011100110110,2,4,1,4;6,15;7,linear(r2=1.000),19|5357|26693|53357|106693,0.9996,3,0,argsz15->7/statesz31->39
01000100011011001100110100000011100110110,41,opaque,20000,19,106701,106701,0.5000,0,0,0,,0,0,0,,,linear(r2=1.000),19|5357|26701|53357|106701,0.9997,2,0,
01000100011011001101000000101110100111010,41,head-recurrent-other,2136,19,500009,500009,0.9995,1,0,0,00000101110100111010,2,1067,2,2;6,9;19,linear(r2=0.972),19|160029|0|0|0,0.0000,1022,1021,argsz9->19/statesz29->59
01000100011011001101000000111001011010110,41,monotone-growth,57,19,524288,524288,0.9825,1,0,0,,0,0,0,,,n/a,19|0|0|0|0,0.9123,2,0,
01000100011011001101000000111001011011010,41,monotone-growth,57,19,524288,524288,0.9825,1,0,0,,0,0,0,,,n/a,19|0|0|0|0,0.9123,2,0,
01000100011011001101000000111001011101010,41,monotone-growth,57,19,524288,524288,0.9825,1,0,0,,0,0,0,,,n/a,19|0|0|0|0,0.9123,2,0,
01000100011011010000001011010010111010110,41,monotone-growth,55,19,573088,573088,0.9636,1,0,0,,0,0,0,,,n/a,19|0|0|0|0,0.9455,1,0,
01000100011011010000001100101110110011010,41,monotone-growth,35,19,524310,524310,0.9714,1,0,0,,0,0,0,,,n/a,19|0|0|0|0,0.9143,1,0,
01000100011011010000001110000111001111010,41,opaque,20000,18,41327,41618,0.0100,0,0,0,,0,0,0,,,linear(r2=1.000),18|2382|10677|20646|41327,0.9999,1,0,
01000100011101010000001011010010111010110,41,monotone-growth,55,19,573088,573088,0.9636,1,0,0,,0,0,0,,,n/a,19|0|0|0|0,0.9455,1,0,
01000100011101010000001100101110110011010,41,monotone-growth,35,19,524310,524310,0.9714,1,0,0,,0,0,0,,,n/a,19|0|0|0|0,0.9143,1,0,
01000100011101010000001110000111001111010,41,opaque,20000,18,41327,41618,0.0100,0,0,0,,0,0,0,,,linear(r2=1.000),18|2382|10677|20646|41327,0.9999,1,0,
01000100011101101000011000000110011110110,41,opaque,20000,18,61227,61518,0.0100,0,0,0,,0,0,0,,,linear(r2=1.000),18|3372|15627|30516|61227,0.9998,1,0,
01000100100101100010100000011100101101010,41,blowup,52,20,1062912,1062912,0.4808,1,0,0,,0,0,0,,,n/a,20|0|0|0|0,0.8462,2,0,
01000100100101101010000001110010110110110,41,opaque,20000,19,300035,300035,0.5000,0,0,0,,0,0,0,,,linear(r2=1.000),19|15035|75035|150035|300035,0.9998,2,0,
01000100100101101010000001110010111010110,41,opaque,20000,19,300035,300035,0.5000,0,0,0,,0,0,0,,,linear(r2=1.000),19|15035|75035|150035|300035,0.9998,2,0,
01000100100101101010000001110011001110110,41,opaque,20000,19,400415,400415,0.5001,0,0,0,,0,0,0,,,linear(r2=1.000),19|20415|100415|200415|400415,0.9998,2,0,
01000100100101101010000001110011100110110,41,opaque,20000,19,316611,316611,0.6912,0,0,0,,0,0,0,,,linear(r2=1.000),19|16863|80239|159075|316611,0.9998,2,0,
01000100100101101010000001110011100111010,41,opaque,20000,19,39999,40018,0.1915,0,0,0,,0,0,0,,,linear(r2=0.997),19|4911|12279|21487|39999,0.9998,2,0,
01000100100110011000000110011101000011010,41,head-recurrent-other,3501,20,500070,500070,0.5059,1,0,0,000001100111010,2,1728,3,4;11,7;20,linear(r2=0.971),20|77097|0|0|0,0.0000,844,843,argsz7->20/statesz28->70
01000100100110011000000111001101000011010,41,blowup,92,20,524314,524314,0.5761,1,0,0,,0,0,0,,,n/a,20|0|0|0|0,0.9239,2,0,
01000100100110011010000001110011001110110,41,opaque,20000,19,400115,400115,0.5001,0,0,0,,0,0,0,,,linear(r2=1.000),19|20115|100115|200115|400115,0.9999,1,0,
01000100100110100000010111001011010110110,41,monotone-growth,52,19,573077,573077,0.9808,1,0,0,,0,0,0,,,n/a,19|0|0|0|0,0.9423,1,0,
01000100100110100000011001011101100110110,41,monotone-growth,578,19,500011,500011,0.9983,1,0,0,,0,0,0,,,n/a,19|0|0|0|0,0.9948,1,0,
01000100100110100000011001011101100111010,41,monotone-growth,578,19,502279,502279,0.9965,1,0,0,,0,0,0,,,n/a,19|0|0|0|0,0.9948,1,0,
01000100100110100001011000000110011101010,41,head-recurrent-other,5555,20,500204,500204,0.5060,1,0,0,000001100111010,60,2743,3,325;335,7;68,linear(r2=0.971),20|38092|427978|0|0,0.0000,1077,1076,argsz7->68/statesz7172->7440
01000100100110100001011000100001100111010,41,head-recurrent-other,6070,20,500020,500020,0.2974,1,0,0,0010,58,3404,3,398;437,89;97,linear(r2=0.973),20|33804|371002|0|0,0.0000,862,861,argsz89->97/statesz9378->9758
01000100100110100001100001011000001111010,41,ratchet-candidate,20000,19,1976,2846,0.5026,0,0,0,000101100000000101100000000101100000000101100000000101100000000101100000000101100000000101100000000101100000000101100000000101100000000101100000000101100000000101100000000101100000000101100000000101100000000101100000000101100000000101100000000101100000000101100000000101100000000101100000000101100000000101100000000101100000000101100000000101100000000101100000000101100000000110000101100000111101010101010101010101010101010101010101010101010101010101010101010,1,69,64,1894;2023;2156;2293;2434;2579;2728;2881;3038;3199;3364;3533,235;242;249;256;263;270;277;284;291;298;305;312,linear(r2=0.397),19|325|927|577|1976,0.0000,3,2,
01000100100110100001100001011000100111010,41,head-recurrent-other,20000,20,83729,83769,0.0352,0,0,0,0010,48,12751,1,489;512,71;10,linear(r2=1.000),20|4433|21332|41897|83729,0.0000,679,678,argsz71->10/statesz2324->2263
01000100100110100001100110000001100111010,41,head-recurrent-other,3655,20,500310,500310,0.5059,1,0,0,000001100111010,68,1805,3,336;346,7;108,linear(r2=0.967),20|69008|0|0|0,0.0000,844,843,argsz7->108/statesz12930->13358
01000100100110100100011010000001100111010,41,head-recurrent-other,3500,20,500070,500070,0.5060,1,0,0,000001100111010,2,1728,3,3;10,7;20,linear(r2=0.971),20|77094|0|0|0,0.0000,844,843,argsz7->20/statesz28->70
01000100100110100100011010000001110011010,41,blowup,91,20,524314,524314,0.5824,1,0,0,,0,0,0,,,n/a,20|0|0|0|0,0.9341,2,0,
01000101000101101011010100000011100110110,41,head-recurrent-other,20000,19,106693,106693,0.5001,0,0,0,0000011100110110,2,4,1,4;6,15;7,linear(r2=1.000),19|5357|26693|53357|106693,0.9996,3,0,argsz15->7/statesz31->39
01000101000101101101010100000011100110110,41,head-recurrent-other,20000,19,106693,106693,0.5001,0,0,0,0000011100110110,2,4,1,4;6,15;7,linear(r2=1.000),19|5357|26693|53357|106693,0.9996,3,0,argsz15->7/statesz31->39
01000101000101110101010100000011100110110,41,head-recurrent-other,20000,19,106693,106693,0.5001,0,0,0,0000011100110110,2,4,1,4;6,15;7,linear(r2=1.000),19|5357|26693|53357|106693,0.9996,3,0,argsz15->7/statesz31->39
01000101000110001010100000011100101101010,41,blowup,52,20,1062912,1062912,0.4808,1,0,0,,0,0,0,,,n/a,20|0|0|0|0,0.8462,2,0,
01000101000110011011010100000011100110110,41,opaque,20000,19,106701,106701,0.5001,0,0,0,,0,0,0,,,linear(r2=1.000),19|5357|26701|53357|106701,0.9997,2,0,
01000101000110011101010100000011100110110,41,opaque,20000,19,106701,106701,0.5001,0,0,0,,0,0,0,,,linear(r2=1.000),19|5357|26701|53357|106701,0.9997,2,0,
01000101000110101010000001110010110110110,41,opaque,20000,19,300035,300035,0.5001,0,0,0,,0,0,0,,,linear(r2=1.000),19|15035|75035|150035|300035,0.9998,2,0,
01000101000110101010000001110010111010110,41,opaque,20000,19,300035,300035,0.5001,0,0,0,,0,0,0,,,linear(r2=1.000),19|15035|75035|150035|300035,0.9998,2,0,
01000101000110101010000001110011001110110,41,opaque,20000,19,400415,400415,0.5001,0,0,0,,0,0,0,,,linear(r2=1.000),19|20415|100415|200415|400415,0.9998,2,0,
01000101000110101010000001110011100110110,41,opaque,20000,19,316611,316611,0.6913,0,0,0,,0,0,0,,,linear(r2=1.000),19|16863|80239|159075|316611,0.9998,2,0,
01000101000110101010000001110011100111010,41,opaque,20000,19,39999,40018,0.1916,0,0,0,,0,0,0,,,linear(r2=0.997),19|4911|12279|21487|39999,0.9998,2,0,
01000101000110110011010100000011100110110,41,head-recurrent-other,20000,19,106693,106693,0.5000,0,0,0,0000011100110110,2,4,1,4;6,15;7,linear(r2=1.000),19|5357|26693|53357|106693,0.9996,3,0,argsz15->7/statesz31->39
01000101000110110101000000101110100111010,41,head-recurrent-other,2136,19,500009,500009,0.9995,1,0,0,00000101110100111010,2,1067,2,2;6,9;19,linear(r2=0.972),19|160029|0|0|0,0.0000,1022,1021,argsz9->19/statesz29->59
01000101000110110101000000111001011010110,41,monotone-growth,57,19,524288,524288,0.9825,1,0,0,,0,0,0,,,n/a,19|0|0|0|0,0.9123,2,0,
01000101000110110101000000111001011011010,41,monotone-growth,57,19,524288,524288,0.9825,1,0,0,,0,0,0,,,n/a,19|0|0|0|0,0.9123,2,0,
01000101000110110101000000111001011101010,41,monotone-growth,57,19,524288,524288,0.9825,1,0,0,,0,0,0,,,n/a,19|0|0|0|0,0.9123,2,0,
01000101000111001101010100000011100110110,41,opaque,20000,19,106701,106701,0.5001,0,0,0,,0,0,0,,,linear(r2=1.000),19|5357|26701|53357|106701,0.9997,2,0,
01000101000111010011010100000011100110110,41,opaque,20000,19,106701,106701,0.5000,0,0,0,,0,0,0,,,linear(r2=1.000),19|5357|26701|53357|106701,0.9997,2,0,
01000101000111010101000000101110100111010,41,head-recurrent-other,2136,19,500009,500009,0.9995,1,0,0,00000101110100111010,2,1067,2,2;6,9;19,linear(r2=0.972),19|160029|0|0|0,0.0000,1022,1021,argsz9->19/statesz29->59
01000101000111010101000000111001011010110,41,monotone-growth,57,19,524288,524288,0.9825,1,0,0,,0,0,0,,,n/a,19|0|0|0|0,0.9123,2,0,
01000101000111010101000000111001011011010,41,monotone-growth,57,19,524288,524288,0.9825,1,0,0,,0,0,0,,,n/a,19|0|0|0|0,0.9123,2,0,
01000101000111010101000000111001011101010,41,monotone-growth,57,19,524288,524288,0.9825,1,0,0,,0,0,0,,,n/a,19|0|0|0|0,0.9123,2,0,
01000101000111011010100000011100101101010,41,blowup,49,19,1062912,1062912,0.4898,1,0,0,,0,0,0,,,n/a,19|0|0|0|0,0.8980,2,0,
01000101001001100010100000011100101101010,41,blowup,52,20,1062912,1062912,0.4808,1,0,0,,0,0,0,,,n/a,20|0|0|0|0,0.8462,2,0,
01000101001001101010000001110010110110110,41,opaque,20000,19,300035,300035,0.5000,0,0,0,,0,0,0,,,linear(r2=1.000),19|15035|75035|150035|300035,0.9998,2,0,
01000101001001101010000001110010111010110,41,opaque,20000,19,300035,300035,0.5000,0,0,0,,0,0,0,,,linear(r2=1.000),19|15035|75035|150035|300035,0.9998,2,0,
01000101001001101010000001110011001110110,41,opaque,20000,19,400415,400415,0.5001,0,0,0,,0,0,0,,,linear(r2=1.000),19|20415|100415|200415|400415,0.9998,2,0,
01000101001001101010000001110011100110110,41,opaque,20000,19,316611,316611,0.6912,0,0,0,,0,0,0,,,linear(r2=1.000),19|16863|80239|159075|316611,0.9998,2,0,
01000101001001101010000001110011100111010,41,opaque,20000,19,39999,40018,0.1915,0,0,0,,0,0,0,,,linear(r2=0.997),19|4911|12279|21487|39999,0.9998,2,0,
01000101001010011000000110011101000011010,41,head-recurrent-other,3501,20,500070,500070,0.5059,1,0,0,000001100111010,2,1728,3,4;11,7;20,linear(r2=0.971),20|77097|0|0|0,0.0000,844,843,argsz7->20/statesz28->70
01000101001010011000000111001101000011010,41,blowup,92,20,524314,524314,0.5761,1,0,0,,0,0,0,,,n/a,20|0|0|0|0,0.9239,2,0,
01000101001010011010000001110011001110110,41,opaque,20000,19,400115,400115,0.5001,0,0,0,,0,0,0,,,linear(r2=1.000),19|20115|100115|200115|400115,0.9999,2,0,
01000101001010100000010111001011010110110,41,monotone-growth,52,19,573077,573077,0.9808,1,0,0,,0,0,0,,,n/a,19|0|0|0|0,0.9423,2,0,
01000101001010100000011001011101100110110,41,monotone-growth,578,19,500011,500011,0.9983,1,0,0,,0,0,0,,,n/a,19|0|0|0|0,0.9948,2,0,
01000101001010100000011001011101100111010,41,monotone-growth,578,19,502279,502279,0.9965,1,0,0,,0,0,0,,,n/a,19|0|0|0|0,0.9948,2,0,
01000101001010100001011000000110011101010,41,head-recurrent-other,5555,20,500204,500204,0.5060,1,0,0,000001100111010,60,2743,3,325;335,7;68,linear(r2=0.971),20|38092|427978|0|0,0.0000,1077,1076,argsz7->68/statesz7172->7440
01000101001010100001011000100001100111010,41,head-recurrent-other,6070,20,500020,500020,0.2974,1,0,0,0010,58,3404,3,398;437,89;97,linear(r2=0.973),20|33804|371002|0|0,0.0000,862,861,argsz89->97/statesz9378->9758
01000101001010100001100001011000001111010,41,ratchet-candidate,20000,19,1976,2846,0.5026,0,0,0,000101100000000101100000000101100000000101100000000101100000000101100000000101100000000101100000000101100000000101100000000101100000000101100000000101100000000101100000000101100000000101100000000101100000000101100000000101100000000101100000000101100000000101100000000101100000000101100000000101100000000101100000000101100000000101100000000101100000000101100000000101100000000110000101100000111101010101010101010101010101010101010101010101010101010101010101010,1,69,64,1894;2023;2156;2293;2434;2579;2728;2881;3038;3199;3364;3533,235;242;249;256;263;270;277;284;291;298;305;312,linear(r2=0.397),19|325|927|577|1976,0.0000,3,2,
01000101001010100001100001011000100111010,41,head-recurrent-other,20000,20,83729,83769,0.0352,0,0,0,0010,48,12751,1,489;512,71;10,linear(r2=1.000),20|4433|21332|41897|83729,0.0000,679,678,argsz71->10/statesz2324->2263
01000101001010100001100110000001100111010,41,head-recurrent-other,3655,20,500310,500310,0.5059,1,0,0,000001100111010,68,1805,3,336;346,7;108,linear(r2=0.967),20|69008|0|0|0,0.0000,844,843,argsz7->108/statesz12930->13358
01000101001010100100011010000001100111010,41,head-recurrent-other,3500,20,500070,500070,0.5060,1,0,0,000001100111010,2,1728,3,3;10,7;20,linear(r2=0.971),20|77094|0|0|0,0.0000,844,843,argsz7->20/statesz28->70
01000101001010100100011010000001110011010,41,blowup,91,20,524314,524314,0.5824,1,0,0,,0,0,0,,,n/a,20|0|0|0|0,0.9341,2,0,
01000101001101010000001011010010111010110,41,monotone-growth,55,19,573088,573088,0.9636,1,0,0,,0,0,0,,,n/a,19|0|0|0|0,0.9455,2,0,
01000101001101010000001100101110110011010,41,monotone-growth,35,19,524310,524310,0.9714,1,0,0,,0,0,0,,,n/a,19|0|0|0|0,0.9143,2,0,
01000101001101010000001110000111001111010,41,opaque,20000,18,41327,41618,0.0100,0,0,0,,0,0,0,,,linear(r2=1.000),18|2382|10677|20646|41327,0.9999,2,0,
01000101010001101101010100000011100110110,41,head-recurrent-other,20000,19,106693,106693,0.5000,0,0,0,0000011100110110,2,4,1,4;6,15;7,linear(r2=1.000),19|5357|26693|53357|106693,0.9996,3,0,argsz15->7/statesz31->39
01000101010001110101010100000011100110110,41,head-recurrent-other,20000,19,106693,106693,0.5000,0,0,0,0000011100110110,2,4,1,4;6,15;7,linear(r2=1.000),19|5357|26693|53357|106693,0.9996,3,0,argsz15->7/statesz31->39
01000101010010100010100000011100101101010,41,blowup,52,20,1062912,1062912,0.4808,1,0,0,,0,0,0,,,n/a,20|0|0|0|0,0.8462,3,0,
01000101010010101010000001110010110110110,41,opaque,20000,19,300035,300035,0.5000,0,0,0,,0,0,0,,,linear(r2=1.000),19|15035|75035|150035|300035,0.9998,3,0,
01000101010010101010000001110010111010110,41,opaque,20000,19,300035,300035,0.5000,0,0,0,,0,0,0,,,linear(r2=1.000),19|15035|75035|150035|300035,0.9998,3,0,
01000101010010101010000001110011001110110,41,opaque,20000,19,400415,400415,0.5001,0,0,0,,0,0,0,,,linear(r2=1.000),19|20415|100415|200415|400415,0.9998,3,0,
01000101010010101010000001110011100110110,41,opaque,20000,19,316611,316611,0.6912,0,0,0,,0,0,0,,,linear(r2=1.000),19|16863|80239|159075|316611,0.9998,3,0,
01000101010010101010000001110011100111010,41,opaque,20000,19,39999,40018,0.1915,0,0,0,,0,0,0,,,linear(r2=0.997),19|4911|12279|21487|39999,0.9998,3,0,
01000101010011010011010100000011100110110,41,opaque,20000,19,106701,106701,0.5000,0,0,0,,0,0,0,,,linear(r2=1.000),19|5357|26701|53357|106701,0.9997,3,0,
01000101010011010101000000101110100111010,41,head-recurrent-other,2136,19,500009,500009,0.9995,1,0,0,00000101110100111010,2,1067,2,2;6,9;19,linear(r2=0.972),19|160029|0|0|0,0.0000,1022,1021,argsz9->19/statesz29->59
01000101010011010101000000111001011010110,41,monotone-growth,57,19,524288,524288,0.9825,1,0,0,,0,0,0,,,n/a,19|0|0|0|0,0.9123,3,0,
01000101010011010101000000111001011011010,41,monotone-growth,57,19,524288,524288,0.9825,1,0,0,,0,0,0,,,n/a,19|0|0|0|0,0.9123,3,0,
01000101010011010101000000111001011101010,41,monotone-growth,57,19,524288,524288,0.9825,1,0,0,,0,0,0,,,n/a,19|0|0|0|0,0.9123,3,0,
01000101010100110101010100000011100110110,41,head-recurrent-other,20000,19,106693,106693,0.5000,0,0,0,0000011100110110,2,4,1,4;6,15;7,linear(r2=1.000),19|5357|26693|53357|106693,0.9996,4,0,argsz15->7/statesz31->39
01000101010110100011010100000011100110110,41,head-recurrent-other,20000,19,147510,147513,0.3751,0,0,0,0000011100110110,2,5,1,6;8,24;16,linear(r2=1.000),19|7385|36885|73760|147510,0.9994,4,0,argsz24->16/statesz40->57
01000101010110101000110100000011100110110,41,head-recurrent-other,20000,19,140020,140023,0.4286,0,0,0,0000011100110110,3,6,1,3;5,15;7,linear(r2=1.000),19|7009|34996|69982|140020,0.9994,4,0,argsz15->7/statesz40->48
01000101010110101010001100000011100110110,41,ratchet-candidate,20000,19,106699,106699,0.5000,0,0,0,0001010100000111001101100100000111001101100000011100110110000001110011011001100101000001110011011001000001110011011000000111001101100000011100110110,1,3333,64,8;14;20;26;32;38;44;50;56;62;68;74,8;40;72;104;136;168;200;232;264;296;328;360,linear(r2=1.000),19|5363|26699|53363|106699,0.0000,4,1,
01000101010110101010100000011001011101010,41,head-recurrent-other,20000,20,99860,99860,0.4995,0,0,0,0000011001011101010,4,4,1,1;1,9;9,linear(r2=1.000),20|4940|24892|49876|99860,0.9996,4,0,argsz9->9/statesz49->49
01000101010110101010100000011100101101010,41,ratchet-candidate,41,20,590529,590529,0.5122,1,0,0,000101010000011100101101010000001110010110101000000111001011010100101101010,2,10,10,4;8;12;16;20;24;28;32;36;40,9;29;89;269;809;2429;7289;21869;65609;196829,n/a,20|0|0|0|0,0.0000,4,2,
01000101011000011101010100000011100110110,41,head-recurrent-other,20000,19,102543,102543,0.3751,0,0,0,0000011100110110,2,4,1,4;6,18;10,linear(r2=1.000),19|5168|25668|51293|102543,0.9995,3,0,argsz18->10/statesz34->45
01000101011000110101000000101100110110110,41,head-recurrent-other,20000,19,3910,4197,0.6708,0,0,0,00000101100110110110,91,6709,1,2331;9429,10;10,linear(r2=0.875),19|1161|2041|2750|3910,0.0000,243,218,argsz10->10/statesz1677->2106
01000101011000110101000000101110100111010,41,head-recurrent-other,2126,19,500261,500261,0.9784,1,0,0,00000101110100111010,3,1040,2,1;14,10;40,linear(r2=0.973),19|163335|0|0|0,0.0000,994,994,argsz10->40/statesz40->173
01000101011001001101010100000011100110110,41,head-recurrent-other,20000,19,147555,147555,0.3751,0,0,0,0000011100110110,2,4,1,4;6,24;16,linear(r2=1.000),19|7430|36930|73805|147555,0.9995,3,0,argsz24->16/statesz40->57
01000101011001101000110100000011100110110,41,head-recurrent-other,20000,19,140006,140023,0.4286,0,0,0,0000011100110110,3,5,1,1;3,15;7,linear(r2=1.000),19|7034|34996|70023|140006,0.9995,3,0,argsz15->7/statesz40->48
01000101011001101010001100000011100110110,41,ratchet-candidate,20000,19,106707,106707,0.5000,0,0,0,0001010100000111001101100100000111001101100000011100110110000001110011011001100101000001110011011001000001110011011000000111001101100000011100110110,1,3333,64,6;12;18;24;30;36;42;48;54;60;66;72,8;40;72;104;136;168;200;232;264;296;328;360,linear(r2=1.000),19|5363|26707|53363|106707,0.0000,3,2,
01000101011001101010100000011001011101010,41,opaque,20000,20,99860,99860,0.4995,0,0,0,,0,0,0,,,linear(r2=1.000),20|4924|24892|49876|99860,0.9997,3,0,
01000101011001101010100000011100101101010,41,ratchet-candidate,43,20,590579,590579,0.5116,1,0,0,000101010000011100101101010000001110010110101000000111001011010100101101010,3,9,9,10;14;18;22;26;30;34;38;42,29;89;269;809;2429;7289;21869;65609;196829,n/a,20|0|0|0|0,0.0000,5,3,
01000101011010000110110100000011100110110,41,head-recurrent-other,20000,19,100035,100035,0.4286,0,0,0,0000011100110110,2,4,1,3;6,18;7,linear(r2=1.000),19|5018|25027|50028|100035,0.9996,3,0,argsz18->7/statesz34->42
01000101011010000110110100000011100111010,41,head-recurrent-other,4086,19,500206,500206,0.5000,1,0,0,0000011100111010,2,13,1,3;27,18;7,linear(r2=1.000),19|126606|0|0|0,0.9927,4,0,argsz18->7/statesz34->95
01000101011010000111010100000011100110110,41,head-recurrent-other,20000,19,100035,100035,0.4286,0,0,0,0000011100110110,2,4,1,3;6,18;7,linear(r2=1.000),19|5018|25027|50028|100035,0.9996,3,0,argsz18->7/statesz34->42
01000101011010001010000001110010110110110,41,head-recurrent-other,20000,19,300171,300174,0.5000,0,0,0,000001110010110110110,2,4,1,3;6,22;9,linear(r2=1.000),19|15171|75171|150171|300171,0.9996,3,0,argsz22->9/statesz42->75
01000101011010001010000001110011001110110,41,head-recurrent-other,20000,19,400075,400075,0.5000,0,0,0,000001110011001110110,2,4,1,3;6,22;9,linear(r2=1.000),19|20075|100075|200075|400075,0.9996,3,0,argsz22->9/statesz42->75
01000101011010001101000000101110100111010,41,head-recurrent-other,2062,19,500317,500317,0.9782,1,0,0,00000101110100111010,3,1008,2,1;16,9;51,linear(r2=0.975),19|172797|0|0|0,0.0000,962,961,argsz9->51/statesz40->217
01000101011010001101000000111001011101010,41,head-recurrent-other,64,19,704512,704512,0.9688,1,0,0,00000111001011101010,3,4,2,1;5,9;10,n/a,19|0|0|0|0,0.8594,3,0,argsz9->10/statesz40->83
01000101011010001101000000111001110011010,41,head-recurrent-other,54,19,857800,857800,0.9259,1,0,0,00000111001110011010,2,4,1,3;5,31;21,n/a,19|0|0|0|0,0.8333,3,0,argsz31->21/statesz51->83
01000101011010010011010100000011100110110,41,head-recurrent-other,20000,19,117183,117183,0.4286,0,0,0,0000011100110110,2,4,1,3;6,24;7,linear(r2=1.000),19|5876|29317|58608|117183,0.9996,3,0,argsz24->7/statesz40->48
01000101011010010110101010000001100111010,41,head-recurrent-other,3501,20,500095,500095,0.5001,1,0,0,000001100111010,81,1750,3,355;365,7;119,linear(r2=0.971),20|77668|0|0|0,0.0000,837,836,argsz7->119/statesz16959->17431
01000101011010011010001100000011100110110,41,head-recurrent-other,20000,19,106694,106694,0.5000,0,0,0,0000011100110110,2,6,1,3;9,23;7,linear(r2=1.000),19|5350|26694|53350|106694,0.9994,3,0,argsz23->7/statesz40->64
01000101011010100001101100000011100110110,41,head-recurrent-other,20000,19,106672,106672,0.5000,0,0,0,0000011100110110,2,4,1,3;5,15;7,linear(r2=1.000),19|5352|26672|53352|106672,0.9996,3,0,argsz15->7/statesz34->42
01000101011010100001110100000011100110110,41,head-recurrent-other,20000,19,106696,106696,0.5000,0,0,0,0000011100110110,2,4,1,3;5,15;7,linear(r2=1.000),19|5360|26696|53360|106696,0.9996,3,0,argsz15->7/statesz34->42
01000101011010100010000001110010110110110,41,ratchet-candidate,20000,19,300035,300035,0.5000,0,0,0,0001010100000111001011011011000000111001011011011000000111001011011011001011001010000011100101101101100000011100101101101100000011100101101101100101000001110010110110110000001110010110110110000001110010110110110,1,5000,64,4;8;12;16;20;24;28;32;36;40;44;48,2;62;122;182;242;302;362;422;482;542;602;662,linear(r2=1.000),19|15035|75035|150035|300035,0.0000,3,1,
01000101011010100010000001110010111010110,41,ratchet-candidate,20000,19,300035,300035,0.5000,0,0,0,0001010100000111001011101011000000111001011101011000000111001011101011001010101000001110010111010110000001110010111010110000001110010111010110100101000001110010111010110000001110010111010110000001110010111010110,1,5000,64,4;8;12;16;20;24;28;32;36;40;44;48,2;62;122;182;242;302;362;422;482;542;602;662,linear(r2=1.000),19|15035|75035|150035|300035,0.0000,3,1,
01000101011010100010000001110011001110110,41,head-recurrent-other,20000,19,400341,400341,0.5000,0,0,0,000001110011001110110,2,5,1,3;7,29;9,linear(r2=1.000),19|20341|100341|200341|400341,0.9995,3,0,argsz29->9/statesz42->122
01000101011010100010000001110011100111010,41,head-recurrent-other,20000,19,3169,3414,0.1003,0,0,0,000001110011100111010,2,5,1,3;7,29;9,exp(r2=0.131),19|3229|3219|3195|3169,0.9995,3,0,argsz29->9/statesz42->122
01000101011010100011000000101110100111010,41,head-recurrent-other,2135,19,500020,500020,1.0000,1,0,0,00000101110100111010,3,1067,2,1;5,9;19,linear(r2=0.972),19|160335|0|0|0,0.0000,1023,1022,argsz9->19/statesz40->70
01000101011010100011000000111001011010110,41,ratchet-candidate,57,19,671743,671743,1.0000,1,0,0,00010101000001110010110101100000011100101101011000000111001011010110010110100101000001110010110101100000011100101101011000000111001011010110,1,14,14,4;8;12;16;20;24;28;32;36;40;44;48,10;51;133;297;625;1281;2593;5217;10465;20961;41953;83937,n/a,19|0|0|0|0,0.0000,3,1,
01000101011010100011000000111001011101010,41,ratchet-candidate,57,19,671743,671743,1.0000,1,0,0,00010101000001110010111010100000011100101110101000000111001011101010010101010000011100101110101000000111001011101010000001110010111010101010,1,14,14,4;8;12;16;20;24;28;32;36;40;44;48,10;51;133;297;625;1281;2593;5217;10465;20961;41953;83937,n/a,19|0|0|0|0,0.0000,3,1,
01000101011010100011000000111001100111010,41,head-recurrent-other,295,19,502600,502600,0.8136,1,0,0,00000111001100111010,2,5,1,3;7,29;9,n/a,19|0|0|0|0,0.9661,3,0,argsz29->9/statesz50->143
01000101011010100011000000111001110011010,41,head-recurrent-other,77,19,660704,660704,0.8052,1,0,0,00000111001110011010,2,5,1,3;7,29;9,n/a,19|0|0|0|0,0.8701,3,0,argsz29->9/statesz50->143
01000101011010100100110100000011100110110,41,head-recurrent-other,20000,19,106702,106702,0.5000,0,0,0,0000011100110110,2,4,1,3;5,15;7,linear(r2=1.000),19|5366|26702|53366|106702,0.9996,3,0,argsz15->7/statesz40->48
01000101011010100101101010000001100111010,41,head-recurrent-other,3509,20,500143,500143,0.5001,1,0,0,000001100111010,3,1754,3,1;15,7;23,linear(r2=0.970),20|76908|0|0|0,0.0000,837,836,argsz7->23/statesz47->135
01000101011010100110100000011100101101010,41,ratchet-candidate,41,20,1181009,1181009,0.5122,1,0,0,000101010000011100101101010000001110010110101000000111001011010100101101010,1,10,10,4;8;12;16;20;24;28;32;36;40,19;59;179;539;1619;4859;14579;43739;131219;393659,n/a,20|0|0|0|0,0.0000,3,1,
01000101011010101000000100011110100110110,41,head-recurrent-other,20000,19,97817,97820,0.3334,0,0,0,00000100011110100110110,2,4,1,4;7,21;10,linear(r2=1.000),19|4936|24480|48936|97817,0.9995,3,0,argsz21->10/statesz43->54
01000101011010101000000101001110100110110,41,head-recurrent-other,20000,19,195541,195541,0.6667,0,0,0,00000101001110100110110,2,4,1,4;7,21;10,linear(r2=0.741),19|4936|24489|48936|195541,0.9995,3,0,argsz21->10/statesz43->54
01000101011010101000000101011011000111010,41,ratchet-candidate,20000,19,13398,13398,0.6667,0,0,0,0000000101011011000111010,5,6666,64,5;8;11;14;17;20;23;26;29;32;35;38,10;11;12;13;14;15;16;17;18;19;20;21,linear(r2=0.802),19|725|3398|6725|13398,0.0000,5,5,
01000101011010101000000101110100110001110,41,head-recurrent-other,20000,19,141603,146497,0.5892,0,0,0,00000101110100110001110,16,5892,2,870;19678,11;1987,linear(r2=0.972),19|9178|28814|58952|141603,0.0000,25,14,argsz11->1987/statesz8621->138241
01000101011010101000000110000101110101110,41,opaque,20000,19,39868,40210,0.0195,0,0,0,,0,0,0,,,linear(r2=1.000),19|2008|9918|20307|39868,0.9997,3,0,
01000101011010101000000110010101101101010,41,opaque,20000,20,180050,180050,0.4001,0,0,0,,0,0,0,,,linear(r2=1.000),20|9050|45050|90050|180050,0.9997,3,0,
01000101011010101000000110010101110101010,41,opaque,20000,20,239810,239810,0.4996,0,0,0,,0,0,0,,,linear(r2=1.000),20|11900|59840|119810|239810,0.9997,3,0,
01000101011010101000000110010110001110110,41,opaque,20000,19,9322,12123,0.6723,0,0,0,,0,0,0,,,linear(r2=0.819),19|2863|4252|6296|9322,0.9997,3,0,
01000101011010101000000110010110011011010,41,opaque,20000,20,140060,140060,0.3334,0,0,0,,0,0,0,,,linear(r2=1.000),20|7040|35060|70040|140060,0.9997,3,0,
01000101011010101000000110010110011101010,41,opaque,20000,20,90080,90080,0.2501,0,0,0,,0,0,0,,,linear(r2=1.000),20|4580|22580|45080|90080,0.9997,3,0,
01000101011010101000000110011001011101010,41,opaque,20000,20,90050,90062,0.2500,0,0,0,,0,0,0,,,linear(r2=1.000),20|4550|22550|45050|90050,0.9997,3,0,
01000101011010101000000110011100110001110,41,blowup,288,19,710430,710430,0.6111,1,0,0,,0,0,0,,,n/a,19|0|0|0|0,0.9792,3,0,
01000101011010101000000111001000110111010,41,head-recurrent-other,20000,19,124481,124490,0.3334,0,0,0,00000111001000110111010,2,4,1,3;6,24;10,linear(r2=1.000),19|6268|31143|62268|124481,0.9996,3,0,argsz24->10/statesz46->60
01000101011010101000000111001000111010110,41,head-recurrent-other,20000,19,124481,124490,0.3334,0,0,0,00000111001000111010110,2,4,1,3;6,24;10,linear(r2=1.000),19|6268|31143|62268|124481,0.9996,3,0,argsz24->10/statesz46->60
01000101011010101000000111001010011010110,41,head-recurrent-other,108,19,528383,528383,0.6852,1,0,0,00000111001010011010110,2,4,1,3;6,33;10,n/a,19|0|0|0|0,0.9167,3,0,argsz33->10/statesz55->78
01000101011010101000000111001011101000110,41,head-recurrent-other,5616,19,507283,507283,0.7601,1,0,0,00000111001011101000110,3,6,2,1;9,10;11,linear(r2=0.927),19|28172|308122|0|0,0.9977,3,0,argsz10->11/statesz43->186
01000101011010101000000111001100001111010,41,head-recurrent-other,20000,19,67660,68065,0.0288,0,0,0,00000111001100001111010,2,4,1,3;5,24;13,linear(r2=0.999),19|4694|18560|35774|67660,0.9996,3,0,argsz24->13/statesz46->63
01000101011010101000000111001100100111010,41,head-recurrent-other,97,19,511031,511031,0.5052,1,0,0,00000111001100100111010,2,4,1,3;5,33;22,n/a,19|0|0|0|0,0.9072,3,0,argsz33->22/statesz55->90
01000101011010101000000111001100101101010,41,ratchet-candidate,25,20,786467,786467,0.5200,1,0,0,00010100000111001100101101010010100000111001100101101010000001110011001011010100000011100110010110101001100101101010,1,4,4,4;10;16;22,11;191;3071;49151,n/a,20|0|0|0|0,0.0000,3,1,
01000101011010101000010000011100110111010,41,head-recurrent-other,20000,19,97817,97820,0.3334,0,0,0,00010000011100110111010,2,4,1,4;7,21;10,linear(r2=1.000),19|4936|24480|48936|97817,0.9994,3,0,argsz21->10/statesz43->54
01000101011010101000010000011110011011010,41,head-recurrent-other,20000,19,97817,97820,0.3334,0,0,0,00010000011110011011010,2,4,1,4;7,21;10,linear(r2=1.000),19|4936|24480|48936|97817,0.9994,3,0,argsz21->10/statesz43->54
01000101011010101000011000000101101101110,41,ratchet-candidate,20000,19,1390,2161,0.0072,0,0,0,000001011011000000101101100000010110110000001011011000000101101100000010110110000001011011000011000000101101101110,3,134,64,45;64;83;106;129;156;183;215;246;281;316;355,58;64;70;76;82;88;94;106;112;118;124;130,linear(r2=0.700),19|511|1030|1255|1390,0.0000,3,2,
01000101011010101000011000000110011110110,41,head-recurrent-other,20000,19,1332,2511,0.0100,0,0,0,00011000000110011110110,3,200,3,1;19606,10;604,linear(r2=0.674),19|582|732|1230|1332,0.0000,3,2,argsz10->604/statesz43->1911
01000101011010101000011000000111001111010,41,head-recurrent-other,7609,19,500301,500301,0.2034,1,0,0,00011000000111001111010,3,4,2,1;2,10;16,linear(r2=0.976),19|26074|272489|0|0,0.9984,3,0,argsz10->16/statesz43->49
01000101011010101000011000000111100111010,41,ratchet-candidate,555,19,523347,523347,0.2324,1,0,0,00011000000111100111010,3,6,6,1;2;11;19;29;56,10;16;39;56;141;824,n/a,19|0|0|0|0,0.0000,87,85,
01000101100000001110100000011100101101010,41,blowup,51,19,1062914,1062914,0.4902,1,0,0,,0,0,0,,,n/a,19|0|0|0|0,0.9216,2,0,
01000101100000011100101101101101000011010,41,opaque,20000,19,299972,299975,0.5000,0,0,0,,0,0,0,,,linear(r2=1.000),19|14972|74972|149972|299972,0.9998,2,0,
01000101100000011100110011101101000011010,41,opaque,20000,19,399942,399945,0.5000,0,0,0,,0,0,0,,,linear(r2=1.000),19|19942|99942|199942|399942,0.9998,2,0,
01000101100000011100111001101101000011010,41,opaque,20000,19,279326,279326,0.7274,0,0,0,,0,0,0,,,linear(r2=1.000),19|14772|70360|140178|279326,0.9998,2,0,
01000101100000011100111001110101000011010,41,opaque,20000,19,31972,31979,0.5004,0,0,0,,0,0,0,,,linear(r2=1.000),19|2619|8813|16530|31972,0.9998,2,0,
01000101100000011100111101010000101101010,41,ratchet-candidate,20000,19,28029,28038,0.2001,0,0,0,00010100010110101000000111001000101101010100100010110101010,1,4000,64,5;10;15;20;25;30;35;40;45;50;55;60,6;13;20;27;34;41;48;55;62;69;76;83,linear(r2=1.000),19|1429|7029|14029|28029,0.0000,3,1,
01000101100000101000000110010101101101010,41,opaque,20000,20,180000,180006,0.4000,0,0,0,,0,0,0,,,linear(r2=1.000),20|9000|45000|90000|180000,0.9998,2,0,
01000101100000101000000110010110011011010,41,opaque,20000,20,140010,140016,0.3333,0,0,0,,0,0,0,,,linear(r2=1.000),20|7020|35010|70020|140010,0.9998,2,0,
01000101100000101000000110010110011101010,41,opaque,20000,20,90030,90036,0.2500,0,0,0,,0,0,0,,,linear(r2=1.000),20|4530|22530|45030|90030,0.9998,2,0,
01000101100000110100000011001011000111010,41,opaque,20000,19,60016,60022,0.3333,0,0,0,,0,0,0,,,linear(r2=1.000),19|3022|15016|30022|60016,0.9998,2,0,
01000101100001001010100000011100101101010,41,blowup,52,20,1062912,1062912,0.4808,1,0,0,,0,0,0,,,n/a,20|0|0|0|0,0.8462,2,0,
01000101100001011010110100000011100111010,41,head-recurrent-other,755,19,504646,504646,0.5179,1,0,0,0000011100111010,2,13,2,1;26,12;7,n/a,19|0|0|0|0,0.9616,4,0,argsz12->7/statesz28->171
01000101100001011011010100000011100111010,41,head-recurrent-other,3008,19,500734,500734,0.5256,1,0,0,0000011100111010,2,10,1,1;19,12;7,linear(r2=1.000),19|168747|0|0|0,0.9927,4,0,argsz12->7/statesz28->108
01000101100001011101010100000011100111010,41,head-recurrent-other,20000,19,202201,202230,0.3912,0,0,0,0000011100111010,2,6,2,1;11,12;7,linear(r2=0.519),19|51511|191266|195604|202201,0.9993,3,0,argsz12->7/statesz28->73
01000101100001100110110100000011100111010,41,head-recurrent-other,20000,19,44248,44258,0.3408,0,0,0,0000011100111010,2,4,1,1;7,12;7,linear(r2=0.556),19|28363|34234|37466|44248,0.9995,2,0,argsz12->7/statesz28->60
01000101100001100111010100000011100111010,41,head-recurrent-other,20000,19,26931,26943,0.3428,0,0,0,0000011100111010,2,4,1,1;7,12;7,linear(r2=0.802),19|13886|16626|20007|26931,0.9995,2,0,argsz12->7/statesz28->60
01000101100001101010000001000110100111010,41,head-recurrent-other,3096,20,500582,500582,0.3430,1,0,0,00011010,2,1061,3,4;17,10;64,linear(r2=0.968),20|89095|0|0|0,0.0000,973,972,argsz10->64/statesz31->112
01000101100001101010000001110011100111010,41,head-recurrent-other,331,19,531628,531628,0.5619,1,0,0,000001110011100111010,2,7,2,1;15,4;9,n/a,19|0|0|0|0,0.9456,3,0,argsz4->9/statesz24->189
01000101100001101100110100000011100110110,41,head-recurrent-other,20000,19,100005,100011,0.4286,0,0,0,0000011100110110,2,5,2,1;9,10;7,linear(r2=1.000),19|5021|25003|50020|100005,0.9994,3,0,argsz10->7/statesz34->42
01000101100001101101000000101110100111010,41,head-recurrent-other,2162,19,500147,500147,0.9792,1,0,0,00000101110100111010,2,1058,2,1;6,12;22,linear(r2=0.972),19|156671|0|0|0,0.0000,1013,1012,argsz12->22/statesz32->65
01000101100001101101000000111001011010110,41,ratchet-candidate,62,19,704511,704511,0.9516,1,0,0,00010101000001110010110101100000011100101101011000000111001011010110010110100101000001110010110101100000011100101101011000000111001011010110,1,13,13,13;17;21;25;29;33;37;41;45;49;53;57,55;141;313;657;1345;2721;5473;10977;21985;44001;88033;176097,n/a,19|0|0|0|0,0.0000,3,1,
01000101100001101101000000111001011101010,41,ratchet-candidate,61,19,655359,655359,0.9672,1,0,0,00010101000001110010111010100000011100101110101000000111001011101010010101010000011100101110101000000111001011101010000001110010111010101010,1,14,14,8;12;16;20;24;28;32;36;40;44;48;52,9;49;129;289;609;1249;2529;5089;10209;20449;40929;81889,n/a,19|0|0|0|0,0.0000,3,1,
01000101100001101101000000111001100111010,41,head-recurrent-other,423,19,504629,504629,0.9385,1,0,0,00000111001100111010,2,4,2,1;7,12;9,n/a,19|0|0|0|0,0.9764,2,0,argsz12->9/statesz32->62
01000101100001101101000000111001110011010,41,head-recurrent-other,76,19,713008,713008,0.9737,1,0,0,00000111001110011010,2,6,1,1;11,12;9,n/a,19|0|0|0|0,0.8158,3,0,argsz12->9/statesz32->139
01000101100001110010110000010101000011010,41,ratchet-candidate,20000,20,50456,73730,0.1677,0,0,0,00011010,2,12,12,1;3;11;31;75;167;355;735;1499;3031;6099;12239,13;31;67;139;283;571;1147;2299;4603;9211;18427;36859,linear(r2=0.745),20|3812|12524|25160|50456,0.0000,26,16,
01000101100001110011010100000011100110110,41,opaque,20000,19,173465,173465,0.6667,0,0,0,,0,0,0,,,linear(r2=1.000),19|8786|43465|86786|173465,0.9998,2,0,
01000101100001110011010100000011100111010,41,opaque,20000,19,26236,26239,0.3430,0,0,0,,0,0,0,,,linear(r2=0.816),19|13134|15903|19271|26236,0.9998,2,0,
01000101100001110011100011010000101101010,41,head-recurrent-other,20000,19,95181,96870,0.3375,0,0,0,000101101010,34,6749,1,332;359,100;19,linear(r2=1.000),19|5845|24766|48729|95181,0.0000,248,247,argsz100->19/statesz2245->2164
01000101100001110101000000101110100111010,41,head-recurrent-other,2162,19,500147,500147,0.9792,1,0,0,00000101110100111010,2,1058,2,1;6,12;22,linear(r2=0.972),19|156671|0|0|0,0.0000,1013,1012,argsz12->22/statesz32->65
01000101100001110101000000111001011010110,41,blowup,69,19,589826,589826,0.8116,1,0,0,,0,0,0,,,n/a,19|0|0|0|0,0.9275,2,0,
01000101100001110101000000111001011011010,41,blowup,70,19,573440,573440,0.8000,1,0,0,,0,0,0,,,n/a,19|0|0|0|0,0.9286,2,0,
01000101100001110101000000111001011101010,41,monotone-growth,58,19,548864,548864,0.9655,1,0,0,,0,0,0,,,n/a,19|0|0|0|0,0.9138,2,0,
01000101100010001100000010101101000111010,41,ratchet-candidate,20000,19,6688,6704,0.3333,0,0,0,0000010101101000111010,2,6667,64,1;4;7;10;13;16;19;22;25;28;31;34,2;3;4;5;6;7;8;9;10;11;12;13,linear(r2=1.000),19|358|1688|3358|6688,0.0000,3,1,
01000101100010010001101010000001100111010,41,head-recurrent-other,3508,20,500087,500087,0.5003,1,0,0,000001100111010,2,1712,3,1;12,2;23,linear(r2=0.971),20|77039|0|0|0,0.0000,836,835,argsz2->23/statesz23->79
01000101100010010001101010000001110011010,41,blowup,93,20,524314,524314,0.5806,1,0,0,,0,0,0,,,n/a,20|0|0|0|0,0.9140,2,0,
01000101100010010010100000011100101101010,41,blowup,75,20,1062921,1062921,0.3333,1,0,0,,0,0,0,,,n/a,20|0|0|0|0,0.8800,3,0,
01000101100010010110001010000001100111010,41,ratchet-candidate,4218,20,500422,500422,0.3367,1,0,0,000001100111010,3,5,4,8;21;24;27,2;10;32;43,linear(r2=0.972),20|59371|0|0|0,0.0000,673,671,
01000101100010010110001010000001110011010,41,head-recurrent-other,129,20,524326,524326,0.4186,1,0,0,000001110011010,2,4,1,1;7,2;7,n/a,20|0|0|0|0,0.9225,3,0,argsz2->7/statesz29->34
01000101100010011010000001110010110110110,41,head-recurrent-other,20000,19,299999,299999,0.4999,0,0,0,000001110010110110110,2,5,2,1;9,2;9,linear(r2=1.000),19|14999|74999|149999|299999,0.9994,3,0,argsz2->9/statesz32->68
01000101100010011010000001110011001110110,41,opaque,20000,19,399921,399921,0.4999,0,0,0,,0,0,0,,,linear(r2=1.000),19|19921|99921|199921|399921,0.9997,2,0,
01000101100010100000010010011100101101010,41,blowup,75,20,1062924,1062924,0.3333,1,0,0,,0,0,0,,,n/a,20|0|0|0|0,0.8800,2,0,
01000101100010100000010100101100101101010,41,blowup,75,20,1062924,1062924,0.3333,1,0,0,,0,0,0,,,n/a,20|0|0|0|0,0.8800,2,0,
01000101100010100000010101101000011011010,41,head-recurrent-other,20000,20,31973,32744,0.0071,0,0,0,0001100000010101101000011011010,23,278,1,461;462,15;12,linear(r2=0.999),20|2209|8968|16791|31973,0.0000,143,143,argsz15->12/statesz1010->1007
01000101100010100000010110000011100110110,41,ratchet-candidate,20000,19,54053,78329,0.2506,0,0,0,000101100000111001100010,1,11,11,2;10;30;74;166;354;734;1498;3030;6098;12238,11;28;62;130;266;538;1082;2170;4346;8698;17402,linear(r2=0.872),19|4311|13389|27193|54053,0.0000,23,12,
01000101100010100000010110001001100111010,41,head-recurrent-other,20000,20,447737,447910,0.0305,0,0,0,0010,56,12724,2,525;608,12;18,linear(r2=1.000),20|20235|107887|222143|447737,0.0000,798,796,argsz12->18/statesz10522->11027
01000101100010100000010110001110000111010,41,ratchet-candidate,20000,19,1122,1416,0.0100,0,0,0,00010001000100010001000100010001000100010001000100010001000100010001000100010001000100010001000100010001000100010001000100010001000100010001000100010001000100010001000100010001000100010001000100010001000100010001000100010001000100010001000100010001000100010001000100010001000100010001000100010001000100010001000100010001000100010001000001011000111000011101010101010101010101010101010101010101010101010101010101010101010101010101010101010101010101010101010101010101010101010101010101010101010101010101010101010101...TRUNC,2,115,64,3572;3658;3745;3833;3922;4012;4103;4195;4288;4382;4477;4573,86;87;88;89;90;91;92;93;94;95;96;97,linear(r2=0.869),19|307|572|619|1122,0.0000,2,2,
01000101100010100000010110011101001110110,41,head-recurrent-other,1986,19,500624,500624,0.6495,1,0,0,0010,96,695,1,216;218,2;11,n/a,19|181735|0|0|0,0.0000,952,950,argsz2->11/statesz18839->18833
01000101100010100000010110110000111000110,41,ratchet-candidate,20000,19,20823,21117,0.0100,0,0,0,0001000100010001000100010001000100010001000100010001000100010001000100010001000100010001000100010001000100000101101100001110001100011000110001100011000110001100011000110001100011000110001100011000110001100011000110001100011000110001100011000110001100011000110,2,172,64,380;409;439;470;502;535;569;604;640;677;715;754,327;354;382;411;441;472;504;537;571;606;642;679,linear(r2=1.000),19|1253|5423|10349|20823,0.0000,2,2,
01000101100010100000011001011000001111010,41,opaque,20000,19,73349,73355,0.3333,0,0,0,,0,0,0,,,linear(r2=1.000),19|3689|18349|36689|73349,0.9998,2,0,
01000101100010100000011001011100110001010,41,blowup,2039,20,501058,501058,0.4002,1,0,0,,0,0,0,,,linear(r2=0.924),20|120831|0|0|0,0.9980,2,0,
01000101100010100000011001011101100111010,41,blowup,1093,19,504459,504459,0.3998,1,0,0,,0,0,0,,,n/a,19|420858|0|0|0,0.9963,2,0,
01000101100010100000011001110010110001010,41,blowup,79,20,655336,655336,0.4051,1,0,0,,0,0,0,,,n/a,20|0|0|0|0,0.9494,2,0,
01000101100010100000011100100010110101010,41,opaque,20000,20,28031,28034,0.2001,0,0,0,,0,0,0,,,linear(r2=1.000),20|1431|7031|14031|28031,0.9996,2,0,
01000101100010100000011100100100101101010,41,blowup,58,20,620055,620055,0.3966,1,0,0,,0,0,0,,,n/a,20|0|0|0|0,0.8621,2,0,
01000101100010100000011100101000110101010,41,blowup,88,20,917530,917530,0.5909,1,0,0,,0,0,0,,,n/a,20|0|0|0|0,0.9091,2,0,
01000101100010100000011100101001001101010,41,blowup,58,20,620055,620055,0.3966,1,0,0,,0,0,0,,,n/a,20|0|0|0|0,0.8621,2,0,
01000101100010100000011100101010010101010,41,blowup,58,20,620055,620055,0.3966,1,0,0,,0,0,0,,,n/a,20|0|0|0|0,0.8621,3,0,
01000101100010100000011100101100100101010,41,blowup,58,20,620055,620055,0.3966,1,0,0,,0,0,0,,,n/a,20|0|0|0|0,0.8621,2,0,
01000101100010100000011100101100111010110,41,blowup,350,19,704380,704380,0.1486,1,0,0,,0,0,0,,,n/a,19|0|0|0|0,0.9771,2,0,
01000101100010100000011100101101001001010,41,blowup,157,20,620154,620154,0.1465,1,0,0,,0,0,0,,,n/a,20|0|0|0|0,0.9554,2,0,
01000101100010100000011100101110011010110,41,blowup,8262,19,511976,511976,0.0085,1,0,0,,0,0,0,,,linear(r2=0.889),19|26048|253462|0|0,0.9990,2,0,
01000101100010100000011100110010110001010,41,blowup,55,20,620042,620042,0.4000,1,0,0,,0,0,0,,,n/a,20|0|0|0|0,0.9091,2,0,
01000101100010100001000001110010110101010,41,blowup,76,20,1062921,1062921,0.3289,1,0,0,,0,0,0,,,n/a,20|0|0|0|0,0.8684,2,0,
01000101100010100001001000011100101101010,41,head-recurrent-other,76,20,1062921,1062921,0.3289,1,0,0,0010,2,4,1,2;6,9;19,n/a,20|0|0|0|0,0.8684,2,0,argsz9->19/statesz25->35
01000101100010100001011000000110011101010,41,head-recurrent-other,5572,20,500423,500423,0.5000,1,0,0,000001100111010,60,2718,3,344;354,7;71,linear(r2=0.971),20|38423|428191|0|0,0.0000,1064,1063,argsz7->71/statesz7655->7935
01000101100010100001011000100001100111010,41,head-recurrent-other,6112,20,500103,500103,0.2920,1,0,0,0010,58,3465,3,421;461,92;100,linear(r2=0.975),20|34687|371231|0|0,0.0000,852,851,argsz92->100/statesz9879->10271
01000101100010100100011010000001100111010,41,head-recurrent-other,3512,20,500087,500087,0.5000,1,0,0,000001100111010,2,1713,3,5;16,2;23,linear(r2=0.970),20|76623|0|0|0,0.0000,836,835,argsz2->23/statesz23->79
01000101100010100100011010000001110011010,41,head-recurrent-other,97,20,524314,524314,0.5670,1,0,0,000001110011010,2,4,1,4;9,5;7,n/a,20|0|0|0|0,0.8763,3,0,argsz5->7/statesz26->28
01000101100010100100100000011100101101010,41,head-recurrent-other,76,20,1062921,1062921,0.3289,1,0,0,0010,3,4,1,1;5,9;9,n/a,20|0|0|0|0,0.8684,3,0,argsz9->9/statesz28->38
01000101100011010000001010111010011101010,41,head-recurrent-other,1329,19,500151,500151,0.9729,1,0,0,000001010111010011101010,2,646,2,1;4,12;24,n/a,19|327667|0|0|0,0.0000,1254,1253,argsz12->24/statesz36->48
01000101100011010000001011001110100111010,41,head-recurrent-other,1226,19,501474,501474,0.6680,1,0,0,000001011001110100111010,2,409,3,1;6,12;49,n/a,19|372356|0|0|0,0.0000,601,599,argsz12->49/statesz36->111
01000101100011010000001011100011100110110,41,opaque,20000,18,256692,258060,0.0197,0,0,0,,0,0,0,,,linear(r2=1.000),18|12497|63292|126089|256692,0.9998,2,0,
01000101100011010000001011101100001101110,41,opaque,20000,18,667,1438,0.0071,0,0,0,,0,0,0,,,linear(r2=0.418),18|333|657|737|667,0.9998,2,0,
01000101100011010000001100101100111011010,41,monotone-growth,119,19,522243,522243,1.0000,1,0,0,,0,0,0,,,n/a,19|0|0|0|0,0.9664,2,0,
01000101100100001010100000011100101101010,41,blowup,52,20,1062912,1062912,0.4808,1,0,0,,0,0,0,,,n/a,20|0|0|0|0,0.8462,2,0,
01000101100100011011010100000011100110110,41,opaque,20000,19,100046,100046,0.4286,0,0,0,,0,0,0,,,linear(r2=1.000),19|5045|25038|50028|100046,0.9997,2,0,
01000101100100011101010100000011100110110,41,opaque,20000,19,100046,100046,0.4286,0,0,0,,0,0,0,,,linear(r2=1.000),19|5045|25038|50028|100046,0.9997,2,0,
01000101100100100010100000011100101101010,41,blowup,52,20,1062912,1062912,0.4808,1,0,0,,0,0,0,,,n/a,20|0|0|0|0,0.8462,2,0,
01000101100100101010000001110010110110110,41,opaque,20000,19,260019,260025,0.3334,0,0,0,,0,0,0,,,linear(r2=1.000),19|13061|65019|130061|260019,0.9998,2,0,
01000101100100101010000001110010111010110,41,opaque,20000,19,276035,276038,0.4001,0,0,0,,0,0,0,,,linear(r2=1.000),19|13835|69035|138035|276035,0.9998,2,0,
01000101100100101010000001110011001110110,41,opaque,20000,19,347253,347253,0.3335,0,0,0,,0,0,0,,,linear(r2=1.000),19|17879|87253|173879|347253,0.9998,2,0,
01000101100100101010000001110011100110110,41,opaque,20000,19,114907,114919,0.2476,0,0,0,,0,0,0,,,linear(r2=1.000),19|7587|30109|58331|114907,0.9998,2,0,
01000101100100101010000001110011100111010,41,opaque,20000,19,39163,39185,0.1849,0,0,0,,0,0,0,,,linear(r2=0.996),19|5381|12497|21399|39163,0.9998,2,0,
01000101100100110101000000101110100111010,41,head-recurrent-other,2123,19,500261,500261,0.9788,1,0,0,00000101110100111010,2,1039,2,1;6,20;30,linear(r2=0.973),19|163943|0|0|0,0.0000,994,994,argsz20->30/statesz40->81
01000101100100110101000000111001011010110,41,blowup,69,19,764594,764594,0.8116,1,0,0,,0,0,0,,,n/a,19|0|0|0|0,0.9275,2,0,
01000101100100110101000000111001011011010,41,blowup,70,19,704512,704512,0.8000,1,0,0,,0,0,0,,,n/a,19|0|0|0|0,0.9286,2,0,
01000101100100110101000000111001011101010,41,monotone-growth,58,19,614400,614400,0.9655,1,0,0,,0,0,0,,,n/a,19|0|0|0|0,0.9138,2,0,
01000101100101001101010100000011100110110,41,opaque,20000,19,117200,117200,0.4286,0,0,0,,0,0,0,,,linear(r2=1.000),19|5909|29334|58602|117200,0.9997,3,0,
01000101100101101000110100000011100110110,41,head-recurrent-other,20000,19,118063,118063,0.4001,0,0,0,0000011100110110,2,4,1,1;5,24;16,linear(r2=1.000),19|5963|29563|59063|118063,0.9996,3,0,argsz24->16/statesz40->57
01000101100101101010001100000011100110110,41,head-recurrent-other,20000,19,106694,106694,0.5000,0,0,0,0000011100110110,2,5,1,1;7,23;7,linear(r2=1.000),19|5374|26694|53374|106694,0.9995,3,0,argsz23->7/statesz40->64
01000101100101101010100000011001011101010,41,opaque,20000,20,99844,99844,0.4994,0,0,0,,0,0,0,,,linear(r2=1.000),20|4924|24876|49860|99844,0.9998,2,0,
01000101100101101010100000011100101101010,41,ratchet-candidate,39,20,590519,590519,0.5128,1,0,0,000101010000011100101101010000001110010110101000000111001011010100101101010,1,10,10,2;6;10;14;18;22;26;30;34;38,9;29;89;269;809;2429;7289;21869;65609;196829,n/a,20|0|0|0|0,0.0000,3,1,
01000101100110000001100111010001000011010,41,head-recurrent-other,3500,20,500073,500073,0.5060,1,0,0,000001100111010,3,1728,3,3;10,7;20,linear(r2=0.971),20|77097|0|0|0,0.0000,845,844,argsz7->20/statesz31->73
01000101100110000001110011110101000011010,41,ratchet-candidate,20000,19,16701,16702,0.3334,0,0,0,000101000110100100011010000001110010001101010010001101010,1,3333,64,6;12;18;24;30;36;42;48;54;60;66;72,4;9;14;19;24;29;34;39;44;49;54;59,linear(r2=1.000),19|869|4201|8369|16701,0.0000,3,3,
01000101100110000001111001110101000011010,41,head-recurrent-other,3094,19,500587,500587,0.3432,1,0,0,00011010,3,1061,3,2;15,10;64,linear(r2=0.968),19|89103|0|0|0,0.0000,974,973,argsz10->64/statesz36->117
01000101100110000110110100000011100111010,41,head-recurrent-other,4084,19,500206,500206,0.5000,1,0,0,0000011100111010,2,12,1,1;25,18;7,linear(r2=1.000),19|127160|0|0|0,0.9931,4,0,argsz18->7/statesz34->95
01000101100110000111010100000011100110110,41,opaque,20000,19,102551,102551,0.3751,0,0,0,,0,0,0,,,linear(r2=1.000),19|5176|25676|51301|102551,0.9997,2,0,
01000101100110001010000001000110100111010,41,head-recurrent-other,3560,20,500213,500213,0.2531,1,0,0,000001000110100111010,3,900,3,4;23,2;38,linear(r2=0.966),20|71140|0|0|0,0.0000,821,819,argsz2->38/statesz49->166
01000101100110001101000000101100110110110,41,head-recurrent-other,20000,19,3911,4197,0.6708,0,0,0,00000101100110110110,91,6708,1,2326;9424,10;10,linear(r2=0.879),19|1133|2013|2722|3911,0.0000,243,217,argsz10->10/statesz1677->2106
01000101100110001101000000101110100111010,41,head-recurrent-other,2059,19,500515,500515,0.6785,1,0,0,00000101110100111010,3,698,3,3;17,10;51,linear(r2=0.969),19|165406|0|0|0,0.0000,629,627,argsz10->51/statesz61->217
01000101100110001101000000110010110110110,41,opaque,20000,19,4616,5298,0.6707,0,0,0,,0,0,0,,,linear(r2=0.819),19|1046|2102|2998|4616,0.9998,2,0,
01000101100110001101000000110011100111010,41,opaque,20000,19,34086,34347,0.2591,0,0,0,,0,0,0,,,linear(r2=0.998),19|3437|8961|17164|34086,0.9998,2,0,
01000101100110010011010100000011100110110,41,opaque,20000,19,147563,147563,0.3751,0,0,0,,0,0,0,,,linear(r2=1.000),19|7438|36938|73813|147563,0.9997,2,0,
01000101100110011010001100000011100110110,41,head-recurrent-other,20000,19,106718,106718,0.5000,0,0,0,0000011100110110,2,4,1,1;5,23;7,linear(r2=1.000),19|5382|26718|53382|106718,0.9996,2,0,argsz23->7/statesz40->64
01000101100110011010100000011001011101010,41,opaque,20000,20,99844,99844,0.4994,0,0,0,,0,0,0,,,linear(r2=1.000),20|4908|24876|49860|99844,0.9998,2,0,
01000101100110011010100000011100101101010,41,head-recurrent-other,44,20,590736,590736,0.5000,1,0,0,0000011100101101010,2,4,1,1;5,29;9,n/a,20|0|0|0|0,0.8182,2,0,argsz29->9/statesz49->109
01000101100110100001101100000011100110110,41,opaque,20000,19,106696,106696,0.5000,0,0,0,,0,0,0,,,linear(r2=1.000),19|5360|26696|53360|106696,0.9997,2,0,
01000101100110100001110100000011100110110,41,opaque,20000,19,106704,106704,0.5000,0,0,0,,0,0,0,,,linear(r2=1.000),19|5360|26704|53360|106704,0.9997,2,0,
01000101100110100010000001110010110110110,41,opaque,20000,19,300101,300101,0.5000,0,0,0,,0,0,0,,,linear(r2=1.000),19|15101|75101|150101|300101,0.9997,2,0,
01000101100110100010000001110011001110110,41,opaque,20000,19,400041,400041,0.5000,0,0,0,,0,0,0,,,linear(r2=1.000),19|20041|100041|200041|400041,0.9997,2,0,
01000101100110100011000000101110100111010,41,ratchet-candidate,1654,19,500545,500545,0.6923,1,0,0,00000101110100111010,3,4,4,3;5;18;21,9;10;31;62,n/a,19|221823|0|0|0,0.0000,480,478,
01000101100110100100110100000011100110110,41,opaque,20000,19,106710,106710,0.5000,0,0,0,,0,0,0,,,linear(r2=1.000),19|5366|26710|53366|106710,0.9997,2,0,
01000101100110100101101010000001100111010,41,head-recurrent-other,3507,20,500143,500143,0.5001,1,0,0,000001100111010,81,1753,3,361;371,7;119,linear(r2=0.971),20|77092|0|0|0,0.0000,837,836,argsz7->119/statesz17007->17479
01000101100110101000000100011110100110110,41,opaque,20000,19,97828,97831,0.3334,0,0,0,,0,0,0,,,linear(r2=1.000),19|4947|24480|48947|97828,0.9996,2,0,
01000101100110101000000101001110100110110,41,opaque,20000,19,97837,195541,0.6667,0,0,0,,0,0,0,,,linear(r2=0.762),19|4947|24511|48947|97837,0.9996,2,0,
01000101100110101000000101011011000111010,41,ratchet-candidate,20000,19,13429,13429,0.6667,0,0,0,0000000101011011000111010,6,6664,64,11;14;17;20;23;26;29;32;35;38;41;44,10;11;12;13;14;15;16;17;18;19;20;21,linear(r2=0.803),19|756|3429|6756|13429,0.0000,6,6,
01000101100110101000000101100011100111010,41,ratchet-candidate,428,19,555764,555764,0.3995,1,0,0,00000101100011100111010,2,16,14,17;23;44;56;88;104;145;165;215;239;298;326,10;22;91;171;355;631;1343;2411;5099;9131;19331;34631,n/a,19|0|0|0|0,0.0000,8,1,
01000101100110101000000101110011100011010,41,ratchet-candidate,20000,19,2408,3878,0.7159,0,0,0,00000101110011100011010,3,54,54,3;5;21;51;95;153;225;311;411;525;653;795,10;45;80;115;150;185;220;255;290;325;360;395,linear(r2=0.683),19|837|1970|2613|2408,0.0000,58,16,
01000101100110101000000101110100110001110,41,head-recurrent-other,20000,19,138319,146520,0.5893,0,0,0,00000101110100110001110,16,5892,2,872;19680,11;1987,linear(r2=0.974),19|9023|28843|58981|138319,0.0000,25,16,argsz11->1987/statesz8644->138264
01000101100110101000000110000111100111010,41,opaque,20000,19,80529,80820,0.0100,0,0,0,,0,0,0,,,linear(r2=1.000),19|4229|20279|39965|80529,0.9998,2,0,
01000101100110101000000110010101101101010,41,opaque,20000,20,180020,180026,0.4000,0,0,0,,0,0,0,,,linear(r2=1.000),20|9020|45020|90020|180020,0.9998,2,0,
01000101100110101000000110010101110101010,41,opaque,20000,20,239780,239780,0.4996,0,0,0,,0,0,0,,,linear(r2=1.000),20|11870|59840|119810|239780,0.9998,2,0,
01000101100110101000000110010110001110110,41,opaque,20000,19,2902,5445,0.6668,0,0,0,,0,0,0,,,linear(r2=0.631),19|1170|2534|3654|2902,0.9998,2,0,
01000101100110101000000110010110011011010,41,opaque,20000,20,140030,140036,0.3333,0,0,0,,0,0,0,,,linear(r2=1.000),20|7040|35030|70040|140030,0.9998,2,0,
01000101100110101000000110010110011101010,41,opaque,20000,20,90050,90056,0.2500,0,0,0,,0,0,0,,,linear(r2=1.000),20|4550|22550|45050|90050,0.9998,2,0,
01000101100110101000000110010111011000110,41,opaque,20000,19,4671,8076,0.6706,0,0,0,,0,0,0,,,linear(r2=0.636),19|1222|2694|3021|4671,0.9998,2,0,
01000101100110101000000110011001011101010,41,opaque,20000,20,90050,90050,0.2500,0,0,0,,0,0,0,,,linear(r2=1.000),20|4550|22550|45050|90050,0.9998,2,0,
01000101100110101000000110011100110001110,41,blowup,378,19,635798,635798,0.6614,1,0,0,,0,0,0,,,n/a,19|0|0|0|0,0.9894,2,0,
01000101100110101000000111001000110111010,41,opaque,20000,19,132546,132555,0.3750,0,0,0,,0,0,0,,,linear(r2=1.000),19|6671|33171|66296|132546,0.9997,2,0,
01000101100110101000000111001000111010110,41,opaque,20000,19,132546,132555,0.3750,0,0,0,,0,0,0,,,linear(r2=1.000),19|6671|33171|66296|132546,0.9997,2,0,
01000101100110101000000111001010011010110,41,blowup,102,19,860159,860159,0.7647,1,0,0,,0,0,0,,,n/a,19|0|0|0|0,0.9412,2,0,
01000101100110101000000111001011101000110,41,blowup,6694,19,622475,622475,0.7668,1,0,0,,0,0,0,,,linear(r2=0.914),19|21441|410642|0|0,0.9991,2,0,
01000101100110101000000111001100001111010,41,opaque,20000,19,67250,67613,0.0290,0,0,0,,0,0,0,,,linear(r2=0.999),19|4435|18450|35538|67250,0.9997,2,0,
01000101100110101000000111001100100111010,41,blowup,84,19,508488,508488,0.5833,1,0,0,,0,0,0,,,n/a,19|0|0|0|0,0.9286,2,0,
01000101100110101000000111001100101101010,41,blowup,24,20,589880,589880,0.5000,1,0,0,,0,0,0,,,n/a,20|0|0|0|0,0.7500,2,0,
01000101100110101000000111001100111000110,41,blowup,183,19,575743,575743,0.6885,1,0,0,,0,0,0,,,n/a,19|0|0|0|0,0.9672,2,0,
01000101100110101000010000011100110111010,41,opaque,20000,19,97828,97831,0.3334,0,0,0,,0,0,0,,,linear(r2=1.000),19|4947|24480|48947|97828,0.9996,2,0,
01000101100110101000010000011110011011010,41,opaque,20000,19,97828,97831,0.3334,0,0,0,,0,0,0,,,linear(r2=1.000),19|4947|24480|48947|97828,0.9996,2,0,
01000101100110101000011000000101101101110,41,ratchet-candidate,20000,19,1455,2172,0.0073,0,0,0,000001011011000000101101100000010110110000001011011000000101101100000010110110000001011011000011000000101101101110,4,133,64,228;264;295;334;369;412;451;498;541;592;639;694,100;112;118;124;130;136;142;148;154;160;166;172,linear(r2=0.735),19|375|1095|1320|1455,0.0000,4,3,
01000101100110101000011000000110011110110,41,head-recurrent-other,20000,19,1320,2487,0.0101,0,0,0,00011000000110011110110,3,202,3,2;19610,10;604,linear(r2=0.675),19|570|720|1218|1320,0.0000,3,2,argsz10->604/statesz60->1887
01000101100110101000011000000111001111010,41,head-recurrent-other,7615,19,500329,500329,0.2035,1,0,0,00011000000111001111010,3,4,2,2;3,10;16,linear(r2=0.976),19|26020|272180|0|0,0.9984,3,0,argsz10->16/statesz60->66
01000101100110101000011000000111100111010,41,ratchet-candidate,585,19,509398,509398,0.2650,1,0,0,00011000000111100111010,2,5,5,1;6;18;30;42,21;50;90;237;692,n/a,19|0|0|0|0,0.0000,80,78,
01000101101000011010000001110010110110110,41,opaque,20000,19,300025,300025,0.5001,0,0,0,,0,0,0,,,linear(r2=1.000),19|15025|75025|150025|300025,0.9998,2,0,
01000101101000011010000001110011001110110,41,opaque,20000,19,400015,400015,0.5001,0,0,0,,0,0,0,,,linear(r2=1.000),19|20015|100015|200015|400015,0.9998,2,0,
01000101101000011010000001110011100110110,41,opaque,20000,19,279323,279326,0.7274,0,0,0,,0,0,0,,,linear(r2=1.000),19|14769|70397|140175|279323,0.9998,2,0,
01000101101000011010000001110011100111010,41,opaque,20000,19,31969,31979,0.5004,0,0,0,,0,0,0,,,linear(r2=1.000),19|2616|8810|16532|31969,0.9998,2,0,
01000101101000011011000000101110100111010,41,head-recurrent-other,2167,19,500183,500183,0.9788,1,0,0,00000101110100111010,3,1060,2,6;11,12;22,linear(r2=0.971),19|155657|0|0|0,0.0000,1014,1013,argsz12->22/statesz68->101
01000101101000011011000000110011100111010,41,monotone-growth,2053,19,500024,500024,0.9898,1,0,0,,0,0,0,,,linear(r2=0.959),19|155659|0|0|0,0.9966,2,0,
01000101101000011011000000111001011010110,41,monotone-growth,58,19,573440,573440,0.9655,1,0,0,,0,0,0,,,n/a,19|0|0|0|0,0.9310,2,0,
01000101101000011011000000111001011011010,41,blowup,69,19,622592,622592,0.8116,1,0,0,,0,0,0,,,n/a,19|0|0|0|0,0.9420,2,0,
01000101101000011011000000111001100111010,41,monotone-growth,428,19,504781,504781,0.9369,1,0,0,,0,0,0,,,n/a,19|0|0|0|0,0.9907,2,0,
01000101101000011101000000101110100111010,41,head-recurrent-other,2672,19,500204,500204,0.6774,1,0,0,00000101110100111010,2,905,3,1;6,9;22,linear(r2=0.974),19|116912|0|0|0,0.0000,863,863,argsz9->22/statesz32->68
01000101101000011101000000111001011010110,41,blowup,70,19,606206,606206,0.8000,1,0,0,,0,0,0,,,n/a,19|0|0|0|0,0.9429,2,0,
01000101101000011101000000111001011011010,41,blowup,69,19,622592,622592,0.8116,1,0,0,,0,0,0,,,n/a,19|0|0|0|0,0.9420,2,0,
01000101101000011101000000111001011101010,41,blowup,81,19,647168,647168,0.6914,1,0,0,,0,0,0,,,n/a,19|0|0|0|0,0.9506,2,0,
01000101101000100000010101101101100111010,41,ratchet-candidate,20000,19,455,686,0.1231,0,0,0,00010101100000010101101101100111010000001010110110110011101001000001010110110110011101010,1,5,5,2;5;17;108;2096,2;14;26;38;50,linear(r2=0.232),19|266|458|449|455,0.0000,28,15,
01000101101000100000010110011101001110110,41,head-recurrent-other,1539,19,500306,500306,0.9805,1,0,0,0000010110011101001110110,2,755,1,1;4,11;2,n/a,19|262799|0|0|0,0.0000,1117,1116,argsz11->2/statesz26->38
01000101101000100000011001011101100110110,41,monotone-growth,124,19,532362,532362,0.9032,1,0,0,,0,0,0,,,n/a,19|0|0|0|0,0.9355,2,0,
01000101101000100000011001011101100111010,41,head-recurrent-other,579,19,502852,502852,0.9948,1,0,0,0000011001011101100111010,2,289,1,1;6,11;2,n/a,19|0|0|0|0,0.0000,145,145,argsz11->2/statesz26->65
01000101101000100000011100101011011011010,41,blowup,64,19,507874,507874,0.6094,1,0,0,,0,0,0,,,n/a,19|0|0|0|0,0.9375,2,0,
01000101101000100000011100101100111010110,41,blowup,310,19,606082,606082,0.1645,1,0,0,,0,0,0,,,n/a,19|0|0|0|0,0.9871,2,0,
01000101101000100000011100101100111011010,41,blowup,64,19,507874,507874,0.6094,1,0,0,,0,0,0,,,n/a,19|0|0|0|0,0.9375,2,0,
01000101101000100000011100101110011010110,41,blowup,8258,19,511976,511976,0.0084,1,0,0,,0,0,0,,,linear(r2=0.889),19|26036|253450|0|0,0.9995,2,0,
01000101101000100000011100101110011011010,41,blowup,196,19,606082,606082,0.1990,1,0,0,,0,0,0,,,n/a,19|0|0|0|0,0.9796,2,0,
01000101101000100000011100110010111011010,41,blowup,64,19,507874,507874,0.6094,1,0,0,,0,0,0,,,n/a,19|0|0|0|0,0.9375,2,0,
01000101101000100000011100111001100110110,41,opaque,20000,19,121766,121775,0.1726,0,0,0,,0,0,0,,,linear(r2=0.991),19|8056|41912|68104|121766,0.9998,2,0,
01000101101000100001011000000110011101010,41,head-recurrent-other,5554,20,500207,500207,0.5061,1,0,0,000001100111010,61,2743,3,324;334,7;68,linear(r2=0.972),20|38215|427978|0|0,0.0000,1078,1077,argsz7->68/statesz7175->7443
01000101101000100001011000100001100111010,41,head-recurrent-other,6069,20,500023,500023,0.2974,1,0,0,0010,59,3403,3,397;436,89;97,linear(r2=0.973),20|33804|371002|0|0,0.0000,863,862,argsz89->97/statesz9381->9761
01000101101000100001100001011000001111010,41,ratchet-candidate,20000,19,2513,2849,0.5026,0,0,0,000101100000000101100000000101100000000101100000000101100000000101100000000101100000000101100000000101100000000101100000000101100000000101100000000101100000000101100000000101100000000101100000000101100000000101100000000101100000000101100000000101100000000101100000000101100000000101100000000101100000000101100000000101100000000101100000000101100000000101100000000101100000000110000101100000111101010101010101010101010101010101010101010101010101010101010101010,2,69,64,1893;2022;2155;2292;2433;2578;2727;2880;3037;3198;3363;3532,235;242;249;256;263;270;277;284;291;298;305;312,linear(r2=0.714),19|250|649|544|2513,0.0000,4,4,
01000101101000100001100001011000100111010,41,head-recurrent-other,20000,20,83730,83772,0.0352,0,0,0,0010,49,12751,1,488;511,71;10,linear(r2=1.000),20|4434|21332|41898|83730,0.0000,680,680,argsz71->10/statesz2327->2266
01000101101000100001100110000001100111010,41,head-recurrent-other,3654,20,500313,500313,0.5060,1,0,0,000001100111010,69,1805,3,335;345,7;108,linear(r2=0.967),20|69195|0|0|0,0.0000,845,844,argsz7->108/statesz12933->13361
01000101101000100100011010000001100111010,41,head-recurrent-other,3499,20,500073,500073,0.5061,1,0,0,000001100111010,3,1728,3,2;9,7;20,linear(r2=0.971),20|77289|0|0|0,0.0000,845,844,argsz7->20/statesz31->73
01000101101000110000001010110001000111010,41,ratchet-candidate,20000,19,6699,6706,0.3333,0,0,0,000001010110001000111010,2,6667,64,1;4;7;10;13;16;19;22;25;28;31;34,11;12;13;14;15;16;17;18;19;20;21;22,linear(r2=1.000),19|369|1699|3369|6699,0.0000,3,1,
01000101101000110000001010110100111011010,41,ratchet-candidate,47,19,786451,786451,0.6809,1,0,0,000001010110100111011010,2,16,16,1;4;7;10;13;16;19;22;25;28;31;34,11;23;47;95;191;383;767;1535;3071;6143;12287;24575,n/a,19|0|0|0|0,0.0000,3,2,
01000101101000110000001010110110011101010,41,ratchet-candidate,20000,19,173359,173359,0.6667,0,0,0,00000001010110110011101010,3,6666,64,3;6;9;12;15;18;21;24;27;30;33;36,11;24;37;50;63;76;89;102;115;128;141;154,linear(r2=0.772),19|4365|43359|43365|173359,0.0000,3,1,
01000101101000110000001010111010011101010,41,head-recurrent-other,168,19,503899,503899,0.7083,1,0,0,000001010111010011101010,83,59,2,151;154,12;9727,n/a,19|0|0|0|0,0.0000,91,89,argsz12->9727/statesz309546->319261
01000101101000110000001011100011100110110,41,opaque,20000,18,256433,257840,0.0196,0,0,0,,0,0,0,,,linear(r2=1.000),18|12393|63133|125930|256433,0.9997,2,0,
01000101101000110000001110010101101011010,41,blowup,44,19,541308,541308,0.8182,1,0,0,,0,0,0,,,n/a,19|0|0|0|0,0.9091,2,0,
01000101101000110000001110010111001101010,41,blowup,51,19,587242,587242,0.7059,1,0,0,,0,0,0,,,n/a,19|0|0|0|0,0.9216,2,0,
01000101101001001010000001110010110110110,41,opaque,20000,19,300041,300041,0.5000,0,0,0,,0,0,0,,,linear(r2=1.000),19|15041|75041|150041|300041,0.9998,2,0,
01000101101001001010000001110010111010110,41,opaque,20000,19,276035,276041,0.4001,0,0,0,,0,0,0,,,linear(r2=1.000),19|13835|69035|138035|276035,0.9998,2,0,
01000101101001001010000001110011001110110,41,opaque,20000,19,400363,400363,0.5000,0,0,0,,0,0,0,,,linear(r2=1.000),19|20363|100363|200363|400363,0.9998,2,0,
01000101101001001010000001110011100110110,41,opaque,20000,19,279795,279798,0.6099,0,0,0,,0,0,0,,,linear(r2=1.000),19|15193|70773|140671|279795,0.9998,2,0,
01000101101001001010000001110011100111010,41,opaque,20000,19,28619,28651,0.1312,0,0,0,,0,0,0,,,linear(r2=0.992),19|4821|9827|15965|28619,0.9998,2,0,
01000101101001001101000000101110100111010,41,head-recurrent-other,1954,19,500515,500515,0.6791,1,0,0,00000101110100111010,2,663,3,1;6,9;30,n/a,19|184960|0|0|0,0.0000,629,627,argsz9->30/statesz40->92
01000101101001001101000000111001011010110,41,blowup,70,19,824654,824654,0.8000,1,0,0,,0,0,0,,,n/a,19|0|0|0|0,0.9429,2,0,
01000101101001001101000000111001011011010,41,blowup,69,19,884736,884736,0.8116,1,0,0,,0,0,0,,,n/a,19|0|0|0|0,0.9420,2,0,
01000101101001001101000000111001011101010,41,blowup,81,19,974848,974848,0.6914,1,0,0,,0,0,0,,,n/a,19|0|0|0|0,0.9506,2,0,
01000101101001010110101010000001100111010,41,head-recurrent-other,3649,20,500015,500015,0.5001,1,0,0,000001100111010,79,1824,3,383;401,7;119,linear(r2=0.968),20|69700|0|0|0,0.0000,835,834,argsz7->119/statesz16631->17351
01000101101001011001101010000001100111010,41,head-recurrent-other,3571,20,500015,500015,0.5001,1,0,0,000001100111010,79,1785,3,369;379,7;119,linear(r2=0.970),20|74348|0|0|0,0.0000,835,834,argsz7->119/statesz16879->17351
01000101101001011010100000011001100111010,41,head-recurrent-other,1801,20,500889,500889,0.5003,1,0,0,0000011001100111010,3,900,2,3;11,9;29,n/a,20|209596|0|0|0,0.0000,578,577,argsz9->29/statesz99->319
01000101101001011010100000011100101101010,41,blowup,40,20,590556,590556,0.5000,1,0,0,,0,0,0,,,n/a,20|0|0|0|0,0.9000,2,0,
01000101101001100010000001110011001110110,41,opaque,20000,19,400085,400085,0.4996,0,0,0,,0,0,0,,,linear(r2=1.000),19|20085|100085|200085|400085,0.9998,2,0,
01000101101001100011000000101100110110110,41,head-recurrent-other,20000,19,3837,4102,0.6708,0,0,0,00000101100110110110,87,6709,1,2221;8966,10;10,linear(r2=0.860),19|1088|1968|2677|3837,0.0000,241,218,argsz10->10/statesz1549->1967
01000101101001100011000000101110100111010,41,head-recurrent-other,1323,19,500366,500366,0.6818,1,0,0,00000101110100111010,2,451,3,1;11,9;51,n/a,19|323920|0|0|0,0.0000,395,394,argsz9->51/statesz40->155
01000101101001100011000000110011100111010,41,head-recurrent-other,760,19,502007,502007,0.6921,1,0,0,00000110011100111010,2,4,3,1;5,9;30,n/a,19|0|0|0|0,0.9882,2,0,argsz9->30/statesz40->103
01000101101001100101101010000001100111010,41,head-recurrent-other,3493,20,500015,500015,0.5001,1,0,0,000001100111010,79,1746,3,347;357,7;119,linear(r2=0.971),20|78164|0|0|0,0.0000,835,834,argsz7->119/statesz16879->17351
01000101101001101000000101011011000111010,41,ratchet-candidate,20000,19,6743,13419,0.6667,0,0,0,0000000101011011000111010,6,6665,64,7;10;13;16;19;22;25;28;31;34;37;40,10;11;12;13;14;15;16;17;18;19;20;21,linear(r2=0.738),19|753|1743|6753|6743,0.0000,6,5,
01000101101001101000000101100011100111010,41,ratchet-candidate,427,19,516940,516940,0.3817,1,0,0,00000101100011100111010,2,14,14,1;6;26;38;70;86;127;147;197;221;280;308,10;22;57;103;219;393;833;1493;3161;5663;11987;21473,n/a,19|0|0|0|0,0.0000,8,2,
01000101101001101000000101100110001110110,41,head-recurrent-other,20000,19,3683,4104,0.6705,0,0,0,00000101100110001110110,87,6706,1,2670;10881,10;10,linear(r2=0.886),19|774|1702|2451|3683,0.0000,233,199,argsz10->10/statesz1536->1998
01000101101001101000000101100111010001110,41,head-recurrent-other,2003,19,500070,500070,1.0000,1,0,0,00000101100111010001110,186,1001,1,255;255,142;142,linear(r2=0.976),19|181179|0|0|0,0.0000,1486,1485,argsz142->142/statesz25162->25162
01000101101001101000000101110001100110110,41,ratchet-candidate,20000,19,99002,139240,0.7062,0,0,0,0001010000010111000110011011000110011000000101110001100110110,1,11,11,2;7;29;85;209;469;1001;2077;4241;8581;17273,21;55;123;259;531;1075;2163;4339;8691;17395;34803,linear(r2=0.736),19|2185|24650|49413|99002,0.0000,23,17,
01000101101001101000000101110011101000110,41,head-recurrent-other,20000,19,162984,295961,0.6680,0,0,0,00000101110011101000110,28,6679,2,782;19946,24;1138,linear(r2=0.861),19|12195|41354|81599|162984,0.0000,36,32,argsz24->1138/statesz12651->162333
01000101101001101000000101110100110001110,41,ratchet-candidate,20000,19,109574,124159,0.6068,0,0,0,00000101110100110001110,17,946,4,2226;2228;2234;2257,10;11;12;36,linear(r2=0.965),19|5647|34933|52429|109574,0.0000,23,16,
01000101101001101000000110000111100110110,41,blowup,2826,19,501320,501320,0.3747,1,0,0,,0,0,0,,,linear(r2=0.924),19|63068|0|0|0,0.9975,2,0,
01000101101001101000000110000111100111010,41,blowup,2193,19,500941,500941,0.3388,1,0,0,,0,0,0,,,linear(r2=0.920),19|101656|0|0|0,0.9968,2,0,
01000101101001101000000110010101101101010,41,head-recurrent-other,705,20,503423,503423,0.5007,1,0,0,00000110010101101101010,12,352,3,19;43,11;155,n/a,20|0|0|0|0,0.0000,179,176,argsz11->155/statesz1415->2891
01000101101001101000000110010110001110110,41,ratchet-candidate,20000,19,4574,5369,0.6705,0,0,0,000110010110000000011001011000111011000000110010110001110110,1,116,64,2;4;9;17;28;42;59;79;102;128;157;189,21;44;67;90;113;136;159;182;205;228;251;274,linear(r2=0.824),19|884|1988|2924|4574,0.0000,232,164,
01000101101001101000000110010110011011010,41,head-recurrent-other,977,20,500207,500207,0.5005,1,0,0,00000110010110011011010,87,488,2,337;347,203;215,n/a,20|0|0|0|0,0.0000,246,244,argsz203->215/statesz77843->79799
01000101101001101000000110010111000110110,41,head-recurrent-other,12503,19,544724,544724,0.6699,1,0,0,00000110010111000110110,25,4188,2,1693;12399,22;22,linear(r2=0.874),19|40898|164824|327399|0,0.0000,31,21,argsz22->22/statesz83551->303812
01000101101001101000000110010111000111010,41,ratchet-candidate,2948,19,500579,500579,0.6204,1,0,0,00000110010111000111010,39,4,4,326;334;337;340,10;11;196;221,linear(r2=0.974),19|100989|0|0|0,0.0000,308,305,
01000101101001101000000110010111011000110,41,ratchet-candidate,20000,19,4574,8002,0.6705,0,0,0,0001100101000001100101110110001100000011001011101100011000110,1,116,64,2;4;9;17;28;42;59;79;102;128;157;189,21;44;67;90;113;136;159;182;205;228;251;274,linear(r2=0.640),19|1102|2574|2924|4574,0.0000,3,3,
01000101101001101000000110011000011110110,41,head-recurrent-other,1446,19,502562,502562,0.3485,1,0,0,00000110011000011110110,23,503,3,622;1051,10;4339,n/a,19|209445|0|0|0,0.0000,37,28,argsz10->4339/statesz85959->226810
01000101101001101000000110011100110001110,41,ratchet-candidate,435,19,581460,581460,0.6920,1,0,0,00000110011100110001110,2,16,15,3;5;7;12;17;25;36;50;70;96;131;178,10;33;56;102;194;355;654;1206;2218;4081;7508;13810,n/a,19|0|0|0|0,0.0000,10,1,
01000101101001101000000111001011101000110,41,blowup,961,19,501528,501528,0.7513,1,0,0,,0,0,0,,,n/a,19|0|0|0|0,0.9958,2,0,
01000101101001101000000111001100110001110,41,blowup,283,19,800769,800769,0.5583,1,0,0,,0,0,0,,,n/a,19|0|0|0|0,0.9859,2,0,
01000101101001101000000111001110011000110,41,blowup,228,19,119156,119156,0.8070,1,0,0,,0,0,0,,,n/a,19|0|0|0|0,0.9825,2,0,step-alloc-cap
01000101101001101000011000000101101101110,41,ratchet-candidate,20000,19,1414,2155,0.0073,0,0,0,000001011011000000101101100000010110110000001011011000000101101100000010110110000001011011000011000000101101101110,3,133,64,220;256;287;326;361;404;443;490;533;584;631;686,100;112;118;124;130;136;142;148;154;160;166;172,linear(r2=0.702),19|334|1054|1279|1414,0.0000,3,2,
01000101101001101000011000000110011110110,41,head-recurrent-other,20000,19,1246,2425,0.0100,0,0,0,00011000000110011110110,2,200,3,1;19606,10;604,linear(r2=0.678),19|496|646|1144|1246,0.0000,2,1,argsz10->604/statesz43->1825
01000101101001101000011000000111001111010,41,blowup,6727,19,426468,426477,0.2023,1,0,0,,0,0,0,,,linear(r2=0.975),19|26889|275759|0|0,0.9991,2,0,step-alloc-cap
01000101101001101000011000000111100111010,41,opaque,20000,19,98542,98551,0.2969,0,0,0,,0,0,0,,,linear(r2=0.999),19|8364|27588|50899|98542,0.9996,2,0,
01000101101010000000010101110100011110110,41,opaque,20000,18,13353,13359,0.3333,0,0,0,,0,0,0,,,linear(r2=1.000),18|690|3353|6690|13353,0.9999,2,0,
01000101101010000000010101110110111000110,41,opaque,20000,18,6708,6708,0.3334,0,0,0,,0,0,0,,,linear(r2=1.000),18|368|1708|3368|6708,0.9999,2,0,
01000101101010000000010101111011011000110,41,opaque,20000,18,6708,6708,0.3334,0,0,0,,0,0,0,,,linear(r2=1.000),18|368|1708|3368|6708,0.9999,2,0,
01000101101010000000010111011100001101110,41,opaque,20000,18,1131,1719,0.0100,0,0,0,,0,0,0,,,linear(r2=0.753),18|316|581|1058|1131,0.9999,2,0,
01000101101010000000010111101100001101110,41,opaque,20000,18,1131,1722,0.0100,0,0,0,,0,0,0,,,linear(r2=0.753),18|316|581|1058|1131,0.9999,2,0,
01000101101010000000011001011100011110110,41,opaque,20000,18,40028,40031,0.5000,0,0,0,,0,0,0,,,linear(r2=1.000),18|2028|10028|20028|40028,0.9999,2,0,
01000101101010000000011001011101100111010,41,blowup,776,19,500308,500308,0.6649,1,0,0,,0,0,0,,,n/a,19|0|0|0|0,0.9961,2,0,
01000101101010000001000101101011100111010,41,head-recurrent-other,2206,19,500005,500005,0.6668,1,0,0,000001000101101011100111010,157,735,1,253;253,103;103,linear(r2=0.974),19|154491|0|0|0,0.0000,1432,1431,argsz103->103/statesz20253->20253
01000101101010000001000101101100110110110,41,head-recurrent-other,2691,19,500543,500543,0.6667,1,0,0,000001000101101100110110110,2,897,2,1;7,12;25,linear(r2=0.974),19|114360|0|0|0,0.0000,856,855,argsz12->25/statesz38->77
01000101101010000001000101111010100111010,41,head-recurrent-other,2302,19,500005,500005,0.6668,1,0,0,000001000101111010100111010,91,767,2,280;283,12;129,linear(r2=0.988),19|171118|0|0|0,0.0000,760,759,argsz12->129/statesz30055->30185
01000101101010000001000110010110110110110,41,blowup,83,19,671710,671710,0.6627,1,0,0,,0,0,0,,,n/a,19|0|0|0|0,0.9398,2,0,
01000101101010000001000110010111010110110,41,blowup,83,19,671710,671710,0.6627,1,0,0,,0,0,0,,,n/a,19|0|0|0|0,0.9398,2,0,
01000101101010000001000110010111011010110,41,blowup,83,19,671710,671710,0.6627,1,0,0,,0,0,0,,,n/a,19|0|0|0|0,0.9398,2,0,
01000101101010000001000110011011001110110,41,ratchet-candidate,20000,19,173362,173362,0.6667,0,0,0,0001000110011011001000001000110011011001110110000001000110011011001110110,1,6667,64,2;5;8;11;14;17;20;23;26;29;32;35,12;38;64;90;116;142;168;194;220;246;272;298,linear(r2=1.000),19|8696|43362|86696|173362,0.0000,2,1,
01000101101010000001000110011101001110110,41,ratchet-candidate,20000,19,173362,173362,0.6667,0,0,0,0001000110011101001000001000110011101001110110000001000110011101001110110,1,6667,64,2;5;8;11;14;17;20;23;26;29;32;35,12;38;64;90;116;142;168;194;220;246;272;298,linear(r2=1.000),19|8696|43362|86696|173362,0.0000,2,1,
01000101101010000001000110011110100111010,41,head-recurrent-other,1742,19,500351,500351,0.6670,1,0,0,000001000110011110100111010,2,581,2,1;7,12;38,n/a,19|221428|0|0|0,0.0000,557,557,argsz12->38/statesz38->116
01000101101010000001000111100101101011010,41,blowup,71,19,708632,708632,0.6479,1,0,0,,0,0,0,,,n/a,19|0|0|0|0,0.9296,2,0,
01000101101010000001000111100101101101010,41,blowup,71,19,708632,708632,0.6479,1,0,0,,0,0,0,,,n/a,19|0|0|0|0,0.9296,2,0,
01000101101010000001000111100101110101010,41,blowup,71,19,708632,708632,0.6479,1,0,0,,0,0,0,,,n/a,19|0|0|0|0,0.9296,2,0,
01000101101010000001000111100110100111010,41,blowup,565,19,501226,501226,0.6690,1,0,0,,0,0,0,,,n/a,19|0|0|0|0,0.9912,2,0,
01000101101010000001000111100110110011010,41,blowup,71,19,1062924,1062924,0.3380,1,0,0,,0,0,0,,,n/a,19|0|0|0|0,0.9296,2,0,
01000101101010000001000111101001011010110,41,blowup,83,19,671747,671747,0.6747,1,0,0,,0,0,0,,,n/a,19|0|0|0|0,0.9398,2,0,
01000101101010000001000111101001011011010,41,blowup,83,19,671747,671747,0.6747,1,0,0,,0,0,0,,,n/a,19|0|0|0|0,0.9398,2,0,
01000101101010000001000111101001011101010,41,blowup,83,19,671747,671747,0.6747,1,0,0,,0,0,0,,,n/a,19|0|0|0|0,0.9398,2,0,
01000101101010000001001001110010110110110,41,opaque,20000,19,260031,260034,0.3334,0,0,0,,0,0,0,,,linear(r2=1.000),19|13073|65031|130073|260031,0.9998,2,0,
01000101101010000001001001110010111010110,41,opaque,20000,19,260031,260034,0.3334,0,0,0,,0,0,0,,,linear(r2=1.000),19|13073|65031|130073|260031,0.9998,2,0,
01000101101010000001001001110011001110110,41,opaque,20000,19,347183,347183,0.3335,0,0,0,,0,0,0,,,linear(r2=1.000),19|17809|87183|173809|347183,0.9998,2,0,
01000101101010000001001001110011100110110,41,opaque,20000,19,109851,109857,0.2364,0,0,0,,0,0,0,,,linear(r2=1.000),19|7593|28947|55879|109851,0.9998,2,0,
01000101101010000001001001110011100111010,41,opaque,20000,19,28473,28506,0.1280,0,0,0,,0,0,0,,,linear(r2=0.990),19|5225|10183|16183|28473,0.9998,2,0,
01000101101010000001010001101101100111010,41,head-recurrent-other,2690,19,500091,500091,0.6669,1,0,0,000001010001101101100111010,2,897,2,1;7,12;25,linear(r2=0.974),19|114360|0|0|0,0.0000,856,856,argsz12->25/statesz38->77
01000101101010000001010001111010100111010,41,head-recurrent-other,2690,19,500091,500091,0.6669,1,0,0,000001010001111010100111010,2,897,2,1;7,12;25,linear(r2=0.974),19|114360|0|0|0,0.0000,856,856,argsz12->25/statesz38->77
01000101101010000001010010110010110110110,41,opaque,20000,19,260031,260034,0.3334,0,0,0,,0,0,0,,,linear(r2=1.000),19|13073|65031|130073|260031,0.9998,2,0,
01000101101010000001010010110010111010110,41,opaque,20000,19,260031,260034,0.3334,0,0,0,,0,0,0,,,linear(r2=1.000),19|13073|65031|130073|260031,0.9998,2,0,
01000101101010000001010010110011001110110,41,opaque,20000,19,347183,347183,0.3335,0,0,0,,0,0,0,,,linear(r2=1.000),19|17809|87183|173809|347183,0.9998,2,0,
01000101101010000001010010110011100110110,41,opaque,20000,19,109851,109857,0.2364,0,0,0,,0,0,0,,,linear(r2=1.000),19|7593|28947|55879|109851,0.9998,2,0,
01000101101010000001010010110011100111010,41,opaque,20000,19,28473,28506,0.1280,0,0,0,,0,0,0,,,linear(r2=0.990),19|5225|10183|16183|28473,0.9998,2,0,
01000101101010000001010011101001011010110,41,blowup,77,19,503770,503770,0.6753,1,0,0,,0,0,0,,,n/a,19|0|0|0|0,0.9351,2,0,
01000101101010000001010011101001011011010,41,blowup,77,19,503770,503770,0.6753,1,0,0,,0,0,0,,,n/a,19|0|0|0|0,0.9351,2,0,
01000101101010000001010011101001011101010,41,blowup,77,19,503770,503770,0.6753,1,0,0,,0,0,0,,,n/a,19|0|0|0|0,0.9351,2,0,
01000101101010000001010011101100101101010,41,blowup,71,19,1062961,1062961,0.6761,1,0,0,,0,0,0,,,n/a,19|0|0|0|0,0.9296,2,0,
01000101101010000001010100111010100111010,41,head-recurrent-other,2688,19,500552,500552,0.6670,1,0,0,000001010100111010100111010,2,896,2,1;7,12;25,linear(r2=0.974),19|114360|0|0|0,0.0000,855,854,argsz12->25/statesz38->77
01000101101010000001010101101000111010110,41,head-recurrent-other,2962,19,500468,500468,0.6671,1,0,0,000001010101101000111010110,88,988,1,255;255,96;96,linear(r2=0.929),19|59999|0|0|0,0.0000,991,990,argsz96->96/statesz4727->4727
01000101101010000001010101101100011101010,41,head-recurrent-other,20000,19,106734,106734,0.6667,0,0,0,000001010101101100011101010,88,6667,1,255;255,96;96,linear(r2=0.997),19|5385|26734|53385|106734,0.0000,6671,6671,argsz96->96/statesz1325->1325
01000101101010000001010110000011000111010,41,ratchet-candidate,20000,19,6714,6714,0.3334,0,0,0,000001010110000011000111010,3,6666,64,3;6;9;12;15;18;21;24;27;30;33;36,3;4;5;6;7;8;9;10;11;12;13;14,linear(r2=1.000),19|372|1714|3372|6714,0.0000,4,4,
01000101101010000001010110001110011101010,41,ratchet-candidate,18186,19,500006,500006,0.5002,1,0,0,000001010110001110011101010,5,4545,64,5;12;16;20;24;28;32;36;40;44;48;52,12;15;70;125;180;235;290;345;400;455;510;565,linear(r2=1.000),19|13747|68747|137497|0,0.0000,7,4,
01000101101010000001010110011011000111010,41,ratchet-candidate,20000,19,13437,13437,0.6667,0,0,0,000001010110011011000111010,3,6666,64,3;6;9;12;15;18;21;24;27;30;33;36,25;26;27;28;29;30;31;32;33;34;35;36,linear(r2=0.801),19|750|3437|6750|13437,0.0000,4,4,
01000101101010000001010110011101000111010,41,ratchet-candidate,20000,19,13437,13437,0.6667,0,0,0,000001010110011101000111010,3,6666,64,3;6;9;12;15;18;21;24;27;30;33;36,25;26;27;28;29;30;31;32;33;34;35;36,linear(r2=0.801),19|750|3437|6750|13437,0.0000,4,4,
01000101101010000001010110100001101100010,41,head-recurrent-other,20000,20,956,1727,0.0071,0,0,0,000110000001010110100001101100010,23,278,1,461;462,16;13,linear(r2=0.569),20|404|806|944|956,0.0000,143,143,argsz16->13/statesz173->170
01000101101010000001010110110000110110110,41,head-recurrent-other,20000,19,32628,33216,0.0199,0,0,0,000001010110110000110110110,23,199,1,243;243,42;42,linear(r2=0.999),19|2170|8828|17243|32628,0.0000,201,201,argsz42->42/statesz674->674
01000101101010000001010111010000110110110,41,head-recurrent-other,20000,19,32925,33516,0.0199,0,0,0,000001010111010000110110110,23,199,1,243;243,42;42,linear(r2=0.999),19|2233|8975|17453|32925,0.0000,201,201,argsz42->42/statesz704->704
01000101101010000001010111010011101000110,41,head-recurrent-other,1267,19,500378,500378,1.0000,1,0,0,000001010111010011101000110,240,633,1,255;255,129;129,n/a,19|351649|0|0|0,0.0000,1230,1229,argsz129->129/statesz46458->46458
01000101101010000001011000010111010110110,41,head-recurrent-other,133,19,524044,524044,0.2105,1,0,0,000001011000010111010110110,2,27,2,1;5,12;28,n/a,19|0|0|0|0,0.0000,80,79,argsz12->28/statesz38->70
01000101101010000001011000011010000110110,41,ratchet-candidate,20000,20,533,1298,0.0141,0,0,0,0001011000011010000110110,1,141,64,2;4;8;14;22;32;44;58;74;92;112;134,13;16;19;22;25;28;31;34;37;40;43;46,linear(r2=0.318),20|308|593|644|533,0.0000,2,2,
01000101101010000001011000011110110011010,41,head-recurrent-other,210,19,560270,560270,0.2952,1,0,0,000001011000011110110011010,52,61,2,202;205,4323;8675,n/a,19|0|0|0|0,0.0000,53,52,argsz4323->8675/statesz425632->438674
01000101101010000001011000100001011011010,41,ratchet-candidate,20000,20,793,1435,0.0071,0,0,0,0001011000100001011011010,1,141,64,2;4;8;14;22;32;44;58;74;92;112;134,13;18;23;28;33;38;43;48;53;58;63;68,linear(r2=0.569),20|333|668|783|793,0.0000,3,3,
01000101101010000001011000100001100111010,41,ratchet-candidate,20000,20,793,1435,0.0071,0,0,0,0001011000100001100111010,1,141,64,2;4;8;14;22;32;44;58;74;92;112;134,13;18;23;28;33;38;43;48;53;58;63;68,linear(r2=0.569),20|333|668|783|793,0.0000,2,2,
01000101101010000001011001001010000110110,41,ratchet-candidate,20000,20,953,1307,0.0071,0,0,0,0001011001001010000110110,1,141,64,2;4;9;16;25;36;49;64;81;100;121;144,13;16;19;22;25;28;31;34;37;40;43;46,linear(r2=0.708),20|203|371|323|953,0.0000,3,2,
01000101101010000001011001011000110110110,41,head-recurrent-other,20000,19,136838,201674,0.6673,0,0,0,000001011001011000110110110,38,6674,1,6117;19997,13;13,linear(r2=0.814),19|10553|34857|68849|136838,0.0000,41,37,argsz13->13/statesz86956->136852
01000101101010000001011001100010000110110,41,ratchet-candidate,20000,20,953,1307,0.0071,0,0,0,0001011001100010000110110,1,141,64,2;4;9;16;25;36;49;64;81;100;121;144,13;16;19;22;25;28;31;34;37;40;43;46,linear(r2=0.708),20|203|371|323|953,0.0000,3,2,
01000101101010000001011001100011100110110,41,ratchet-candidate,2693,19,529536,529536,0.3955,1,0,0,000001011001100011100110110,26,21,4,1272;1370;1557;1698,14;934;7356;7357,linear(r2=0.951),19|77211|0|0|0,0.0000,44,29,
01000101101010000001011001100110001110110,41,head-recurrent-other,20000,19,345551,345605,0.5925,0,0,0,000001011001100110001110110,44,5924,2,403;962,13;84,linear(r2=0.944),19|23915|75322|182323|345551,0.0000,89,78,argsz13->84/statesz11924->21234
01000101101010000001011001100110110011010,41,head-recurrent-other,713,20,503257,503257,0.5007,1,0,0,000001011001100110110011010,192,356,2,267;269,279;307,n/a,20|0|0|0|0,0.0000,508,507,argsz279->307/statesz86491->86533
01000101101010000001011001100111000110110,41,ratchet-candidate,20000,19,203427,207871,0.6707,0,0,0,00010110011001000000010110011001110001101100011000000001011001100111000110110,45,6,6,622;678;737;799;864;932,54;110;166;222;278;334,linear(r2=0.999),19|13217|54721|104792|203427,0.0000,237,206,
01000101101010000001011001101100111000110,41,ratchet-candidate,4720,19,542188,542188,0.5049,1,0,0,000001011001101100111000110,25,6,5,103;110;149;188;200,14;73;149;253;403,linear(r2=0.979),19|56598|0|0|0,0.0000,71,56,
01000101101010000001011001110100110001110,41,head-recurrent-other,671,19,503662,503662,0.5231,1,0,0,000001011001110100110001110,13,175,2,28;55,68;137,n/a,19|0|0|0|0,0.0000,214,212,argsz68->137/statesz1438->2778
01000101101010000001011001110110000111010,41,ratchet-candidate,137,19,852033,852033,0.2336,1,0,0,000001011001110110000111010,2,16,16,1;3;6;10;15;21;28;36;45;55;66;78,12;25;51;103;207;415;831;1663;3327;6655;13311;26623,n/a,19|0|0|0|0,0.0000,2,2,
01000101101010000001011010000101111010110,41,head-recurrent-other,17573,19,500058,500058,0.0210,1,0,0,000001011010000101111010110,192,368,1,267;269,316;12,linear(r2=1.000),19|26397|138257|278565|0,0.0000,16838,16837,argsz316->12/statesz6156->6172
01000101101010000001011010000110010010110,41,ratchet-candidate,20000,20,1559,1847,0.0051,0,0,0,0001011010000110010010110,1,101,64,2;4;9;18;31;48;69;94;123;156;193;234,13;19;25;31;37;43;49;55;61;67;73;79,linear(r2=0.608),20|293|809|509|1559,0.0000,3,3,
01000101101010000001011010000111001101110,41,head-recurrent-other,122,19,633593,633593,0.1311,1,0,0,000001011010000111001101110,2,15,2,1;120,12;158381,n/a,19|0|0|0|0,0.0000,2,1,argsz12->158381/statesz38->316797
01000101101010000001011010000111001111010,41,head-recurrent-other,122,19,633593,633593,0.1311,1,0,0,000001011010000111001111010,2,15,2,1;120,12;158381,n/a,19|0|0|0|0,0.0000,2,1,argsz12->158381/statesz38->316797
01000101101010000001011010010110000010110,41,ratchet-candidate,20000,20,3272,4461,0.2004,0,0,0,000001011010010110000010110,2,9,8,3;25;67;209;531;1433;3635;9457,13;31;49;85;139;229;373;607,linear(r2=0.764),20|990|2346|3786|3272,0.0000,20,13,
01000101101010000001011011000011100110110,41,ratchet-candidate,107,19,523836,523836,0.1402,1,0,0,000001011011000011100110110,2,14,13,3;6;10;15;21;28;36;45;55;66;78;91,12;25;67;170;398;879;1869;3880;7936;16085;32423;65142,n/a,19|0|0|0|0,0.0000,2,1,
01000101101010000001011011000011100111010,41,ratchet-candidate,107,19,523836,523836,0.1402,1,0,0,000001011011000011100111010,2,14,13,3;6;10;15;21;28;36;45;55;66;78;91,12;25;67;170;398;879;1869;3880;7936;16085;32423;65142,n/a,19|0|0|0|0,0.0000,2,1,
01000101101010000001011011001011011000110,41,head-recurrent-other,2367,19,506423,506423,0.3933,1,0,0,000001011011001011011000110,20,465,2,717;2345,14;14,linear(r2=1.000),19|160495|0|0|0,0.0000,26,15,argsz14->14/statesz110227->298916
01000101101010000001011011001011101000110,41,head-recurrent-other,3999,19,665678,665678,0.5094,1,0,0,000001011011001011101000110,22,1018,2,821;3969,13;13,linear(r2=0.976),19|72725|0|0|0,0.0000,31,15,argsz13->13/statesz52625->444095
01000101101010000001011011001100110001110,41,ratchet-candidate,939,19,648682,648682,0.4803,1,0,0,000001011011001100110001110,17,6,4,113;124;136;168,13;14;172;1055,n/a,19|0|0|0|0,0.0000,40,29,
01000101101010000001011100001110011010110,41,head-recurrent-other,20000,19,273318,273321,0.6666,0,0,0,000001011100001110011010110,2,6667,3,1;6,12;35,linear(r2=1.000),19|13668|68318|136668|273318,0.0000,6667,6667,argsz12->35/statesz38->66
01000101101010000001011100001110011101010,41,head-recurrent-other,59,19,656272,656272,0.3559,1,0,0,000001011100001110011101010,2,20,3,1;6,12;41,n/a,19|0|0|0|0,0.0000,15,14,argsz12->41/statesz38->67
01000101101010000001011100001110100111010,41,head-recurrent-other,4577,19,500210,500210,0.1899,1,0,0,000001011100001110100111010,2,434,2,1;6,12;28,linear(r2=0.989),19|70868|0|0|0,0.0000,406,405,argsz12->28/statesz38->83
01000101101010000001011100011001011101010,41,blowup,3370,19,501160,501160,0.7997,1,0,0,,0,0,0,,,linear(r2=0.933),19|53941|0|0|0,0.9979,2,0,
01000101101010000001011100011001100111010,41,blowup,257,19,537041,537041,0.4008,1,0,0,,0,0,0,,,n/a,19|0|0|0|0,0.9728,2,0,
01000101101010000001011100011100110001110,41,blowup,17548,18,501324,501324,0.0308,1,0,0,,0,0,0,,,linear(r2=1.000),18|22622|132431|280211|0,0.9996,2,0,
01000101101010000001011100100110100111010,41,head-recurrent-other,53,19,520484,520484,0.6604,1,0,0,000001011100100110100111010,2,17,2,1;6,12;52,n/a,19|0|0|0|0,0.0000,12,11,argsz12->52/statesz38->118
01000101101010000001011100101101100011010,41,ratchet-candidate,20000,19,32409,48077,0.6694,0,0,0,000001011100101101100011010,2,59,59,1;3;17;43;81;131;193;267;353;451;561;683,12;39;66;93;120;147;174;201;228;255;282;309,linear(r2=0.629),19|3348|13532|25419|32409,0.0000,118,47,
01000101101010000001011100101110100011010,41,ratchet-candidate,20000,19,1780,4373,0.7158,0,0,0,000001011100101110100011010,2,54,54,1;3;19;49;93;151;223;309;409;523;651;793,12;39;66;93;120;147;174;201;228;255;282;309,linear(r2=0.555),19|705|1477|2200|1780,0.0000,110,23,
01000101101010000001011100110001110011010,41,head-recurrent-other,342,19,519708,519708,0.5292,1,0,0,000001011100110001110011010,11,90,2,34;52,13;347,n/a,19|0|0|0|0,0.0000,48,46,argsz13->347/statesz2163->3238
01000101101010000001011100111001110100010,41,head-recurrent-other,20000,19,4263,4503,0.0800,0,0,0,0010,50,11714,2,127;19986,8;76,exp(r2=0.131),19|4359|4157|4167|4263,0.0000,64,53,argsz8->76/statesz4436->4271
01000101101010000001011100111010011000110,41,head-recurrent-other,920,19,501959,501959,0.6554,1,0,0,000001011100111010011000110,72,301,3,280;295,13;1258,n/a,19|0|0|0|0,0.0000,222,220,argsz13->1258/statesz77601->80395
01000101101010000001011101000011100111010,41,head-recurrent-other,309,19,500560,500560,0.3430,1,0,0,000001011101000011100111010,2,105,3,1;8,12;73,n/a,19|0|0|0|0,0.0000,98,97,argsz12->73/statesz38->211
01000101101010000001011101001000110110110,41,head-recurrent-other,2311,19,500169,500169,0.6785,1,0,0,000001011101001000110110110,2,784,2,1;5,12;28,linear(r2=0.974),19|145701|0|0|0,0.0000,745,745,argsz12->28/statesz38->86
01000101101010000001011101001000111101010,41,head-recurrent-other,2311,19,500169,500169,0.6785,1,0,0,000001011101001000111101010,2,784,2,1;5,12;28,linear(r2=0.974),19|145701|0|0|0,0.0000,745,745,argsz12->28/statesz38->86
01000101101010000001011101001010011101010,41,head-recurrent-other,131,19,523442,523442,0.7252,1,0,0,000001011101001010011101010,2,47,2,1;5,12;39,n/a,19|0|0|0|0,0.0000,39,37,argsz12->39/statesz38->146
01000101101010000001011101001011101000110,41,head-recurrent-other,4400,19,597252,597252,0.5948,1,0,0,000001011101001011101000110,9,1308,3,140;4328,13;44,linear(r2=0.897),19|36526|0|0|0,0.0000,16,4,argsz13->44/statesz4809->184381
01000101101010000001011101001110000111010,41,head-recurrent-other,2682,19,500495,500495,0.5280,1,0,0,000001011101001110000111010,2,708,2,1;5,12;28,linear(r2=0.976),19|118952|0|0|0,0.0000,671,671,argsz12->28/statesz38->86
01000101101010000001011101001110010011010,41,head-recurrent-other,149,19,526360,526360,0.6242,1,0,0,000001011101001110010011010,2,46,2,1;5,12;39,n/a,19|0|0|0|0,0.0000,38,37,argsz12->39/statesz38->146
01000101101010000001100001011100011110110,41,opaque,20000,18,73358,73364,0.3333,0,0,0,,0,0,0,,,linear(r2=1.000),18|3698|18358|36698|73358,0.9998,2,0,
01000101101010000001100001011110100111010,41,opaque,20000,19,84547,84628,0.0375,0,0,0,,0,0,0,,,linear(r2=1.000),19|4647|21817|42985|84547,0.9998,2,0,
01000101101010000001100101010110110101010,41,opaque,20000,20,351452,351452,0.4286,0,0,0,,0,0,0,,,linear(r2=1.000),20|17588|87860|175724|351452,0.9998,2,0,
01000101101010000001100101010111010101010,41,opaque,20000,20,419708,419708,0.4997,0,0,0,,0,0,0,,,linear(r2=1.000),20|20804|104756|209708|419708,0.9998,2,0,
01000101101010000001100101011000110110110,41,blowup,18390,19,516298,516298,0.6673,1,0,0,,0,0,0,,,linear(r2=0.697),19|12300|125250|250578|0,0.9998,2,0,
01000101101010000001100101011000111010110,41,blowup,2138,19,500542,500542,0.8045,1,0,0,,0,0,0,,,linear(r2=0.974),19|146038|0|0|0,0.9981,2,0,
01000101101010000001100101011001101101010,41,opaque,20000,20,323996,324002,0.4000,0,0,0,,0,0,0,,,linear(r2=1.000),20|16196|80996|161996|323996,0.9998,2,0,
01000101101010000001100101011001110101010,41,opaque,20000,20,260060,260060,0.3334,0,0,0,,0,0,0,,,linear(r2=1.000),20|13028|65060|130028|260060,0.9998,2,0,
01000101101010000001100101011100011010110,41,blowup,3257,19,602195,602195,0.5149,1,0,0,,0,0,0,,,linear(r2=0.971),19|52645|0|0|0,0.9988,2,0,
01000101101010000001100101011100011101010,41,blowup,1105,19,502163,502163,0.8398,1,0,0,,0,0,0,,,n/a,19|162302|0|0|0,0.9964,2,0,
01000101101010000001100101100001110111010,41,opaque,20000,19,160019,160025,0.3333,0,0,0,,0,0,0,,,linear(r2=1.000),19|8030|40019|80030|160019,0.9998,2,0,
01000101101010000001100101100011100110110,41,blowup,718,19,695220,695220,0.5404,1,0,0,,0,0,0,,,n/a,19|0|0|0|0,0.9944,2,0,
01000101101010000001100101100011100111010,41,blowup,335,19,524004,524004,0.5582,1,0,0,,0,0,0,,,n/a,19|0|0|0|0,0.9881,2,0,
01000101101010000001100101100101101011010,41,opaque,20000,20,260012,260018,0.3333,0,0,0,,0,0,0,,,linear(r2=1.000),20|13028|65012|130028|260012,0.9998,2,0,
01000101101010000001100101100101101101010,41,opaque,20000,20,260012,260018,0.3333,0,0,0,,0,0,0,,,linear(r2=1.000),20|13028|65012|130028|260012,0.9998,2,0,
01000101101010000001100101100101110101010,41,opaque,20000,20,180044,180050,0.2500,0,0,0,,0,0,0,,,linear(r2=1.000),20|9044|45044|90044|180044,0.9998,2,0,
01000101101010000001100101100110001110110,41,blowup,19925,19,645555,645555,0.6673,1,0,0,,0,0,0,,,linear(r2=0.953),19|25081|162293|323864|0,0.9998,2,0,
01000101101010000001100101100110011011010,41,opaque,20000,20,260012,260018,0.3333,0,0,0,,0,0,0,,,linear(r2=1.000),20|13028|65012|130028|260012,0.9998,2,0,
01000101101010000001100101100110011101010,41,opaque,20000,20,180044,180050,0.2500,0,0,0,,0,0,0,,,linear(r2=1.000),20|9044|45044|90044|180044,0.9998,2,0,
01000101101010000001100101100111000110110,41,blowup,1332,19,523453,523453,0.7065,1,0,0,,0,0,0,,,n/a,19|283243|0|0|0,0.9970,2,0,
01000101101010000001100101100111001101010,41,blowup,64,20,524772,524772,0.5000,1,0,0,,0,0,0,,,n/a,20|0|0|0|0,0.9375,2,0,
01000101101010000001100101101100110001110,41,blowup,1196,19,513350,513350,0.6589,1,0,0,,0,0,0,,,n/a,19|360382|0|0|0,0.9967,2,0,
01000101101010000001100101110001100110110,41,blowup,7602,19,500562,500562,0.6677,1,0,0,,0,0,0,,,linear(r2=0.964),19|71410|371735|0|0,0.9995,2,0,
01000101101010000001100101110011100011010,41,blowup,944,19,528386,528386,0.6801,1,0,0,,0,0,0,,,n/a,19|0|0|0|0,0.9958,2,0,
01000101101010000001100101110100110001110,41,blowup,130,19,545935,545935,0.6462,1,0,0,,0,0,0,,,n/a,19|0|0|0|0,0.9692,2,0,
01000101101010000001100101110110000110110,41,blowup,1722,19,500896,500896,0.6678,1,0,0,,0,0,0,,,n/a,19|170241|0|0|0,0.9977,2,0,
01000101101010000001100110010101101101010,41,opaque,20000,20,260012,260015,0.3333,0,0,0,,0,0,0,,,linear(r2=1.000),20|13028|65012|130028|260012,0.9998,2,0,
01000101101010000001100110010101110101010,41,opaque,20000,20,228044,228044,0.3000,0,0,0,,0,0,0,,,linear(r2=1.000),20|11444|57044|114044|228044,0.9998,2,0,
01000101101010000001100110010110011011010,41,opaque,20000,20,180044,180047,0.2500,0,0,0,,0,0,0,,,linear(r2=1.000),20|9044|45044|90044|180044,0.9998,2,0,
01000101101010000001100110010110011101010,41,opaque,20000,20,100076,100076,0.1668,0,0,0,,0,0,0,,,linear(r2=1.000),20|5060|25076|50060|100076,0.9998,2,0,
01000101101010000001100110010111011000110,41,blowup,17079,19,505527,505527,0.6710,1,0,0,,0,0,0,,,linear(r2=0.999),19|34512|151952|287939|0,0.9998,2,0,
01000101101010000001100110011100101101010,41,blowup,30,20,708642,708642,0.5000,1,0,0,,0,0,0,,,n/a,20|0|0|0|0,0.8667,2,0,
01000101101010000001100111000000111110110,41,opaque,20000,18,21644,21917,0.0101,0,0,0,,0,0,0,,,linear(r2=1.000),18|1454|5844|10934|21644,0.9998,2,0,
01000101101010000001100111001100101101010,41,blowup,24,20,699092,699092,0.5000,1,0,0,,0,0,0,,,n/a,20|0|0|0|0,0.8333,2,0,
01000101101010000001110000001100111110110,41,opaque,20000,18,61428,61719,0.0100,0,0,0,,0,0,0,,,linear(r2=1.000),18|3418|15728|30658|61428,0.9998,2,0,
01000101101010000001110000101100111011010,41,blowup,111,19,525341,525341,0.6396,1,0,0,,0,0,0,,,n/a,19|0|0|0|0,0.9640,2,0,
01000101101010000001110010001011010111010,41,opaque,20000,19,144041,144041,0.6000,0,0,0,,0,0,0,,,linear(r2=1.000),19|7241|36041|72041|144041,0.9998,2,0,
01000101101010000001110010001011011010110,41,opaque,20000,19,144041,144041,0.6000,0,0,0,,0,0,0,,,linear(r2=1.000),19|7241|36041|72041|144041,0.9998,2,0,
01000101101010000001110010001011011011010,41,blowup,54,19,620055,620055,0.4074,1,0,0,,0,0,0,,,n/a,19|0|0|0|0,0.9259,2,0,
01000101101010000001110010001011011101010,41,opaque,20000,19,144041,144041,0.6000,0,0,0,,0,0,0,,,linear(r2=1.000),19|7241|36041|72041|144041,0.9998,2,0,
01000101101010000001110010001011101010110,41,opaque,20000,19,144041,144041,0.6000,0,0,0,,0,0,0,,,linear(r2=1.000),19|7241|36041|72041|144041,0.9998,2,0,
01000101101010000001110010001011101011010,41,blowup,54,19,620055,620055,0.4074,1,0,0,,0,0,0,,,n/a,19|0|0|0|0,0.9259,2,0,
01000101101010000001110010001011101101010,41,blowup,54,19,620055,620055,0.4074,1,0,0,,0,0,0,,,n/a,19|0|0|0|0,0.9259,2,0,
01000101101010000001110010001011110101010,41,opaque,20000,19,144041,144041,0.6000,0,0,0,,0,0,0,,,linear(r2=1.000),19|7241|36041|72041|144041,0.9998,2,0,
01000101101010000001110010001100110110110,41,opaque,20000,19,25030,25035,0.2898,0,0,0,,0,0,0,,,linear(r2=0.999),19|2576|7237|13176|25030,0.9998,2,0,
01000101101010000001110010001100111010110,41,opaque,20000,19,98841,98841,0.5201,0,0,0,,0,0,0,,,linear(r2=1.000),19|5802|25351|49807|98841,0.9998,2,0,
01000101101010000001110010001101100110110,41,blowup,69,19,770045,770045,0.8116,1,0,0,,0,0,0,,,n/a,19|0|0|0|0,0.9420,2,0,
01000101101010000001110010001101100111010,41,blowup,69,19,770045,770045,0.8116,1,0,0,,0,0,0,,,n/a,19|0|0|0|0,0.9420,2,0,
01000101101010000001110010001101110011010,41,blowup,69,19,770045,770045,0.8116,1,0,0,,0,0,0,,,n/a,19|0|0|0|0,0.9420,2,0,
01000101101010000001110010001110011010110,41,opaque,20000,19,196231,196231,0.6002,0,0,0,,0,0,0,,,linear(r2=1.000),19|10031|49231|98231|196231,0.9998,2,0,
01000101101010000001110010010010110110110,41,opaque,20000,19,348041,348047,0.4001,0,0,0,,0,0,0,,,linear(r2=1.000),19|17441|87041|174041|348041,0.9998,2,0,
01000101101010000001110010010010111010110,41,opaque,20000,19,348041,348047,0.4001,0,0,0,,0,0,0,,,linear(r2=1.000),19|17441|87041|174041|348041,0.9998,2,0,
01000101101010000001110010010011001110110,41,opaque,20000,19,452443,452449,0.4000,0,0,0,,0,0,0,,,linear(r2=1.000),19|23043|113443|226443|452443,0.9998,2,0,
01000101101010000001110010010011100110110,41,opaque,20000,19,100261,100279,0.2151,0,0,0,,0,0,0,,,linear(r2=1.000),19|7439|26841|51207|100261,0.9998,2,0,
01000101101010000001110010010011100111010,41,opaque,20000,19,27859,27893,0.1224,0,0,0,,0,0,0,,,linear(r2=0.987),19|5623|10137|16093|27859,0.9998,2,0,
01000101101010000001110010100011011010110,41,blowup,69,19,770045,770045,0.8116,1,0,0,,0,0,0,,,n/a,19|0|0|0|0,0.9420,2,0,
01000101101010000001110010100011011011010,41,blowup,69,19,770045,770045,0.8116,1,0,0,,0,0,0,,,n/a,19|0|0|0|0,0.9420,2,0,
01000101101010000001110010100011011101010,41,blowup,69,19,770045,770045,0.8116,1,0,0,,0,0,0,,,n/a,19|0|0|0|0,0.9420,2,0,
01000101101010000001110010100011101010110,41,blowup,69,19,770045,770045,0.8116,1,0,0,,0,0,0,,,n/a,19|0|0|0|0,0.9420,2,0,
01000101101010000001110010100011101011010,41,blowup,69,19,770045,770045,0.8116,1,0,0,,0,0,0,,,n/a,19|0|0|0|0,0.9420,2,0,
01000101101010000001110010100011101101010,41,blowup,44,19,611722,611722,0.4091,1,0,0,,0,0,0,,,n/a,19|0|0|0|0,0.9091,2,0,
01000101101010000001110010100011110101010,41,blowup,69,19,770045,770045,0.8116,1,0,0,,0,0,0,,,n/a,19|0|0|0|0,0.9420,2,0,
01000101101010000001110010100100110110110,41,opaque,20000,19,348041,348047,0.4001,0,0,0,,0,0,0,,,linear(r2=1.000),19|17441|87041|174041|348041,0.9998,2,0,
01000101101010000001110010100100111010110,41,opaque,20000,19,348041,348047,0.4001,0,0,0,,0,0,0,,,linear(r2=1.000),19|17441|87041|174041|348041,0.9998,2,0,
01000101101010000001110010100101001110110,41,opaque,20000,19,452443,452449,0.4000,0,0,0,,0,0,0,,,linear(r2=1.000),19|23043|113443|226443|452443,0.9998,2,0,
01000101101010000001110010100101100110110,41,opaque,20000,19,100261,100279,0.2151,0,0,0,,0,0,0,,,linear(r2=1.000),19|7439|26841|51207|100261,0.9998,2,0,
01000101101010000001110010100101100111010,41,opaque,20000,19,27859,27893,0.1224,0,0,0,,0,0,0,,,linear(r2=0.987),19|5623|10137|16093|27859,0.9998,2,0,
01000101101010000001110010101001010110110,41,opaque,20000,19,348041,348047,0.4001,0,0,0,,0,0,0,,,linear(r2=1.000),19|17441|87041|174041|348041,0.9998,2,0,
01000101101010000001110010101001011010110,41,opaque,20000,19,348041,348047,0.4001,0,0,0,,0,0,0,,,linear(r2=1.000),19|17441|87041|174041|348041,0.9998,2,0,
01000101101010000001110010101001101010110,41,blowup,44,19,570833,570833,0.8182,1,0,0,,0,0,0,,,n/a,19|0|0|0|0,0.9091,2,0,
01000101101010000001110010101001101011010,41,blowup,44,19,570833,570833,0.8182,1,0,0,,0,0,0,,,n/a,19|0|0|0|0,0.9091,2,0,
01000101101010000001110010101001101101010,41,blowup,44,19,570833,570833,0.8182,1,0,0,,0,0,0,,,n/a,19|0|0|0|0,0.9091,2,0,
01000101101010000001110010101001110101010,41,blowup,44,19,570833,570833,0.8182,1,0,0,,0,0,0,,,n/a,19|0|0|0|0,0.9091,2,0,
01000101101010000001110010101101000111010,41,blowup,158,19,542938,542938,0.6456,1,0,0,,0,0,0,,,n/a,19|0|0|0|0,0.9747,2,0,
01000101101010000001110010101110100010110,41,opaque,20000,19,138655,140277,0.0027,0,0,0,,0,0,0,,,linear(r2=0.986),19|7169|33719|68653|138655,0.9998,2,0,
01000101101010000001110010110000110111010,41,blowup,1721,19,500888,500888,0.6676,1,0,0,,0,0,0,,,n/a,19|170241|0|0|0,0.9977,2,0,
01000101101010000001110010110000111010110,41,blowup,141,19,835571,835571,0.3972,1,0,0,,0,0,0,,,n/a,19|0|0|0|0,0.9716,2,0,
01000101101010000001110010110000111101010,41,blowup,147,19,819191,819191,0.3810,1,0,0,,0,0,0,,,n/a,19|0|0|0|0,0.9728,2,0,
01000101101010000001110010110010010110110,41,opaque,20000,19,187869,188223,0.0141,0,0,0,,0,0,0,,,linear(r2=1.000),19|11183|49727|95975|187869,0.9998,2,0,
01000101101010000001110010110010011010110,41,blowup,68,19,689063,689063,0.5294,1,0,0,,0,0,0,,,n/a,19|0|0|0|0,0.9412,2,0,
01000101101010000001110010110010011011010,41,blowup,44,19,639769,639769,0.8182,1,0,0,,0,0,0,,,n/a,19|0|0|0|0,0.9091,2,0,
01000101101010000001110010110010011101010,41,blowup,72,19,639769,639769,0.5000,1,0,0,,0,0,0,,,n/a,19|0|0|0|0,0.9444,2,0,
01000101101010000001110010110100001101110,41,blowup,80,19,819197,819197,0.7000,1,0,0,,0,0,0,,,n/a,19|0|0|0|0,0.9500,2,0,
01000101101010000001110010110100001110110,41,blowup,64,19,626002,626002,0.2812,1,0,0,,0,0,0,,,n/a,19|0|0|0|0,0.9375,2,0,
01000101101010000001110010110100001111010,41,blowup,140,19,851957,851957,0.4000,1,0,0,,0,0,0,,,n/a,19|0|0|0|0,0.9714,2,0,
01000101101010000001110010110100100110110,41,blowup,92,19,845891,845891,0.3913,1,0,0,,0,0,0,,,n/a,19|0|0|0|0,0.9565,2,0,
01000101101010000001110010110100100111010,41,blowup,68,19,845891,845891,0.5294,1,0,0,,0,0,0,,,n/a,19|0|0|0|0,0.9412,2,0,
01000101101010000001110010110110000110110,41,opaque,20000,19,32050,32638,0.0201,0,0,0,,0,0,0,,,linear(r2=0.999),19|2288|8700|16926|32050,0.9998,2,0,
01000101101010000001110010110110000111010,41,blowup,134,19,868337,868337,0.4179,1,0,0,,0,0,0,,,n/a,19|0|0|0|0,0.9701,2,0,
01000101101010000001110010110110010010110,41,opaque,20000,19,372057,372057,0.4001,0,0,0,,0,0,0,,,linear(r2=1.000),19|18657|93057|186057|372057,0.9998,2,0,
01000101101010000001110010110110010011010,41,blowup,64,19,973403,973403,0.5625,1,0,0,,0,0,0,,,n/a,19|0|0|0|0,0.9375,2,0,
01000101101010000001110010111000011101010,41,blowup,81,19,794621,794621,0.6914,1,0,0,,0,0,0,,,n/a,19|0|0|0|0,0.9506,2,0,
01000101101010000001110010111001001010110,41,opaque,20000,19,190551,190572,0.0197,0,0,0,,0,0,0,,,linear(r2=1.000),19|11183|50151|96651|190551,0.9998,2,0,
01000101101010000001110010111001001101010,41,blowup,51,19,616767,616767,0.7059,1,0,0,,0,0,0,,,n/a,19|0|0|0|0,0.9216,2,0,
01000101101010000001110010111010000110110,41,opaque,20000,19,32145,32736,0.0200,0,0,0,,0,0,0,,,linear(r2=0.999),19|2152|8645|16934|32145,0.9998,2,0,
01000101101010000001110010111010000111010,41,blowup,200,19,892907,892907,0.2800,1,0,0,,0,0,0,,,n/a,19|0|0|0|0,0.9800,2,0,
01000101101010000001110010111010010010110,41,opaque,20000,19,191829,191838,0.0198,0,0,0,,0,0,0,,,linear(r2=1.000),19|11531|50829|97575|191829,0.9998,2,0,
01000101101010000001110010111010010011010,41,blowup,85,19,1017531,1017531,0.4235,1,0,0,,0,0,0,,,n/a,19|0|0|0|0,0.9529,2,0,
01000101101010000001110011001001001110110,41,opaque,20000,19,476613,476616,0.4001,0,0,0,,0,0,0,,,linear(r2=1.000),19|24413|119613|238613|476613,0.9998,2,0,
01000101101010000001110011001010010110110,41,opaque,20000,19,476613,476616,0.4001,0,0,0,,0,0,0,,,linear(r2=1.000),19|24413|119613|238613|476613,0.9998,2,0,
01000101101010000001110011001011101100010,41,opaque,20000,19,268115,268118,0.4001,0,0,0,,0,0,0,,,linear(r2=1.000),19|13515|67115|134115|268115,0.9998,2,0,
01000101101010000001110011001100101101010,41,blowup,22,20,781306,781306,0.5000,1,0,0,,0,0,0,,,n/a,20|0|0|0|0,0.8182,2,0,
01000101101010000001110011001110010010110,41,opaque,20000,19,255033,255285,0.0202,0,0,0,,0,0,0,,,linear(r2=1.000),19|16069|67933|131709|255033,0.9998,2,0,
01000101101010000001110011100100100110110,41,opaque,20000,19,76275,76287,0.1615,0,0,0,,0,0,0,,,linear(r2=0.999),19|6265|21127|39217|76275,0.9998,2,0,
01000101101010000001110011100100100111010,41,opaque,20000,19,24629,24629,0.1041,0,0,0,,0,0,0,,,linear(r2=0.979),19|5659|9723|14567|24629,0.9998,2,0,
01000101101010000001110011100101001010110,41,opaque,20000,19,76275,76287,0.1615,0,0,0,,0,0,0,,,linear(r2=0.999),19|6265|21127|39217|76275,0.9998,2,0,
01000101101010000001110011100101001011010,41,opaque,20000,19,24629,24629,0.1041,0,0,0,,0,0,0,,,linear(r2=0.979),19|5659|9723|14567|24629,0.9998,2,0,
01000101101010000001110011100110010010110,41,opaque,20000,19,55707,55731,0.1165,0,0,0,,0,0,0,,,linear(r2=0.999),19|5689|15869|29279|55707,0.9998,2,0,
01000101101010000001110011100111001001010,41,opaque,20000,19,12859,12871,0.1066,0,0,0,,0,0,0,,,linear(r2=0.879),19|5547|6961|8751|12859,0.9998,2,0,
01000101101010000100000101110100111101010,41,head-recurrent-other,2690,19,500091,500091,0.6669,1,0,0,000100000101110100111101010,2,897,2,1;7,12;25,linear(r2=0.974),19|114360|0|0|0,0.0000,856,856,argsz12->25/statesz38->77
01000101101010000100000101111010011101010,41,head-recurrent-other,2690,19,500091,500091,0.6669,1,0,0,000100000101111010011101010,2,897,2,1;7,12;25,linear(r2=0.974),19|114360|0|0|0,0.0000,856,856,argsz12->25/statesz38->77
01000101101010000100000111001011010111010,41,blowup,84,19,671744,671744,0.6667,1,0,0,,0,0,0,,,n/a,19|0|0|0|0,0.9286,2,0,
01000101101010000100000111001011011011010,41,opaque,20000,19,260031,260031,0.3334,0,0,0,,0,0,0,,,linear(r2=1.000),19|12999|65031|129999|260031,0.9997,2,0,
01000101101010000100000111001011011101010,41,blowup,84,19,671744,671744,0.6667,1,0,0,,0,0,0,,,n/a,19|0|0|0|0,0.9286,2,0,
01000101101010000100000111001011101011010,41,opaque,20000,19,260031,260031,0.3334,0,0,0,,0,0,0,,,linear(r2=1.000),19|12999|65031|129999|260031,0.9997,2,0,
01000101101010000100000111001011110101010,41,blowup,84,19,671744,671744,0.6667,1,0,0,,0,0,0,,,n/a,19|0|0|0|0,0.9286,2,0,
01000101101010000100000111001100111011010,41,opaque,20000,19,347161,347167,0.3334,0,0,0,,0,0,0,,,linear(r2=1.000),19|17809|87161|173809|347161,0.9997,2,0,
01000101101010000100000111001110011011010,41,opaque,20000,19,109851,109854,0.2364,0,0,0,,0,0,0,,,linear(r2=1.000),19|7593|28895|55879|109851,0.9997,2,0,
01000101101010000100000111001110011101010,41,opaque,20000,19,28473,28503,0.1280,0,0,0,,0,0,0,,,linear(r2=0.990),19|5225|10183|16183|28473,0.9997,2,0,
01000101101010000100000111100101101011010,41,blowup,84,19,671744,671744,0.6667,1,0,0,,0,0,0,,,n/a,19|0|0|0|0,0.9286,2,0,
01000101101010000100000111100101101101010,41,blowup,84,19,671744,671744,0.6667,1,0,0,,0,0,0,,,n/a,19|0|0|0|0,0.9286,2,0,
01000101101010000100000111100101110101010,41,blowup,84,19,671744,671744,0.6667,1,0,0,,0,0,0,,,n/a,19|0|0|0|0,0.9286,2,0,
01000101101010000100000111100110110011010,41,opaque,20000,19,347183,347183,0.3335,0,0,0,,0,0,0,,,linear(r2=1.000),19|17809|87183|173809|347183,0.9997,2,0,
01000101101010000100010110110011101000110,41,ratchet-candidate,20000,19,159344,229386,0.5003,0,0,0,000100010110110011101000110,2,13,13,1;4;11;26;57;120;247;502;1013;2036;4083;8178,12;26;54;110;222;446;894;1790;3582;7166;14334;28670,linear(r2=0.787),19|3764|39857|79686|159344,0.0000,15,8,
01000101101010000100010111001110101000110,41,head-recurrent-other,20000,19,17914,21503,0.5719,0,0,0,000100010111001110101000110,16,5719,2,3825;19957,27;14,linear(r2=0.827),19|2037|8997|8009|17914,0.0000,20,18,argsz27->14/statesz8942->17527
01000101101010000100011100101101101000110,41,ratchet-candidate,2028,19,826701,826701,0.5049,1,0,0,000100011100101101101000110,2,10,10,1;3;9;23;53;115;241;495;1005;2027,12;40;124;376;1132;3400;10204;30616;91852;275560,linear(r2=0.964),19|92035|0|0|0,0.0000,11,2,
01000101101010000100011100101110101000110,41,ratchet-candidate,20000,19,320015,428665,0.6670,0,0,0,000100011100101110101000110,2,9,9,1;3;11;37;117;359;1087;3273;9833,12;40;124;376;1132;3400;10204;30616;91852,linear(r2=0.759),19|10636|114432|366656|320015,0.0000,18,8,
01000101101010000100100001110010110110110,41,opaque,20000,19,260031,260034,0.3334,0,0,0,,0,0,0,,,linear(r2=1.000),19|13073|65031|130073|260031,0.9997,2,0,
01000101101010000100100001110010111010110,41,opaque,20000,19,260031,260034,0.3334,0,0,0,,0,0,0,,,linear(r2=1.000),19|13073|65031|130073|260031,0.9997,2,0,
01000101101010000100100001110011001110110,41,opaque,20000,19,347183,347183,0.3335,0,0,0,,0,0,0,,,linear(r2=1.000),19|17809|87183|173809|347183,0.9997,2,0,
01000101101010000100100001110011100110110,41,opaque,20000,19,109851,109857,0.2364,0,0,0,,0,0,0,,,linear(r2=1.000),19|7593|28947|55879|109851,0.9997,2,0,
01000101101010000100100001110011100111010,41,opaque,20000,19,28473,28506,0.1280,0,0,0,,0,0,0,,,linear(r2=0.990),19|5225|10183|16183|28473,0.9997,2,0,
01000101101010000101100000010110110111010,41,head-recurrent-other,20000,19,2863,3157,0.0051,0,0,0,0000010110110000101100000010110110111010,18,198,1,493;495,108;108,linear(r2=0.832),19|583|1463|1423|2863,0.0000,103,103,argsz108->108/statesz354->348
01000101101010000101100000011001111011010,41,head-recurrent-other,20000,19,64165,64735,0.0106,0,0,0,0000011001000101100000011001111011010110,24,275,2,507;559,78;157,linear(r2=0.999),19|3905|17303|33481|64165,0.0000,143,142,argsz78->157/statesz2212->2364
01000101101010000101100000011100111101010,41,ratchet-candidate,20000,19,76063,76069,0.2001,0,0,0,000101000101100000011100111101010000001110010001011000000111001111010101001000001110010001011000000111001111010101010,2,3999,64,6;11;16;21;26;31;36;41;46;51;56;61,12;31;50;69;88;107;126;145;164;183;202;221,linear(r2=1.000),19|3863|19063|38063|76063,0.0000,4,3,
01000101101010000101100000011110011101010,41,head-recurrent-other,508,19,505747,505747,0.2087,1,0,0,000101100000011110011101010,3,105,3,2;10,18;112,n/a,19|0|0|0|0,0.0000,196,195,argsz18->112/statesz57->151
01000101101010000101100001110011100011010,41,head-recurrent-other,20000,19,438852,440952,0.3354,0,0,0,000101100001110011100011010,47,6707,2,344;387,246;291,linear(r2=0.999),19|26775|116167|224259|438852,0.0000,348,348,argsz246->291/statesz11620->11800
01000101101010000110000000011001111101110,41,opaque,20000,18,81328,81619,0.0100,0,0,0,,0,0,0,,,linear(r2=1.000),18|4408|20678|40528|81328,0.9998,2,0,
01000101101010000110000001010110110101110,41,head-recurrent-other,1056,19,501641,501641,0.6676,1,0,0,000110000001010110110101110,2,353,2,1;2,12;20,n/a,19|449255|0|0|0,0.0000,353,353,argsz12->20/statesz38->46
01000101101010000110000001010110110111010,41,head-recurrent-other,5057,19,500002,500002,0.5072,1,0,0,000110000001010110110111010,2,72,2,1;2,12;20,linear(r2=0.974),19|46029|490606|0|0,0.0000,2493,2492,argsz12->20/statesz38->46
01000101101010000110000001010111101011010,41,head-recurrent-other,4007,19,500012,500012,0.5114,1,0,0,000110000001010111101011010,3,90,2,5;6,12;20,linear(r2=0.973),19|64967|0|0|0,0.0000,1959,1958,argsz12->20/statesz67->75
01000101101010000110000001011001110101110,41,head-recurrent-other,2629,19,500741,500741,0.5553,1,0,0,00000101100111010000110000001011001110101110,147,814,1,256;256,83;83,linear(r2=0.973),19|118787|0|0|0,0.0000,1664,1664,argsz83->83/statesz15946->15946
01000101101010000110000001011001111010110,41,head-recurrent-other,3035,19,500109,500109,0.5951,1,0,0,000110000001011001111010110,2,576,2,1;5,12;25,linear(r2=0.969),19|93606|0|0|0,0.0000,1237,1236,argsz12->25/statesz38->67
01000101101010000110000001011011001111010,41,head-recurrent-other,4290,19,500188,500188,0.5079,1,0,0,,0,97,0,,,linear(r2=0.974),19|60410|0|0|0,0.0000,1057,1056,head-not-lam
01000101101010000110000001011011100110110,41,head-recurrent-other,3282,19,500405,500405,0.5216,1,0,0,000110000001011011100110110,2,141,2,1;6,12;20,linear(r2=0.970),19|84888|0|0|0,0.0000,786,785,argsz12->20/statesz38->75
01000101101010000110000001011100111101010,41,head-recurrent-other,2241,19,500208,500208,0.6033,1,0,0,000110000001011100111101010,3,462,2,7;8,12;20,linear(r2=0.975),19|152411|0|0|0,0.0000,888,887,argsz12->20/statesz72->80
01000101101010000110000001011101001111010,41,head-recurrent-other,2026,19,500040,500040,0.5760,1,0,0,000110000001011101001111010,2,307,2,1;7,12;25,linear(r2=0.967),19|167000|0|0|0,0.0000,669,668,argsz12->25/statesz38->85
01000101101010000110000001011110011101010,41,head-recurrent-other,298,19,502278,502278,0.6007,1,0,0,000110000001011110011101010,2,59,3,1;5,12;41,n/a,19|0|0|0|0,0.0000,165,164,argsz12->41/statesz38->67
01000101101010000110000001011110100110110,41,head-recurrent-other,1106,19,500958,500958,0.5298,1,0,0,000110000001011110100110110,2,65,3,1;9,12;41,n/a,19|428431|0|0|0,0.0000,490,489,argsz12->41/statesz38->125
01000101101010000110000001011110100111010,41,head-recurrent-other,1912,19,500141,500141,0.6616,1,0,0,000110000001011110100111010,2,617,3,1;9,12;41,n/a,19|191715|0|0|0,0.0000,614,614,argsz12->41/statesz38->125
01000101101010000110000001100001111101110,41,head-recurrent-other,20000,18,81331,81616,0.0101,0,0,0,000110000001100001111101110,2,4,2,1;2,11;18,linear(r2=1.000),18|4411|20681|40531|81331,0.9996,2,0,argsz11->18/statesz35->42
01000101101010000110000001100101101101110,41,head-recurrent-other,3942,19,500180,500180,0.5246,1,0,0,000110000001100101101101110,2,6,3,1;9,12;70,linear(r2=0.979),19|75400|0|0|0,0.9954,4,0,argsz12->70/statesz38->146
01000101101010000110000001100101111010110,41,head-recurrent-other,7059,19,500048,500048,0.3938,1,0,0,000110000001100101111010110,3,5,2,6;7,12;20,linear(r2=0.988),19|39168|318086|0|0,0.9982,3,0,argsz12->20/statesz117->125
01000101101010000110000001100101111011010,41,head-recurrent-other,3488,19,500284,500284,0.6714,1,0,0,000110000001100101111011010,2,1195,3,1;9,12;70,linear(r2=0.976),19|82871|0|0|0,0.0000,1147,1146,argsz12->70/statesz38->146
01000101101010000110000001100110011110110,41,head-recurrent-other,2871,19,500193,500193,0.5183,1,0,0,000110000001100110011110110,2,5,3,1;6,12;41,linear(r2=0.977),19|107840|0|0|0,0.9955,3,0,argsz12->41/statesz38->117
01000101101010000110000001100111001111010,41,blowup,802,19,506260,506260,0.5998,1,0,0,,0,0,0,,,n/a,19|0|0|0|0,0.9888,2,0,
01000101101010000110000001100111100111010,41,head-recurrent-other,512,19,507482,507482,0.5410,1,0,0,000110000001100111100111010,2,4,3,1;6,12;41,n/a,19|0|0|0|0,0.9766,3,0,argsz12->41/statesz38->117
01000101101010000110000001110010110101110,41,blowup,90,19,753682,753682,0.6667,1,0,0,,0,0,0,,,n/a,19|0|0|0|0,0.9333,2,0,
01000101101010000110000001110010110110110,41,opaque,20000,19,299991,299991,0.5000,0,0,0,,0,0,0,,,linear(r2=1.000),19|14991|74991|149991|299991,0.9997,2,0,
01000101101010000110000001110010110111010,41,blowup,90,19,753682,753682,0.6667,1,0,0,,0,0,0,,,n/a,19|0|0|0|0,0.9333,2,0,
01000101101010000110000001110010111101010,41,blowup,90,19,753682,753682,0.6667,1,0,0,,0,0,0,,,n/a,19|0|0|0|0,0.9333,2,0,
01000101101010000110000001110011001110110,41,opaque,20000,19,400893,400893,0.5000,0,0,0,,0,0,0,,,linear(r2=1.000),19|20893|100893|200893|400893,0.9997,2,0,
01000101101010000110000001110011100110110,41,opaque,20000,19,279781,279784,0.6099,0,0,0,,0,0,0,,,linear(r2=1.000),19|15183|70723|140657|279781,0.9997,2,0,
01000101101010000110000001111001100110110,41,ratchet-candidate,123,19,671771,671771,0.6423,1,0,0,000110000001111001100110110,20,4,4,80;93;101;111,28;2268;13392;84674,n/a,19|0|0|0|0,0.0000,23,21,
01000101101010000110000001111001100111010,41,head-recurrent-other,169,19,525006,525006,0.6095,1,0,0,000110000001111001100111010,2,36,3,1;29,12;8420,n/a,19|0|0|0|0,0.0000,42,40,argsz12->8420/statesz38->9894
01000101101010000110000101011000001011010,41,ratchet-candidate,20000,20,607,770,0.0184,0,0,0,000110000101011000001011010,2,27,27,1;2;13;40;89;166;277;428;625;874;1181;1552,13;22;31;40;49;58;67;76;85;94;103;112,linear(r2=0.693),20|220|329|355|607,0.0000,6,6,
01000101101010000110000101100000100111010,41,ratchet-candidate,20000,20,607,770,0.0184,0,0,0,000110000101100000100111010,2,27,27,1;2;13;40;89;166;277;428;625;874;1181;1552,13;22;31;40;49;58;67;76;85;94;103;112,linear(r2=0.693),20|220|329|355|607,0.0000,4,4,
01000101101010000110000101110001100111010,41,head-recurrent-other,832,19,500137,500137,0.5565,1,0,0,000110000101110001100111010,23,83,1,254;386,2431;2425,n/a,19|0|0|0|0,0.0000,47,47,argsz2431->2425/statesz33708->40947
01000101101010000110000101110011100011010,41,head-recurrent-other,10792,19,501406,501406,0.5191,1,0,0,000110000101110011100011010,58,3658,1,354;407,415;565,linear(r2=0.998),19|57502|230246|444461|0,0.0000,352,352,argsz415->565/statesz24938->25142
01000101101010000110000110010111000111010,41,head-recurrent-other,172,19,503889,503889,0.7674,1,0,0,000110000110010111000111010,2,18,2,1;2,12;31,n/a,19|0|0|0|0,0.0000,43,42,argsz12->31/statesz38->57
01000101101010000110000110011100111000110,41,ratchet-candidate,754,19,507695,507695,0.5424,1,0,0,000110000110011100111000110,24,8,5,371;375;381;391;409,70;207;566;1506;10410,n/a,19|0|0|0|0,0.0000,32,29,
01000101101010000110000111001011000001010,41,ratchet-candidate,19733,20,684464,684464,0.1471,1,0,0,000110000111001011000001010,2,6,6,1;2;4;18;126;1222,13;22;67;319;2659;42763,exp(r2=0.177),20|3346|76867|65362|0,0.0000,26,2,
01000101101010000110000111001011100011010,41,head-recurrent-other,131,19,776392,776392,0.6183,1,0,0,000110000111001011100011010,32,47,2,104;125,71;71,n/a,19|0|0|0|0,0.0000,35,30,argsz71->71/statesz247899->290729
01000101101010000110000111001100111000110,41,head-recurrent-other,75,19,539391,539391,0.7067,1,0,0,000110000111001100111000110,2,23,3,1;4,12;153,n/a,19|0|0|0|0,0.0000,28,27,argsz12->153/statesz38->179
01000101101010000110010001100011001001010,41,ratchet-candidate,20000,20,350,855,0.4004,0,0,0,000110010001100011001001010,2,12,12,1;2;8;24;60;136;292;608;1244;2520;5076;10192,13;22;31;40;49;58;67;76;85;94;103;112,linear(r2=0.314),20|257|170|260|350,0.0000,14,7,
01000101101010000110011000000101101101110,41,head-recurrent-other,20000,19,115537,116284,0.0097,0,0,0,000110011000000101101101110,42,194,2,363;370,78;163,linear(r2=1.000),19|5447|27737|57551|115537,0.0000,386,385,argsz78->163/statesz1760->1893
01000101101010000110011000000110011110110,41,head-recurrent-other,20000,19,64989,65136,0.0106,0,0,0,0000011001000110011000000110011110110110,23,278,2,532;580,78;163,linear(r2=0.999),19|4069|17265|32829|64989,0.0000,141,140,argsz78->163/statesz2253->2417
01000101101010000110011000000111001111010,41,head-recurrent-other,4390,19,500003,500003,0.2510,1,0,0,000110011000000111001111010,25,1101,2,174;211,18;336,linear(r2=0.989),19|72497|0|0|0,0.0000,545,545,argsz18->336/statesz7331->8488
01000101101010000110011000000111100111010,41,ratchet-candidate,384,19,510251,510251,0.2604,1,0,0,000110011000000111100111010,6,4,4,15;21;32;40,18;62;345;1659,n/a,19|0|0|0|0,0.0000,68,67,
01000101101010010000000111001011010100010,41,blowup,72,20,1062924,1062924,0.3333,1,0,0,,0,0,0,,,n/a,20|0|0|0|0,0.9167,3,0,
01000101101010010010000001110010110110110,41,opaque,20000,19,260031,260031,0.3334,0,0,0,,0,0,0,,,linear(r2=1.000),19|12999|65031|129999|260031,0.9997,3,0,
01000101101010010010000001110010111010110,41,opaque,20000,19,260031,260031,0.3334,0,0,0,,0,0,0,,,linear(r2=1.000),19|12999|65031|129999|260031,0.9997,3,0,
01000101101010010010000001110011001110110,41,opaque,20000,19,347161,347167,0.3334,0,0,0,,0,0,0,,,linear(r2=1.000),19|17809|87161|173809|347161,0.9997,3,0,
01000101101010010010000001110011100110110,41,opaque,20000,19,109851,109854,0.2364,0,0,0,,0,0,0,,,linear(r2=1.000),19|7593|28895|55879|109851,0.9997,3,0,
01000101101010010010000001110011100111010,41,opaque,20000,19,28473,28503,0.1280,0,0,0,,0,0,0,,,linear(r2=0.990),19|5225|10183|16183|28473,0.9997,3,0,
01000110000001011100101101011011000011010,41,monotone-growth,52,19,573077,573077,0.9808,1,0,0,,0,0,0,,,n/a,19|0|0|0|0,0.9423,1,0,
01000110000001100101110110011011000011010,41,monotone-growth,578,19,500011,500011,0.9983,1,0,0,,0,0,0,,,n/a,19|0|0|0|0,0.9948,1,0,
01000110000001100101110110011101000011010,41,monotone-growth,578,19,502279,502279,0.9965,1,0,0,,0,0,0,,,n/a,19|0|0|0|0,0.9948,1,0,
01000110000001100101111011001101000011010,41,blowup,51,19,524306,524306,0.6471,1,0,0,,0,0,0,,,n/a,19|0|0|0|0,0.9412,1,0,
01000110000001100111001111010000101101010,41,opaque,20000,19,80349,80349,0.3338,0,0,0,,0,0,0,,,linear(r2=1.000),19|4166|20450|40184|80349,0.9998,2,0,
01000110000001110010110101000010110001010,41,blowup,52,20,1062912,1062912,0.4808,1,0,0,,0,0,0,,,n/a,20|0|0|0|0,0.8462,2,0,
01000110000001110010110110110000101101010,41,opaque,20000,19,300035,300035,0.5000,0,0,0,,0,0,0,,,linear(r2=1.000),19|15035|75035|150035|300035,0.9998,2,0,
01000110000001110010111010110000101101010,41,opaque,20000,19,300035,300035,0.5000,0,0,0,,0,0,0,,,linear(r2=1.000),19|15035|75035|150035|300035,0.9998,2,0,
01000110000001110011001110110000101101010,41,opaque,20000,19,400415,400415,0.5001,0,0,0,,0,0,0,,,linear(r2=1.000),19|20415|100415|200415|400415,0.9998,2,0,
01000110000001110011001110110000110011010,41,opaque,20000,19,400115,400115,0.5001,0,0,0,,0,0,0,,,linear(r2=1.000),19|20115|100115|200115|400115,0.9999,1,0,
01000110000001110011001111010000101101010,41,blowup,56,19,589839,589839,0.5714,1,0,0,,0,0,0,,,n/a,19|0|0|0|0,0.9107,2,0,
01000110000001110011100110110000101101010,41,opaque,20000,19,316611,316611,0.6912,0,0,0,,0,0,0,,,linear(r2=1.000),19|16863|80239|159075|316611,0.9998,2,0,
01000110000001110011100111010000101101010,41,opaque,20000,19,39999,40018,0.1915,0,0,0,,0,0,0,,,linear(r2=0.997),19|4911|12279|21487|39999,0.9998,2,0,
01000110000001110011110100001100101101010,41,opaque,20000,19,51488,51488,0.1429,0,0,0,,0,0,0,,,linear(r2=1.000),19|2603|12911|25757|51488,0.9999,1,0,
01000110000001111000011100111101000011010,41,opaque,20000,18,40914,41211,0.0100,0,0,0,,0,0,0,,,linear(r2=1.000),18|2279|10464|20351|40914,0.9999,1,0,
01000110000001111001111000110000101101010,41,head-recurrent-other,20000,18,95095,96793,0.3374,0,0,0,000101101010,30,6748,1,329;356,100;19,linear(r2=1.000),18|5741|24680|48634|95095,0.0000,244,243,argsz100->19/statesz2168->2087
01000110000011100001010110100010000110110,41,ratchet-candidate,20000,19,956,1310,0.0071,0,0,0,0001010110100010000110110,1,141,64,1;4;9;16;25;36;49;64;81;100;121;144,14;17;20;23;26;29;32;35;38;41;44;47,linear(r2=0.708),19|206|374|324|956,0.0000,3,3,
01000110000101100000011001110101000011010,41,head-recurrent-other,5555,20,500204,500204,0.5060,1,0,0,000001100111010,60,2743,3,325;335,7;68,linear(r2=0.971),20|38092|427978|0|0,0.0000,1077,1076,argsz7->68/statesz7172->7440
01000110000101100010000110011101000011010,41,head-recurrent-other,6070,20,500020,500020,0.2974,1,0,0,0010,58,3403,3,398;437,89;97,linear(r2=0.973),20|33804|371002|0|0,0.0000,862,861,argsz89->97/statesz9378->9758
01000110000101110011100011010000101101010,41,head-recurrent-other,20000,19,157307,159000,0.3456,0,0,0,000101101010,53,6749,2,332;363,102;117,linear(r2=1.000),19|9272|40685|80137|157307,0.0000,409,408,argsz102->117/statesz3524->3539
01000110000101110101100000011100101101010,41,blowup,52,19,1062919,1062919,0.4808,1,0,0,,0,0,0,,,n/a,19|0|0|0|0,0.9615,1,0,
01000110000110000101100000111101000011010,41,ratchet-candidate,20000,19,1976,2846,0.5026,0,0,0,000101100000000101100000000101100000000101100000000101100000000101100000000101100000000101100000000101100000000101100000000101100000000101100000000101100000000101100000000101100000000101100000000101100000000101100000000101100000000101100000000101100000000101100000000101100000000101100000000101100000000101100000000101100000000101100000000101100000000101100000000101100000000110000101100000111101010101010101010101010101010101010101010101010101010101010101010,1,69,64,1894;2023;2156;2293;2434;2579;2728;2881;3038;3199;3364;3533,235;242;249;256;263;270;277;284;291;298;305;312,linear(r2=0.397),19|325|927|577|1976,0.0000,3,2,
01000110000110000101100010011101000011010,41,head-recurrent-other,20000,20,83729,83769,0.0352,0,0,0,0010,48,12750,1,489;512,71;10,linear(r2=1.000),20|4433|21332|41897|83729,0.0000,679,678,argsz71->10/statesz2324->2263
01000110000110011000000110011101000011010,41,head-recurrent-other,3655,20,500310,500310,0.5059,1,0,0,000001100111010,68,1805,3,336;346,7;108,linear(r2=0.967),20|69008|0|0|0,0.0000,844,843,argsz7->108/statesz12930->13358
01000110000110011100111000110000101101010,41,head-recurrent-other,20000,19,2227,2578,0.5009,0,0,0,000110010001011010100100010110101000110,27,5011,2,4071;19905,36;20,linear(r2=0.739),19|1315|1600|1891|2227,0.0000,36,30,argsz36->20/statesz1836->2084
01000110000110100001100110000001100111010,41,head-recurrent-other,3501,20,500070,500070,0.5059,1,0,0,000001100111010,2,1728,3,4;11,7;20,linear(r2=0.971),20|77097|0|0|0,0.0000,844,843,argsz7->20/statesz28->70
01000110000110100001100110000001110011010,41,blowup,92,20,524314,524314,0.5761,1,0,0,,0,0,0,,,n/a,20|0|0|0|0,0.9239,2,0,
01000110000110110000001100101110110011010,41,monotone-growth,36,19,524310,524310,0.9444,1,0,0,,0,0,0,,,n/a,19|0|0|0|0,0.9444,1,0,
01000110000110110000001110000111001111010,41,opaque,20000,18,41339,41621,0.0101,0,0,0,,0,0,0,,,linear(r2=1.000),18|2394|10689|20658|41339,0.9999,1,0,
01000110000111000011110001110000101101010,41,ratchet-candidate,20000,18,1263,4206,0.3335,0,0,0,00010001011010100001000101101010001110,3,114,64,7;13;22;34;49;67;88;112;139;169;202;238,19;28;37;46;55;64;73;82;91;100;109;118,exp(r2=0.353),18|481|1857|1453|1263,0.0000,5,5,
01000110000111001010110101101000011000110,41,ratchet-candidate,12570,19,925092,925092,0.6406,1,0,0,00011000110,1,10,10,1;3;30;107;284;661;1438;3015;6192;12569,18;65;206;629;1898;5705;17126;51389;154178;462545,linear(r2=0.694),19|7710|59049|177382|0,0.0000,20,1,
01000110000111001011000000000101000011010,41,ratchet-candidate,20000,20,61667,90113,0.3342,0,0,0,00011010,1,12,12,1;3;11;31;75;167;355;735;1499;3031;6099;12239,15;37;81;169;345;697;1401;2809;5625;11257;22521;45049,linear(r2=0.745),20|4651|15299|30743|61667,0.0000,25,15,
01000110000111001011000001010000110011010,41,head-recurrent-other,20000,20,444503,450059,0.1685,0,0,0,000010,41,6652,2,2236;18248,3;3,linear(r2=0.890),20|15315|110635|221891|444503,0.0000,56,46,argsz3->3/statesz55903->245603
01000110000111001011000011000101000011010,41,ratchet-candidate,20000,20,35935,45057,0.1437,0,0,0,00011010,1,11,11,1;3;19;63;163;375;811;1695;3475;7047;14203,15;37;81;169;345;697;1401;2809;5625;11257;22521,linear(r2=0.763),20|2519|8859|17879|35935,0.0000,23,9,
01000110000111001011001100000101000011010,41,ratchet-candidate,20000,20,16887,17567,0.3341,0,0,0,00011010,1,6,6,1;3;35;247;1539;9311,15;51;159;483;1455;4371,linear(r2=0.741),20|1203|4479|9235|16887,0.0000,28,27,
01000110000111001101000000101110011010110,41,monotone-growth,58,19,524875,524875,0.9655,1,0,0,,0,0,0,,,n/a,19|0|0|0|0,0.9655,1,0,
01000110000111001110001100001010110101010,41,head-recurrent-other,20000,19,189515,192207,0.2565,0,0,0,0001010110101010,62,5129,1,276;296,84;24,linear(r2=1.000),19|11755|51419|99455|189515,0.0000,519,517,argsz84->24/statesz3975->3915
01000110000111001110001100001011001101010,41,head-recurrent-other,20000,19,307460,309789,0.3389,0,0,0,0001011001101010,50,6778,2,311;359,89;229,linear(r2=1.000),19|17122|81436|157111|307460,0.0000,400,399,argsz89->229/statesz6494->6644
01000110000111010000001011010010111010110,41,blowup,16436,19,646813,646813,0.0032,1,0,0,,0,0,0,,,linear(r2=0.854),19|18621|158905|317973|0,0.9999,1,0,
01000110000111010000001100101110110011010,41,blowup,50,19,524316,524316,0.6800,1,0,0,,0,0,0,,,n/a,19|0|0|0|0,0.9600,1,0,
01000110000111010000001110000111001111010,41,opaque,20000,18,40920,41217,0.0100,0,0,0,,0,0,0,,,linear(r2=1.000),18|2285|10470|20357|40920,0.9999,1,0,
01000110000111011000011000000110011110110,41,opaque,20000,18,61230,61518,0.0101,0,0,0,,0,0,0,,,linear(r2=1.000),18|3375|15630|30519|61230,0.9997,1,0,
01000110001100000010001011010000110110110,41,opaque,20000,19,1097,1448,0.0071,0,0,0,,0,0,0,,,linear(r2=0.755),19|237|444|424|1097,0.9999,1,0,
01000110001100000010001011010100001101110,41,opaque,20000,19,1084,1444,0.0070,0,0,0,,0,0,0,,,linear(r2=0.735),19|224|431|1031|1084,0.9999,1,0,
01000110001100000010101110001110011101010,41,blowup,95,18,43549,43549,0.3158,1,0,0,,0,0,0,,,n/a,18|0|0|0|0,0.9792,1,0,step-alloc-cap
01000110001100000010101110100001101110110,41,opaque,20000,18,965,1739,0.0071,0,0,0,,0,0,0,,,linear(r2=0.568),18|413|815|953|965,0.9999,1,0,
01000110001100000010101110110000110111010,41,opaque,20000,18,953,1310,0.0071,0,0,0,,0,0,0,,,linear(r2=0.689),18|203|371|941|953,0.9999,1,0,
01000110001100000010111010010111010001110,41,blowup,7144,18,65286,78209,0.3747,1,0,0,,0,0,0,,,linear(r2=0.977),18|8655|56168|0|0,0.9997,1,0,step-alloc-cap
01000110001100000011001010111010110011010,41,blowup,50,19,655388,655388,0.6800,1,0,0,,0,0,0,,,n/a,19|0|0|0|0,0.9600,1,0,
01000110001100000011001011100011001110110,41,blowup,413,18,117022,140250,0.0726,1,0,0,,0,0,0,,,n/a,18|0|0|0|0,0.9952,1,0,step-alloc-cap
01000110001100000011001011101100001101110,41,opaque,20000,18,953,1727,0.0071,0,0,0,,0,0,0,,,linear(r2=0.569),18|401|803|941|953,0.9999,1,0,
01000110001100000011001011101100111000110,41,blowup,706,18,500351,500351,0.6657,1,0,0,,0,0,0,,,n/a,18|0|0|0|0,0.9972,1,0,
01000110001100001000011001011010000110110,41,opaque,20000,19,1097,1451,0.0071,0,0,0,,0,0,0,,,linear(r2=0.755),19|237|444|424|1097,0.9999,1,0,
01000110001100001010110100001101100000110,41,head-recurrent-other,20000,19,1097,1871,0.0071,0,0,0,000110000001010110100001101100000110,23,278,1,460;461,17;14,linear(r2=0.623),19|436|877|1044|1097,0.0000,143,143,argsz17->14/statesz197->194
01000110001100001011000001110011000001110,41,ratchet-candidate,20000,18,233089,294913,0.2504,0,0,0,0001011000001110011000001110,1,13,13,1;3;9;23;53;115;241;495;1005;2027;4073;8167,13;29;61;125;253;509;1021;2045;4093;8189;16381;32765,linear(r2=0.727),18|4155|58881|116411|233089,0.0000,14,8,
01000110001100001011000100101011010001010,41,ratchet-candidate,4036,20,1377809,1377809,0.0027,1,0,0,0001011000100101011010001010,1,10,10,1;3;13;39;97;219;469;975;1993;4035,15;50;155;470;1415;4250;12755;38270;114815;344450,linear(r2=0.609),20|152949|0|0|0,0.0000,27,1,
01000110001100001011000100101100011000110,41,head-recurrent-other,3541,19,523204,523204,0.2502,1,0,0,0001011000100101100011000110,11,892,2,357;3537,15;15,linear(r2=0.967),19|36036|0|0|0,0.0000,18,10,argsz15->15/statesz16007->414974
01000110001100001011000100101101000001110,41,ratchet-candidate,2028,19,1259712,1259712,0.2530,1,0,0,0001011000100101101000001110,1,10,10,1;3;9;23;53;115;241;495;1005;2027,14;46;142;430;1294;3886;11662;34990;104974;314926,linear(r2=0.964),19|105024|0|0|0,0.0000,18,1,
01000110001100001011000110000101101100010,41,ratchet-candidate,20000,19,926,2553,0.0070,0,0,0,0001011000110000101101100010,1,140,64,1;3;9;17;27;39;53;69;87;107;129;153,14;20;26;32;38;44;50;56;62;68;74;80,linear(r2=0.472),19|374|776|914|926,0.0000,3,2,
01000110001100001011000110010110001000110,41,head-recurrent-other,20000,19,227239,266051,0.2507,0,0,0,0001011000110010110001000110,16,5013,2,2012;19970,35;315,linear(r2=0.903),19|15351|56543|113388|227239,0.0000,24,18,argsz35->315/statesz30516->227344
01000110001100001011001001100010000110110,41,ratchet-candidate,20000,19,953,1311,0.0071,0,0,0,0001011001001100010000110110,1,141,64,1;3;8;15;24;35;48;63;80;99;120;143,14;17;20;23;26;29;32;35;38;41;44;47,linear(r2=0.688),19|203|371|942|953,0.0000,3,2,
01000110001100001011010000101110110001110,41,ratchet-candidate,2028,18,1476221,1476221,0.2530,1,0,0,0001011010000101110110001110,1,10,10,1;3;9;23;53;115;241;495;1005;2027,13;43;133;403;1213;3643;10933;32803;98413;295243,linear(r2=0.964),18|98594|0|0|0,0.0000,10,1,
01000110001100001011010000110010011100010,41,ratchet-candidate,20000,19,1812,2151,0.0051,0,0,0,0001011010000110010011100010,1,101,64,1;3;8;17;30;47;68;93;122;155;192;233,14;21;28;35;42;49;56;63;70;77;84;91,linear(r2=0.608),19|335|937|587|1812,0.0000,3,2,
01000110001100001011010010101100010001010,41,ratchet-candidate,20000,20,170063,180205,0.0006,0,0,0,0001011010010101100010001010,1,12,12,1;3;13;39;97;219;469;975;1993;4035;8125;16311,15;37;81;169;345;697;1401;2809;5625;11257;22521;45049,linear(r2=0.801),20|11179|42387|84941|170063,0.0000,36,17,
01000110001100001011010010101101000001010,41,ratchet-candidate,1994,20,590483,590483,0.1289,1,0,0,0001011010010101101000001010,1,9,9,1;3;13;39;97;219;469;975;1993,15;51;159;483;1455;4371;13119;39363;118095,n/a,20|196679|0|0|0,0.0000,24,1,
01000110001100001011010010110001000001110,41,ratchet-candidate,20000,19,309502,348142,0.2504,0,0,0,0001011010010110001000001110,1,13,13,1;3;9;23;53;115;241;495;1005;2027;4073;8167,14;34;74;154;314;634;1274;2554;5114;10234;20474;40954,linear(r2=0.814),19|7704|77742|154664|309502,0.0000,26,14,
01000110010001100000011001110101000011010,41,head-recurrent-other,3508,20,500087,500087,0.5000,1,0,0,000001100111010,2,1711,3,4;12,7;23,linear(r2=0.971),20|77039|0|0|0,0.0000,836,835,argsz7->23/statesz31->79
01000110010001100000011100110101000011010,41,blowup,109,20,524320,524320,0.4862,1,0,0,,0,0,0,,,n/a,20|0|0|0|0,0.9358,2,0,
01000110010001100011010000110010110001010,41,ratchet-candidate,20000,20,108047,116749,0.2512,0,0,0,000110010110001010,1,12,12,1;5;17;45;105;229;481;989;2009;4053;8145;16333,15;34;72;148;300;604;1212;2428;4860;9724;19452;38908,linear(r2=0.781),20|7290|26955|53959|108047,0.0000,24,14,
01000110010001101000000110011101000011010,41,head-recurrent-other,3500,20,500070,500070,0.5060,1,0,0,000001100111010,2,1728,3,3;10,7;20,linear(r2=0.971),20|77094|0|0|0,0.0000,844,843,argsz7->20/statesz28->70
01000110010001101000000111001101000011010,41,blowup,91,20,524314,524314,0.5824,1,0,0,,0,0,0,,,n/a,20|0|0|0|0,0.9341,2,0,
01000110010001101010000001110011001110110,41,opaque,20000,19,400015,400015,0.5002,0,0,0,,0,0,0,,,linear(r2=1.000),19|20015|100015|200015|400015,0.9999,1,0,
01000110010010011000000110011101000011010,41,head-recurrent-other,3508,20,500087,500087,0.5000,1,0,0,000001100111010,2,1711,3,4;12,7;23,linear(r2=0.971),20|77039|0|0|0,0.0000,836,835,argsz7->23/statesz31->79
01000110010010011000000111001101000011010,41,blowup,109,20,524320,524320,0.4862,1,0,0,,0,0,0,,,n/a,20|0|0|0|0,0.9358,2,0,
01000110010010011010000001110011001110110,41,opaque,20000,19,400063,400063,0.5000,0,0,0,,0,0,0,,,linear(r2=1.000),19|20063|100063|200063|400063,0.9999,1,0,
01000110010010100000010111001011010110110,41,blowup,8254,19,671333,671333,0.0062,1,0,0,,0,0,0,,,linear(r2=0.895),19|40356|332960|0|0,0.9998,1,0,
01000110010010100000011001011101100110110,41,opaque,20000,19,237722,238025,0.0198,0,0,0,,0,0,0,,,linear(r2=1.000),19|11692|58872|117508|237722,0.9999,1,0,
01000110010010100000011001011101100111010,41,blowup,773,19,500305,500305,0.6662,1,0,0,,0,0,0,,,n/a,19|0|0|0|0,0.9974,1,0,
01000110010010100001011000000110011101010,41,head-recurrent-other,5568,20,500423,500423,0.5002,1,0,0,000001100111010,60,2717,3,340;350,7;71,linear(r2=0.971),20|38583|428767|0|0,0.0000,1064,1063,argsz7->71/statesz7655->7935
01000110010010100001011000100001100111010,41,head-recurrent-other,6108,20,500103,500103,0.2921,1,0,0,0010,58,3463,3,417;457,92;100,linear(r2=0.975),20|34975|371919|0|0,0.0000,852,851,argsz92->100/statesz9879->10271
01000110010010100001100001011000001111010,41,ratchet-candidate,20000,19,729,2830,0.5000,0,0,0,00010110000000010110000000010110000000010110000000010110000000010110000000010110000000010110000000010110000000010110000000010110000000010110000000010110000000010110000000010110000000010110000000010110000000010110000000010110000000010110000000010110000000010110000000010110000000010110000000010110000000010110000000010110000000010110000000010110000000010110000000010110000000010110000000010110000000010110000000010110000001001000011000010110000011110101010101010101010101010101010101010101010101010101010101010101...TRUNC,1,65,64,2452;2598;2748;2902;3060;3222;3388;3558;3732;3910;4092;4278,266;273;280;287;294;301;308;315;322;329;336;343,linear(r2=0.379),19|576|379|1332|729,0.0000,3,2,
01000110010010100001100001011000100111010,41,head-recurrent-other,20000,20,83757,83976,0.0348,0,0,0,0010,44,12879,2,455;484,12;10,linear(r2=1.000),20|4550|21699|42550|83757,0.0000,669,668,argsz12->10/statesz2061->2131
01000110010010100001100110000001100111010,41,head-recurrent-other,3662,20,500087,500087,0.5003,1,0,0,000001100111010,68,1788,3,348;358,7;111,linear(r2=0.967),20|68327|0|0|0,0.0000,836,835,argsz7->111/statesz13455->13895
01000110010010100100011010000001100111010,41,head-recurrent-other,3506,20,500087,500087,0.5003,1,0,0,000001100111010,2,1711,3,2;10,7;23,linear(r2=0.971),20|77263|0|0|0,0.0000,836,835,argsz7->23/statesz31->79
01000110010010100100011010000001110011010,41,blowup,107,20,524320,524320,0.4953,1,0,0,,0,0,0,,,n/a,20|0|0|0|0,0.9533,2,0,
01000110010011010000001011010010111010110,41,blowup,16436,19,892563,892563,0.0032,1,0,0,,0,0,0,,,linear(r2=0.775),19|21731|211735|423243|0,0.9999,1,0,
01000110010011010000001100101110110011010,41,blowup,50,19,524336,524336,0.6800,1,0,0,,0,0,0,,,n/a,19|0|0|0|0,0.9600,1,0,
01000110010011010000001110000111001111010,41,opaque,20000,18,40938,41235,0.0100,0,0,0,,0,0,0,,,linear(r2=1.000),18|2303|10488|20375|40938,0.9999,1,0,
01000110010100101000000110011101000011010,41,head-recurrent-other,3508,20,500087,500087,0.5000,1,0,0,000001100111010,2,1711,3,4;12,7;23,linear(r2=0.971),20|77039|0|0|0,0.0000,836,835,argsz7->23/statesz31->79
01000110010100101000000111001101000011010,41,blowup,109,20,524320,524320,0.4862,1,0,0,,0,0,0,,,n/a,20|0|0|0|0,0.9358,3,0,
01000110010100101010000001110011001110110,41,opaque,20000,19,400063,400063,0.5000,0,0,0,,0,0,0,,,linear(r2=1.000),19|20063|100063|200063|400063,0.9999,1,0,
01000110010101101010100000011001011101010,41,opaque,20000,20,99828,99828,0.4994,0,0,0,,0,0,0,,,linear(r2=1.000),20|4908|24860|49844|99828,0.9999,1,0,
01000110010101101010100000011100101101010,41,blowup,42,20,590526,590526,0.5000,1,0,0,,0,0,0,,,n/a,20|0|0|0|0,0.9524,1,0,
01000110010110000110001010000110011000110,41,ratchet-candidate,20000,20,137263,144255,0.2225,0,0,0,000110011000110,1,12,12,1;9;26;61;132;275;562;1137;2288;4591;9198;18413,21;44;90;182;366;734;1470;2942;5886;11774;23550;47102,linear(r2=0.689),20|3301|34289|68606|137263,0.0000,15,12,
01000110010110011010100000011001011101010,41,opaque,20000,20,99812,99812,0.4993,0,0,0,,0,0,0,,,linear(r2=1.000),20|4892|24844|49828|99812,0.9999,1,0,
01000110010110011010100000011100101101010,41,blowup,44,20,590568,590568,0.5000,1,0,0,,0,0,0,,,n/a,20|0|0|0|0,0.9545,1,0,
01000110010110100010000001110011001110110,41,opaque,20000,19,400279,400279,0.5000,0,0,0,,0,0,0,,,linear(r2=1.000),19|20279|100279|200279|400279,0.9999,1,0,
01000110010110100010000001110011100110110,41,opaque,20000,19,114561,114561,0.2480,0,0,0,,0,0,0,,,linear(r2=1.000),19|7275|29761|58015|114561,0.9999,1,0,
01000110010110100101101010000001100111010,41,blowup,3502,20,500092,500092,0.5000,1,0,0,,0,0,0,,,linear(r2=0.971),20|77668|0|0|0,0.9994,1,0,
01000110010110101000000101011011000111010,41,opaque,20000,19,13419,13424,0.6667,0,0,0,,0,0,0,,,linear(r2=0.772),19|415|3419|3415|13419,0.9999,1,0,
01000110010110101000000101110100110001110,41,opaque,20000,19,138270,146525,0.5892,0,0,0,,0,0,0,,,linear(r2=0.973),19|9073|28856|58993|138270,0.9999,1,0,
01000110010110101000000110010101101101010,41,opaque,20000,20,180020,180023,0.4000,0,0,0,,0,0,0,,,linear(r2=1.000),20|9020|45020|90020|180020,0.9999,1,0,
01000110010110101000000110010101110101010,41,opaque,20000,20,239750,239750,0.4995,0,0,0,,0,0,0,,,linear(r2=1.000),20|11840|59780|119750|239750,0.9999,1,0,
01000110010110101000000110010110011011010,41,opaque,20000,20,140030,140033,0.3333,0,0,0,,0,0,0,,,linear(r2=1.000),20|7040|35030|70040|140030,0.9999,1,0,
01000110010110101000000110010110011101010,41,opaque,20000,20,90050,90050,0.2500,0,0,0,,0,0,0,,,linear(r2=1.000),20|4550|22550|45050|90050,0.9999,1,0,
01000110010110101000000110010111011000110,41,opaque,20000,19,8709,16873,0.6722,0,0,0,,0,0,0,,,linear(r2=0.822),19|2630|3941|5873|8709,0.9999,1,0,
01000110010110101000000110011100101101010,41,blowup,32,20,531476,531476,0.5000,1,0,0,,0,0,0,,,n/a,20|0|0|0|0,0.9375,1,0,
01000110010110101000000111001100101101010,41,blowup,26,20,524324,524324,0.5000,1,0,0,,0,0,0,,,n/a,20|0|0|0|0,0.9231,1,0,
01000110010110101000011000000101101101110,41,ratchet-candidate,20000,19,1421,2189,0.0072,0,0,0,000001011011000000101101100000010110110000001011011000000101101100000010110110000001011011000011000000101101101110,3,134,64,46;65;84;107;130;157;184;216;247;282;317;356,58;64;70;76;82;88;94;106;112;118;124;130,linear(r2=0.697),19|542|1061|1286|1421,0.0000,3,3,
01000110010110101000011000000110011110110,41,head-recurrent-other,20000,19,1362,2508,0.0103,0,0,0,00011000000110011110110,3,5,3,2;7,10;22,linear(r2=0.673),19|612|762|1260|1362,0.9994,3,0,argsz10->22/statesz71->112
01000110010110101000011000000111001101110,41,head-recurrent-other,20000,19,33014,33020,0.2943,0,0,0,00011000000111001101110,3,5,2,2;3,10;16,linear(r2=1.000),19|1707|8312|16553|33014,0.9994,3,0,argsz10->16/statesz71->77
01000110010110101000011000000111001111010,41,head-recurrent-other,6743,19,426593,426602,0.2024,1,0,0,00011000000111001111010,3,5,2,2;3,10;16,linear(r2=0.975),19|26381|274231|0|0,0.9981,3,0,step-alloc-cap argsz10->16/statesz71->77
01000110010110101000011000000111100110110,41,ratchet-candidate,806,19,501322,501322,0.1439,1,0,0,00011000000111100110110,4,6,6,30;31;35;48;56;66,10;16;22;195;386;762,n/a,19|0|0|0|0,0.0000,74,70,
01000110010110101000011000000111100111010,41,ratchet-candidate,628,19,509360,509360,0.2611,1,0,0,00011000000111100111010,41,6,6,278;279;288;296;306;317,10;16;39;1637;4884;9734,n/a,19|0|0|0|0,0.0000,91,90,
01000110011000000100011010011101000011010,41,head-recurrent-other,3094,20,500582,500582,0.3429,1,0,0,00011010,2,1061,3,2;15,10;64,linear(r2=0.968),20|89098|0|0|0,0.0000,973,972,argsz10->64/statesz31->112
01000110011000000100100110011101000011010,41,head-recurrent-other,4242,20,500293,500293,0.3395,1,0,0,000001001001100111010,2,1401,3,3;13,10;26,linear(r2=0.972),20|57922|0|0|0,0.0000,683,682,argsz10->26/statesz37->91
01000110011000000100100111001101000011010,41,blowup,126,20,524323,524323,0.4206,1,0,0,,0,0,0,,,n/a,20|0|0|0|0,0.9444,2,0,
01000110011000000101001010011101000011010,41,ratchet-candidate,4242,20,500293,500293,0.3395,1,0,0,0010,2,4,4,5;9;12;15,15;26;37;53,linear(r2=0.972),20|57922|0|0|0,0.0000,683,682,
01000110011000000101001011001101000011010,41,blowup,126,20,524323,524323,0.4206,1,0,0,,0,0,0,,,n/a,20|0|0|0|0,0.9444,2,0,
01000110011000000101100111010001000011010,41,head-recurrent-other,2828,20,500704,500704,0.5067,1,0,0,000001011001110100010,176,1394,1,253;253,125;125,linear(r2=0.973),20|106158|0|0|0,0.0000,2072,2071,argsz125->125/statesz13900->13900
01000110011000000101100111010111000011010,41,head-recurrent-other,2526,19,500124,500124,0.5075,1,0,0,0000010110011101000011010,176,1244,1,253;253,147;147,linear(r2=0.973),19|125534|0|0|0,0.0000,1848,1847,argsz147->147/statesz16452->16452
01000110011000000101111001110101000011010,41,head-recurrent-other,1969,19,500654,500654,0.6729,1,0,0,00011010,145,680,2,244;247,12;173,n/a,19|177872|0|0|0,0.0000,1253,1253,argsz12->173/statesz20671->20832
01000110011000000110010010011101000011010,41,head-recurrent-other,4173,20,500436,500436,0.2955,1,0,0,0010,59,1742,3,437;443,138;311,linear(r2=0.972),20|60417|0|0|0,0.0000,582,581,argsz138->311/statesz18173->18650
01000110011000000110010100101101000011010,41,head-recurrent-other,4173,20,500436,500436,0.2955,1,0,0,0010,60,1742,2,437;443,10;127,linear(r2=0.972),20|60417|0|0|0,0.0000,583,581,argsz10->127/statesz18173->18650
01000110011000000110010110001011000011010,41,ratchet-candidate,20000,20,2132,2543,0.0091,0,0,0,0001100101100010000001100101100010110,1,90,64,4;7;15;28;46;69;97;130;168;211;259;312,15;29;43;57;71;85;99;113;127;141;155;169,linear(r2=0.777),20|354|914|1703|2132,0.0000,180,121,
01000110011000000110011000110000101101010,41,ratchet-candidate,20000,20,82582,121871,0.5003,0,0,0,000110011000110,2,12,12,6;11;22;45;92;187;378;761;1528;3063;6134;12277,15;32;66;134;270;542;1086;2174;4350;8702;17406;34814,linear(r2=0.814),20|5870|20643|41300|82582,0.0000,15,9,
01000110011000000110011100100101000011010,41,head-recurrent-other,6237,20,501531,501531,0.1053,1,0,0,0010,60,4949,2,687;699,211;348,linear(r2=0.989),20|47288|376696|0|0,0.0000,303,302,argsz211->348/statesz29987->30307
01000110011000000110011101000010001101010,41,head-recurrent-other,3509,20,500087,500087,0.5001,1,0,0,000001100111010,2,1711,3,5;13,7;23,linear(r2=0.970),20|76852|0|0|0,0.0000,836,835,argsz7->23/statesz31->79
01000110011000000110011101000010010011010,41,head-recurrent-other,3509,20,500087,500087,0.5001,1,0,0,000001100111010,2,1711,3,5;13,7;23,linear(r2=0.970),20|76852|0|0|0,0.0000,836,835,argsz7->23/statesz31->79
01000110011000000110011101000010100101010,41,head-recurrent-other,3509,20,500087,500087,0.5001,1,0,0,000001100111010,2,1711,3,5;13,7;23,linear(r2=0.970),20|76852|0|0|0,0.0000,836,835,argsz7->23/statesz31->79
01000110011000000110011101000010110001010,41,ratchet-candidate,4294,20,500327,500327,0.3426,1,0,0,000001100111010,3,6,4,18;32;35;38,2;10;29;40,linear(r2=0.970),20|56134|0|0|0,0.0000,678,676,
01000110011000000110011101000011001001010,41,head-recurrent-other,4209,20,500327,500327,0.3397,1,0,0,000001100111010,2,1390,2,3;13,10;29,linear(r2=0.972),20|59305|0|0|0,0.0000,678,676,argsz10->29/statesz37->97
01000110011000000110011101001001000011010,41,head-recurrent-other,3509,20,500087,500087,0.5001,1,0,0,000001100111010,2,1711,3,5;13,7;23,linear(r2=0.970),20|76852|0|0|0,0.0000,836,835,argsz7->23/statesz31->79
01000110011000000110011110011101000011010,41,head-recurrent-other,2383,19,500293,500293,0.6055,1,0,0,0000011001000110100111010,123,940,1,344;346,147;147,linear(r2=0.971),19|134588|0|0|0,0.0000,910,910,argsz147->147/statesz26355->26508
01000110011000000111001000110101000011010,41,opaque,20000,20,16705,16705,0.3334,0,0,0,,0,0,0,,,linear(r2=1.000),20|864|4205|8364|16705,0.9997,2,0,
01000110011000000111001001001101000011010,41,blowup,102,20,655392,655392,0.5000,1,0,0,,0,0,0,,,n/a,20|0|0|0|0,0.9412,2,0,
01000110011000000111001010010101000011010,41,blowup,102,20,655392,655392,0.5000,1,0,0,,0,0,0,,,n/a,20|0|0|0|0,0.9412,2,0,
01000110011000000111001011011011000011010,41,opaque,20000,19,300005,300005,0.5001,0,0,0,,0,0,0,,,linear(r2=1.000),19|15005|75005|150005|300005,0.9997,2,0,
01000110011000000111001011101011000011010,41,opaque,20000,19,300087,300090,0.5001,0,0,0,,0,0,0,,,linear(r2=1.000),19|15087|75087|150087|300087,0.9997,2,0,
01000110011000000111001100100101000011010,41,blowup,206,20,655488,655488,0.2476,1,0,0,,0,0,0,,,n/a,20|0|0|0|0,0.9709,2,0,
01000110011000000111001100111011000011010,41,opaque,20000,19,399965,399965,0.5001,0,0,0,,0,0,0,,,linear(r2=1.000),19|19965|99965|199965|399965,0.9997,2,0,
01000110011000000111001101000010001101010,41,blowup,110,20,524320,524320,0.4909,1,0,0,,0,0,0,,,n/a,20|0|0|0|0,0.9273,2,0,
01000110011000000111001101000010010011010,41,blowup,110,20,524320,524320,0.4909,1,0,0,,0,0,0,,,n/a,20|0|0|0|0,0.9273,2,0,
01000110011000000111001101000010100101010,41,blowup,110,20,524320,524320,0.4909,1,0,0,,0,0,0,,,n/a,20|0|0|0|0,0.9273,3,0,
01000110011000000111001101000010110001010,41,head-recurrent-other,155,20,524320,524320,0.4839,1,0,0,000001110011010,3,6,1,6;13,7;2,n/a,20|0|0|0|0,0.8774,4,0,argsz7->2/statesz34->34
01000110011000000111001101000011001001010,41,blowup,126,20,524326,524326,0.4286,1,0,0,,0,0,0,,,n/a,20|0|0|0|0,0.9444,2,0,
01000110011000000111001101001001000011010,41,blowup,110,20,524320,524320,0.4909,1,0,0,,0,0,0,,,n/a,20|0|0|0|0,0.9273,3,0,
01000110011000000111001110011011000011010,41,opaque,20000,19,329931,329931,0.6895,0,0,0,,0,0,0,,,linear(r2=0.999),19|30223|93439|172119|329931,0.9997,2,0,
01000110011000000111001110011101000011010,41,opaque,20000,19,49211,49219,0.2227,0,0,0,,0,0,0,,,linear(r2=0.952),19|15251|22343|31261|49211,0.9997,2,0,
01000110011000000111001111010000101101010,41,ratchet-candidate,20000,19,28065,28071,0.2001,0,0,0,00010100010110101000000111001000101101010100100010110101010,2,3999,64,6;11;16;21;26;31;36;41;46;51;56;61,19;26;33;40;47;54;61;68;75;82;89;96,linear(r2=1.000),19|1465|7065|14065|28065,0.0000,4,3,
01000110011000000111100110011101000011010,41,head-recurrent-other,1582,19,500235,500235,0.6719,1,0,0,00011010,119,543,2,254;260,12;417,n/a,19|252017|0|0|0,0.0000,767,766,argsz12->417/statesz33929->34482
01000110011000000111100111010000110011010,41,head-recurrent-other,1832,19,500015,500015,0.3504,1,0,0,000110011010,89,641,3,299;308,12;358,n/a,19|197427|0|0|0,0.0000,574,573,argsz12->358/statesz32272->32781
01000110011000001110000001011101100111010,41,opaque,20000,18,80060,80060,0.3335,0,0,0,,0,0,0,,,linear(r2=1.000),18|4036|20060|40036|80060,0.9999,1,0,
01000110011000010000011001110101000011010,41,head-recurrent-other,4243,20,500290,500290,0.3394,1,0,0,000100000110011101010,2,1401,3,3;13,10;26,linear(r2=0.972),20|57922|0|0|0,0.0000,683,682,argsz10->26/statesz37->91
01000110011000010000011100110101000011010,41,blowup,127,20,524320,524320,0.4173,1,0,0,,0,0,0,,,n/a,20|0|0|0|0,0.9370,2,0,
01000110011000010010000110011101000011010,41,head-recurrent-other,4243,20,500290,500290,0.3394,1,0,0,000100100001100111010,2,1401,3,3;13,10;26,linear(r2=0.972),20|57922|0|0|0,0.0000,683,682,argsz10->26/statesz37->91
01000110011000010010000111001101000011010,41,blowup,127,20,524320,524320,0.4173,1,0,0,,0,0,0,,,n/a,20|0|0|0|0,0.9370,2,0,
01000110011000011000000110011101000011010,41,head-recurrent-other,3550,20,500087,500087,0.4941,1,0,0,000001100111010,2,1711,3,5;14,7;23,linear(r2=0.970),20|74695|0|0|0,0.0000,836,835,argsz7->23/statesz31->79
01000110011000011000000111001101000011010,41,blowup,127,20,524320,524320,0.4173,1,0,0,,0,0,0,,,n/a,20|0|0|0|0,0.9370,2,0,
01000110011000011100101100000101000011010,41,ratchet-candidate,20000,20,50463,73744,0.1677,0,0,0,00011010,2,12,12,2;4;12;32;76;168;356;736;1500;3032;6100;12240,13;31;67;139;283;571;1147;2299;4603;9211;18427;36859,linear(r2=0.745),20|3829|12541|25177|50463,0.0000,26,14,
01000110011000011100111000110000101101010,41,head-recurrent-other,20000,19,95758,96913,0.3375,0,0,0,000101101010,35,6749,1,333;360,100;19,linear(r2=1.000),19|5711|24956|49063|95758,0.0000,249,248,argsz100->19/statesz2288->2207
01000110011000110000001011100011100110110,41,opaque,20000,18,256653,258060,0.0196,0,0,0,,0,0,0,,,linear(r2=1.000),18|12458|63253|126090|256653,0.9999,1,0,
01000110011000110000001011101100001101110,41,opaque,20000,18,673,1438,0.0072,0,0,0,,0,0,0,,,linear(r2=0.418),18|339|663|743|673,0.9999,1,0,
01000110011000110000001011101100110001110,41,blowup,754,18,516125,516125,0.1565,1,0,0,,0,0,0,,,n/a,18|0|0|0|0,0.9973,1,0,
01000110011000110000001100101100111011010,41,blowup,185,19,500972,500972,0.6865,1,0,0,,0,0,0,,,n/a,19|0|0|0|0,0.9892,1,0,
01000110011001000000011001110101000011010,41,head-recurrent-other,3619,20,500253,500253,0.3401,1,0,0,00000001100111010,3,1194,1,3;13,4;4,linear(r2=0.971),20|73087|0|0|0,0.0000,582,580,argsz4->4/statesz46->112
01000110011001000000011100110101000011010,41,blowup,127,20,524326,524326,0.4252,1,0,0,,0,0,0,,,n/a,20|0|0|0|0,0.9370,3,0,
01000110011001001000000110011101000011010,41,head-recurrent-other,4243,20,500290,500290,0.3394,1,0,0,0010,3,1401,1,3;13,7;7,linear(r2=0.972),20|57922|0|0|0,0.0000,684,682,argsz7->7/statesz37->91
01000110011001001000000111001101000011010,41,blowup,127,20,524320,524320,0.4173,1,0,0,,0,0,0,,,n/a,20|0|0|0|0,0.9370,3,0,
01000110011001001010000001110011001110110,41,opaque,20000,19,346863,346863,0.3335,0,0,0,,0,0,0,,,linear(r2=1.000),19|17489|86863|173489|346863,0.9999,1,0,
01000110011001011010100000011100101101010,41,blowup,44,20,1062912,1062912,0.5000,1,0,0,,0,0,0,,,n/a,20|0|0|0|0,0.9545,1,0,
01000110011001100000000110011101000011010,41,head-recurrent-other,4813,20,500253,500253,0.5038,1,0,0,00011010,3,1230,2,3;20,8;13,linear(r2=0.971),20|48492|0|0|0,0.0000,582,580,argsz8->13/statesz46->164
01000110011001100000000111001101000011010,41,head-recurrent-other,163,20,524326,524326,0.5521,1,0,0,00011010,2,4,1,2;7,13;8,n/a,20|0|0|0|0,0.9387,3,0,argsz13->8/statesz37->51
01000110011001100000011100111101000011010,41,ratchet-candidate,20000,19,16706,16718,0.3334,0,0,0,000101000110100100011010000001110010001101010010001101010,1,3333,64,7;13;19;25;31;37;43;49;55;61;67;73,20;25;30;35;40;45;50;55;60;65;70;75,linear(r2=1.000),19|888|4206|8388|16706,0.0000,3,2,
01000110011001100000011110011101000011010,41,head-recurrent-other,3095,19,500603,500603,0.3435,1,0,0,00011010,3,1062,3,3;16,10;64,linear(r2=0.968),19|89122|0|0|0,0.0000,974,973,argsz10->64/statesz52->133
01000110011001100011000000101110100111010,41,blowup,2799,19,500238,500238,0.6617,1,0,0,,0,0,0,,,linear(r2=0.970),19|104667|0|0|0,0.9993,1,0,
01000110011001101000000110010111011000110,41,opaque,20000,19,4789,8165,0.6706,0,0,0,,0,0,0,,,linear(r2=0.757),19|1057|2161|4163|4789,0.9999,1,0,
01000110011001101000011000000101101101110,41,ratchet-candidate,20000,19,1486,2200,0.0074,0,0,0,000001011011000000101101100000010110110000001011011000000101101100000010110110000001011011000011000000101101101110,4,133,64,229;265;296;335;370;413;452;499;542;593;640;695,100;112;118;124;130;136;142;148;154;160;166;172,linear(r2=0.732),19|406|1126|1351|1486,0.0000,4,4,
01000110011001101000011000000110011110110,41,head-recurrent-other,20000,19,1341,2484,0.0103,0,0,0,00011000000110011110110,3,4,2,3;4,10;16,linear(r2=0.674),19|591|741|1239|1341,0.9995,3,0,argsz10->16/statesz88->94
01000110011001101000011000000111001111010,41,head-recurrent-other,6946,19,464413,464422,0.2112,1,0,0,00011000000111001111010,3,5,2,3;4,10;16,linear(r2=0.977),19|28867|288677|0|0,0.9981,3,0,step-alloc-cap argsz10->16/statesz88->94
01000110011001101000011000000111100111010,41,ratchet-candidate,651,19,513457,513457,0.2934,1,0,0,00011000000111100111010,46,5,5,359;364;376;388;400,21;50;2356;7035;21086,n/a,19|0|0|0|0,0.0000,82,80,
01000110011010000001000110011011001110110,41,opaque,20000,19,173401,173404,0.6667,0,0,0,,0,0,0,,,linear(r2=1.000),19|8746|43401|86746|173401,0.9999,1,0,
01000110011010000001000110011101001110110,41,opaque,20000,19,173401,173404,0.6667,0,0,0,,0,0,0,,,linear(r2=1.000),19|8746|43401|86746|173401,0.9999,1,0,
01000110011010000001001001110011001110110,41,opaque,20000,19,346793,346793,0.3335,0,0,0,,0,0,0,,,linear(r2=1.000),19|17419|86793|173419|346793,0.9999,1,0,
01000110011010000001010010110011001110110,41,opaque,20000,19,346793,346793,0.3335,0,0,0,,0,0,0,,,linear(r2=1.000),19|17419|86793|173419|346793,0.9999,1,0,
01000110011010000001011010010111000110110,41,opaque,20000,19,156038,245743,0.0025,0,0,0,,0,0,0,,,linear(r2=0.706),19|12826|39172|78140|156038,0.9999,1,0,
01000110011010000001011100001110011010110,41,opaque,20000,19,273336,273339,0.6667,0,0,0,,0,0,0,,,linear(r2=1.000),19|13686|68336|136686|273336,0.9999,1,0,
01000110011010000001011100011100110001110,41,blowup,723,18,523293,523293,0.1369,1,0,0,,0,0,0,,,n/a,18|0|0|0|0,0.9972,1,0,
01000110011010000001100101110110000110110,41,blowup,1712,19,501438,501438,0.6682,1,0,0,,0,0,0,,,n/a,19|173598|0|0|0,0.9988,1,0,
01000110011010000001100101110110011000110,41,blowup,12299,19,553808,553808,0.6680,1,0,0,,0,0,0,,,linear(r2=0.831),19|46933|176976|353263|0,0.9998,1,0,
01000110011010000001100110010111011000110,41,opaque,20000,19,369507,375953,0.6722,0,0,0,,0,0,0,,,linear(r2=0.999),19|21370|98102|192264|369507,0.9999,1,0,
01000110011010000001100111000000111110110,41,opaque,20000,18,21650,21917,0.0102,0,0,0,,0,0,0,,,linear(r2=1.000),18|1274|5850|10940|21650,0.9999,1,0,
01000110011010000001110000001100111110110,41,opaque,20000,18,61432,61720,0.0101,0,0,0,,0,0,0,,,linear(r2=1.000),18|3422|15732|30662|61432,0.9999,1,0,
01000110011010000001110010001110011010110,41,opaque,20000,19,196085,196088,0.6001,0,0,0,,0,0,0,,,linear(r2=1.000),19|9885|49085|98085|196085,0.9999,1,0,
01000110011010000001110010010011001110110,41,opaque,20000,19,452151,452154,0.4001,0,0,0,,0,0,0,,,linear(r2=1.000),19|22751|113151|226151|452151,0.9999,1,0,
01000110011010000001110010100101001110110,41,opaque,20000,19,452151,452154,0.4001,0,0,0,,0,0,0,,,linear(r2=1.000),19|22751|113151|226151|452151,0.9999,1,0,
01000110011010000001110011001001001110110,41,opaque,20000,19,476161,476161,0.4002,0,0,0,,0,0,0,,,linear(r2=1.000),19|23961|119161|238161|476161,0.9999,1,0,
01000110011010000001110011001010010110110,41,opaque,20000,19,476161,476161,0.4002,0,0,0,,0,0,0,,,linear(r2=1.000),19|23961|119161|238161|476161,0.9999,1,0,
01000110011010000001110011001011101100010,41,opaque,20000,19,268317,268320,0.4002,0,0,0,,0,0,0,,,linear(r2=1.000),19|13717|67317|134317|268317,0.9999,1,0,
01000110011010000001110011001110010010110,41,opaque,20000,19,254231,254519,0.0199,0,0,0,,0,0,0,,,linear(r2=1.000),19|15415|67131|130907|254231,0.9999,1,0,
01000110011010000001110011100001011101010,41,opaque,20000,19,70335,70356,0.2693,0,0,0,,0,0,0,,,linear(r2=0.999),19|5840|19477|36527|70335,0.9999,1,0,
01000110011010000001110011100001100110110,41,opaque,20000,19,115123,115127,0.6466,0,0,0,,0,0,0,,,linear(r2=1.000),19|8651|30981|58965|115123,0.9999,1,0,
01000110011010000001110011100001100111010,41,opaque,20000,19,74075,74093,0.2947,0,0,0,,0,0,0,,,linear(r2=1.000),19|5007|19663|37839|74075,0.9999,1,0,
01000110011010000100000111001100111011010,41,opaque,20000,19,346771,346777,0.3334,0,0,0,,0,0,0,,,linear(r2=1.000),19|17419|86771|173419|346771,0.9999,1,0,
01000110011010000100000111100110110011010,41,opaque,20000,19,346793,346793,0.3335,0,0,0,,0,0,0,,,linear(r2=1.000),19|17419|86793|173419|346793,0.9999,1,0,
01000110011010000100010110110011101000110,41,ratchet-candidate,20000,19,159419,229426,0.5004,0,0,0,000100010110110011101000110,2,13,13,4;7;14;29;60;123;250;505;1016;2039;4086;8181,12;26;54;110;222;446;894;1790;3582;7166;14334;28670,linear(r2=0.786),19|3704|39980|79710|159419,0.0000,15,9,
01000110011010000100010111001110101000110,41,head-recurrent-other,20000,19,17988,21570,0.5719,0,0,0,000100010111001110101000110,17,5719,2,3827;19959,27;14,linear(r2=0.830),19|2111|9030|8003|17988,0.0000,21,20,argsz27->14/statesz9009->17594
01000110011010000100011100101101101000110,41,ratchet-candidate,2030,19,826768,826768,0.5054,1,0,0,000100011100101101101000110,2,10,10,3;5;11;25;55;117;243;497;1007;2029,12;40;124;376;1132;3400;10204;30616;91852;275560,linear(r2=0.964),19|91987|0|0|0,0.0000,11,2,
01000110011010000100011100101110101000110,41,ratchet-candidate,20000,19,320106,428732,0.6671,0,0,0,000100011100101110101000110,2,9,9,3;5;13;39;119;361;1089;3275;9835,12;40;124;376;1132;3400;10204;30616;91852,linear(r2=0.760),19|10794|114534|366758|320106,0.0000,18,9,
01000110011010000100100001110011001110110,41,opaque,20000,19,346793,346793,0.3335,0,0,0,,0,0,0,,,linear(r2=1.000),19|17419|86793|173419|346793,0.9999,1,0,
01000110011010000101100000010110110111010,41,head-recurrent-other,20000,19,2911,3202,0.0052,0,0,0,0000010110110000101100000010110110111010,18,198,1,433;435,102;102,linear(r2=0.829),19|631|1511|1471|2911,0.0000,104,103,argsz102->102/statesz380->374
01000110011010000101100000011001111011010,41,head-recurrent-other,20000,19,64213,64780,0.0106,0,0,0,0000011001000101100000011001111011010110,25,275,2,508;560,78;157,linear(r2=0.999),19|3953|16909|33529|64213,0.0000,144,142,argsz78->157/statesz2257->2409
01000110011010000101100000011100111101010,41,ratchet-candidate,20000,19,76111,76114,0.2001,0,0,0,000101000101100000011100111101010000001110010001011000000111001111010101001000001110010001011000000111001111010101010,3,3999,64,7;12;17;22;27;32;37;42;47;52;57;62,12;31;50;69;88;107;126;145;164;183;202;221,linear(r2=1.000),19|3911|19111|38111|76111,0.0000,5,4,
01000110011010000101100000011110011101010,41,head-recurrent-other,509,19,505792,505792,0.2102,1,0,0,000101100000011110011101010,4,106,3,3;11,18;112,n/a,19|0|0|0|0,0.0000,197,196,argsz18->112/statesz102->196
01000110011010000101100001110011100011010,41,head-recurrent-other,20000,19,435264,441021,0.3354,0,0,0,000101100001110011100011010,48,6708,2,345;388,246;291,linear(r2=1.000),19|27002|116634|225637|435264,0.0000,349,348,argsz246->291/statesz11689->11869
01000110011010000110000000011001111101110,41,opaque,20000,18,81331,81619,0.0101,0,0,0,,0,0,0,,,linear(r2=1.000),18|4411|20681|40531|81331,0.9997,2,0,
01000110011010000110000001010110110111010,41,head-recurrent-other,5075,19,500300,500300,0.5076,1,0,0,000110000001010110110111010,6,76,2,11;12,12;20,linear(r2=0.973),19|45103|487643|0|0,0.0000,2501,2500,argsz12->20/statesz156->164
01000110011010000110000001010111101011010,41,head-recurrent-other,4011,19,500104,500104,0.5116,1,0,0,000110000001010111101011010,5,92,2,9;10,12;20,linear(r2=0.973),19|64689|0|0|0,0.0000,1961,1960,argsz12->20/statesz159->167
01000110011010000110000001011001110101110,41,head-recurrent-other,1463,19,500831,500831,0.5208,1,0,0,0000010110011101000000101100111010000110000001011001110101110,172,644,1,267;267,146;146,n/a,19|283735|0|0|0,0.0000,1035,1034,argsz146->146/statesz38467->38467
01000110011010000110000001011001111010110,41,head-recurrent-other,3031,19,500080,500080,0.5949,1,0,0,000110000001011001111010110,92,574,2,234;235,12;20,linear(r2=0.969),19|94164|0|0|0,0.0000,1236,1235,argsz12->20/statesz11073->11081
01000110011010000110000001011011001111010,41,head-recurrent-other,4302,19,500189,500189,0.5081,1,0,0,,0,96,0,,,linear(r2=0.973),19|59358|0|0|0,0.0000,1061,1061,head-not-lam
01000110011010000110000001011011100110110,41,head-recurrent-other,3289,19,500088,500088,0.5220,1,0,0,000110000001011011100110110,5,144,2,14;19,12;20,linear(r2=0.969),19|82605|0|0|0,0.0000,788,787,argsz12->20/statesz224->261
01000110011010000110000001011100111101010,41,head-recurrent-other,2084,19,500336,500336,0.5787,1,0,0,000110000001011100111101010,82,327,2,208;209,12;20,linear(r2=0.970),19|162993|0|0|0,0.0000,862,861,argsz12->20/statesz14697->14705
01000110011010000110000001011101001111010,41,head-recurrent-other,2021,19,500064,500064,0.5760,1,0,0,000110000001011101001111010,82,306,2,262;263,12;20,linear(r2=0.967),19|168086|0|0|0,0.0000,669,669,argsz12->20/statesz22047->22055
01000110011010000110000001011110011101010,41,head-recurrent-other,409,19,500398,500398,0.6284,1,0,0,000110000001011110011101010,135,104,3,270;274,12;5750,n/a,19|0|0|0|0,0.0000,207,206,argsz12->5750/statesz268314->274052
01000110011010000110000001011110100110110,41,head-recurrent-other,1609,19,500418,500418,0.5482,1,0,0,000110000001011110100110110,101,154,3,272;276,12;366,n/a,19|237277|0|0|0,0.0000,702,701,argsz12->366/statesz30401->30784
01000110011010000110000001011110100111010,41,head-recurrent-other,256,19,500798,500798,0.6133,1,0,0,000110000001011110100111010,80,57,3,240;244,12;10095,n/a,19|0|0|0|0,0.0000,84,83,argsz12->10095/statesz369657->379769
01000110011010000110000001100001111101110,41,opaque,20000,18,81350,81620,0.0102,0,0,0,,0,0,0,,,linear(r2=1.000),18|4430|20700|40550|81350,0.9997,2,0,
01000110011010000110000001100101101101110,41,blowup,4175,19,500195,500195,0.5296,1,0,0,,0,0,0,,,linear(r2=0.975),19|69400|0|0|0,0.9983,2,0,
01000110011010000110000001100101111010110,41,blowup,5688,19,500398,500398,0.5397,1,0,0,,0,0,0,,,linear(r2=0.990),19|55359|422477|0|0,0.9988,2,0,
01000110011010000110000001100101111011010,41,blowup,6264,19,500004,500004,0.5746,1,0,0,,0,0,0,,,linear(r2=0.989),19|50298|372444|0|0,0.9989,2,0,
01000110011010000110000001100110011110110,41,blowup,2875,19,500296,500296,0.5190,1,0,0,,0,0,0,,,linear(r2=0.976),19|107073|0|0|0,0.9976,2,0,
01000110011010000110000001100111001111010,41,opaque,20000,19,79133,79148,0.2261,0,0,0,,0,0,0,,,linear(r2=0.999),19|6860|21795|40780|79133,0.9997,2,0,
01000110011010000110000001100111100111010,41,opaque,20000,19,171727,171731,0.3389,0,0,0,,0,0,0,,,linear(r2=1.000),19|10671|44512|86967|171727,0.9997,2,0,
01000110011010000110000001110010110110110,41,opaque,20000,19,299985,299985,0.5000,0,0,0,,0,0,0,,,linear(r2=1.000),19|14985|74985|149985|299985,0.9997,2,0,
01000110011010000110000001110010111010110,41,opaque,20000,19,299985,299985,0.5000,0,0,0,,0,0,0,,,linear(r2=1.000),19|14985|74985|149985|299985,0.9997,2,0,
01000110011010000110000001110011001110110,41,opaque,20000,19,400345,400345,0.5000,0,0,0,,0,0,0,,,linear(r2=1.000),19|20345|100345|200345|400345,0.9997,2,0,
01000110011010000110000001110011100110110,41,opaque,20000,19,316597,316597,0.6912,0,0,0,,0,0,0,,,linear(r2=1.000),19|16849|80225|159061|316597,0.9997,2,0,
01000110011010000110000001110011100111010,41,opaque,20000,19,40005,40018,0.1915,0,0,0,,0,0,0,,,linear(r2=0.997),19|4917|12285|21493|40005,0.9997,2,0,
01000110011010000110000001111001100011110,41,head-recurrent-other,817,18,510414,510414,0.2595,1,0,0,000110000001111001100011110,8,211,2,165;807,24;1792,n/a,18|0|0|0|0,0.0000,15,7,argsz24->1792/statesz9653->321991
01000110011010000110000001111001100111010,41,ratchet-candidate,110,19,649122,649122,0.6273,1,0,0,000110000001111001100111010,24,5,5,80;81;89;94;101,12;20;2562;9500;56254,n/a,19|0|0|0|0,0.0000,27,25,
01000110011010000110000001111001110011010,41,head-recurrent-other,97,19,514094,514094,0.6495,1,0,0,000110000001111001110011010,2,4,2,2;3,12;20,n/a,19|0|0|0|0,0.8969,2,0,argsz12->20/statesz59->67
01000110011010000110000101011000001011010,41,ratchet-candidate,20000,20,631,793,0.0184,0,0,0,000110000101011000001011010,2,27,27,2;3;14;41;90;167;278;429;626;875;1182;1553,13;22;31;40;49;58;67;76;85;94;103;112,linear(r2=0.684),20|244|355|379|631,0.0000,6,4,
01000110011010000110000101100000100111010,41,ratchet-candidate,20000,20,631,793,0.0184,0,0,0,000110000101100000100111010,2,27,27,2;3;14;41;90;167;278;429;626;875;1182;1553,13;22;31;40;49;58;67;76;85;94;103;112,linear(r2=0.684),20|244|355|379|631,0.0000,4,3,
01000110011010000110000101110001100111010,41,head-recurrent-other,833,19,500182,500182,0.5570,1,0,0,000110000101110001100111010,23,84,1,255;387,2431;2425,n/a,19|0|0|0|0,0.0000,47,47,argsz2431->2425/statesz33753->40992
01000110011010000110000101110011100011010,41,head-recurrent-other,10793,19,501451,501451,0.5191,1,0,0,000110000101110011100011010,58,3659,1,355;408,415;565,linear(r2=0.999),19|56654|230085|445024|0,0.0000,352,352,argsz415->565/statesz24983->25187
01000110011010000110000110010111000111010,41,head-recurrent-other,173,19,503934,503934,0.7688,1,0,0,000110000110010111000111010,2,19,2,2;3,12;31,n/a,19|0|0|0|0,0.0000,43,42,argsz12->31/statesz83->102
01000110011010000110000110011100111000110,41,ratchet-candidate,755,19,507740,507740,0.5430,1,0,0,000110000110011100111000110,24,8,5,372;376;382;392;410,70;207;566;1506;10410,n/a,19|0|0|0|0,0.0000,32,29,
01000110011010000110000111001011000001010,41,ratchet-candidate,19734,20,684487,684487,0.1472,1,0,0,000110000111001011000001010,2,6,6,2;3;5;19;127;1223,13;22;67;319;2659;42763,exp(r2=0.177),20|3374|76893|65390|0,0.0000,26,2,
01000110011010000110000111001011100011010,41,head-recurrent-other,132,19,776437,776437,0.6212,1,0,0,000110000111001011100011010,32,48,2,105;126,71;71,n/a,19|0|0|0|0,0.0000,35,30,argsz71->71/statesz247944->290774
01000110011010000110000111001100111000110,41,head-recurrent-other,76,19,539436,539436,0.7105,1,0,0,000110000111001100111000110,2,24,3,2;5,12;153,n/a,19|0|0|0|0,0.0000,28,27,argsz12->153/statesz83->224
01000110011010000110011000000101101101110,41,head-recurrent-other,20000,19,115585,116329,0.0098,0,0,0,000110011000000101101101110,42,195,2,364;371,78;163,linear(r2=1.000),19|5495|27785|57599|115585,0.0000,386,386,argsz78->163/statesz1805->1938
01000110011010000110011000000110011110110,41,head-recurrent-other,20000,19,65037,65181,0.0107,0,0,0,0000011001000110011000000110011110110110,23,278,2,533;581,78;163,linear(r2=0.999),19|4117|17313|32877|65037,0.0000,141,141,argsz78->163/statesz2298->2462
01000110011010000110011000000111001111010,41,head-recurrent-other,4391,19,500048,500048,0.2512,1,0,0,000110011000000111001111010,25,1102,2,175;212,18;336,linear(r2=0.989),19|72545|0|0|0,0.0000,545,545,argsz18->336/statesz7376->8533
01000110011010000110011000000111100111010,41,ratchet-candidate,385,19,510296,510296,0.2623,1,0,0,000110011000000111100111010,6,4,4,16;22;33;41,18;62;345;1659,n/a,19|0|0|0|0,0.0000,68,67,
01000110011010010010000001110011001110110,41,opaque,20000,19,346771,346777,0.3334,0,0,0,,0,0,0,,,linear(r2=1.000),19|17419|86771|173419|346771,0.9999,2,0,
01000110100000000101110100101111011101110,41,blowup,130,17,708640,708640,0.3385,1,0,0,,0,0,0,,,n/a,17|0|0|0|0,0.9846,1,0,
01000110100000000101110110010111101101110,41,monotone-growth,54,17,614046,614046,0.9815,1,0,0,,0,0,0,,,n/a,17|0|0|0|0,0.9630,1,0,
01000110100000000110010111101110000011110,41,opaque,20000,17,50028,50031,0.5000,0,0,0,,0,0,0,,,linear(r2=1.000),17|2528|12528|25028|50028,0.9999,1,0,
01000110100000000110010111101110011100010,41,opaque,20000,18,60030,60033,0.5000,0,0,0,,0,0,0,,,linear(r2=1.000),18|3030|15030|30030|60030,0.9999,1,0,
01000110100000000110010111101110011101110,41,opaque,20000,17,160028,160031,0.5000,0,0,0,,0,0,0,,,linear(r2=1.000),17|8028|40028|80028|160028,0.9999,1,0,
01000110100000000110010111101110011110110,41,opaque,20000,17,160028,160031,0.5000,0,0,0,,0,0,0,,,linear(r2=1.000),17|8028|40028|80028|160028,0.9999,1,0,
01000110100000000110011110000001111110110,41,opaque,20000,17,21828,22122,0.0100,0,0,0,,0,0,0,,,linear(r2=0.999),17|1483|5928|11059|21828,0.9999,1,0,
01000110100000000110011110000110011111010,41,blowup,6275,18,500008,500008,0.7378,1,0,0,,0,0,0,,,linear(r2=0.976),18|34229|357306|0|0,0.9997,1,0,
01000110100000000111001011110011110111010,41,opaque,20000,17,164114,164114,0.3336,0,0,0,,0,0,0,,,linear(r2=1.000),17|8294|41112|82104|164114,0.9999,1,0,
01000110100000000111001011110111001110110,41,monotone-growth,34,17,524329,524329,1.0000,1,0,0,,0,0,0,,,n/a,17|0|0|0|0,0.9412,1,0,
01000110100000000111001011110111001111010,41,blowup,105,17,708653,708653,0.4000,1,0,0,,0,0,0,,,n/a,17|0|0|0|0,0.9810,1,0,
01000110100000000111001111001011110111010,41,blowup,319,17,562453,562453,0.3981,1,0,0,,0,0,0,,,n/a,17|0|0|0|0,0.9937,1,0,
01000110100000000111100000011001111110110,41,opaque,20000,17,61628,61922,0.0100,0,0,0,,0,0,0,,,linear(r2=1.000),17|3463|15828|30799|61628,0.9999,1,0,
01000110100000010001010111101110101000110,41,blowup,2991,18,500524,500524,0.6660,1,0,0,,0,0,0,,,linear(r2=0.925),18|56649|0|0|0,0.9993,1,0,
01000110100000010001011001011101101010110,41,blowup,8256,19,671343,671343,0.0063,1,0,0,,0,0,0,,,linear(r2=0.895),19|40359|332963|0|0,0.9998,1,0,
01000110100000010001011001101101001110110,41,opaque,20000,19,399999,400002,0.6667,0,0,0,,0,0,0,,,linear(r2=1.000),19|20022|99999|200022|399999,0.9999,1,0,
01000110100000010001011001110101001110110,41,opaque,20000,19,399999,400002,0.6667,0,0,0,,0,0,0,,,linear(r2=1.000),19|20022|99999|200022|399999,0.9999,1,0,
01000110100000010001100001110111001110110,41,opaque,20000,18,193350,193353,0.6667,0,0,0,,0,0,0,,,linear(r2=1.000),18|9696|48350|96696|193350,0.9999,1,0,
01000110100000010001100101011000101010110,41,blowup,4037,20,1377816,1377816,0.0027,1,0,0,,0,0,0,,,linear(r2=0.609),20|152957|0|0|0,0.9995,1,0,
01000110100000010001100101101101001110110,41,opaque,20000,19,399999,400002,0.6667,0,0,0,,0,0,0,,,linear(r2=1.000),19|20022|99999|200022|399999,0.9999,1,0,
01000110100000010001100101110101001110110,41,opaque,20000,19,399999,400002,0.6667,0,0,0,,0,0,0,,,linear(r2=1.000),19|20022|99999|200022|399999,0.9999,1,0,
01000110100000010001100110011011001110110,41,opaque,20000,19,399999,400002,0.6667,0,0,0,,0,0,0,,,linear(r2=1.000),19|20022|99999|200022|399999,0.9999,1,0,
01000110100000010001100110011101001110110,41,opaque,20000,19,399999,400002,0.6667,0,0,0,,0,0,0,,,linear(r2=1.000),19|20022|99999|200022|399999,0.9999,1,0,
01000110100000010001100111001101001110110,41,opaque,20000,19,399999,400002,0.6667,0,0,0,,0,0,0,,,linear(r2=1.000),19|20022|99999|200022|399999,0.9999,1,0,
01000110100000010001101001110011100111010,41,opaque,20000,19,89540,89543,0.3559,0,0,0,,0,0,0,,,linear(r2=1.000),19|6287|23754|45635|89540,0.9999,1,0,
01000110100000010001110010110100110110110,41,blowup,773,19,500282,500282,0.6649,1,0,0,,0,0,0,,,n/a,19|0|0|0|0,0.9974,1,0,
01000110100000010001110010110100111010110,41,opaque,20000,19,237725,238025,0.0198,0,0,0,,0,0,0,,,linear(r2=1.000),19|11695|58875|117511|237725,0.9999,1,0,
01000110100000010001110100101110110011010,41,blowup,50,19,524319,524319,0.6800,1,0,0,,0,0,0,,,n/a,19|0|0|0|0,0.9600,1,0,
01000110100000010001111001101001110001110,41,blowup,496,18,720907,720907,0.5161,1,0,0,,0,0,0,,,n/a,18|0|0|0|0,0.9960,1,0,
01000110100000010001111010000111001111010,41,opaque,20000,18,40923,41220,0.0100,0,0,0,,0,0,0,,,linear(r2=1.000),18|2288|10473|20360|40923,0.9999,1,0,
01000110100000010010010111001011010110110,41,blowup,8254,19,671336,671336,0.0062,1,0,0,,0,0,0,,,linear(r2=0.895),19|40359|332963|0|0,0.9998,1,0,
01000110100000010010011001011101100110110,41,opaque,20000,19,237725,238028,0.0198,0,0,0,,0,0,0,,,linear(r2=1.000),19|11695|58875|117511|237725,0.9999,1,0,
01000110100000010010011001011101100111010,41,blowup,773,19,500308,500308,0.6662,1,0,0,,0,0,0,,,n/a,19|0|0|0|0,0.9974,1,0,
01000110100000010100010110001010110011010,41,blowup,155,20,524312,524312,0.3290,1,0,0,,0,0,0,,,n/a,20|0|0|0|0,0.9871,1,0,
01000110100000010100011001101100111011010,41,monotone-growth,548,19,505453,505453,1.0000,1,0,0,,0,0,0,,,n/a,19|0|0|0|0,0.9964,1,0,
01000110100000010100011001110100111011010,41,monotone-growth,548,19,505453,505453,1.0000,1,0,0,,0,0,0,,,n/a,19|0|0|0|0,0.9964,1,0,
01000110100000010100011011010010111010110,41,blowup,16436,19,646816,646816,0.0032,1,0,0,,0,0,0,,,linear(r2=0.854),19|18624|158908|317976|0,0.9999,1,0,
01000110100000010100011101010010111010110,41,blowup,16436,19,646816,646816,0.0032,1,0,0,,0,0,0,,,linear(r2=0.854),19|18624|158908|317976|0,0.9999,1,0,
01000110100000010100100111001011010110110,41,blowup,8254,19,671336,671336,0.0062,1,0,0,,0,0,0,,,linear(r2=0.895),19|40359|332963|0|0,0.9998,1,0,
01000110100000010100101001011101100110110,41,opaque,20000,19,237725,238028,0.0198,0,0,0,,0,0,0,,,linear(r2=1.000),19|11695|58875|117511|237725,0.9999,1,0,
01000110100000010100101001011101100111010,41,blowup,773,19,500308,500308,0.6662,1,0,0,,0,0,0,,,n/a,19|0|0|0|0,0.9974,1,0,
01000110100000010100110100101110110011010,41,blowup,50,19,655389,655389,0.6800,1,0,0,,0,0,0,,,n/a,19|0|0|0|0,0.9600,1,0,
01000110100000010100111010000111001111010,41,opaque,20000,18,40923,41220,0.0100,0,0,0,,0,0,0,,,linear(r2=1.000),18|2288|10473|20360|40923,0.9999,1,0,
01000110100000010101001011001011010110110,41,blowup,8254,19,671336,671336,0.0062,1,0,0,,0,0,0,,,linear(r2=0.895),19|40359|332963|0|0,0.9998,1,0,
01000110100000010101001101010010111010110,41,blowup,16436,19,786063,786063,0.0032,1,0,0,,0,0,0,,,linear(r2=0.854),19|18624|158908|317976|0,0.9999,1,0,
01000110100000010101011100010110011101010,41,blowup,2058,19,501716,501716,0.3756,1,0,0,,0,0,0,,,linear(r2=0.924),19|118407|0|0|0,0.9990,1,0,
01000110100000010101101001011100011011010,41,blowup,16410,19,868220,868220,0.0032,1,0,0,,0,0,0,,,linear(r2=0.725),19|19005|201972|403721|0,0.9999,1,0,
01000110100000010101101001011101000111010,41,blowup,45,19,622590,622590,0.6667,1,0,0,,0,0,0,,,n/a,19|0|0|0|0,0.9556,1,0,
01000110100000010101101001011101011000110,41,monotone-growth,51,19,556620,556620,0.9804,1,0,0,,0,0,0,,,n/a,19|0|0|0|0,0.9608,1,0,
01000110100000010101110000111001101011010,41,monotone-growth,1321,19,501407,501407,1.0000,1,0,0,,0,0,0,,,n/a,19|290403|0|0|0,0.9985,1,0,
01000110100000010101110001011001011101010,41,blowup,114,19,557074,557074,0.3860,1,0,0,,0,0,0,,,n/a,19|0|0|0|0,0.9825,1,0,
01000110100000010101110001011001100111010,41,blowup,282,19,655414,655414,0.1560,1,0,0,,0,0,0,,,n/a,19|0|0|0|0,0.9929,1,0,
01000110100000010101110001011001110011010,41,blowup,114,19,557074,557074,0.3860,1,0,0,,0,0,0,,,n/a,19|0|0|0|0,0.9825,1,0,
01000110100000010101110001110011100011010,41,blowup,69,18,22851,22851,0.3913,1,0,0,,0,0,0,,,n/a,18|0|0|0|0,0.9714,1,0,step-alloc-cap
01000110100000010101110001110011101000110,41,blowup,78,18,39614,39614,0.3718,1,0,0,,0,0,0,,,n/a,18|0|0|0|0,0.9747,1,0,step-alloc-cap
01000110100000010101110010110101101100010,41,monotone-growth,51,19,695945,695945,1.0000,1,0,0,,0,0,0,,,n/a,19|0|0|0|0,0.9608,1,0,
01000110100000010101110011011001110110110,41,blowup,531,18,503837,503837,0.5028,1,0,0,,0,0,0,,,n/a,18|0|0|0|0,0.9962,1,0,
01000110100000010101110011100011101000110,41,opaque,20000,18,15276,16217,0.5461,0,0,0,,0,0,0,,,linear(r2=0.830),18|3241|7597|13332|15276,0.9999,1,0,
01000110100000010110000111010010111010110,41,blowup,16410,19,769603,769603,0.0032,1,0,0,,0,0,0,,,linear(r2=0.859),19|22353|189481|379257|0,0.9999,1,0,
01000110100000010110001001011101100110110,41,monotone-growth,516,19,502487,502487,1.0000,1,0,0,,0,0,0,,,n/a,19|0|0|0|0,0.9961,1,0,
01000110100000010110001001011101100111010,41,opaque,20000,19,58909,58920,0.2030,0,0,0,,0,0,0,,,linear(r2=1.000),19|3276|15211|29997|58909,0.9999,1,0,
01000110100000010110001100101110110011010,41,monotone-growth,34,19,786475,786475,1.0000,1,0,0,,0,0,0,,,n/a,19|0|0|0|0,0.9412,1,0,
01000110100000010110010011010010111010110,41,blowup,8201,19,851679,851679,0.0055,1,0,0,,0,0,0,,,linear(r2=0.522),19|18443|364961|0|0,0.9998,1,0,
01000110100000010110010111010110000111010,41,blowup,122,19,655314,655314,0.2459,1,0,0,,0,0,0,,,n/a,19|0|0|0|0,0.9836,1,0,
01000110100000010110010111011000011011010,41,blowup,1225,19,502290,502290,0.6678,1,0,0,,0,0,0,,,n/a,19|335040|0|0|0,0.9984,1,0,
01000110100000010110010111011001100010110,41,monotone-growth,1144,19,501390,501390,0.9991,1,0,0,,0,0,0,,,n/a,19|384282|0|0|0,0.9983,1,0,
01000110100000010110010111011001100011010,41,monotone-growth,32,19,589815,589815,1.0000,1,0,0,,0,0,0,,,n/a,19|0|0|0|0,0.9375,1,0,
01000110100000010110010111011001101000110,41,monotone-growth,34,19,786475,786475,1.0000,1,0,0,,0,0,0,,,n/a,19|0|0|0|0,0.9412,1,0,
01000110100000010110010111011001101100010,41,monotone-growth,516,19,502487,502487,1.0000,1,0,0,,0,0,0,,,n/a,19|0|0|0|0,0.9961,1,0,
01000110100000010110010111011001110100010,41,monotone-growth,516,19,501079,501079,0.9981,1,0,0,,0,0,0,,,n/a,19|0|0|0|0,0.9961,1,0,
01000110100000010110011100000011111011010,41,opaque,20000,18,22030,22324,0.0100,0,0,0,,0,0,0,,,linear(r2=0.999),18|1530|6030|11202|22030,0.9999,1,0,
01000110100000010110100100011011100111010,41,blowup,4104,19,89823,89823,0.0100,1,0,0,,0,0,0,,,linear(r2=0.914),19|9598|0|0|0,0.9995,1,0,step-alloc-cap
01000110100000010110100101000110110110110,41,opaque,20000,19,349293,360111,0.0024,0,0,0,,0,0,0,,,linear(r2=0.848),19|9598|87135|174514|349293,0.9999,1,0,
01000110100000010110100101000111101010110,41,opaque,20000,19,349293,360111,0.0024,0,0,0,,0,0,0,,,linear(r2=0.848),19|9598|87135|174514|349293,0.9999,1,0,
01000110100000010110100101010011101010110,41,blowup,16394,19,654951,654951,0.0030,1,0,0,,0,0,0,,,linear(r2=0.776),19|15583|154954|310159|0,0.9999,1,0,
01000110100000010110100101011100011011010,41,blowup,8216,19,863304,863304,0.0060,1,0,0,,0,0,0,,,linear(r2=0.849),19|45300|416247|0|0,0.9998,1,0,
01000110100000010110100101011101011000110,41,monotone-growth,47,19,539432,539432,0.9787,1,0,0,,0,0,0,,,n/a,19|0|0|0|0,0.9574,1,0,
01000110100000010110100101110000110110110,41,opaque,20000,19,471963,482817,0.0024,0,0,0,,0,0,0,,,linear(r2=0.858),19|13303|117675|235759|471963,0.9999,1,0,
01000110100000010110100101110000111010110,41,opaque,20000,19,471963,482817,0.0024,0,0,0,,0,0,0,,,linear(r2=0.858),19|13303|117675|235759|471963,0.9999,1,0,
01000110100000010110100101110010011010110,41,blowup,482,19,214599,214599,0.0519,1,0,0,,0,0,0,,,n/a,19|0|0|0|0,0.9959,1,0,step-alloc-cap
01000110100000010110100101110100001101110,41,blowup,75,19,564642,564642,0.6667,1,0,0,,0,0,0,,,n/a,19|0|0|0|0,0.9733,1,0,
01000110100000010110100101110100001111010,41,opaque,20000,19,471963,482781,0.0024,0,0,0,,0,0,0,,,linear(r2=0.858),19|13303|117675|235759|471963,0.9999,1,0,
01000110100000010110100101110100100111010,41,blowup,234,19,31189,31189,0.0855,1,0,0,,0,0,0,,,n/a,19|0|0|0|0,0.9915,1,0,step-alloc-cap
01000110100000010110100101110110000110110,41,opaque,20000,19,1085,1859,0.0141,0,0,0,,0,0,0,,,linear(r2=0.624),19|424|865|1032|1085,0.9999,1,0,
01000110100000010110100101110110011000110,41,monotone-growth,32,19,589815,589815,1.0000,1,0,0,,0,0,0,,,n/a,19|0|0|0|0,0.9375,1,0,
01000110100000010110100111000000111110110,41,opaque,20000,18,22030,22324,0.0100,0,0,0,,0,0,0,,,linear(r2=0.999),18|1530|6030|11202|22030,0.9999,1,0,
01000110100000010110110010111011001100010,41,monotone-growth,1144,19,501390,501390,0.9991,1,0,0,,0,0,0,,,n/a,19|384282|0|0|0,0.9983,1,0,
01000110100000010111000000110011111011010,41,opaque,20000,18,60624,60921,0.0100,0,0,0,,0,0,0,,,linear(r2=1.000),18|3234|15324|30090|60624,0.9999,1,0,
01000110100000010111000100101110110011010,41,blowup,130,19,524812,524812,0.3769,1,0,0,,0,0,0,,,n/a,19|0|0|0|0,0.9846,1,0,
01000110100000010111001001001011010110110,41,blowup,16419,19,769589,769589,0.0031,1,0,0,,0,0,0,,,linear(r2=0.859),19|22364|189501|379280|0,0.9999,1,0,
01000110100000010111001010001101010110110,41,opaque,20000,19,142406,142430,0.2510,0,0,0,,0,0,0,,,linear(r2=1.000),19|7851|36908|72207|142406,0.9999,1,0,
01000110100000010111001010010011010110110,41,blowup,16419,19,769589,769589,0.0031,1,0,0,,0,0,0,,,linear(r2=0.859),19|22364|189501|379280|0,0.9999,1,0,
01000110100000010111001010100101010110110,41,blowup,16419,19,769589,769589,0.0031,1,0,0,,0,0,0,,,linear(r2=0.859),19|22364|189501|379280|0,0.9999,1,0,
01000110100000010111001010110101100010110,41,monotone-growth,51,19,818693,818693,1.0000,1,0,0,,0,0,0,,,n/a,19|0|0|0|0,0.9608,1,0,
01000110100000010111001011001001010110110,41,opaque,20000,19,410525,433469,0.0024,0,0,0,,0,0,0,,,linear(r2=0.892),19|26069|102317|205041|410525,0.9999,1,0,
01000110100000010111001011001110001010110,41,blowup,2013,19,502187,502187,0.4009,1,0,0,,0,0,0,,,linear(r2=0.927),19|127458|0|0|0,0.9990,1,0,
01000110100000010111001011010000110110110,41,opaque,20000,19,101457,102231,0.0280,0,0,0,,0,0,0,,,linear(r2=0.999),19|7383|28962|53721|101457,0.9999,1,0,
01000110100000010111001011010010010110110,41,opaque,20000,19,410525,433667,0.0024,0,0,0,,0,0,0,,,linear(r2=0.892),19|26069|102317|205041|410525,0.9999,1,0,
01000110100000010111001011010011100010110,41,opaque,20000,19,423827,441800,0.0024,0,0,0,,0,0,0,,,linear(r2=0.897),19|26715|105625|211679|423827,0.9999,1,0,
01000110100000010111001011010110010010110,41,blowup,16485,19,769313,769313,0.0031,1,0,0,,0,0,0,,,linear(r2=0.859),19|22340|189468|379244|0,0.9999,1,0,
01000110100000010111001011011011001110110,41,blowup,375,18,503497,503497,0.5040,1,0,0,,0,0,0,,,n/a,18|0|0|0|0,0.9947,1,0,
01000110100000010111001101000011110011010,41,monotone-growth,57,19,525152,525152,0.9649,1,0,0,,0,0,0,,,n/a,19|0|0|0|0,0.9649,1,0,
01000110100000010111001101100100011010110,41,blowup,19098,19,500254,500254,0.0300,1,0,0,,0,0,0,,,linear(r2=1.000),19|23179|125524|258952|0,0.9999,1,0,
01000110100000010111001110000110001111010,41,opaque,20000,18,13511,14981,0.2225,0,0,0,,0,0,0,,,linear(r2=0.777),18|1664|6860|6668|13511,0.9999,1,0,
01000110100000010111001110001110000110110,41,opaque,20000,18,3060,3066,0.1906,0,0,0,,0,0,0,,,linear(r2=0.998),18|270|813|1547|3060,0.9999,1,0,
01000110100000010111001110011011001110110,41,blowup,11367,18,500009,500009,0.6661,1,0,0,,0,0,0,,,linear(r2=1.000),18|44990|220414|438878|0,0.9998,1,0,
01000110100000010111010010111011001100010,41,monotone-growth,1143,19,501649,501649,0.9983,1,0,0,,0,0,0,,,n/a,19|385282|0|0|0,0.9983,1,0,
01000110100000011000010101111011101110110,41,blowup,3141,17,568633,568633,0.7994,1,0,0,,0,0,0,,,exp(r2=0.896),17|5886|0|0|0,0.9994,1,0,
01000110100000011000010111101110011100010,41,monotone-growth,1152,18,500286,500286,0.9991,1,0,0,,0,0,0,,,n/a,18|377280|0|0|0,0.9983,1,0,
01000110100000011000010111101110011101110,41,monotone-growth,554,17,501398,501398,1.0000,1,0,0,,0,0,0,,,n/a,17|0|0|0|0,0.9964,1,0,
01000110100000011000010111101110011110110,41,opaque,20000,17,208018,259990,0.8000,0,0,0,,0,0,0,,,linear(r2=1.000),17|10418|52018|104018|208018,0.9999,1,0,
01000110100000011000011110000001111110110,41,opaque,20000,17,21828,22122,0.0100,0,0,0,,0,0,0,,,linear(r2=0.999),17|1483|5928|11059|21828,0.9999,1,0,
01000110100000011001000101101001110110110,41,blowup,50,19,524306,524306,0.6600,1,0,0,,0,0,0,,,n/a,19|0|0|0|0,0.9600,1,0,
01000110100000011001001001011101100110110,41,opaque,20000,19,237725,238028,0.0198,0,0,0,,0,0,0,,,linear(r2=1.000),19|11695|58875|117511|237725,0.9999,1,0,
01000110100000011001001001011101100111010,41,blowup,645,19,501076,501076,0.7984,1,0,0,,0,0,0,,,n/a,19|0|0|0|0,0.9969,1,0,
01000110100000011001010001101011001100010,41,blowup,1730,20,501436,501436,0.6659,1,0,0,,0,0,0,,,n/a,20|167530|0|0|0,0.9988,1,0,
01000110100000011001010001101110110011010,41,blowup,50,19,524319,524319,0.6800,1,0,0,,0,0,0,,,n/a,19|0|0|0|0,0.9600,1,0,
01000110100000011001010001111010110011010,41,blowup,50,19,524319,524319,0.6800,1,0,0,,0,0,0,,,n/a,19|0|0|0|0,0.9600,1,0,
01000110100000011001010010011101100110110,41,opaque,20000,19,237725,238028,0.0198,0,0,0,,0,0,0,,,linear(r2=1.000),19|11695|58875|117511|237725,0.9999,1,0,
01000110100000011001010010011101100111010,41,blowup,645,19,501076,501076,0.7984,1,0,0,,0,0,0,,,n/a,19|0|0|0|0,0.9969,1,0,
01000110100000011001010100101101100110110,41,opaque,20000,19,237725,238028,0.0198,0,0,0,,0,0,0,,,linear(r2=1.000),19|11695|58875|117511|237725,0.9999,1,0,
01000110100000011001010100101101100111010,41,blowup,645,19,501076,501076,0.7984,1,0,0,,0,0,0,,,n/a,19|0|0|0|0,0.9969,1,0,
01000110100000011001010100111010110011010,41,blowup,50,19,655389,655389,0.6800,1,0,0,,0,0,0,,,n/a,19|0|0|0|0,0.9600,1,0,
01000110100000011001010111000101100111010,41,blowup,8974,19,505444,505444,0.0216,1,0,0,,0,0,0,,,linear(r2=0.977),19|21690|212666|0|0,0.9998,1,0,
01000110100000011001010111010110011000110,41,blowup,55,19,983143,983143,0.6909,1,0,0,,0,0,0,,,n/a,19|0|0|0|0,0.9636,1,0,
01000110100000011001010111011000011011010,41,blowup,1225,19,502290,502290,0.6678,1,0,0,,0,0,0,,,n/a,19|335040|0|0|0,0.9984,1,0,
01000110100000011001010111011001100010110,41,monotone-growth,1144,19,501390,501390,0.9991,1,0,0,,0,0,0,,,n/a,19|384282|0|0|0,0.9983,1,0,
01000110100000011001010111011001100011010,41,monotone-growth,32,19,589815,589815,1.0000,1,0,0,,0,0,0,,,n/a,19|0|0|0|0,0.9375,1,0,
01000110100000011001010111011001101000110,41,monotone-growth,34,19,786475,786475,1.0000,1,0,0,,0,0,0,,,n/a,19|0|0|0|0,0.9412,1,0,
01000110100000011001010111011001101100010,41,monotone-growth,516,19,502487,502487,1.0000,1,0,0,,0,0,0,,,n/a,19|0|0|0|0,0.9961,1,0,
01000110100000011001010111011001110100010,41,monotone-growth,516,19,501463,501463,0.9981,1,0,0,,0,0,0,,,n/a,19|0|0|0|0,0.9961,1,0,
01000110100000011001011001011100011011010,41,blowup,104,19,778416,778416,0.7596,1,0,0,,0,0,0,,,n/a,19|0|0|0|0,0.9808,1,0,
01000110100000011001011001011101011000110,41,blowup,934,19,114878,114878,0.6681,1,0,0,,0,0,0,,,n/a,19|0|0|0|0,0.9979,1,0,step-alloc-cap
01000110100000011001011010010111000110110,41,blowup,12311,19,528522,528522,0.0050,1,0,0,,0,0,0,,,linear(r2=0.676),19|29397|99743|199116|0,0.9998,1,0,
01000110100000011001011100000011111011010,41,opaque,20000,18,21222,21519,0.0100,0,0,0,,0,0,0,,,linear(r2=1.000),18|1342|5622|10630|21222,0.9999,1,0,
01000110100000011001011100001101110011010,41,blowup,64,19,524325,524325,0.5312,1,0,0,,0,0,0,,,n/a,19|0|0|0|0,0.9688,1,0,
01000110100000011001011100001110011010110,41,monotone-growth,107,19,560363,560363,1.0000,1,0,0,,0,0,0,,,n/a,19|0|0|0|0,0.9813,1,0,
01000110100000011001011100001111010011010,41,blowup,154,19,524415,524415,0.2208,1,0,0,,0,0,0,,,n/a,19|0|0|0|0,0.9870,1,0,
01000110100000011001011100011100111000110,41,blowup,69,18,23910,23910,0.3478,1,0,0,,0,0,0,,,n/a,18|0|0|0|0,0.9714,1,0,step-alloc-cap
01000110100000011001011100100101100110110,41,opaque,20000,19,21274,22324,0.0049,0,0,0,,0,0,0,,,linear(r2=0.965),19|3161|9088|14024|21274,0.9999,1,0,
01000110100000011001011100100101100111010,41,blowup,3540,19,500505,500505,0.0658,1,0,0,,0,0,0,,,linear(r2=0.979),19|84583|0|0|0,0.9994,1,0,
01000110100000011001011100100111010011010,41,blowup,136,19,262208,262208,0.2279,1,0,0,,0,0,0,,,n/a,19|0|0|0|0,0.9854,1,0,step-alloc-cap
01000110100000011001011101100000011101110,41,blowup,1160,18,3510,3513,0.5017,1,0,0,,0,0,0,,,n/a,18|3030|0|0|0,0.9983,1,0,step-alloc-cap
01000110100000011001011101100000011110110,41,opaque,20000,18,21222,21519,0.0199,0,0,0,,0,0,0,,,linear(r2=1.000),18|1342|5622|10630|21222,0.9999,1,0,
01000110100000011001011101100001011010110,41,monotone-growth,938,19,500487,500487,1.0000,1,0,0,,0,0,0,,,n/a,19|0|0|0|0,0.9979,1,0,
01000110100000011001011101100001011011010,41,monotone-growth,938,19,500487,500487,1.0000,1,0,0,,0,0,0,,,n/a,19|0|0|0|0,0.9979,1,0,
01000110100000011001011101100001011101010,41,monotone-growth,2139,19,500057,500057,1.0000,1,0,0,,0,0,0,,,linear(r2=0.975),19|164114|0|0|0,0.9991,1,0,
01000110100000011001011101100001100110110,41,monotone-growth,938,19,500487,500487,1.0000,1,0,0,,0,0,0,,,n/a,19|0|0|0|0,0.9979,1,0,
01000110100000011001011101100001100111010,41,monotone-growth,938,19,500487,500487,1.0000,1,0,0,,0,0,0,,,n/a,19|0|0|0|0,0.9979,1,0,
01000110100000011001011101100001110011010,41,monotone-growth,103,19,554238,554238,1.0000,1,0,0,,0,0,0,,,n/a,19|0|0|0|0,0.9806,1,0,
01000110100000011001011101100100011011010,41,blowup,1035,19,17430,17430,0.0213,1,0,0,,0,0,0,,,n/a,19|7292|0|0|0,0.9981,1,0,step-alloc-cap
01000110100000011001011101100100011101010,41,blowup,1035,19,17430,17430,0.0213,1,0,0,,0,0,0,,,n/a,19|7292|0|0|0,0.9981,1,0,step-alloc-cap
01000110100000011001011101100100100110110,41,opaque,20000,19,121358,122132,0.0141,0,0,0,,0,0,0,,,linear(r2=1.000),19|6792|31608|61732|121358,0.9999,1,0,
01000110100000011001011101100100100111010,41,blowup,589,19,501903,501903,0.7997,1,0,0,,0,0,0,,,n/a,19|0|0|0|0,0.9966,1,0,
01000110100000011001011101100101001010110,41,opaque,20000,19,121358,122132,0.0141,0,0,0,,0,0,0,,,linear(r2=1.000),19|6792|31608|61732|121358,0.9999,1,0,
01000110100000011001011101100101001011010,41,blowup,589,19,501903,501903,0.7997,1,0,0,,0,0,0,,,n/a,19|0|0|0|0,0.9966,1,0,
01000110100000011001011101100101001101010,41,blowup,265,19,66149,66149,0.0679,1,0,0,,0,0,0,,,n/a,19|0|0|0|0,0.9925,1,0,step-alloc-cap
01000110100000011001011101100101100010110,41,monotone-growth,472,19,503892,503892,1.0000,1,0,0,,0,0,0,,,n/a,19|0|0|0|0,0.9958,1,0,
01000110100000011001011101100101100011010,41,monotone-growth,22,19,664324,664324,1.0000,1,0,0,,0,0,0,,,n/a,19|0|0|0|0,0.9091,1,0,
01000110100000011001011101100101101000110,41,monotone-growth,22,19,664324,664324,1.0000,1,0,0,,0,0,0,,,n/a,19|0|0|0|0,0.9091,1,0,
01000110100000011001011101100101101100010,41,monotone-growth,472,19,503892,503892,1.0000,1,0,0,,0,0,0,,,n/a,19|0|0|0|0,0.9958,1,0,
01000110100000011001011101100101110001010,41,opaque,20000,19,7598,7700,0.0844,0,0,0,,0,0,0,,,linear(r2=0.992),19|776|2294|4144|7598,0.9999,1,0,
01000110100000011001011101100101110100010,41,opaque,20000,19,67498,67527,0.1119,0,0,0,,0,0,0,,,linear(r2=1.000),19|3753|17743|33929|67498,0.9999,1,0,
01000110100000011001011101100110000000110,41,monotone-growth,894,19,501566,501566,1.0000,1,0,0,,0,0,0,,,n/a,19|0|0|0|0,0.9978,1,0,
01000110100000011001011101100110000011110,41,monotone-growth,500,18,502530,502530,1.0000,1,0,0,,0,0,0,,,n/a,18|0|0|0|0,0.9960,1,0,
01000110100000011001011101100110000110110,41,monotone-growth,32,19,655334,655334,1.0000,1,0,0,,0,0,0,,,n/a,19|0|0|0|0,0.9375,1,0,
01000110100000011001011101100110000111010,41,monotone-growth,32,19,655334,655334,1.0000,1,0,0,,0,0,0,,,n/a,19|0|0|0|0,0.9375,1,0,
01000110100000011001011101100110010010110,41,opaque,20000,19,121358,122132,0.0141,0,0,0,,0,0,0,,,linear(r2=1.000),19|6792|31608|61732|121358,0.9999,1,0,
01000110100000011001011101100110010011010,41,blowup,392,19,60938,66149,0.0459,1,0,0,,0,0,0,,,n/a,19|0|0|0|0,0.9949,1,0,step-alloc-cap
01000110100000011001011101100110011000110,41,monotone-growth,22,19,664324,664324,1.0000,1,0,0,,0,0,0,,,n/a,19|0|0|0|0,0.9091,1,0,
01000110100000011001011101100110011100010,41,opaque,20000,19,41632,42622,0.0100,0,0,0,,0,0,0,,,linear(r2=0.999),19|2662|10832|21538|41632,0.9999,1,0,
01000110100000011001011101100111000001110,41,monotone-growth,500,18,501538,501538,1.0000,1,0,0,,0,0,0,,,n/a,18|0|0|0|0,0.9960,1,0,
01000110100000011001011101100111001001010,41,monotone-growth,470,19,500812,500812,1.0000,1,0,0,,0,0,0,,,n/a,19|0|0|0|0,0.9957,1,0,
01000110100000011001011101100111001100010,41,monotone-growth,470,19,500812,500812,1.0000,1,0,0,,0,0,0,,,n/a,19|0|0|0|0,0.9957,1,0,
01000110100000011001100101110110000110110,41,blowup,1632,19,501069,501069,0.5012,1,0,0,,0,0,0,,,n/a,19|188545|0|0|0,0.9988,1,0,
01000110100000011001100101110110011000110,41,monotone-growth,32,19,589815,589815,1.0000,1,0,0,,0,0,0,,,n/a,19|0|0|0|0,0.9375,1,0,
01000110100000011001100111000000111110110,41,opaque,20000,18,22030,22324,0.0100,0,0,0,,0,0,0,,,linear(r2=0.999),18|1530|6030|11202|22030,0.9999,1,0,
01000110100000011001110000000011111101110,41,opaque,20000,17,41728,42022,0.0100,0,0,0,,0,0,0,,,linear(r2=1.000),17|2473|10878|20929|41728,0.9999,1,0,
01000110100000011001110000001100111110110,41,opaque,20000,18,61830,62124,0.0100,0,0,0,,0,0,0,,,linear(r2=1.000),18|3510|15930|30942|61830,0.9999,1,0,
01000110100000011001110000110000111110110,41,opaque,20000,18,3006,3870,0.6686,0,0,0,,0,0,0,,,linear(r2=0.499),18|432|585|1968|3006,0.9999,1,0,
01000110100000011001110000111100101101010,41,blowup,413,19,500785,500785,0.7554,1,0,0,,0,0,0,,,n/a,19|0|0|0|0,0.9952,1,0,
01000110100000011001110010111011001100010,41,monotone-growth,975,19,500857,500857,0.9990,1,0,0,,0,0,0,,,n/a,19|0|0|0|0,0.9979,1,0,
01000110100000011100000000110011111101110,41,opaque,20000,17,81528,81822,0.0100,0,0,0,,0,0,0,,,linear(r2=1.000),17|4453|20778|40669|81528,0.9999,1,0,
01000110100000011100000010110011111011010,41,opaque,20000,18,101630,101924,0.0100,0,0,0,,0,0,0,,,linear(r2=1.000),18|5490|25830|50682|101630,0.9999,1,0,
01000110100000011100000010110100111110110,41,opaque,20000,18,101630,101924,0.0100,0,0,0,,0,0,0,,,linear(r2=1.000),18|5490|25830|50682|101630,0.9999,1,0,
01000110100000011100000011000011111101110,41,opaque,20000,17,81528,81822,0.0100,0,0,0,,0,0,0,,,linear(r2=1.000),17|4453|20778|40669|81528,0.9999,1,0,
01000110100000011100000011001011111011010,41,opaque,20000,18,21822,22176,0.0072,0,0,0,,0,0,0,,,linear(r2=0.999),18|1382|5762|10830|21822,0.9999,1,0,
01000110100000011100000011001100111110110,41,opaque,20000,18,101630,101924,0.0100,0,0,0,,0,0,0,,,linear(r2=1.000),18|5490|25830|50682|101630,0.9999,1,0,
01000110100000011100001000111101001111010,41,opaque,20000,18,21822,22173,0.0072,0,0,0,,0,0,0,,,linear(r2=0.999),18|1382|5762|10830|21822,0.9999,1,0,
01000110100000011100001010011101001111010,41,opaque,20000,18,22970,23318,0.5036,0,0,0,,0,0,0,,,linear(r2=0.996),18|1650|5762|11642|22970,0.9999,1,0,
01000110100000011100001011000111001111010,41,opaque,20000,18,20562,20658,0.0239,0,0,0,,0,0,0,,,linear(r2=1.000),18|1167|5247|10242|20562,0.9999,1,0,
01000110100000011100001011000111100110110,41,blowup,115,18,16891,16891,0.3043,1,0,0,,0,0,0,,,n/a,18|0|0|0|0,0.9828,1,0,step-alloc-cap
01000110100000011100001011100011001111010,41,opaque,20000,18,109186,109240,0.0384,0,0,0,,0,0,0,,,linear(r2=1.000),18|6174|28690|55682|109186,0.9999,1,0,
01000110100000011100001011100111101000110,41,monotone-growth,1609,18,500443,500443,1.0000,1,0,0,,0,0,0,,,n/a,18|246858|0|0|0,0.9988,1,0,
01000110100000011100001110010001101101110,41,opaque,20000,18,21822,22173,0.0072,0,0,0,,0,0,0,,,linear(r2=0.999),18|1382|5762|10830|21822,0.9999,1,0,
01000110100000011100001110010001111101010,41,opaque,20000,18,21822,22173,0.0072,0,0,0,,0,0,0,,,linear(r2=0.999),18|1382|5762|10830|21822,0.9999,1,0,
01000110100000011100001110010100111101010,41,opaque,20000,18,22970,23318,0.5036,0,0,0,,0,0,0,,,linear(r2=0.996),18|1650|5762|11642|22970,0.9999,1,0,
01000110100000011100001110011110000111010,41,blowup,8475,18,5993,5993,0.0046,1,0,0,,0,0,0,,,linear(r2=0.848),18|1533|4262|0|0,0.9998,1,0,step-alloc-cap
01000110100000011100001110011110010011010,41,blowup,27,18,74015,74015,0.6296,1,0,0,,0,0,0,,,n/a,18|0|0|0|0,0.9286,1,0,step-alloc-cap
01000110100000011100100000111001111101010,41,opaque,20000,18,21822,22173,0.0072,0,0,0,,0,0,0,,,linear(r2=0.999),18|1382|5762|10830|21822,0.9999,1,0,
01000110100000011100100000111100111010110,41,opaque,20000,18,21822,22173,0.0072,0,0,0,,0,0,0,,,linear(r2=0.999),18|1382|5762|10830|21822,0.9999,1,0,
01000110100000011100100011100101101010110,41,opaque,20000,19,274319,274319,0.5716,0,0,0,,0,0,0,,,linear(r2=1.000),19|13755|68631|137182|274319,0.9999,1,0,
01000110100000011100101011100010001110110,41,blowup,3525,18,1259717,1259717,0.0031,1,0,0,,0,0,0,,,linear(r2=0.786),18|137005|0|0|0,0.9994,1,0,
01000110100000011100101011100010110011010,41,blowup,121,19,503788,503788,0.4959,1,0,0,,0,0,0,,,n/a,19|0|0|0|0,0.9835,1,0,
01000110100000011100101101001011100010110,41,blowup,165,19,876577,876577,0.4061,1,0,0,,0,0,0,,,n/a,19|0|0|0|0,0.9879,1,0,
01000110100000011100101101001011101100010,41,blowup,78,19,679981,679981,0.5256,1,0,0,,0,0,0,,,n/a,19|0|0|0|0,0.9744,1,0,
01000110100000011100101110011011001110110,41,blowup,463,18,503073,503073,0.6026,1,0,0,,0,0,0,,,n/a,18|0|0|0|0,0.9957,1,0,
01000110100000011100110010100011010110110,41,blowup,19443,19,500015,500015,0.5716,1,0,0,,0,0,0,,,linear(r2=1.000),19|25805|128642|257195|0,0.9999,1,0,
01000110100000011100110010111011001100010,41,monotone-growth,759,19,500213,500213,0.9987,1,0,0,,0,0,0,,,n/a,19|0|0|0|0,0.9974,1,0,
01000110100000011100110011001011101100010,41,blowup,78,19,679981,679981,0.5256,1,0,0,,0,0,0,,,n/a,19|0|0|0|0,0.9744,1,0,
01000110100000011100110011100101110110110,41,blowup,5951,18,500057,500057,0.5004,1,0,0,,0,0,0,,,linear(r2=1.000),18|84086|420086|0|0,0.9997,1,0,
01000110100000011100111001100101110110110,41,blowup,5951,18,500065,500065,0.5004,1,0,0,,0,0,0,,,linear(r2=1.000),18|84094|420094|0|0,0.9997,1,0,
01000110100001000000011110011101110011010,41,opaque,20000,18,193376,193376,0.6667,0,0,0,,0,0,0,,,linear(r2=1.000),18|9696|48376|96696|193376,0.9999,1,0,
01000110100001000000011110011110110011010,41,opaque,20000,18,193376,193376,0.6667,0,0,0,,0,0,0,,,linear(r2=1.000),18|9696|48376|96696|193376,0.9999,1,0,
01000110100001000001011010010111010111010,41,blowup,16437,19,646813,646813,0.0032,1,0,0,,0,0,0,,,linear(r2=0.854),19|18624|158908|317976|0,0.9998,1,0,
01000110100001000001011010010111101011010,41,blowup,16437,19,646813,646813,0.0032,1,0,0,,0,0,0,,,linear(r2=0.854),19|18624|158908|317976|0,0.9998,1,0,
01000110100001000001011100101101011011010,41,blowup,8255,19,671333,671333,0.0062,1,0,0,,0,0,0,,,linear(r2=0.895),19|40359|332963|0|0,0.9996,1,0,
01000110100001000001011100110110110011010,41,opaque,20000,19,400055,400055,0.6667,0,0,0,,0,0,0,,,linear(r2=1.000),19|20022|100055|200022|400055,0.9999,1,0,
01000110100001000001011100111010110011010,41,opaque,20000,19,400055,400055,0.6667,0,0,0,,0,0,0,,,linear(r2=1.000),19|20022|100055|200022|400055,0.9999,1,0,
01000110100001000001100101110110011011010,41,opaque,20000,19,237725,238025,0.0198,0,0,0,,0,0,0,,,linear(r2=1.000),19|11695|58875|117511|237725,0.9999,1,0,
01000110100001000001100101110110011101010,41,blowup,774,19,500305,500305,0.6654,1,0,0,,0,0,0,,,n/a,19|0|0|0|0,0.9961,1,0,
01000110100001000001100101110111001101010,41,blowup,51,19,524316,524316,0.6667,1,0,0,,0,0,0,,,n/a,19|0|0|0|0,0.9412,1,0,
01000110100001000001100101111011001101010,41,blowup,51,19,524316,524316,0.6667,1,0,0,,0,0,0,,,n/a,19|0|0|0|0,0.9412,1,0,
01000110100001000001100111001100010011010,41,blowup,1731,20,501447,501447,0.6661,1,0,0,,0,0,0,,,n/a,20|167544|0|0|0,0.9983,1,0,
01000110100001000001100111001101110011010,41,opaque,20000,19,237725,238025,0.0198,0,0,0,,0,0,0,,,linear(r2=1.000),19|11695|58875|117511|237725,0.9999,1,0,
01000110100001000001100111001111010011010,41,blowup,774,19,500305,500305,0.6654,1,0,0,,0,0,0,,,n/a,19|0|0|0|0,0.9961,1,0,
01000110100001000001110000111001111101010,41,opaque,20000,18,40923,41220,0.0100,0,0,0,,0,0,0,,,linear(r2=1.000),18|2288|10473|20360|40923,0.9999,1,0,
01000110100001000001110010110110110011010,41,opaque,20000,19,400055,400055,0.6667,0,0,0,,0,0,0,,,linear(r2=1.000),19|20022|100055|200022|400055,0.9999,1,0,
01000110100001000001110010111010110011010,41,opaque,20000,19,400055,400055,0.6667,0,0,0,,0,0,0,,,linear(r2=1.000),19|20022|100055|200022|400055,0.9999,1,0,
01000110100001000001110011001110110011010,41,opaque,20000,19,400055,400055,0.6667,0,0,0,,0,0,0,,,linear(r2=1.000),19|20022|100055|200022|400055,0.9999,1,0,
01000110100001000001110011010010110001010,41,blowup,156,20,524323,524323,0.3333,1,0,0,,0,0,0,,,n/a,20|0|0|0|0,0.9808,1,0,
01000110100001000001110011100110110011010,41,opaque,20000,19,400055,400055,0.6667,0,0,0,,0,0,0,,,linear(r2=1.000),19|20022|100055|200022|400055,0.9999,1,0,
01000110100001000001110011100111010011010,41,opaque,20000,19,400055,400055,0.6667,0,0,0,,0,0,0,,,linear(r2=1.000),19|20022|100055|200022|400055,0.9999,1,0,
01000110100001000001111000011100111101010,41,opaque,20000,18,40923,41220,0.0100,0,0,0,,0,0,0,,,linear(r2=1.000),18|2288|10473|20360|40923,0.9999,1,0,
01000110100001000001111001101100101101010,41,blowup,14285,19,500105,500105,0.3335,1,0,0,,0,0,0,,,linear(r2=1.000),19|35039|175055|350039|0,0.9998,1,0,
01000110100001000001111001110110011000110,41,blowup,496,18,720907,720907,0.5161,1,0,0,,0,0,0,,,n/a,18|0|0|0|0,0.9940,1,0,
01000110100001000011001100101011000101010,41,blowup,4036,20,1377819,1377819,0.0027,1,0,0,,0,0,0,,,linear(r2=0.609),20|152957|0|0|0,0.9993,1,0,
01000110100001000101011011001110101000110,41,head-recurrent-other,20000,19,20279,24557,0.4449,0,0,0,0001000101011011001110101000110,14,4448,2,1633;19971,15;127,linear(r2=0.815),19|2504|10196|10000|20279,0.0000,20,17,argsz15->127/statesz5101->20095
01000110100001000101011100111010101000110,41,head-recurrent-other,20000,19,3975,4583,0.4767,0,0,0,0001000101011100111010101000110,19,4766,3,2165;19993,16;17,linear(r2=0.725),19|894|1850|3486|3975,0.0000,25,20,argsz16->17/statesz2005->3877
01000110100001000101100000011001110101010,41,head-recurrent-other,5569,20,500423,500423,0.5001,1,0,0,000001100111010,60,2717,3,341;351,7;71,linear(r2=0.971),20|38580|428508|0|0,0.0000,1064,1063,argsz7->71/statesz7655->7935
01000110100001000101100000110011101000110,41,ratchet-candidate,20000,19,182093,204804,0.5003,0,0,0,0001000101100000110011101000110,1,13,13,1;4;11;26;57;120;247;502;1013;2036;4083;8178,14;30;62;126;254;510;1022;2046;4094;8190;16382;32766,linear(r2=0.787),19|4287|45524|91055|182093,0.0000,14,7,
01000110100001000101100010000110011101010,41,head-recurrent-other,6109,20,500103,500103,0.2920,1,0,0,0010,58,3382,3,418;458,92;100,linear(r2=0.975),20|34820|371532|0|0,0.0000,852,851,argsz92->100/statesz9879->10271
01000110100001000101100010010110101000110,41,ratchet-candidate,2540,20,1377810,1377810,0.2020,1,0,0,0001011000100101101010,1,10,10,2;5;13;31;69;147;305;623;1261;2539,16;51;156;471;1416;4251;12756;38271;114816;344451,linear(r2=0.964),20|120671|0|0|0,0.0000,10,1,
01000110100001000101100010100001100111010,41,head-recurrent-other,6273,20,500103,500103,0.2909,1,0,0,0010,58,3464,3,460;502,92;100,linear(r2=0.968),20|29271|348495|0|0,0.0000,852,851,argsz92->100/statesz9879->10271
01000110100001000101100110110011101000110,41,ratchet-candidate,20000,19,182093,327677,0.5003,0,0,0,0001000101100110110011101000110,1,13,13,1;4;11;26;57;120;247;502;1013;2036;4083;8178,14;30;62;126;254;510;1022;2046;4094;8190;16382;32766,linear(r2=0.787),19|4287|45553|91055|182093,0.0000,14,7,
01000110100001000101100111010011101000110,41,ratchet-candidate,20000,19,182093,327677,0.5003,0,0,0,0001000101100111010011101000110,1,13,13,1;4;11;26;57;120;247;502;1013;2036;4083;8178,14;30;62;126;254;510;1022;2046;4094;8190;16382;32766,linear(r2=0.787),19|4287|45553|91055|182093,0.0000,14,7,
01000110100001000101101001011000101000110,41,ratchet-candidate,20000,20,87925,172018,0.2003,0,0,0,0001000101101001011000101000110,1,12,12,1;4;12;30;68;146;304;622;1260;2538;5096;10214,15;36;78;162;330;666;1338;2682;5370;10746;21498;43002,linear(r2=0.700),20|6480|22157|44079|87925,0.0000,13,6,
01000110100001000101101001110011101000110,41,head-recurrent-other,20000,19,411273,458550,0.5007,0,0,0,0001000101101001110011101000110,16,5006,2,1517;19926,15;15,linear(r2=0.962),19|20355|103107|205466|411273,0.0000,24,18,argsz15->15/statesz42821->411509
01000110100001000101101010011000000011110,41,head-recurrent-other,20000,19,112832,221120,0.4007,0,0,0,000101101010,17,4007,1,1253;19984,38;38,linear(r2=0.755),19|7766|27915|56001|112832,0.0000,25,17,argsz38->38/statesz18378->112185
01000110100001000101101100101101101000110,41,ratchet-candidate,1262,19,524877,524877,0.4065,1,0,0,0001000101101100101101101000110,1,9,9,1;4;12;30;68;146;304;622;1260,14;46;142;430;1294;3886;11662;34990;104974,n/a,19|110358|0|0|0,0.0000,9,1,
01000110100001000101101100101110101000110,41,ratchet-candidate,13115,19,524877,524877,0.5004,1,0,0,0001000101101100101110101000110,1,9,9,1;4;15;50;157;480;1451;4366;13113,14;46;142;430;1294;3886;11662;34990;104974,linear(r2=0.557),19|13510|137488|117488|0,0.0000,16,1,
01000110100001000101110010110110101000110,41,head-recurrent-other,13107,19,577357,577357,0.5007,1,0,0,0001000101110010110110101000110,13,3281,2,1460;12945,47;16,linear(r2=0.667),19|19299|174334|169944|0,0.0000,17,9,argsz47->16/statesz58301->158113
01000110100001000101110010111010101000110,41,head-recurrent-other,20000,19,61789,68038,0.5717,0,0,0,0001000101110010111010101000110,13,5718,2,550;19961,15;144,linear(r2=0.757),19|7120|21246|19921|61789,0.0000,21,15,argsz15->144/statesz7101->61854
01000110100001000101110100101110101000110,41,head-recurrent-other,2512,19,516608,516608,0.4068,1,0,0,0001000101110100101110101000110,12,511,2,293;2479,16;16,linear(r2=0.971),19|106953|0|0|0,0.0000,17,9,argsz16->16/statesz25457->287211
01000110100001000110000011100110011000110,41,head-recurrent-other,20000,19,36837,53220,0.5006,0,0,0,0001000110000011100110011000110,14,5005,2,1447;19889,15;50,linear(r2=0.847),19|5802|18802|19916|36837,0.0000,19,16,argsz15->50/statesz9165->35443
01000110100001000110000101100000111101010,41,ratchet-candidate,20000,19,747,2830,0.5000,0,0,0,000101100000000101100000000101100000000101100000000101100000000101100000000101100000000101100000000101100000000101100000000101100000000101100000000101100000000101100000000101100000000101100000000101100000000101100000000101100000000100011000010110000011110101010101010101010101010101010101010101010,1,81,64,725;807;893;983;1077;1175;1277;1383;1493;1607;1725;1847,154;161;168;175;182;189;196;203;210;217;224;231,linear(r2=0.557),19|466|397|1180|747,0.0000,3,2,
01000110100001000110000101100010011101010,41,head-recurrent-other,20000,20,83760,83976,0.0348,0,0,0,0010,45,12519,1,460;481,2;2,linear(r2=1.000),20|4553|21702|42552|83760,0.0000,669,668,argsz2->2/statesz2198->2142
01000110100001000110011000000110011101010,41,head-recurrent-other,3663,20,500087,500087,0.5001,1,0,0,000001100111010,68,1788,3,349;359,7;111,linear(r2=0.967),20|68148|0|0|0,0.0000,836,835,argsz7->111/statesz13455->13895
01000110100001000110011101001011000001010,41,head-recurrent-other,20000,20,342128,347675,0.3348,0,0,0,000010,38,6652,2,2237;15179,15;3,linear(r2=0.916),20|16570|85038|170712|342128,0.0000,55,45,argsz15->3/statesz43099->153459
01000110100001000110100001010110001011010,41,ratchet-candidate,20000,20,234,546,0.0692,0,0,0,00011010,1,22,22,0;2;32;99;212;380;612;917;1304;1782;2360;3047,15;23;31;39;47;55;63;71;79;87;95;103,linear(r2=0.532),20|157|293|354|234,0.0000,8,2,
01000110100001000110100001011000001111010,41,ratchet-candidate,20000,19,719,2816,0.5000,0,0,0,000101100000000101100000000101100000000101100000000101100000000101100000000101100000000101100000000101100000000101100000000101100000000101100000000101100000000101100000000101100000000101100000000101100000000101100000000101100000000101100000000101100000000101100000000101100000000101100000000101100000000101100000000101100000000101100000000100011010000101100000111101010101010101010101010101010101010101010101010101010101010,1,72,64,1569;1687;1809;1935;2065;2199;2337;2479;2625;2775;2929;3087,210;217;224;231;238;245;252;259;266;273;280;287,linear(r2=0.500),19|397|369|817|719,0.0000,3,1,
01000110100001000110100001011000100111010,41,head-recurrent-other,20000,20,76929,77078,0.0658,0,0,0,0010,44,12548,2,511;549,2;10,linear(r2=1.000),20|3724|18828|38469|76929,0.0000,647,646,argsz2->10/statesz1825->1955
01000110100001000110100100010110101000110,41,head-recurrent-other,20000,20,33414,34062,0.3375,0,0,0,000101101010,16,6586,2,590;675,125;142,linear(r2=0.998),20|2157|8760|16546|33414,0.0000,84,84,argsz125->142/statesz1421->1454
01000110100001000110100101011000001101010,41,ratchet-candidate,4035,20,708583,708583,0.2535,1,0,0,00011010,1,10,10,0;2;12;38;96;218;468;974;1992;4034,15;51;159;483;1455;4371;13119;39363;118095;354291,exp(r2=0.524),20|78584|0|0|0,0.0000,28,1,
01000110100001000110100101011000100011010,41,ratchet-candidate,5541,20,708583,708583,0.0940,1,0,0,00011010,1,10,10,0;2;15;50;129;296;639;1334;2733;5540,15;51;159;483;1455;4371;13119;39363;118095;354291,exp(r2=0.615),20|17479|129811|0|0,0.0000,28,1,
01000110100001000110100101011000110001010,41,ratchet-candidate,20000,20,40718,43740,0.1675,0,0,0,00011010,1,7,7,0;2;28;150;656;2698;10884,15;51;159;483;1455;4371;13119,linear(r2=0.733),20|2665|13017|5874|40718,0.0000,32,25,
01000110100001000110100101100000011101010,41,ratchet-candidate,20000,20,35936,45057,0.1438,0,0,0,00011010,1,11,11,0;2;18;62;162;374;810;1694;3474;7046;14202,15;37;81;169;345;697;1401;2809;5625;11257;22521,linear(r2=0.763),20|2516|8856|17876|35936,0.0000,23,9,
01000110100001000110100101100001110001010,41,ratchet-candidate,20000,20,40754,43755,0.1675,0,0,0,00011010,1,7,7,0;2;28;150;656;2698;10884,15;51;159;483;1455;4371;13119,linear(r2=0.733),20|2665|13035|5892|40754,0.0000,25,19,
01000110100001000110100101100011000001110,41,head-recurrent-other,3762,19,590400,590400,0.3394,1,0,0,00011010,20,639,1,1101;3745,164;56,linear(r2=0.836),19|40037|0|0|0,0.0000,27,18,argsz164->56/statesz98416->393680
01000110100001000110100110000001100011110,41,ratchet-candidate,20000,19,65586,102404,0.2866,0,0,0,00011010,1,12,12,0;2;11;34;85;192;411;854;1745;3532;7111;14274,14;34;74;154;314;634;1274;2554;5114;10234;20474;40954,linear(r2=0.764),19|4709|16355|32735|65586,0.0000,13,7,
01000110100001000110100110000101100010110,41,head-recurrent-other,20000,20,58134,69257,0.0683,0,0,0,0010,19,10643,2,1297;19976,8;117,linear(r2=0.922),20|3643|13981|28670|58134,0.0000,30,20,argsz8->117/statesz6173->58184
01000110100001000110100110000110000011110,41,ratchet-candidate,20000,19,56161,122884,0.3342,0,0,0,00011010,1,12,12,0;2;10;30;74;166;354;734;1498;3030;6098;12238,14;34;74;154;314;634;1274;2554;5114;10234;20474;40954,linear(r2=0.746),19|4244|13924|27964|56161,0.0000,13,8,
01000110100001000110100110010110000011010,41,head-recurrent-other,686,20,537436,537436,0.2741,1,0,0,0000110,13,249,2,141;665,15;3,n/a,20|0|0|0|0,0.0000,22,6,argsz15->3/statesz27315->239515
01000110100001000111000000110011111011010,41,opaque,20000,18,60624,62121,0.0100,0,0,0,,0,0,0,,,linear(r2=1.000),18|3234|15324|30090|60624,0.9997,1,0,
01000110100001000111001010110110101000110,41,ratchet-candidate,3817,19,786436,786436,0.5732,1,0,0,0001000111001010110110101000110,1,8,8,1;3;12;42;135;417;1266;3816,14;62;254;1022;4094;16382;65534;262142,linear(r2=0.839),19|68205|0|0|0,0.0000,14,1,
01000110100001000111001010111010101000110,41,ratchet-candidate,16378,19,786436,786436,0.6670,1,0,0,0001000111001010111010101000110,1,8,8,1;3;14;61;252;1019;4090;16377,14;62;254;1022;4094;16382;65534;262142,linear(r2=0.510),19|16561|322897|296198|0,0.0000,19,1,
01000110100001000111001011000001101000110,41,ratchet-candidate,20000,19,238955,268774,0.5006,0,0,0,0001000111001011000001101000110,1,13,13,1;3;9;23;53;115;241;495;1005;2027;4073;8167,14;35;77;161;329;665;1337;2681;5369;10745;21497;43001,linear(r2=0.787),19|5486|59644|119400|238955,0.0000,14,8,
01000110100001000111001011001101101000110,41,ratchet-candidate,496,19,786436,786436,0.5161,1,0,0,0001000111001011001101101000110,1,8,8,1;3;9;23;53;115;241;495,14;62;254;1022;4094;16382;65534;262142,n/a,19|0|0|0|0,0.0000,8,1,
01000110100001000111001011001110101000110,41,ratchet-candidate,496,19,786436,786436,0.5161,1,0,0,0001000111001011001110101000110,1,8,8,1;3;9;23;53;115;241;495,14;62;254;1022;4094;16382;65534;262142,n/a,19|0|0|0|0,0.0000,8,1,
01000110100001000111001011010011101000110,41,head-recurrent-other,9202,19,589555,589555,0.6676,1,0,0,0001000111001011010011101000110,15,3071,2,758;9155,15;15,linear(r2=0.935),19|41514|284359|0|0,0.0000,21,11,argsz15->15/statesz42742->327667
01000110100001000111001011010110011000110,41,head-recurrent-other,9190,19,523727,523727,0.6682,1,0,0,0001000111001011010110011000110,24,3070,2,1518;9167,31;15,linear(r2=0.945),19|55806|259456|0|0,0.0000,31,21,argsz31->15/statesz114141->441937
01000110100001000111001011101010011000110,41,head-recurrent-other,6120,19,507333,507333,0.6690,1,0,0,0001000111001011101010011000110,24,2047,2,1134;6098,15;15,linear(r2=0.960),19|65721|464161|0|0,0.0000,30,21,argsz15->15/statesz116189->458305
01000110100001000111001100111010011000110,41,head-recurrent-other,7643,19,572594,572594,0.6692,1,0,0,0001000111001100111010011000110,22,2557,2,1506;7620,15;15,linear(r2=0.967),19|70612|279527|0|0,0.0000,28,19,argsz15->15/statesz93416->367934
01000110100001000111001101001011000001010,41,head-recurrent-other,16332,20,572864,572864,0.5013,1,0,0,0001000111001101001011000001010,21,4094,1,2021;16207,3;3,linear(r2=0.939),20|45526|179038|358794|0,0.0000,31,11,argsz3->3/statesz91579->409667
01000110100001000111001110010110101000110,41,head-recurrent-other,1500,19,721513,721513,0.5107,1,0,0,0001000111001110010110101000110,11,383,2,236;1474,15;15,n/a,19|450925|0|0|0,0.0000,16,8,argsz15->15/statesz49942->433055
01000110100001000111001110011010011000110,41,head-recurrent-other,7642,19,531564,531564,0.6692,1,0,0,0001000111001110011010011000110,23,2557,2,1889;7596,15;15,linear(r2=0.959),19|75652|381879|0|0,0.0000,28,19,argsz15->15/statesz152716->408942
01000110100001001000010111001011010110110,41,blowup,8254,19,671336,671336,0.0062,1,0,0,,0,0,0,,,linear(r2=0.895),19|40359|332963|0|0,0.9996,1,0,
01000110100001001000011001011101100110110,41,opaque,20000,19,237725,238025,0.0198,0,0,0,,0,0,0,,,linear(r2=1.000),19|11695|58875|117511|237725,0.9999,1,0,
01000110100001001000011001011101100111010,41,blowup,774,19,500305,500305,0.6654,1,0,0,,0,0,0,,,n/a,19|0|0|0|0,0.9961,1,0,
01000110100001001001011000000110011101010,41,head-recurrent-other,5569,20,500423,500423,0.5001,1,0,0,000001100111010,60,2717,3,341;351,7;71,linear(r2=0.971),20|38580|428508|0|0,0.0000,1064,1063,argsz7->71/statesz7655->7935
01000110100001001001011000100001100111010,41,ratchet-candidate,6109,20,500103,500103,0.2920,1,0,0,0010,4,5,4,18;24;26;29,2;20;28;71,linear(r2=0.975),20|34820|371532|0|0,0.0000,852,851,
01000110100001001001100001011000001111010,41,ratchet-candidate,20000,19,747,2830,0.5000,0,0,0,00010110000000010110000000010110000000010110000000010110000000010110000000010110000000010110000000010010011000010110000011110101010101010101010,1,92,64,131;169;211;257;307;361;419;481;547;617;691;769,77;84;91;98;105;112;119;126;133;140;147;154,linear(r2=0.557),19|466|397|1180|747,0.0000,3,2,
01000110100001001001100001011000100111010,41,head-recurrent-other,20000,20,83760,83976,0.0348,0,0,0,0010,48,12879,1,519;543,74;10,linear(r2=1.000),20|4553|21702|42552|83760,0.0000,669,668,argsz74->10/statesz2471->2407
01000110100001001001100110000001100111010,41,head-recurrent-other,3663,20,500087,500087,0.5001,1,0,0,000001100111010,68,1788,3,349;359,7;111,linear(r2=0.967),20|68148|0|0|0,0.0000,836,835,argsz7->111/statesz13455->13895
01000110100001010001100000011001110101010,41,head-recurrent-other,5569,20,500423,500423,0.5001,1,0,0,000001100111010,60,2717,3,341;351,7;71,linear(r2=0.971),20|38580|428508|0|0,0.0000,1064,1063,argsz7->71/statesz7655->7935
01000110100001010001100010100001100111010,41,head-recurrent-other,6109,20,500103,500103,0.2920,1,0,0,0010,58,3382,3,418;458,92;100,linear(r2=0.975),20|34820|371532|0|0,0.0000,852,851,argsz92->100/statesz9879->10271
01000110100001010001101000000110011101010,41,head-recurrent-other,3507,20,500087,500087,0.5001,1,0,0,000001100111010,2,1711,3,3;11,7;23,linear(r2=0.971),20|77036|0|0|0,0.0000,836,835,argsz7->23/statesz31->79
01000110100001010001101000000111001101010,41,blowup,108,20,524320,524320,0.4907,1,0,0,,0,0,0,,,n/a,20|0|0|0|0,0.9444,2,0,
01000110100001010001101001011000110001010,41,head-recurrent-other,20000,20,4949,5707,0.1746,0,0,0,0010,21,8687,2,782;19977,3;9,linear(r2=0.784),20|895|2409|1449|4949,0.0000,32,23,argsz3->9/statesz1192->5029
01000110100001010001101001100000001111010,41,head-recurrent-other,20000,19,75839,165839,0.4007,0,0,0,00011010,18,4008,1,1253;19984,38;38,linear(r2=0.701),19|5480|18733|37566|75839,0.0000,25,17,argsz38->38/statesz13804->75355
01000110100001010001101001100000111000110,41,head-recurrent-other,20000,19,12706,16297,0.4450,0,0,0,0001010001101001100000111000110,13,4450,2,1624;19960,16;135,linear(r2=0.779),19|1522|6433|6786|12706,0.0000,19,14,argsz16->135/statesz3236->12637
01000110100001010010011000000110011101010,41,head-recurrent-other,5569,20,500423,500423,0.5001,1,0,0,000001100111010,60,2717,3,341;351,7;71,linear(r2=0.971),20|38580|428508|0|0,0.0000,1064,1063,argsz7->71/statesz7655->7935
01000110100001010010011000100001100111010,41,head-recurrent-other,6109,20,500103,500103,0.2920,1,0,0,0010,58,3464,3,418;458,92;100,linear(r2=0.975),20|34820|371532|0|0,0.0000,852,851,argsz92->100/statesz9879->10271
01000110100001010010100001011000001111010,41,ratchet-candidate,20000,19,747,2830,0.5000,0,0,0,000101100000000101100000000101100000000101100000000101001010000101100000111101010101010,1,96,64,35;57;83;113;147;185;227;273;323;377;435;497,49;56;63;70;77;84;91;98;105;112;119;126,linear(r2=0.557),19|466|397|1180|747,0.0000,3,2,
01000110100001010010100001011000100111010,41,head-recurrent-other,20000,20,83760,83976,0.0348,0,0,0,0010,44,12879,2,457;485,71;10,linear(r2=1.000),20|4553|21702|42552|83760,0.0000,669,668,argsz71->10/statesz2128->2131
01000110100001010010100110000001100111010,41,head-recurrent-other,3663,20,500087,500087,0.5001,1,0,0,000001100111010,68,1788,3,349;359,7;111,linear(r2=0.967),20|68148|0|0|0,0.0000,836,835,argsz7->111/statesz13455->13895
01000110100001010100101000000110011101010,41,head-recurrent-other,5569,20,500423,500423,0.5001,1,0,0,000001100111010,60,2717,3,341;351,7;71,linear(r2=0.971),20|38580|428508|0|0,0.0000,1064,1063,argsz7->71/statesz7655->7935
01000110100001010100101000100001100111010,41,head-recurrent-other,6109,20,500103,500103,0.2920,1,0,0,0010,58,3464,3,417;458,95;100,linear(r2=0.975),20|34820|371532|0|0,0.0000,852,851,argsz95->100/statesz9882->10271
01000110100001010101100010001010011000110,41,ratchet-candidate,20000,20,9940,13056,0.0911,0,0,0,0001010101100010001010011000110,1,8,8,1;10;41;138;433;1322;3993;12010,15;32;66;134;270;542;1086;2174,linear(r2=0.720),20|846|4124|5363|9940,0.0000,28,11,
01000110100001010110000001011011011101010,41,head-recurrent-other,20000,19,34871,35165,0.0051,0,0,0,00000101101100001010110000001011011011101010,33,198,1,493;495,110;110,linear(r2=0.998),19|2483|9971|17531|34871,0.0000,203,203,argsz110->110/statesz1337->1331
01000110100001010110000001100111101101010,41,head-recurrent-other,20000,19,158813,159326,0.0115,0,0,0,000001100100000110010001010110000001100111101101010110110,47,335,2,409;453,62;182,linear(r2=1.000),19|9887|43007|83015|158813,0.0000,343,340,argsz62->182/statesz4511->4745
01000110100001010110000001111001110101010,41,head-recurrent-other,388,19,505271,505271,0.2113,1,0,0,0001010110000001111001110101010,144,81,1,249;249,2033;2033,n/a,19|0|0|0|0,0.0000,227,226,argsz2033->2033/statesz196406->196406
01000110100001010110000010100001100111010,41,head-recurrent-other,2437,20,500004,500004,0.9405,1,0,0,000010,3,49,1,5;9,8;19,linear(r2=0.971),20|129900|0|0|0,0.0000,1121,1121,argsz8->19/statesz49->70
01000110100001010110000111001110001101010,41,head-recurrent-other,5029,19,502594,502594,0.2686,1,0,0,0001010110000111001110001101010,111,1350,2,254;288,278;420,linear(r2=0.997),19|119866|491035|0|0,0.0000,634,634,argsz278->420/statesz38498->39208
01000110100001010110001000000110011101010,41,ratchet-candidate,7206,20,500290,500290,0.2051,1,0,0,000001100111010,3,5,4,17;41;44;47,2;10;26;37,linear(r2=0.972),20|26171|285339|0|0,0.0000,684,682,
01000110100001010110001000000111001101010,41,blowup,198,20,524320,524320,0.3586,1,0,0,,0,0,0,,,n/a,20|0|0|0|0,0.9444,5,0,
01000110100001011000000001011001101101010,41,head-recurrent-other,20000,20,77041,77804,0.3373,0,0,0,000000010110011011010,75,6627,2,1940;7750,10;21,linear(r2=1.000),20|4357|19907|38987|77041,0.0000,233,163,argsz10->21/statesz8758->30119
01000110100001011000000001100111110111010,41,head-recurrent-other,20000,18,80349,82017,0.0101,0,0,0,0001011000000001100111110111010,1,4,2,1;6,13;41,linear(r2=1.000),18|4517|20199|39844|80349,0.9994,4,0,argsz13->41/statesz27->55
01000110100001011000000001111100111101010,41,blowup,996,18,503252,503252,0.2520,1,0,0,,0,0,0,,,n/a,18|0|0|0|0,0.9890,3,0,
01000110100001011000000100100110011101010,41,head-recurrent-other,6775,20,500149,500149,0.3395,1,0,0,000001001001100111010,46,2238,3,364;379,10;81,linear(r2=0.972),20|29195|319149|0|0,0.0000,874,873,argsz10->81/statesz6418->6735
01000110100001011000000101001010011101010,41,ratchet-candidate,6775,20,500149,500149,0.3395,1,0,0,0010,46,4,4,366;375;378;381,10;81;92;163,linear(r2=0.972),20|29195|319149|0|0,0.0000,874,873,
01000110100001011000000101011011011101010,41,head-recurrent-other,6139,19,500044,500044,0.5046,1,0,0,000001010110110000101100000010101101101110101010,121,108,1,230;230,102;102,linear(r2=0.977),19|37734|370768|0|0,0.0000,3097,3096,argsz102->102/statesz5005->5005
01000110100001011000000101100111010111010,41,head-recurrent-other,416,19,511044,511044,0.5337,1,0,0,0001011000000101100111010111010,161,27,1,241;241,1471;1471,n/a,19|0|0|0|0,0.0000,278,277,argsz1471->1471/statesz81377->81377
01000110100001011000000101111001110101010,41,head-recurrent-other,349,19,500610,500610,0.5960,1,0,0,0001011000000101111001110101010,186,66,1,251;251,2219;2219,n/a,19|0|0|0|0,0.0000,261,260,argsz2219->2219/statesz304986->304986
01000110100001011000000101111010110011010,41,head-recurrent-other,289,19,661763,661763,0.0865,1,0,0,0001011000000101111010110011010,122,24,1,242;242,27641;27641,n/a,19|0|0|0|0,0.0000,145,145,argsz27641->27641/statesz247274->247274
01000110100001011000000110000101110101010,41,head-recurrent-other,8937,20,500091,500091,0.7452,1,0,0,0001100001011101010,2,2277,2,4;28,10;25,linear(r2=0.971),20|19094|215348|0|0,0.0000,2148,2105,argsz10->25/statesz36->61
01000110100001011000000110000110011101010,41,head-recurrent-other,2437,20,500004,500004,0.9799,1,0,0,000001100001100111010,3,49,2,3;15,10;31,linear(r2=0.971),20|129900|0|0|0,0.0000,1121,1121,argsz10->31/statesz48->131
01000110100001011000000110000111110111010,41,head-recurrent-other,20000,18,77682,80375,0.0141,0,0,0,0001011000000110000111110111010,2,9,2,2;25,20;27,linear(r2=0.999),18|3864|18596|37584|77682,0.9983,4,0,argsz20->27/statesz48->84
01000110100001011000000110010010011101010,41,head-recurrent-other,6473,20,500249,500249,0.3037,1,0,0,0010,56,2598,2,478;496,68;171,linear(r2=0.973),20|30875|341405|0|0,0.0000,748,746,argsz68->171/statesz10731->11279
01000110100001011000000110010100101101010,41,head-recurrent-other,6473,20,500249,500249,0.3037,1,0,0,0010,57,2598,2,478;496,10;57,linear(r2=0.973),20|30875|341405|0|0,0.0000,749,746,argsz10->57/statesz10731->11279
01000110100001011000000110010110110111010,41,head-recurrent-other,4307,19,500010,500010,0.5080,1,0,0,00000110010110110000001100101101100001011000000110010110110111010,82,233,1,255;259,54;54,linear(r2=0.986),19|78671|0|0|0,0.0000,1124,1122,argsz54->54/statesz16214->16330
01000110100001011000000110010111000101010,41,ratchet-candidate,20000,20,1160,2229,0.0839,0,0,0,0001011000000110010111000101010,1,40,40,1;7;39;97;181;291;427;589;777;991;1231;1497,15;43;71;99;127;155;183;211;239;267;295;323,linear(r2=0.491),20|532|729|1613|1160,0.0000,7,4,
01000110100001011000000110010111101101010,41,head-recurrent-other,2331,19,500100,500100,0.5182,1,0,0,,0,146,0,,,linear(r2=0.991),19|164598|0|0|0,0.0000,444,442,head-not-lam
01000110100001011000000110011001111011010,41,head-recurrent-other,2801,19,500480,500480,0.5155,1,0,0,000001100110010001011000000110011001111011010110,74,161,1,309;311,93;93,linear(r2=0.983),19|119022|0|0|0,0.0000,681,680,argsz93->93/statesz25406->25515
01000110100001011000000110011100100101010,41,head-recurrent-other,12959,20,500221,500221,0.0581,1,0,0,0010,54,11489,2,1128;1223,28;326,linear(r2=0.989),20|18393|146312|361878|0,0.0000,277,275,argsz28->326/statesz22137->24174
01000110100001011000000110011101001001010,41,ratchet-candidate,6514,20,500486,500486,0.3024,1,0,0,000001100111010,46,4,4,400;409;413;416,7;10;88;102,linear(r2=0.972),20|30324|337914|0|0,0.0000,750,747,
01000110100001011000000110011110011101010,41,head-recurrent-other,401,19,502588,502588,0.5312,1,0,0,000001100100010110000001100111100111010100111010,88,43,1,267;277,843;843,n/a,19|0|0|0|0,0.0000,131,130,argsz843->843/statesz190267->209019
01000110100001011000000110011110110011010,41,head-recurrent-other,20000,19,34871,35165,0.0051,0,0,0,00000110010001011000000110011110110011010110,14,198,1,322;324,92;86,linear(r2=0.998),19|2483|9971|17531|34871,0.0000,102,102,argsz92->86/statesz977->971
01000110100001011000000111001011011011010,41,ratchet-candidate,20000,19,299997,299997,0.5001,0,0,0,0001010100000111001011011011000000111001011011011000000111001011011011001011001010000011100101101101100000011100101101101100000011100101101101100101000001110010110110110000001110010110110110000001110010110110110,1,4999,64,6;10;14;18;22;26;30;34;38;42;46;50,14;74;134;194;254;314;374;434;494;554;614;674,linear(r2=1.000),19|14997|74997|149997|299997,0.0000,3,2,
01000110100001011000000111001011101011010,41,ratchet-candidate,20000,19,299997,299997,0.5001,0,0,0,0001010100000111001011101011000000111001011101011000000111001011101011001010101000001110010111010110000001110010111010110000001110010111010110100101000001110010111010110000001110010111010110000001110010111010110,1,4999,64,6;10;14;18;22;26;30;34;38;42;46;50,14;74;134;194;254;314;374;434;494;554;614;674,linear(r2=1.000),19|14997|74997|149997|299997,0.0000,3,2,
01000110100001011000000111001100111011010,41,head-recurrent-other,20000,19,400425,400425,0.5001,0,0,0,000001110011001110110,2,5,1,5;9,29;9,linear(r2=1.000),19|20425|100425|200425|400425,0.9994,3,0,argsz29->9/statesz54->134
01000110100001011000000111001100111101010,41,ratchet-candidate,51,19,578918,578918,0.5882,1,0,0,0001010001011000000111001100111101010000001110011001000101100000011100110011110101010011001000101100000011100110011110101010,1,7,7,8;15;22;29;36;43;50,52;264;1112;4504;18072;72344;289432,n/a,19|0|0|0|0,0.0000,3,1,
01000110100001011000000111001110011101010,41,head-recurrent-other,336,19,501044,501044,0.6935,1,0,0,000001110011100111010,2,5,1,5;9,29;9,n/a,19|0|0|0|0,0.9643,3,0,argsz29->9/statesz54->134
01000110100001011000000111001111010011010,41,head-recurrent-other,553,19,660971,660971,0.0452,1,0,0,00000111001000101100000011100111101001101010,12,43,2,376;505,20;55298,n/a,19|0|0|0|0,0.0000,14,13,argsz20->55298/statesz122522->329405
01000110100001011000000111100110011011010,41,head-recurrent-other,104,19,516219,516219,0.6058,1,0,0,0001011000000111100110011011010,2,21,2,2;5,22;76,n/a,19|0|0|0|0,0.0000,52,50,argsz22->76/statesz52->106
01000110100001011000000111100110011101010,41,head-recurrent-other,87,19,569329,569329,0.5977,1,0,0,0001011000000111100110011101010,2,16,2,2;5,22;76,n/a,19|0|0|0|0,0.0000,44,43,argsz22->76/statesz52->106
01000110100001011000000111100111010011010,41,head-recurrent-other,152,19,509837,509837,0.2368,1,0,0,0001011000000111100111010011010,2,35,3,2;10,20;254,n/a,19|0|0|0|0,0.0000,59,58,argsz20->254/statesz65->299
01000110100001011000000111100111100011010,41,head-recurrent-other,7952,18,500281,500281,0.3090,1,0,0,0001011000000111100111100011010,44,2456,3,298;361,33;674,linear(r2=0.998),18|74868|304061|0|0,0.0000,269,269,argsz33->674/statesz26732->28478
01000110100001011000000111100111101000110,41,head-recurrent-other,591,18,502272,502272,0.4010,1,0,0,0001011000000111100111101000110,103,236,1,261;273,494;32,n/a,18|0|0|0|0,0.0000,227,225,argsz494->32/statesz112419->112362
01000110100001011000001001100001100111010,41,head-recurrent-other,2437,20,500004,500004,0.9405,1,0,0,0001011000001001100001100111010,2,49,2,2;13,3;25,linear(r2=0.971),20|129900|0|0|0,0.0000,1121,1121,argsz3->25/statesz56->104
01000110100001011000001100101100011000110,41,blowup,3539,19,535816,535816,0.2529,1,0,0,,0,0,0,,,linear(r2=0.945),19|32024|0|0|0,0.9983,3,0,
01000110100001011000001100110011000001110,41,opaque,20000,19,96303,174096,0.3336,0,0,0,,0,0,0,,,linear(r2=0.742),19|7331|23876|47813|96303,0.9997,3,0,
01000110100001011000001110011000000011110,41,ratchet-candidate,1476,18,557048,557048,0.2588,1,0,0,0001011000001110011000000011110,1,14,14,1;5;10;22;35;63;92;152;213;337;462;714,13;30;64;132;268;540;1084;2172;4348;8700;17404;34812,n/a,18|275256|0|0|0,0.0000,15,1,
01000110100001011000010000011001110101010,41,head-recurrent-other,6776,20,500146,500146,0.3394,1,0,0,000100000110011101010,46,2238,3,364;379,10;81,linear(r2=0.972),20|29195|319149|0|0,0.0000,874,873,argsz10->81/statesz6418->6735
01000110100001011000010010000110011101010,41,head-recurrent-other,6776,20,500146,500146,0.3394,1,0,0,000100100001100111010,46,2238,3,364;379,10;81,linear(r2=0.972),20|29195|319149|0|0,0.0000,874,873,argsz10->81/statesz6418->6735
01000110100001011000010010100001100111010,41,head-recurrent-other,7695,20,500196,500196,0.2821,1,0,0,0001001010,48,2762,3,497;555,108;119,linear(r2=0.973),20|25396|259543|0|0,0.0000,698,697,argsz108->119/statesz9495->9966
01000110100001011000010101100010110100010,41,head-recurrent-other,20000,20,347,736,0.0175,0,0,0,0010,24,13207,2,7060;12496,2;15,linear(r2=0.553),20|179|218|417|347,0.0000,31,29,argsz2->15/statesz545->276
01000110100001011000010110000011110100010,41,head-recurrent-other,20000,19,2825,3161,0.5026,0,0,0,0001011000010110000011110100010,14,101,1,326;326,105;105,linear(r2=0.764),19|322|805|760|2825,0.0000,104,104,argsz105->105/statesz159->159
01000110100001011000010110001001110100010,41,head-recurrent-other,20000,20,347,736,0.0175,0,0,0,0010,23,13207,2,8231;12496,2;207,linear(r2=0.553),20|179|218|417|347,0.0000,29,28,argsz2->207/statesz572->276
01000110100001011000010111001110001101010,41,head-recurrent-other,11397,19,503356,503356,0.3586,1,0,0,0001011000010111001110001101010,80,3830,2,300;339,267;335,linear(r2=0.999),19|50382|224302|435540|0,0.0000,518,518,argsz267->335/statesz18936->18752
01000110100001011000011000000110011101010,41,head-recurrent-other,19250,20,500021,500021,0.4846,1,0,0,000001100111010,46,9261,3,383;475,7;63,linear(r2=0.997),20|14005|106118|235949|0,0.0000,1064,1063,argsz7->63/statesz4279->5463
01000110100001011000011000110011000001110,41,ratchet-candidate,2273,19,506541,506541,0.2675,1,0,0,0001011000011000110011000001110,1,14,14,1;14;19;44;57;106;135;232;293;486;611;996,14;32;67;138;279;562;1127;2258;4519;9042;18087;36178,linear(r2=0.963),19|97229|0|0|0,0.0000,9,2,
01000110100001011000011001110011100011010,41,ratchet-candidate,1563,19,508243,508243,0.5195,1,0,0,0001011000011001110011100011010,25,5,4,396;402;412;436,78;231;632;1682,n/a,19|235372|0|0|0,0.0000,40,35,
01000110100001011000011100001111000111010,41,ratchet-candidate,20000,18,5631,19618,0.2995,0,0,0,0001011000011100001111000111010,4,64,64,6;10;24;48;82;126;180;244;318;402;496;600,71;122;173;224;275;326;377;428;479;530;581;632,linear(r2=0.490),18|2218|3399|3442|5631,0.0000,7,5,
01000110100001011000011100101100010100010,41,head-recurrent-other,20000,20,61810,82214,0.0776,0,0,0,0010,20,17283,2,239;19923,8;2,exp(r2=0.267),20|4289|79050|73343|61810,0.0000,32,14,argsz8->2/statesz5141->62040
01000110100001011000011100101110001011010,41,head-recurrent-other,20000,19,150847,184151,0.1437,0,0,0,0010,31,14263,2,1704;20000,12;2,linear(r2=0.932),19|9768|37427|75222|150847,0.0000,43,31,argsz12->2/statesz20597->150847
01000110100001011000011100101110001101010,41,head-recurrent-other,184,19,597813,597813,0.5380,1,0,0,0001011000011100101110001101010,78,60,1,159;171,3014;361,n/a,19|0|0|0|0,0.0000,79,75,argsz3014->361/statesz425389->420083
01000110100001011000011100111000001111010,41,head-recurrent-other,18393,18,655226,655226,0.3340,1,0,0,0001011000011100111000001111010,28,6143,2,3044;18347,31;15,linear(r2=0.927),18|16982|87854|175732|0,0.0000,36,24,argsz31->15/statesz73595->262273
01000110100001011000011100111000110011010,41,head-recurrent-other,314,19,519088,519088,0.3280,1,0,0,0001011000011100111000110011010,70,102,1,272;303,5974;147,n/a,19|0|0|0|0,0.0000,73,72,argsz5974->147/statesz399197->393882
01000110100001011000011100111000111000110,41,head-recurrent-other,20000,18,33629,38337,0.4004,0,0,0,0001011000011100111000111000110,21,8008,2,3632;19983,14;59,linear(r2=0.885),18|4986|9921|16264|33629,0.0000,27,22,argsz14->59/statesz10497->33613
01000110100001011000100001001001100111010,41,ratchet-candidate,7028,20,500199,500199,0.2089,1,0,0,0010,58,15,4,603;612;615;620,2;122;133;377,linear(r2=0.974),20|27123|302769|0|0,0.0000,698,697,
01000110100001011000100001010010100111010,41,head-recurrent-other,7028,20,500199,500199,0.2089,1,0,0,0010,58,4857,3,562;617,122;251,linear(r2=0.974),20|27123|302769|0|0,0.0000,698,697,argsz122->251/statesz12582->13341
01000110100001011000100001011001110100010,41,head-recurrent-other,20000,20,7672,7894,0.0702,0,0,0,0010,47,13291,2,1606;3682,2;2,linear(r2=0.921),20|1490|4078|5628|7672,0.0000,101,98,argsz2->2/statesz2440->3114
01000110100001011000100001011101100111010,41,head-recurrent-other,20000,19,33398,33398,0.1112,0,0,0,0010,2,5,1,4;6,11;2,linear(r2=1.000),19|1733|8384|16733|33398,0.9996,3,0,argsz11->2/statesz62->56
01000110100001011000100001100100100111010,41,head-recurrent-other,7249,20,500116,500116,0.1741,1,0,0,0010,58,5357,2,642;707,152;311,linear(r2=0.973),20|27538|290646|0|0,0.0000,598,596,argsz152->311/statesz15612->16566
01000110100001011000100001100101001011010,41,head-recurrent-other,7249,20,500116,500116,0.1741,1,0,0,0010,58,5357,2,643;705,149;163,linear(r2=0.973),20|27538|290646|0|0,0.0000,599,596,argsz149->163/statesz15609->16259
01000110100001011000100001100111001001010,41,head-recurrent-other,15345,20,500059,500059,0.0489,1,0,0,0010,58,14572,2,1772;2019,452;463,linear(r2=0.989),20|16197|116609|286720|0,0.0000,240,238,argsz452->463/statesz34032->35885
01000110100001011000100100000110011101010,41,head-recurrent-other,7029,20,500196,500196,0.2088,1,0,0,0010,48,2762,3,461;510,111;122,linear(r2=0.974),20|27123|302769|0|0,0.0000,698,697,argsz111->122/statesz9495->9966
01000110100001011000100100100001100111010,41,head-recurrent-other,7029,20,500196,500196,0.2088,1,0,0,0010,58,4858,2,562;616,122;130,linear(r2=0.974),20|27123|302769|0|0,0.0000,698,697,argsz122->130/statesz12582->13094
01000110100001011000100101011000110001010,41,ratchet-candidate,4044,20,1495925,1495925,0.0030,1,0,0,0001011000100101011000110001010,3,10,10,9;11;21;47;105;227;477;983;2001;4043,16;54;168;510;1536;4614;13848;41550;124656;373974,linear(r2=0.770),20|166115|0|0|0,0.0000,29,3,
01000110100001011000100101100011000001110,41,ratchet-candidate,2035,19,1377826,1377826,0.2526,1,0,0,0001011000100101100011000001110,2,11,11,2;8;10;16;30;60;122;248;502;1012;2034,2;15;50;155;470;1415;4250;12755;38270;114815;344450,linear(r2=0.964),19|114973|0|0|0,0.0000,19,2,
01000110100001011000100110000101110100010,41,head-recurrent-other,20000,20,20744,21077,0.0057,0,0,0,0010,81,6892,1,309;370,11;2,linear(r2=0.999),20|1066|5194|10354|20744,0.0000,6442,6442,argsz11->2/statesz433->436
01000110100001011000110000001011110110110,41,head-recurrent-other,20000,18,11131,12433,0.5000,0,0,0,0001011000110000001011110110110,2,5,3,2;8,14;21,linear(r2=0.997),18|826|3081|6099|11131,0.9991,3,0,argsz14->21/statesz48->55
01000110100001011000110000101011101010110,41,head-recurrent-other,280,19,539217,539217,0.5250,1,0,0,0001011000110000101011101010110,2,24,2,2;4,15;36,n/a,19|0|0|0|0,0.0000,135,134,argsz15->36/statesz65->86
01000110100001011000110000101011101101010,41,head-recurrent-other,202,19,518269,518269,0.5297,1,0,0,0001011000110000101011101101010,2,20,2,2;4,15;36,n/a,19|0|0|0|0,0.0000,97,96,argsz15->36/statesz65->86
01000110100001011000110000101100010001110,41,ratchet-candidate,20000,19,774,2156,0.0051,0,0,0,0001011000110000101100010001110,2,100,64,2;4;10;20;34;52;74;100;130;164;202;244,15;22;29;36;43;50;57;64;71;78;85;92,linear(r2=0.504),19|438|424|858|774,0.0000,4,4,
01000110100001011000110000101110110001110,41,ratchet-candidate,1007,18,524921,524921,0.2562,1,0,0,0001011000110000101110110001110,2,9,9,2;4;10;24;54;116;242;496;1006,14;46;142;430;1294;3886;11662;34990;104974,n/a,18|105261|0|0|0,0.0000,10,2,
01000110100001011000110010101100010001010,41,ratchet-candidate,20000,20,143379,188436,0.0007,0,0,0,0001011000110010101100010001010,2,12,12,2;4;11;28;65;142;299;616;1253;2530;5087;10204,16;39;85;177;361;729;1465;2937;5881;11769;23545;47097,linear(r2=0.755),20|10041|35765|71638|143379,0.0000,36,12,
01000110100001011000110010101101000001010,41,ratchet-candidate,1995,20,623341,623341,0.1293,1,0,0,0001011000110010101101000001010,2,9,9,2;4;14;40;98;220;470;976;1994,16;54;168;510;1536;4614;13848;41550;124656,n/a,20|207662|0|0|0,0.0000,25,2,
01000110100001011000110010110000011000110,41,head-recurrent-other,20000,19,249949,292686,0.2507,0,0,0,0001011000110010110000011000110,17,5014,2,2013;19971,38;346,linear(r2=0.903),19|16675|62185|124796|249949,0.0000,25,18,argsz38->346/statesz33596->250108
01000110100001011000110010110001000001110,41,ratchet-candidate,20000,19,324970,365587,0.2504,0,0,0,0001011000110010110001000001110,2,13,13,2;4;10;24;54;116;242;496;1006;2028;4074;8168,15;36;78;162;330;666;1338;2682;5370;10746;21498;43002,linear(r2=0.814),19|8210|81181|162518|324970,0.0000,27,14,
01000110100001011001000000011001110101010,41,head-recurrent-other,644,20,509648,509648,0.3540,1,0,0,00000001100111010,47,208,2,364;379,1590;1590,n/a,20|0|0|0|0,0.0000,81,79,argsz1590->1590/statesz74866->81230
01000110100001011001000010100001100111010,41,head-recurrent-other,567,20,521676,521676,0.3051,1,0,0,000010,49,197,2,497;555,6390;12790,n/a,20|0|0|0|0,0.0000,51,49,argsz6390->12790/statesz369766->440130
01000110100001011001001000000110011101010,41,head-recurrent-other,6776,20,500146,500146,0.3394,1,0,0,0010,47,2238,1,364;379,7;7,linear(r2=0.972),20|29195|319149|0|0,0.0000,875,873,argsz7->7/statesz6418->6735
01000110100001011001001000100001100111010,41,head-recurrent-other,7695,20,500196,500196,0.2821,1,0,0,0010,58,5524,3,608;671,119;130,linear(r2=0.973),20|25396|259543|0|0,0.0000,699,697,argsz119->130/statesz12579->13094
01000110100001011001011000001000110011010,41,head-recurrent-other,1455,20,1003001,1003001,0.1753,1,0,0,000010,17,480,2,144;1415,3;3,n/a,20|136627|0|0|0,0.0000,27,8,argsz3->3/statesz15617->370710
01000110100001011001011000001101001100010,41,head-recurrent-other,20000,20,51537,117666,0.1438,0,0,0,0000110,27,8563,2,1254;19974,11;3,linear(r2=0.587),20|6658|12584|25552|51537,0.0000,42,24,argsz11->3/statesz7294->51618
01000110100001011001100000000110011011010,41,ratchet-candidate,20000,20,147561,149306,0.3684,0,0,0,000110011000000001100110110,6,9,5,46;119;126;237;247,8;42;51;60;69,linear(r2=0.991),20|4164|24816|61773|147561,0.0000,86,41,
01000110100001011001100000000110011101010,41,head-recurrent-other,712,20,501619,501619,0.3539,1,0,0,00000001100111010,47,230,2,511;551,1910;3830,n/a,20|0|0|0|0,0.0000,64,61,argsz1910->3830/statesz165857->194549
01000110100001011001100000001111001100010,41,head-recurrent-other,20000,19,195638,236462,0.2509,0,0,0,0001011001100000001111001100010,22,5017,2,975;19999,17;17,linear(r2=0.783),19|13286|48728|97593|195638,0.0000,35,23,argsz17->17/statesz13367->195593
01000110100001011001100000010110110111010,41,head-recurrent-other,20000,19,80312,81143,0.0070,0,0,0,000001011011000000101101100001011001100000010110110111010,52,274,1,394;396,143;143,linear(r2=0.999),19|5126|22097|41366|80312,0.0000,417,416,argsz143->143/statesz2264->2258
01000110100001011001100000011001100011010,41,ratchet-candidate,20000,20,199226,224040,0.5004,0,0,0,000110011000110,3,12,12,7;14;29;60;123;250;505;1016;2039;4086;8181;16372,33;68;138;278;558;1118;2238;4478;8958;17918;35838;71678,linear(r2=0.787),20|4597|49819|99605|199226,0.0000,17,11,
01000110100001011001100000011001110100010,41,ratchet-candidate,4334,20,500141,500141,0.3251,1,0,0,000001100111010,7,5,4,46;75;78;81,7;10;56;67,linear(r2=0.969),20|53728|0|0|0,0.0000,651,649,
01000110100001011001100000011001111011010,41,head-recurrent-other,20000,19,158648,159200,0.0114,0,0,0,00000110010001011001100000011001111011010110,44,337,2,442;482,62;188,linear(r2=1.000),19|9473|42305|82097|158648,0.0000,338,338,argsz62->188/statesz4613->4859
01000110100001011001100000011110011101010,41,head-recurrent-other,494,19,502973,502973,0.2146,1,0,0,0001011001100000011110011101010,56,105,2,137;148,425;1664,n/a,19|0|0|0|0,0.0000,197,196,argsz425->1664/statesz37040->38279
01000110100001011001100001110011100011010,41,head-recurrent-other,15969,19,500916,500916,0.3357,1,0,0,0001011001100001110011100011010,51,5360,2,349;392,278;329,linear(r2=0.999),19|39549|167293|317637|0,0.0000,313,313,argsz278->329/statesz17224->17479
01000110100001100000000001100111111011110,41,opaque,20000,17,101428,101722,0.0100,0,0,0,,0,0,0,,,linear(r2=1.000),17|5443|25728|50539|101428,0.9998,1,0,
01000110100001100000000101100111110111010,41,opaque,20000,18,121530,121824,0.0100,0,0,0,,0,0,0,,,linear(r2=1.000),18|6480|30780|60552|121530,0.9998,1,0,
01000110100001100000000101101001111101110,41,opaque,20000,18,121530,121824,0.0100,0,0,0,,0,0,0,,,linear(r2=1.000),18|6480|30780|60552|121530,0.9998,1,0,
01000110100001100000000110000111111011110,41,opaque,20000,17,101428,101722,0.0100,0,0,0,,0,0,0,,,linear(r2=1.000),17|5443|25728|50539|101428,0.9998,1,0,
01000110100001100000000110010111110111010,41,opaque,20000,18,31833,32187,0.0072,0,0,0,,0,0,0,,,linear(r2=0.999),18|1878|8247|15780|31833,0.9998,1,0,
01000110100001100000000110011001111101110,41,opaque,20000,18,121530,121824,0.0100,0,0,0,,0,0,0,,,linear(r2=1.000),18|6480|30780|60552|121530,0.9998,1,0,
01000110100001100000010001100111110111010,41,opaque,20000,18,31833,32184,0.0072,0,0,0,,0,0,0,,,linear(r2=0.999),18|1878|8247|15780|31833,0.9998,1,0,
01000110100001100000010001110011011101110,41,opaque,20000,18,31833,32184,0.0072,0,0,0,,0,0,0,,,linear(r2=0.999),18|1878|8247|15780|31833,0.9998,1,0,
01000110100001100000010001110011111010110,41,opaque,20000,18,31833,32184,0.0072,0,0,0,,0,0,0,,,linear(r2=0.999),18|1878|8247|15780|31833,0.9998,1,0,
01000110100001100000010100110110011110110,41,opaque,20000,18,33123,33471,0.5036,0,0,0,,0,0,0,,,linear(r2=0.998),18|2178|8247|16692|33123,0.9998,1,0,
01000110100001100000010101100111101101010,41,opaque,20000,19,141632,141926,0.0100,0,0,0,,0,0,0,,,linear(r2=1.000),19|7517|35832|70565|141632,0.9998,1,0,
01000110100001100000010101101001111011010,41,opaque,20000,19,141632,141926,0.0100,0,0,0,,0,0,0,,,linear(r2=1.000),19|7517|35832|70565|141632,0.9998,1,0,
01000110100001100000010101101010011110110,41,opaque,20000,19,141632,141926,0.0100,0,0,0,,0,0,0,,,linear(r2=1.000),19|7517|35832|70565|141632,0.9998,1,0,
01000110100001100000010110000010011110110,41,opaque,20000,19,141632,141926,0.0100,0,0,0,,0,0,0,,,linear(r2=1.000),19|7517|35832|70565|141632,0.9998,1,0,
01000110100001100000010110000111110111010,41,opaque,20000,18,121530,121824,0.0100,0,0,0,,0,0,0,,,linear(r2=1.000),18|6480|30780|60552|121530,0.9998,1,0,
01000110100001100000010110001110011110110,41,opaque,20000,18,129180,129234,0.0384,0,0,0,,0,0,0,,,linear(r2=1.000),18|7161|33690|65664|129180,0.9998,1,0,
01000110100001100000010110010111101101010,41,opaque,20000,19,41988,42342,0.0072,0,0,0,,0,0,0,,,linear(r2=1.000),19|2408|10805|20832|41988,0.9998,1,0,
01000110100001100000010110011001111011010,41,opaque,20000,19,141632,141926,0.0100,0,0,0,,0,0,0,,,linear(r2=1.000),19|7517|35832|70565|141632,0.9998,1,0,
01000110100001100000010110011010011110110,41,opaque,20000,19,141632,141926,0.0100,0,0,0,,0,0,0,,,linear(r2=1.000),19|7517|35832|70565|141632,0.9998,1,0,
01000110100001100000010110011110110000010,41,opaque,20000,19,141632,141926,0.0100,0,0,0,,0,0,0,,,linear(r2=1.000),19|7517|35832|70565|141632,0.9998,1,0,
01000110100001100000010110011110110001110,41,monotone-growth,1489,18,500004,500004,1.0000,1,0,0,,0,0,0,,,n/a,18|276588|0|0|0,0.9973,1,0,
01000110100001100000010110011110110011010,41,opaque,20000,19,141632,141926,0.0100,0,0,0,,0,0,0,,,linear(r2=1.000),19|7517|35832|70565|141632,0.9998,1,0,
01000110100001100000010110100001111101110,41,opaque,20000,18,121530,121824,0.0100,0,0,0,,0,0,0,,,linear(r2=1.000),18|6480|30780|60552|121530,0.9998,1,0,
01000110100001100000010110100101110101110,41,blowup,670,19,502220,502220,0.6672,1,0,0,,0,0,0,,,n/a,19|0|0|0|0,0.9940,1,0,
01000110100001100000010110100101111011010,41,opaque,20000,19,41988,42342,0.0072,0,0,0,,0,0,0,,,linear(r2=1.000),19|2408|10805|20832|41988,0.9998,1,0,
01000110100001100000010110100110011110110,41,opaque,20000,19,141632,141926,0.0100,0,0,0,,0,0,0,,,linear(r2=1.000),19|7517|35832|70565|141632,0.9998,1,0,
01000110100001100000010111001011010110110,41,monotone-growth,53,19,573077,573077,0.9623,1,0,0,,0,0,0,,,n/a,19|0|0|0|0,0.9245,1,0,
01000110100001100000010111101001110001110,41,blowup,181,18,526821,526821,0.5028,1,0,0,,0,0,0,,,n/a,18|0|0|0|0,0.9779,1,0,
01000110100001100000011000000111111011110,41,opaque,20000,17,101428,101722,0.0100,0,0,0,,0,0,0,,,linear(r2=1.000),17|5443|25728|50539|101428,0.9998,1,0,
01000110100001100000011000010111110111010,41,opaque,20000,18,31833,32187,0.0072,0,0,0,,0,0,0,,,linear(r2=0.999),18|1878|8247|15780|31833,0.9998,1,0,
01000110100001100000011000011001111101110,41,opaque,20000,18,121530,121824,0.0100,0,0,0,,0,0,0,,,linear(r2=1.000),18|6480|30780|60552|121530,0.9998,1,0,
01000110100001100000011001000111110111010,41,opaque,20000,18,31833,32184,0.0072,0,0,0,,0,0,0,,,linear(r2=0.999),18|1878|8247|15780|31833,0.9998,1,0,
01000110100001100000011001010011110110110,41,opaque,20000,18,33123,33471,0.5036,0,0,0,,0,0,0,,,linear(r2=0.998),18|2178|8247|16692|33123,0.9998,1,0,
01000110100001100000011001010111101101010,41,opaque,20000,19,41988,42342,0.0072,0,0,0,,0,0,0,,,linear(r2=1.000),19|2408|10805|20832|41988,0.9998,1,0,
01000110100001100000011001011001111011010,41,opaque,20000,19,141632,141926,0.0100,0,0,0,,0,0,0,,,linear(r2=1.000),19|7517|35832|70565|141632,0.9998,1,0,
01000110100001100000011001011010011110110,41,opaque,20000,19,141632,141926,0.0100,0,0,0,,0,0,0,,,linear(r2=1.000),19|7517|35832|70565|141632,0.9998,1,0,
01000110100001100000011001011101100110110,41,monotone-growth,579,19,500011,500011,0.9965,1,0,0,,0,0,0,,,n/a,19|0|0|0|0,0.9931,1,0,
01000110100001100000011001011101100111010,41,monotone-growth,579,19,502279,502279,0.9948,1,0,0,,0,0,0,,,n/a,19|0|0|0|0,0.9931,1,0,
01000110100001100000011001011101110011010,41,blowup,44,19,524336,524336,0.6136,1,0,0,,0,0,0,,,n/a,19|0|0|0|0,0.9091,1,0,
01000110100001100000011001011110110011010,41,blowup,41,19,524426,524426,0.5854,1,0,0,,0,0,0,,,n/a,19|0|0|0|0,0.9024,1,0,
01000110100001100000011001100001111101110,41,opaque,20000,18,121530,121824,0.0100,0,0,0,,0,0,0,,,linear(r2=1.000),18|6480|30780|60552|121530,0.9998,1,0,
01000110100001100000011001100101111011010,41,opaque,20000,19,41988,42342,0.0072,0,0,0,,0,0,0,,,linear(r2=1.000),19|2408|10805|20832|41988,0.9998,1,0,
01000110100001100000011001100110011110110,41,opaque,20000,19,141632,141926,0.0100,0,0,0,,0,0,0,,,linear(r2=1.000),19|7517|35832|70565|141632,0.9998,1,0,
01000110100001100000011001111001001110110,41,blowup,41,18,635343,635343,0.5122,1,0,0,,0,0,0,,,n/a,18|0|0|0|0,0.9024,1,0,
01000110100001100000011100001110011111010,41,opaque,20000,18,40709,41018,0.0100,0,0,0,,0,0,0,,,linear(r2=1.000),18|2229|10359|20205|40709,0.9998,1,0,
01000110100001100000011110000111001111010,41,blowup,4993,18,14699,14699,0.0066,1,0,0,,0,0,0,,,linear(r2=0.976),18|3642|0|0|0,0.9992,1,0,step-alloc-cap
01000110100001100001000000011011100111010,41,opaque,20000,19,41988,42339,0.0072,0,0,0,,0,0,0,,,linear(r2=1.000),19|2408|10805|20832|41988,0.9998,1,0,
01000110100001100001000001100011100111010,41,opaque,20000,19,41988,42339,0.0072,0,0,0,,0,0,0,,,linear(r2=1.000),19|2408|10805|20832|41988,0.9998,1,0,
01000110100001100001000001100111110111010,41,opaque,20000,18,33123,33471,0.5036,0,0,0,,0,0,0,,,linear(r2=0.998),18|2178|8247|16692|33123,0.9998,1,0,
01000110100001100001000101100010100111010,41,head-recurrent-other,1956,20,500516,500516,0.5118,1,0,0,00010110001010,239,955,1,256;256,207;207,n/a,20|186586|0|0|0,0.0000,1909,1909,argsz207->207/statesz25324->25324
01000110100001100001000110000011100111010,41,head-recurrent-other,2083,19,500155,500155,0.5113,1,0,0,00011000001110,120,1018,1,256;256,189;189,linear(r2=0.975),19|169712|0|0|0,0.0000,1018,1018,argsz189->189/statesz23044->23044
01000110100001100001000110011000100111010,41,head-recurrent-other,1956,20,500516,500516,0.5118,1,0,0,00011001100010,120,955,1,256;256,207;207,n/a,20|186586|0|0|0,0.0000,955,955,argsz207->207/statesz25324->25324
01000110100001100001001001011000001111010,41,ratchet-candidate,20000,19,1718,3298,0.3362,0,0,0,000000010010010110000000010010010110000000010010010110000000010010010110000000010010010110000000010010010110000000010010010110000000010010010110000000010010010110000000010010010110000000010010010110000000010010010110000000010010010110000000010010010110000000011000010010010110000011110101010101010101010101010101010,3,67,64,651;748;851;960;1075;1196;1323;1456;1595;1740;1891;2048,166;176;186;196;206;216;226;236;246;256;266;276,linear(r2=0.477),19|496|1229|2315|1718,0.0000,3,2,
01000110100001100001001001011000100111010,41,head-recurrent-other,20000,20,83576,83631,0.0288,0,0,0,0010,48,14569,1,662;694,101;13,linear(r2=1.000),20|4369|21278|41739|83576,0.0000,553,552,argsz101->13/statesz3056->2968
01000110100001100001010001100010100111010,41,head-recurrent-other,20000,20,83576,83631,0.0288,0,0,0,0010,40,9437,1,519;545,84;13,linear(r2=1.000),20|4369|21278|41739|83576,0.0000,553,552,argsz84->13/statesz2381->2310
01000110100001100001010010011000001111010,41,ratchet-candidate,20000,19,1718,3298,0.3362,0,0,0,00000001010010011000000001010010011000000001010010011000000001010010011000000001010010011000000001010010011000000001010010011000000001010010011000000001010010011000000001010010011000000001010010011000000001010010011000000001010010011000000001010010011000000001010010011000000001100001010010011000001111010101010101010101010101010101010,3,66,64,742;845;954;1069;1190;1317;1450;1589;1734;1885;2042;2205,176;186;196;206;216;226;236;246;256;266;276;286,linear(r2=0.477),19|496|1229|2315|1718,0.0000,3,3,
01000110100001100001010010011000100111010,41,head-recurrent-other,20000,20,83576,83631,0.0288,0,0,0,0010,49,14569,2,662;691,5;2,linear(r2=1.000),20|4369|21278|41739|83576,0.0000,553,552,argsz5->2/statesz3056->2976
01000110100001100001010100101000001111010,41,ratchet-candidate,20000,19,1718,3298,0.3362,0,0,0,0001010100101000000001010100101000000001010100101000000001010100101000000001010100101000000001010100101000000001010100101000000001010100101000000001010100101000000001010100101000000001010100101000000001010100101000000001010100101000000001010100101000000001010100101000000001100001010100101000001111010101010101010101010101010101010,1,67,64,647;744;847;956;1071;1192;1319;1452;1591;1736;1887;2044,174;184;194;204;214;224;234;244;254;264;274;284,linear(r2=0.477),19|496|1229|2315|1718,0.0000,4,4,
01000110100001100001010100101000100111010,41,head-recurrent-other,20000,20,83576,83631,0.0288,0,0,0,0010,50,14569,2,662;732,2;13,linear(r2=1.000),20|4369|21278|41739|83576,0.0000,554,552,argsz2->13/statesz3056->3127
01000110100001100001010101100000101011010,41,ratchet-candidate,20000,20,1541,3214,0.2527,0,0,0,000101010110000010100001010101100000101000010101011000001010000101010110000010100001010101100000101000011000010101011000001010110101010101010,1,66,64,87;136;193;258;331;412;501;598;703;816;937;1066,81;92;103;114;125;136;147;158;169;180;191;202,linear(r2=0.542),20|568|1350|2084|1541,0.0000,7,2,
01000110100001100001010101100010001011010,41,ratchet-candidate,20000,20,573,823,0.0146,0,0,0,0001100001010101100010001011010,1,24,24,1;2;20;63;139;256;422;645;933;1294;1736;2267,15;26;37;48;59;70;81;92;103;114;125;136,linear(r2=0.730),20|262|337|548|573,0.0000,7,5,
01000110100001100001010101100010110100010,41,head-recurrent-other,20000,20,1198,1582,0.0147,0,0,0,0010,39,14710,2,808;1306,2;103,linear(r2=0.839),20|383|719|813|1198,0.0000,299,280,argsz2->103/statesz268->343
01000110100001100001010110000000001011010,41,ratchet-candidate,20000,20,1862,2738,0.3362,0,0,0,00010101100000000010000101011000000000100001010110000000001000010101100000000010000101011000000000100001010110000000001000010101100000000010000101011000000000100001010110000000001000010101100000000010000110000101011000000000101101010101010101010101010,1,72,64,282;349;422;501;586;677;774;877;986;1101;1222;1349,136;147;158;169;180;191;202;213;224;235;246;257,linear(r2=0.527),20|549|1351|1284|1862,0.0000,5,4,
01000110100001100001010110000010100111010,41,head-recurrent-other,3471,20,500726,500726,0.4342,1,0,0,000010,107,982,1,250;250,3;3,linear(r2=0.975),20|83481|0|0|0,0.0000,1475,1474,argsz3->3/statesz12010->12010
01000110100001100001010110000110001011010,41,ratchet-candidate,20000,20,373,758,0.2010,0,0,0,0001100001010110000110001011010,1,22,22,1;2;23;74;165;306;507;778;1129;1570;2111;2762,15;26;37;48;59;70;81;92;103;114;125;136,linear(r2=0.372),20|207|408|449|373,0.0000,5,5,
01000110100001100001010110001000100111010,41,ratchet-candidate,20000,20,573,823,0.0146,0,0,0,0001100001010110001000100111010,1,24,24,1;2;20;63;139;256;422;645;933;1294;1736;2267,15;26;37;48;59;70;81;92;103;114;125;136,linear(r2=0.730),20|262|337|548|573,0.0000,5,3,
01000110100001100001010110001001001011010,41,ratchet-candidate,20000,20,546,724,0.0313,0,0,0,0001100001010110001001001011010,1,21,21,1;2;27;88;197;366;607;932;1353;1882;2531;3312,15;26;37;48;59;70;81;92;103;114;125;136,linear(r2=0.626),20|200|277|464|546,0.0000,6,5,
01000110100001100001010110001001110100010,41,head-recurrent-other,20000,20,1198,1582,0.0147,0,0,0,0010,38,14710,2,848;1306,2;229,linear(r2=0.839),20|383|719|813|1198,0.0000,297,279,argsz2->229/statesz260->343
01000110100001100001010110001011001001010,41,ratchet-candidate,20000,20,918,1306,0.0797,0,0,0,0001100001010110001011001001010,1,15,15,1;2;29;107;269;556;1017;1709;2697;4054;5861;8207,15;26;40;57;77;100;126;155;187;222;260;301,linear(r2=0.639),20|193|534|511|918,0.0000,7,4,
01000110100001100001010110010000101011010,41,ratchet-candidate,20000,20,1059,1550,0.2149,0,0,0,0001100001010110010000101011010,1,20,20,1;2;30;100;227;426;712;1100;1605;2242;3026;3972,15;26;37;48;59;70;81;92;103;114;125;136,linear(r2=0.576),20|388|337|909|1059,0.0000,7,5,
01000110100001100001010110011000001011010,41,ratchet-candidate,20000,20,425,1333,0.3159,0,0,0,0001100001010110011000001011010,1,19,19,1;2;34;115;263;496;832;1289;1885;2638;3566;4687,15;26;37;48;59;70;81;92;103;114;125;136,exp(r2=0.188),20|475|589|961|425,0.0000,8,3,
01000110100001100001010111000101100111010,41,head-recurrent-other,20000,19,45542,46745,0.0332,0,0,0,0010,20,13130,2,886;19996,14;2,linear(r2=0.134),19|44600|46238|46109|45542,0.0000,28,17,argsz14->2/statesz44399->45554
01000110100001100001010111000111010001110,41,head-recurrent-other,9106,18,535242,535242,0.4005,1,0,0,0001100001010111000111010001110,19,3646,2,1833;8909,14;14,linear(r2=0.827),18|47484|129336|0|0,0.0000,24,11,argsz14->14/statesz150249->428307
01000110100001100001010111001110001101010,41,head-recurrent-other,1795,19,500595,500595,0.5315,1,0,0,0001100001010111001110001101010,97,593,1,210;236,599;84,n/a,19|278541|0|0|0,0.0000,452,452,argsz599->84/statesz68216->68014
01000110100001100001011000000100101111010,41,ratchet-candidate,20000,19,1162,3624,0.4027,0,0,0,0001011000000100100001011000000100100001011000000100100001011000000100100001011000000100100001011000000100100001011000000100100001011000000100100001011000000100100001011000000100100001011000000100100001011000000100100001011000000100100001011000000100100001011000000100100001011000000100100001011000000100100001011000000100100001011000000100100001011000000100100001011000000100100001100001011000000100101111010101010101010101010101010101010101010101010,1,68,64,1073;1184;1300;1421;1547;1678;1814;1955;2101;2252;2408;2569,234;244;254;264;274;284;294;304;314;324;334;344,linear(r2=0.676),19|543|1393|959|1162,0.0000,3,2,
01000110100001100001011000000110011101010,41,head-recurrent-other,5556,20,500204,500204,0.5059,1,0,0,000001100111010,60,2743,3,326;336,7;68,linear(r2=0.971),20|38095|427975|0|0,0.0000,1077,1076,argsz7->68/statesz7172->7440
01000110100001100001011000001001100111010,41,head-recurrent-other,3471,20,500726,500726,0.4342,1,0,0,000010,71,982,1,250;250,3;3,linear(r2=0.975),20|83481|0|0|0,0.0000,983,983,argsz3->3/statesz12010->12010
01000110100001100001011000001111001001010,41,ratchet-candidate,20000,19,4264,9795,0.0729,0,0,0,0001100001011000001111001001010,1,39,39,1;2;7;18;37;66;107;162;233;322;431;562,14;24;37;53;72;94;119;147;178;212;249;289,linear(r2=0.819),19|539|1194|2949|4264,0.0000,3,2,
01000110100001100001011000010000110111010,41,ratchet-candidate,20000,19,1410,3624,0.4027,0,0,0,00010110000100001100001011000010000110000101100001000011000010110000100001100001011000010000110000101100001000011000010110000100001100001011000010000110000101100001000011000010110000100001100001011000010000110000101100001000011000010110000100001100001011000010000110000101100001000011000010110000100001100001011000010000110000101100001000011000010110000100001100001011000010000110000101100001000011000010110000100001100001011000010000110000110000101100001000011011101010101010101010101010101010101010101010101010...TRUNC,1,66,64,1290;1411;1537;1668;1804;1945;2091;2242;2398;2559;2725;2896,254;264;274;284;294;304;314;324;334;344;354;364,linear(r2=0.739),19|543|1393|959|1410,0.0000,3,2,
01000110100001100001011000010010001111010,41,ratchet-candidate,20000,19,1410,3624,0.4027,0,0,0,000100100000010110000100100000010110000100100000010110000100100000010110000100100000010110000100100000010110000100100000010110000100100000010110000100100000011000010110000100100011110101010101010101010,3,80,64,193;244;300;361;427;498;574;655;741;832;928;1029,109;119;129;139;149;159;169;179;189;199;209;219,linear(r2=0.739),19|543|1393|959|1410,0.0000,3,2,
01000110100001100001011000010010100111010,41,head-recurrent-other,20000,20,71047,71114,0.2250,0,0,0,0001001010,40,7750,1,597;630,87;16,linear(r2=1.000),20|4005|18063|36199|71047,0.0000,483,482,argsz87->16/statesz2501->2430
01000110100001100001011000011000100111010,41,ratchet-candidate,20000,20,373,758,0.2010,0,0,0,0001100001011000011000100111010,1,22,22,1;2;23;74;165;306;507;778;1129;1570;2111;2762,15;26;37;48;59;70;81;92;103;114;125;136,linear(r2=0.372),20|207|408|449|373,0.0000,3,3,
01000110100001100001011000100001100111010,41,head-recurrent-other,6071,20,500020,500020,0.2973,1,0,0,0010,58,3403,3,399;438,89;97,linear(r2=0.973),20|33806|371005|0|0,0.0000,862,861,argsz89->97/statesz9378->9758
01000110100001100001011000100100100111010,41,head-recurrent-other,20000,20,86183,86425,0.0290,0,0,0,0010,48,14495,1,639;670,98;13,linear(r2=1.000),20|4759|22001|43946|86183,0.0000,557,556,argsz98->13/statesz3194->3109
01000110100001100001011000100101001011010,41,head-recurrent-other,20000,20,86183,86425,0.0290,0,0,0,0010,49,14495,2,638;668,2;15,linear(r2=1.000),20|4759|22001|43946|86183,0.0000,557,556,argsz2->15/statesz3197->3114
01000110100001100001011000100101110100010,41,head-recurrent-other,20000,20,1198,1582,0.0147,0,0,0,0010,36,14710,2,848;1257,2;133,linear(r2=0.839),20|383|719|813|1198,0.0000,295,278,argsz2->133/statesz260->241
01000110100001100001011000100111001001010,41,head-recurrent-other,20000,20,55085,55282,0.0766,0,0,0,0010,46,18354,2,1069;1232,2;37,linear(r2=0.999),20|3679|15147|28877|55085,0.0000,234,233,argsz2->37/statesz4053->4256
01000110100001100001011000110011100111010,41,head-recurrent-other,220,19,506582,506582,0.6636,1,0,0,0001100001011000110011100111010,1,51,2,1;2,14;37,n/a,19|0|0|0|0,0.0000,119,118,argsz14->37/statesz29->52
01000110100001100001011001000000111011010,41,ratchet-candidate,20000,19,1410,3624,0.4027,0,0,0,00010110010000001110000110000101100100000011101101010,1,88,64,3;14;30;51;77;108;144;185;231;282;338;399,34;44;54;64;74;84;94;104;114;124;134;144,linear(r2=0.555),19|761|1861|959|1410,0.0000,4,2,
01000110100001100001011001000010100111010,41,head-recurrent-other,20000,20,182975,183580,0.2250,0,0,0,000010,41,7750,1,597;630,96;92,linear(r2=1.000),20|9662|45907|92445|182975,0.0000,484,482,argsz96->92/statesz6053->5978
01000110100001100001011001000011000111010,41,ratchet-candidate,20000,19,1410,3624,0.4027,0,0,0,0001011001000011000000101100100001100000010110010000110000001011001000011000000101100100001100000010110010000110000001011001000011000000101100100001100000010110010000110000001011001000011000000101100100001100000010110010000110000001011001000011000000101100100001100000010110010000110000001011001000011000000101100100001100000011000010110010000110001110101010101010101010101010101010101010,1,72,64,699;790;886;987;1093;1204;1320;1441;1567;1698;1834;1975,194;204;214;224;234;244;254;264;274;284;294;304,linear(r2=0.555),19|761|1861|959|1410,0.0000,4,2,
01000110100001100001011001001000001111010,41,ratchet-candidate,20000,19,1410,3624,0.4027,0,0,0,000101100100100000000101100100100000000101100100100000000101100100100000000101100100100000000101100100100000000101100100100000000110000101100100100000111101010101010101010,1,82,64,114;155;201;252;308;369;435;506;582;663;749;840,94;104;114;124;134;144;154;164;174;184;194;204,linear(r2=0.555),19|761|1861|959|1410,0.0000,4,2,
01000110100001100001011001001000100111010,41,head-recurrent-other,20000,20,71047,71114,0.2250,0,0,0,0010,50,15500,2,766;852,2;16,linear(r2=1.000),20|4005|18063|36199|71047,0.0000,484,482,argsz2->16/statesz3200->3274
01000110100001100001011001100000100111010,41,ratchet-candidate,20000,20,1016,1465,0.3205,0,0,0,0001100001011001100000100111010,1,21,21,1;2;25;82;185;346;577;890;1297;1810;2441;3202,15;26;37;48;59;70;81;92;103;114;125;136,linear(r2=0.733),20|411|782|916|1016,0.0000,5,5,
01000110100001100001011001100110000010110,41,head-recurrent-other,20000,20,3346,4563,0.2995,0,0,0,000010,23,6403,1,476;19945,11;14,linear(r2=0.430),20|2673|1133|1758|3346,0.0000,30,27,argsz11->14/statesz2749->2861
01000110100001100001011001110011000111010,41,head-recurrent-other,230,19,530962,530962,0.5478,1,0,0,0001100001011001110011000111010,15,63,2,85;158,100;15,n/a,19|0|0|0|0,0.0000,21,16,argsz100->15/statesz80080->92853
01000110100001100001011100010011100111010,41,head-recurrent-other,20000,19,45542,46745,0.0332,0,0,0,0010,17,13130,2,935;19956,14;2,linear(r2=0.134),19|44600|46238|46109|45542,0.0000,20,14,argsz14->2/statesz44675->45611
01000110100001100001011100011000011110110,41,ratchet-candidate,1148,18,580517,580517,0.5296,1,0,0,0001100001011100011000011110110,1,11,11,1;2;12;37;83;156;262;407;597;838;1136,13;34;76;160;328;664;1336;2680;5368;10744;21496,n/a,18|86562|0|0|0,0.0000,11,11,
01000110100001100001011100011001011101010,41,head-recurrent-other,495,19,501386,501386,0.5677,1,0,0,0001100001011100011001011101010,38,58,1,268;281,6606;2940,n/a,19|0|0|0|0,0.0000,57,57,argsz6606->2940/statesz168864->117544
01000110100001100001011100011001100111010,41,head-recurrent-other,703,19,505916,505916,0.5605,1,0,0,0001100001011100011001100111010,28,76,1,267;312,1829;1466,n/a,19|0|0|0|0,0.0000,53,53,argsz1829->1466/statesz65455->66020
01000110100001100001011100101100000101010,41,head-recurrent-other,20000,20,51830,64599,0.1998,0,0,0,000010,22,8003,2,616;19992,3;3,exp(r2=0.315),20|3997|13077|42166|51830,0.0000,35,23,argsz3->3/statesz2740->51810
01000110100001100001011100101100010100010,41,head-recurrent-other,20000,20,75823,98447,0.0722,0,0,0,0010,30,17471,2,2565;19955,89;2,exp(r2=0.267),20|5171|95217|88771|75823,0.0000,40,20,argsz89->2/statesz98340->75923
01000110100001100001011100101110001101010,41,head-recurrent-other,130,19,587470,587470,0.6077,1,0,0,0001100001011100101110001101010,61,46,1,113;126,3153;85,n/a,19|0|0|0|0,0.0000,63,59,argsz3153->85/statesz412500->482169
01000110100001100001011100110011100011010,41,head-recurrent-other,63,19,528268,528268,0.7302,1,0,0,0001100001011100110011100011010,1,20,2,1;2,14;37,n/a,19|0|0|0|0,0.0000,47,47,argsz14->37/statesz29->52
01000110100001100001011100111000110011010,41,head-recurrent-other,335,19,507414,507414,0.6030,1,0,0,0001100001011100111000110011010,69,121,1,297;331,4165;84,n/a,19|0|0|0|0,0.0000,70,69,argsz4165->84/statesz440612->467818
01000110100001100001011100111001100010110,41,head-recurrent-other,20000,19,4379,5483,0.0738,0,0,0,0010,23,16154,2,1269;19988,2;14,linear(r2=0.163),19|1280|4907|4643|4379,0.0000,33,26,argsz2->14/statesz4460->4325
01000110100001100001100000011001111101110,41,opaque,20000,18,23841,24921,0.6686,0,0,0,,0,0,0,,,linear(r2=0.984),18|1485|5544|12471|23841,0.9997,1,0,
01000110100001100001100001011000001111010,41,ratchet-candidate,20000,19,1262,2846,0.5025,0,0,0,000101100000000101100000000101100000000101100000000101100000000101100000000101100000000101100000000101100000000101100000000101100000000101100000000101100000000101100000000101100000000101100000000101100000000101100000000101100000000101100000000101100000000101100000000101100000000101100000000101100000000101100000000101100000000101100000000101100000000101100000000101100000000110000101100000111101010101010101010101010101010101010101010101010101010101010101010,1,69,64,1895;2024;2157;2294;2435;2580;2729;2882;3039;3200;3365;3534,235;242;249;256;263;270;277;284;291;298;305;312,linear(r2=0.412),19|494|1292|1082|1262,0.0000,3,1,
01000110100001100001100001011000100111010,41,head-recurrent-other,20000,20,83732,83769,0.0352,0,0,0,0010,48,12750,1,490;513,71;10,linear(r2=1.000),20|4436|21335|41900|83732,0.0000,679,678,argsz71->10/statesz2324->2263
01000110100001100001100001011100011110110,41,ratchet-candidate,20000,18,2306,8184,0.6018,0,0,0,00011000010111000000110000101110000001100001011100000011000010111000000110000101110000001100001100001011100011110110110110110110110,1,88,64,57;88;124;165;211;262;318;379;445;516;592;673,67;76;85;94;103;112;121;130;139;148;157;166,exp(r2=0.435),18|546|1266|864|2306,0.0000,2,2,
01000110100001100001100001111001110001110,41,ratchet-candidate,152,18,517053,517053,0.5658,1,0,0,0001100001100001111001110001110,1,6,6,1;2;6;17;43;100,13;22;64;298;2470;39694,n/a,18|0|0|0|0,0.0000,5,1,
01000110100001100001100101011000001011010,41,head-recurrent-other,1870,20,500296,500296,0.6064,1,0,0,000010,59,368,1,291;291,148;148,n/a,20|203304|0|0|0,0.0000,371,369,argsz148->148/statesz35464->35464
01000110100001100001100101011000111010110,41,head-recurrent-other,128,19,544435,544435,0.7734,1,0,0,BIG:5879,58,15,1,119;119,15;15,n/a,19|0|0|0|0,0.0000,60,59,argsz15->15/statesz391540->391540
01000110100001100001100101011100011101010,41,head-recurrent-other,124,19,544819,544819,0.7742,1,0,0,0001100001100101011100011101010,1,16,2,1;2,14;37,n/a,19|0|0|0|0,0.0000,58,57,argsz14->37/statesz29->52
01000110100001100001100101100000100111010,41,head-recurrent-other,1870,20,500296,500296,0.6064,1,0,0,000010,60,368,1,301;301,148;148,n/a,20|203304|0|0|0,0.0000,370,369,argsz148->148/statesz37362->37362
01000110100001100001100101100011100111010,41,head-recurrent-other,145,19,507948,507948,0.8138,1,0,0,0001100001100101100011100111010,1,14,2,1;2,14;37,n/a,19|0|0|0|0,0.0000,55,55,argsz14->37/statesz29->52
01000110100001100001100101110000110001010,41,ratchet-candidate,20000,20,3248,3651,0.1447,0,0,0,000110010100011001010001100001100101110000110001010000110001010000110001010,1,54,54,4;14;38;76;128;194;274;368;476;598;734;884,59;92;125;158;191;224;257;290;323;356;389;422,linear(r2=0.776),20|613|1438|1889|3248,0.0000,6,5,
01000110100001100001100101110001100111010,41,head-recurrent-other,137,19,508106,508106,0.8175,1,0,0,0001100001100101110001100111010,43,14,1,110;113,2936;2935,n/a,19|0|0|0|0,0.0000,53,53,argsz2936->2935/statesz247283->253162
01000110100001100001100101110011000110110,41,head-recurrent-other,61,19,590091,590091,0.6721,1,0,0,BIG:2781,15,15,1,40;46,5565;2782,n/a,19|0|0|0|0,0.0000,17,15,argsz5565->2782/statesz156959->148610
01000110100001100001100101110011100011010,41,ratchet-candidate,334,19,522920,522920,0.5719,1,0,0,0001100001100101110011100011010,31,4,4,174;178;184;195,84;247;674;4734,n/a,19|0|0|0|0,0.0000,41,40,
01000110100001100001100110000001100111010,41,head-recurrent-other,3656,20,500310,500310,0.5057,1,0,0,000001100111010,68,1805,3,337;347,7;108,linear(r2=0.967),20|69011|0|0|0,0.0000,844,843,argsz7->108/statesz12930->13358
01000110100001100001100110010111000111010,41,head-recurrent-other,136,19,507041,507041,0.8162,1,0,0,0001100001100110010111000111010,1,14,2,1;2,14;37,n/a,19|0|0|0|0,0.0000,52,51,argsz14->37/statesz29->52
01000110100001100001100110011100111000110,41,ratchet-candidate,431,19,516031,516031,0.5708,1,0,0,0001100001100110011100111000110,32,5,4,297;301;307;319,84;247;674;4719,n/a,19|0|0|0|0,0.0000,38,35,
01000110100001100001100111001011000001010,41,head-recurrent-other,170,20,576722,576722,0.4471,1,0,0,000010,15,47,1,133;160,3135;3135,n/a,20|0|0|0|0,0.0000,19,11,argsz3135->3135/statesz306763->278512
01000110100001100001100111001011000111010,41,head-recurrent-other,131,19,501015,501015,0.8168,1,0,0,0001100001100111001011000111010,1,14,2,1;2,14;37,n/a,19|0|0|0|0,0.0000,50,49,argsz14->37/statesz29->52
01000110100001100001100111001110011000110,41,head-recurrent-other,69,19,675734,675734,0.6957,1,0,0,BIG:2781,15,15,1,48;54,5565;2782,n/a,19|0|0|0|0,0.0000,16,14,argsz5565->2782/statesz239828->231479
01000110100001100001110000001100111110110,41,opaque,20000,18,60594,63078,0.0141,0,0,0,,0,0,0,,,linear(r2=1.000),18|3075|15060|29727|60594,0.9997,1,0,
01000110100001100001110000001111100111010,41,blowup,152,18,133939,133948,0.1974,1,0,0,,0,0,0,,,n/a,18|0|0|0|0,0.9608,1,0,step-alloc-cap
01000110100001100001110000110011110001110,41,ratchet-candidate,20000,18,9635,15036,0.2217,0,0,0,0001000100011000011100001100111100011100001100100011000011100001100111100011100011100001100100010001100001110000110011110001110000110010001100001110000110011110001110001110001110,1,65,64,11;39;76;122;177;241;314;396;487;587;696;814,187;223;259;295;331;367;403;439;475;511;547;583,linear(r2=0.557),18|2120|2576|4484|9635,0.0000,3,2,
01000110100001100001110000111100111000110,41,ratchet-candidate,50,18,549864,549864,0.4000,1,0,0,0001100001110000111100111000110,1,4,4,1;2;4;6,13;34;94;274,n/a,18|0|0|0|0,0.0000,11,10,
01000110100001100001110010101100010001010,41,ratchet-candidate,20000,20,86864,104585,0.0565,0,0,0,0001100001110010101100010001010,1,6,6,1;2;4;35;310;3197,15;26;81;389;3249;52265,linear(r2=0.339),20|5866|102696|97284|86864,0.0000,37,21,
01000110100001100001110010101110001011010,41,head-recurrent-other,20000,19,184412,186314,0.0202,0,0,0,0010,31,13574,2,4398;19980,2;2,linear(r2=0.510),19|30050|186110|185372|184412,0.0000,40,26,argsz2->2/statesz183575->184463
01000110100001100001110010101110001101010,41,head-recurrent-other,157,19,502437,502437,0.5860,1,0,0,0001100001110010101110001101010,59,54,2,126;142,1698;16335,n/a,19|0|0|0|0,0.0000,68,68,argsz1698->16335/statesz266657->409175
01000110100001100001110010110000000001010,41,ratchet-candidate,19733,20,836548,836548,0.2026,1,0,0,0001100001110010110000000001010,1,6,6,1;2;4;18;126;1222,15;26;81;389;3249;52265,exp(r2=0.177),20|4092|93943|79896|0,0.0000,25,1,
01000110100001100001110010110000110001010,41,ratchet-candidate,20000,20,91334,104636,0.0608,0,0,0,0001100001110010110000110001010,1,6,6,1;2;4;42;390;4078,15;26;81;389;3249;52265,linear(r2=0.465),20|5986|103831|99660|91334,0.0000,25,15,
01000110100001100001110010111000100111010,41,head-recurrent-other,20000,19,184412,186314,0.0202,0,0,0,0010,27,13574,2,4439;19980,131;2,linear(r2=0.510),19|30050|186110|185372|184412,0.0000,31,24,argsz131->2/statesz185915->184463
01000110100001100001110010111001100010110,41,ratchet-candidate,20000,19,2438,3662,0.0638,0,0,0,0001100001110010111001100010110,1,4,4,1;2;4;10412,14;50;191;581,linear(r2=0.540),19|1691|1556|1019|2438,0.0000,17,9,
01000110100001100001110011001011100011010,41,head-recurrent-other,40,19,599398,599398,0.8250,1,0,0,0001100001110011001011100011010,1,12,3,1;4,14;267,n/a,19|0|0|0|0,0.0000,22,21,argsz14->267/statesz29->282
01000110100001100001110011001100111000110,41,head-recurrent-other,53,19,541119,541119,0.7925,1,0,0,0001100001110011001100111000110,1,19,3,1;4,14;267,n/a,19|0|0|0|0,0.0000,24,23,argsz14->267/statesz29->282
01000110100001100001110011100001100011110,41,head-recurrent-other,20000,18,7196,27624,0.2228,0,0,0,0001100001110011100001100011110,5,4455,2,338;19994,17;14,linear(r2=0.689),18|746|4425|9144|7196,0.0000,9,5,argsz17->14/statesz1140->6648
01000110100001100001110011100001110001110,41,head-recurrent-other,71,18,543041,543041,0.6338,1,0,0,0001100001110011100001110001110,14,26,2,54;67,5389;87931,n/a,18|0|0|0|0,0.0000,15,15,argsz5389->87931/statesz75760->323386
01000110100001100001110011100101110001010,41,head-recurrent-other,20000,19,61751,62840,0.0355,0,0,0,0010,18,14001,2,547;19996,65;68,linear(r2=0.128),19|62483|62354|61976|61751,0.0000,22,18,argsz65->68/statesz62702->61760
01000110100001100001110011100111001100010,41,head-recurrent-other,20000,19,3170,3704,0.0832,0,0,0,0010,13,16599,2,26;19988,98;32,exp(r2=0.130),19|3368|3359|3149|3170,0.0000,20,16,argsz98->32/statesz3686->3185
01000110100001100100000101100000111101010,41,ratchet-candidate,20000,19,1693,3295,0.3361,0,0,0,0001011000000100000101100000111101001000001011000001111010010000010110000011110100100000101100000111101001000001011000001111010000110010000010110000011110101010,1,76,64,99;142;191;246;307;374;447;526;611;702;799;902,84;94;104;114;124;134;144;154;164;174;184;194,linear(r2=0.349),19|496|796|2315|1693,0.0000,3,2,
01000110100001100100000101100010011101010,41,head-recurrent-other,20000,20,83576,83628,0.0288,0,0,0,0010,40,9437,1,519;545,84;13,linear(r2=1.000),20|4369|21278|41739|83576,0.0000,553,552,argsz84->13/statesz2381->2310
01000110100001100100000101100011101000110,41,ratchet-candidate,20000,19,1693,3295,0.3361,0,0,0,000101100000010000010110001110100001000001011000111010000100000101100011101000010000010110001110100001000001011000111010000100000101100011101000010000010110001110100001000001011000111010000100000101100011101000010000010110001110100001000001011000111010000100000101100011101000010000010110001110100001000001011000111010000100000101100011101000000110010000010110001110100011010,1,66,64,739;842;951;1066;1187;1314;1447;1586;1731;1882;2039;2202,184;194;204;214;224;234;244;254;264;274;284;294,linear(r2=0.349),19|496|796|2315|1693,0.0000,3,2,
01000110100001100100000101101101000001110,41,ratchet-candidate,20000,19,1693,3295,0.3361,0,0,0,000101100000010000010110110100000010000010110110100000010000010110110100000010000010110110100000010000010110110100000010000010110110100000010000010110110100000010000010110110100000010000010110110100000010000010110110100000010000010110110100000010000010110110100000010000010110110100000010000010110110100000000110010000010110110100000111010,1,67,64,648;745;848;957;1072;1193;1320;1453;1592;1737;1888;2045,174;184;194;204;214;224;234;244;254;264;274;284,linear(r2=0.349),19|496|796|2315|1693,0.0000,3,2,
01000110100001100100010110001010010011010,41,ratchet-candidate,20000,20,62132,102359,0.1825,0,0,0,0001100100010110001010010011010,1,11,11,1;2;14;48;126;292;634;1328;2726;5532;11154,15;40;90;190;390;790;1590;3190;6390;12790;25590,linear(r2=0.658),20|4684|15213|30844|62132,0.0000,23,11,
01000110100001100100011000000110011101010,41,head-recurrent-other,3681,20,500208,500208,0.4895,1,0,0,000001100111010,57,1758,3,315;325,7;109,linear(r2=0.967),20|68560|0|0|0,0.0000,822,820,argsz7->109/statesz11368->11800
01000110100001100100011000110010011000110,41,ratchet-candidate,20000,19,98181,235480,0.4004,0,0,0,0001100100011000110010011000110,1,12,12,1;2;8;24;60;136;292;608;1244;2520;5076;10192,14;37;83;175;359;727;1463;2935;5879;11767;23543;47095,linear(r2=0.568),19|8155|24265|48895|98181,0.0000,13,6,
01000110100001100100011010000001100111010,41,head-recurrent-other,3501,20,500070,500070,0.5059,1,0,0,000001100111010,2,1728,3,4;11,7;20,linear(r2=0.971),20|77097|0|0|0,0.0000,844,843,argsz7->20/statesz28->70
01000110100001100100011010000001110011010,41,blowup,92,20,524314,524314,0.5761,1,0,0,,0,0,0,,,n/a,20|0|0|0|0,0.9239,2,0,
01000110100001100100100001011000001111010,41,ratchet-candidate,20000,19,1693,3295,0.3361,0,0,0,0001011000000100100001011000000100100001011000000100100001011000000100100001011000000100100001011000000100100001011000000100100001011000000100100001011000000100100001011000000100100001011000000100100001011000000100100001011000000100100001011000000100100001011000000100100001011000000100100001011000000100100001011000000001100100100001011000001111010101010101010101010101010101010101010,1,64,64,939;1054;1175;1302;1435;1574;1719;1870;2027;2190;2359;2534,204;214;224;234;244;254;264;274;284;294;304;314,linear(r2=0.349),19|496|796|2315|1693,0.0000,3,2,
01000110100001100100100001011000100111010,41,head-recurrent-other,20000,20,83576,83628,0.0288,0,0,0,0010,49,14569,2,661;691,100;2,linear(r2=1.000),20|4369|21278|41739|83576,0.0000,553,552,argsz100->2/statesz3058->2976
01000110100001100100100110000001100111010,41,head-recurrent-other,3681,20,500208,500208,0.4895,1,0,0,000001100111010,57,1758,3,315;325,7;109,linear(r2=0.967),20|68560|0|0|0,0.0000,822,820,argsz7->109/statesz11368->11800
01000110100001100101001010000001100111010,41,head-recurrent-other,3681,20,500208,500208,0.4895,1,0,0,000001100111010,57,1758,3,315;325,7;109,linear(r2=0.967),20|68560|0|0|0,0.0000,823,820,argsz7->109/statesz11368->11800
01000110100001100101100000000101110101010,41,head-recurrent-other,10549,20,524467,524467,0.4305,1,0,0,00000001011101010,40,3004,2,1702;6096,8;3190,linear(r2=0.916),20|40715|211689|475229|0,0.0000,66,46,argsz8->3190/statesz95656->236548
01000110100001100101100000000110011101010,41,ratchet-candidate,1428,20,510774,510774,0.3768,1,0,0,000001100111010,34,11,6,604;629;711;781;839;867,15;90;190;390;790;1590,n/a,20|209665|0|0|0,0.0000,61,41,
01000110100001100101100000010110110111010,41,head-recurrent-other,20000,19,315032,315623,0.0100,0,0,0,0001100101100000010110110111010,31,200,2,479;482,104;320,linear(r2=1.000),19|17756|82532|162158|315032,0.0000,201,200,argsz104->320/statesz8945->9245
01000110100001100101100000011001111011010,41,head-recurrent-other,20000,19,156857,157427,0.0114,0,0,0,00000110010001100101100000011001111011010110,39,337,2,371;403,56;176,linear(r2=1.000),19|9272|41528|80888|156857,0.0000,337,336,argsz56->176/statesz3944->4178
01000110100001100101100000011100111101010,41,ratchet-candidate,20000,19,103067,103079,0.1430,0,0,0,00010101000001110010001100101100000011100111101010100000011100100000111001000110010110000001110011110101010100000011100100011001011000000111001111010101001000110010110000001110011110101010,2,2857,64,5;12;19;26;33;40;47;54;61;68;75;82,14;50;86;122;158;194;230;266;302;338;374;410,linear(r2=1.000),19|5369|25916|51671|103067,0.0000,4,3,
01000110100001100101100000011110011101010,41,head-recurrent-other,371,19,507893,507893,0.2183,1,0,0,0001100101100000011110011101010,29,80,2,137;151,425;2990,n/a,19|0|0|0|0,0.0000,75,73,argsz425->2990/statesz58496->68756
01000110100001100101100000100001100111010,41,ratchet-candidate,1428,20,510774,510774,0.1225,1,0,0,0010,34,11,6,604;629;711;781;839;867,20;95;195;395;795;1595,n/a,20|209665|0|0|0,0.0000,61,41,
01000110100001100101100010000001100111010,41,ratchet-candidate,4249,20,500240,500240,0.3222,1,0,0,000001100111010,5,4,4,29;56;59;62,7;10;56;67,linear(r2=0.971),20|56889|0|0|0,0.0000,649,647,
01000110100001100101100010000001110011010,41,blowup,248,20,524364,524364,0.2177,1,0,0,,0,0,0,,,n/a,20|0|0|0|0,0.9597,4,0,
01000110100001100110000000011001111101110,41,opaque,20000,18,80334,83094,0.0141,0,0,0,,0,0,0,,,linear(r2=1.000),18|4005|19890|39429|80334,0.9997,2,0,
01000110100001100110000001001001100111010,41,head-recurrent-other,4446,20,500302,500302,0.3394,1,0,0,000001001001100111010,57,1469,3,419;434,10;136,linear(r2=0.968),20|51353|0|0|0,0.0000,682,681,argsz10->136/statesz13534->14071
01000110100001100110000001010010100111010,41,ratchet-candidate,4446,20,500302,500302,0.3394,1,0,0,0010,57,4,4,421;430;433;436,10;136;147;273,linear(r2=0.968),20|51353|0|0|0,0.0000,682,681,
01000110100001100110000001010110110111010,41,head-recurrent-other,5477,19,500378,500378,0.5092,1,0,0,0001100110000001010110110111010,1,100,2,1;2,14;37,linear(r2=0.984),19|51478|440574|0|0,0.0000,2884,2883,argsz14->37/statesz29->52
01000110100001100110000001010111101011010,41,head-recurrent-other,3227,19,500052,500052,0.5197,1,0,0,0001100110000001010111101011010,1,126,2,1;2,14;37,linear(r2=0.983),19|99272|0|0|0,0.0000,1650,1649,argsz14->37/statesz29->52
01000110100001100110000001011000100110110,41,ratchet-candidate,20000,20,15571,15599,0.0293,0,0,0,00010110001001100010,18,18,4,11262;11952;13017;13398,21;35;77;161,linear(r2=0.987),20|1034|4369|7963|15571,0.0000,27,25,
01000110100001100110000001011001110101110,41,head-recurrent-other,1405,19,500659,500659,0.5125,1,0,0,00000101100111010000001011001110100001100110000001011001110101110,172,600,1,256;256,238;238,n/a,19|301209|0|0|0,0.0000,1013,1012,argsz238->238/statesz37564->37564
01000110100001100110000001011001111010110,41,head-recurrent-other,575,19,503630,503630,0.5530,1,0,0,000001011001000110011000000101100111101011010110,131,69,1,253;253,622;622,n/a,19|0|0|0|0,0.0000,308,307,argsz622->622/statesz46649->46649
01000110100001100110000001011011001111010,41,head-recurrent-other,4315,19,500230,500230,0.5078,1,0,0,,0,100,0,,,linear(r2=0.974),19|59764|0|0|0,0.0000,1097,1096,head-not-lam
01000110100001100110000001011100111101010,41,head-recurrent-other,2005,19,501705,501705,0.6259,1,0,0,0001100110000001011100111101010,1,504,2,1;2,14;37,linear(r2=0.990),19|205715|0|0|0,0.0000,996,996,argsz14->37/statesz29->52
01000110100001100110000001011101001111010,41,head-recurrent-other,1945,19,500017,500017,0.5568,1,0,0,0001100110000001011101001111010,1,220,2,1;2,14;37,n/a,19|185863|0|0|0,0.0000,722,722,argsz14->37/statesz29->52
01000110100001100110000001011110011101010,41,head-recurrent-other,288,19,501783,501783,0.6250,1,0,0,0001100110000001011110011101010,139,71,2,256;259,22;5083,n/a,19|0|0|0|0,0.0000,156,156,argsz22->5083/statesz378176->383237
01000110100001100110000001011110100110110,41,head-recurrent-other,1019,19,501551,501551,0.5505,1,0,0,0001100110000001011110100110110,117,102,2,279;282,22;533,n/a,19|490170|0|0|0,0.0000,460,460,argsz22->533/statesz68383->68948
01000110100001100110000001011110100111010,41,head-recurrent-other,225,19,536867,536867,0.6178,1,0,0,0001100110000001011110100111010,80,52,2,214;217,22;6876,n/a,19|0|0|0|0,0.0000,82,81,argsz22->6876/statesz399433->406341
01000110100001100110000001100001111101110,41,head-recurrent-other,20000,18,76101,80393,0.0139,0,0,0,0001100110000001100001111101110,1,6,2,1;20,13;27,linear(r2=1.000),18|3497|18758|37836|76101,0.9989,3,0,argsz13->27/statesz27->41
01000110100001100110000001100100100111010,41,head-recurrent-other,4357,20,500308,500308,0.3016,1,0,0,0010,57,1766,3,452;461,21;327,linear(r2=0.969),20|54606|0|0|0,0.0000,591,590,argsz21->327/statesz16295->16935
01000110100001100110000001100101001011010,41,head-recurrent-other,4357,20,500308,500308,0.3016,1,0,0,0010,58,1766,2,452;461,10;149,linear(r2=0.969),20|54606|0|0|0,0.0000,592,590,argsz10->149/statesz16295->16935
01000110100001100110000001100101101101110,41,head-recurrent-other,3874,19,500231,500231,0.5129,1,0,0,000001100101101100000011001011011000000110010110110000001100101101100001100110000001100101101101110,45,255,2,164;178,124;248,linear(r2=0.984),19|83998|0|0|0,0.0000,908,905,argsz124->248/statesz10878->11476
01000110100001100110000001100101111010110,41,head-recurrent-other,756,19,511224,511224,0.5516,1,0,0,0001100110000001100101111010110,40,77,1,287;326,22;22,n/a,19|0|0|0|0,0.0000,76,67,argsz22->22/statesz64061->81066
01000110100001100110000001100101111011010,41,head-recurrent-other,2149,19,500315,500315,0.5095,1,0,0,000001100101000110011000000110010111101101011010,6,40,2,21;25,30;69,linear(r2=0.979),19|168055|0|0|0,0.0000,371,370,argsz30->69/statesz1038->1293
01000110100001100110000001100110011110110,41,head-recurrent-other,2885,19,500785,500785,0.5165,1,0,0,000001100110010001100110000001100110011110110110,70,140,1,298;300,117;117,linear(r2=0.981),19|112685|0|0|0,0.0000,706,705,argsz117->117/statesz21852->21985
01000110100001100110000001100111001001010,41,ratchet-candidate,6789,20,501140,501140,0.0977,1,0,0,000001100111001001010,47,4,4,628;645;658;662,10;16;282;329,linear(r2=0.985),20|38306|332009|0|0,0.0000,286,284,
01000110100001100110000001100111001111010,41,head-recurrent-other,2076,19,500916,500916,0.5838,1,0,0,0001100110000001100111001111010,57,347,2,255;262,91;221,linear(r2=0.979),19|177916|0|0|0,0.0000,467,465,argsz91->221/statesz26111->26907
01000110100001100110000001100111100111010,41,head-recurrent-other,430,19,507779,507779,0.5512,1,0,0,000001100100011001100000011001111001110100111010,69,67,2,259;261,879;1697,n/a,19|0|0|0|0,0.0000,118,116,argsz879->1697/statesz127922->129635
01000110100001100110000001110010110110110,41,opaque,20000,19,300322,300325,0.5001,0,0,0,,0,0,0,,,linear(r2=1.000),19|15322|75322|150322|300322,0.9996,2,0,
01000110100001100110000001110010111010110,41,opaque,20000,19,300452,300455,0.5001,0,0,0,,0,0,0,,,linear(r2=1.000),19|15452|75452|150452|300452,0.9996,2,0,
01000110100001100110000001110011001110110,41,opaque,20000,19,400142,400145,0.5001,0,0,0,,0,0,0,,,linear(r2=1.000),19|20142|100142|200142|400142,0.9996,2,0,
01000110100001100110000001110011001111010,41,blowup,320,19,521617,521617,0.5625,1,0,0,,0,0,0,,,n/a,19|0|0|0|0,0.9719,2,0,
01000110100001100110000001110011100111010,41,blowup,478,19,503368,503368,0.5084,1,0,0,,0,0,0,,,n/a,19|0|0|0|0,0.9812,2,0,
01000110100001100110000001111001100110110,41,head-recurrent-other,184,19,500119,500119,0.6304,1,0,0,0001100110000001111001100110110,1,47,3,1;6,14;221,n/a,19|0|0|0|0,0.0000,68,66,argsz14->221/statesz29->236
01000110100001100110000001111001100111010,41,head-recurrent-other,129,19,659416,659416,0.6357,1,0,0,0001100110000001111001100111010,1,34,3,1;6,14;221,n/a,19|0|0|0|0,0.0000,41,39,argsz14->221/statesz29->236
01000110100001100110000100000110011101010,41,head-recurrent-other,4447,20,500299,500299,0.3393,1,0,0,000100000110011101010,57,1469,3,419;434,10;136,linear(r2=0.968),20|50982|0|0|0,0.0000,682,681,argsz10->136/statesz13534->14071
01000110100001100110000100100001100111010,41,head-recurrent-other,4447,20,500299,500299,0.3393,1,0,0,000100100001100111010,57,1469,3,419;434,10;136,linear(r2=0.968),20|50982|0|0|0,0.0000,682,681,argsz10->136/statesz13534->14071
01000110100001100110000101011000001011010,41,head-recurrent-other,20000,20,11352,11682,0.0365,0,0,0,000010,42,6536,1,2009;2518,3;3,linear(r2=0.965),20|2014|4969|7211|11352,0.0000,84,83,argsz3->3/statesz3204->2997
01000110100001100110000101100000100111010,41,head-recurrent-other,20000,20,11352,11682,0.0365,0,0,0,000010,28,6536,1,2009;2518,3;3,linear(r2=0.965),20|2014|4969|7211|11352,0.0000,56,55,argsz3->3/statesz3204->2997
01000110100001100110000101110001100111010,41,head-recurrent-other,890,19,509750,509750,0.5551,1,0,0,0001100110000101110001100111010,22,91,1,188;283,1342;1337,n/a,19|0|0|0|0,0.0000,54,51,argsz1342->1337/statesz19844->23159
01000110100001100110000101110011100011010,41,head-recurrent-other,8121,19,500233,500233,0.5223,1,0,0,0001100110000101110011100011010,58,2762,1,308;355,425;593,linear(r2=0.998),19|77022|300944|0|0,0.0000,310,310,argsz425->593/statesz30664->30623
01000110100001100110000110000001100111010,41,head-recurrent-other,4124,20,500205,500205,0.4760,1,0,0,000001100111010,57,1919,3,411;438,7;109,linear(r2=0.959),20|49413|0|0|0,0.0000,822,820,argsz7->109/statesz11137->11797
01000110100001100110000110010111000111010,41,head-recurrent-other,170,19,509192,509192,0.7824,1,0,0,0001100110000110010111000111010,1,19,2,1;2,14;50,n/a,19|0|0|0|0,0.0000,49,48,argsz14->50/statesz29->65
01000110100001100110000110011100111000110,41,ratchet-candidate,679,19,505626,505626,0.5493,1,0,0,0001100110000110011100111000110,25,5,4,259;263;269;281,78;231;632;1682,n/a,19|0|0|0|0,0.0000,36,34,
01000110100001100110000111001011000001010,41,head-recurrent-other,20000,20,462286,462735,0.1477,0,0,0,000010,38,7968,2,1359;19985,64;3,linear(r2=0.285),20|24396|408944|396882|462286,0.0000,50,31,argsz64->3/statesz286188->462600
01000110100001100110000111001011100011010,41,head-recurrent-other,146,19,505759,505759,0.6301,1,0,0,0001100110000111001011100011010,25,55,2,69;83,2186;6219,n/a,19|0|0|0|0,0.0000,41,39,argsz2186->6219/statesz168705->200969
01000110100001100110000111001100111000110,41,head-recurrent-other,80,19,604258,604258,0.7250,1,0,0,0001100110000111001100111000110,32,26,2,65;79,78;63485,n/a,19|0|0|0|0,0.0000,33,32,argsz78->63485/statesz331261->413809
01000110100001100110010000000110011101010,41,head-recurrent-other,1802,20,500738,500738,0.3430,1,0,0,00000001100111010,48,592,3,349;364,15;40,n/a,20|193139|0|0|0,0.0000,266,264,argsz15->40/statesz34846->36721
01000110100001100110010001011000101000110,41,head-recurrent-other,20000,20,3528,3945,0.5006,0,0,0,0001100110010001011000101000110,16,5015,2,1499;19996,16;43,linear(r2=0.735),20|1823|2493|3022|3528,0.0000,24,17,argsz16->43/statesz2147->3519
01000110100001100110010001100011001001010,41,head-recurrent-other,20000,20,3302,3749,0.4007,0,0,0,0010,16,7992,2,1229;19993,15;33,linear(r2=0.683),20|1640|2277|2781|3302,0.0000,23,17,argsz15->33/statesz1907->3291
01000110100001100110010010000001100111010,41,head-recurrent-other,4447,20,500299,500299,0.3393,1,0,0,0010,58,1469,1,419;434,7;7,linear(r2=0.968),20|50982|0|0|0,0.0000,683,681,argsz7->7/statesz13534->14071
01000110100001100110010110000001100011010,41,head-recurrent-other,20000,20,74915,77497,0.6004,0,0,0,0001100110010110000001100011010,15,8010,2,595;19994,16;6,linear(r2=0.933),20|8790|29502|36262|74915,0.0000,25,13,argsz16->6/statesz9158->74689
01000110100001100110011000000001100111010,41,head-recurrent-other,1892,20,501837,501837,0.4059,1,0,0,00000001100111010,7,562,1,49;140,26;49,n/a,20|132336|0|0|0,0.0000,186,184,argsz26->49/statesz805->2189
01000110100001100110011000000101101101110,41,head-recurrent-other,20000,19,286481,286646,0.0098,0,0,0,00000101101100001100110011000000101101101110,73,199,2,325;332,68;212,linear(r2=1.000),19|12032|68381|137021|286481,0.0000,769,768,argsz68->212/statesz3596->3776
01000110100001100110011000000110011110110,41,head-recurrent-other,20000,19,157742,158303,0.0115,0,0,0,00000110010001100110011000000110011110110110,39,338,2,374;406,56;176,linear(r2=1.000),19|9365|41909|81485|157742,0.0000,336,335,argsz56->176/statesz3938->4172
01000110100001100110011000000111001111010,41,head-recurrent-other,2232,19,501503,501503,0.2760,1,0,0,0001100110011000000111001111010,62,615,2,317;345,62;362,linear(r2=1.000),19|194213|0|0|0,0.0000,407,407,argsz62->362/statesz45338->46742
01000110100001100110011000000111100111010,41,head-recurrent-other,404,19,519872,519872,0.2822,1,0,0,0001100110011000000111100111010,66,113,3,305;319,20;9749,n/a,19|0|0|0|0,0.0000,84,83,argsz20->9749/statesz277295->289955
01000110100001100110011000010110000010110,41,head-recurrent-other,20000,20,15250,15259,0.2357,0,0,0,0001100110011000010110000010110,18,4714,3,395;19959,3;3,linear(r2=0.618),20|3605|7552|10436|15250,0.0000,37,22,argsz3->3/statesz2313->15058
01000110100100000110000001100111101100010,41,opaque,20000,19,60626,60920,0.0100,0,0,0,,0,0,0,,,linear(r2=1.000),19|3236|15326|30092|60626,0.9997,2,0,
01000110100100010001101010000001100111010,41,head-recurrent-other,3507,20,500087,500087,0.5001,1,0,0,000001100111010,2,1711,3,3;11,7;23,linear(r2=0.971),20|77036|0|0|0,0.0000,836,835,argsz7->23/statesz31->79
01000110100100010001101010000001110011010,41,blowup,108,20,524320,524320,0.4907,1,0,0,,0,0,0,,,n/a,20|0|0|0|0,0.9444,2,0,
01000110100100010010011010000001100111010,41,head-recurrent-other,3507,20,500087,500087,0.5001,1,0,0,000001100111010,2,1711,3,3;11,7;23,linear(r2=0.971),20|77036|0|0|0,0.0000,836,835,argsz7->23/statesz31->79
01000110100100010010011010000001110011010,41,blowup,108,20,524320,524320,0.4907,1,0,0,,0,0,0,,,n/a,20|0|0|0|0,0.9444,2,0,
01000110100100010100101010000001100111010,41,head-recurrent-other,3507,20,500087,500087,0.5001,1,0,0,000001100111010,2,1711,3,3;11,7;23,linear(r2=0.971),20|77036|0|0|0,0.0000,836,835,argsz7->23/statesz31->79
01000110100100010100101010000001110011010,41,blowup,108,20,524320,524320,0.4907,1,0,0,,0,0,0,,,n/a,20|0|0|0|0,0.9444,3,0,
01000110100100010110001010000001100111010,41,ratchet-candidate,4280,20,500290,500290,0.3453,1,0,0,000001100111010,3,5,4,7;20;23;26,2;10;26;37,linear(r2=0.971),20|56850|0|0|0,0.0000,684,682,
01000110100100010110001010000001110011010,41,blowup,144,20,524320,524320,0.4931,1,0,0,,0,0,0,,,n/a,20|0|0|0|0,0.9444,3,0,
01000110100100010110101000000110011000110,41,ratchet-candidate,20000,20,82577,121855,0.5003,0,0,0,000110011000110,1,12,12,5;10;21;44;91;186;377;760;1527;3062;6133;12276,15;32;66;134;270;542;1086;2174;4350;8702;17406;34814,linear(r2=0.814),20|6119|20654|41274|82577,0.0000,14,9,
01000110100100011000000110011101000011010,41,head-recurrent-other,3507,20,500087,500087,0.5001,1,0,0,000001100111010,2,1711,3,3;11,7;23,linear(r2=0.971),20|77036|0|0|0,0.0000,836,835,argsz7->23/statesz31->79
01000110100100011000000111001101000011010,41,blowup,108,20,524320,524320,0.4907,1,0,0,,0,0,0,,,n/a,20|0|0|0|0,0.9444,2,0,
01000110100100011000110000110010110001010,41,ratchet-candidate,20000,20,108030,116749,0.2512,0,0,0,000110010110001010,1,12,12,4;8;20;48;108;232;484;992;2012;4056;8148;16336,15;34;72;148;300;604;1212;2428;4860;9724;19452;38908,linear(r2=0.781),20|7273|26938|53966|108030,0.0000,24,12,
01000110100100011001001010000001100111010,41,head-recurrent-other,4204,20,500290,500290,0.3425,1,0,0,000001100111010,2,1401,2,2;11,10;26,linear(r2=0.972),20|60169|0|0|0,0.0000,684,682,argsz10->26/statesz34->88
01000110100100011001001010000001110011010,41,blowup,108,20,524320,524320,0.4907,1,0,0,,0,0,0,,,n/a,20|0|0|0|0,0.9444,2,0,
01000110100100011010000001000110100111010,41,head-recurrent-other,3093,20,500582,500582,0.3430,1,0,0,00011010,2,1061,3,1;14,10;64,linear(r2=0.968),20|89095|0|0|0,0.0000,973,972,argsz10->64/statesz31->112
01000110100100011010000001001001100111010,41,head-recurrent-other,4241,20,500293,500293,0.3395,1,0,0,000001001001100111010,2,1401,3,2;12,10;26,linear(r2=0.972),20|58345|0|0|0,0.0000,683,682,argsz10->26/statesz37->91
01000110100100011010000001001001110011010,41,blowup,125,20,524323,524323,0.4240,1,0,0,,0,0,0,,,n/a,20|0|0|0|0,0.9520,2,0,
01000110100100011010000001010010100111010,41,ratchet-candidate,4241,20,500293,500293,0.3395,1,0,0,0010,2,4,4,4;8;11;14,15;26;37;53,linear(r2=0.972),20|58345|0|0|0,0.0000,683,682,
01000110100100011010000001010010110011010,41,blowup,125,20,524323,524323,0.4240,1,0,0,,0,0,0,,,n/a,20|0|0|0|0,0.9520,2,0,
01000110100100011010000001011001110100010,41,head-recurrent-other,2827,20,500704,500704,0.5069,1,0,0,000001011001110100010,178,1394,1,255;255,10;10,linear(r2=0.973),20|106422|0|0|0,0.0000,2072,2071,argsz10->10/statesz14051->14051
01000110100100011010000001100100100111010,41,head-recurrent-other,4172,20,500436,500436,0.2955,1,0,0,0010,60,1742,3,443;449,124;297,linear(r2=0.972),20|60666|0|0|0,0.0000,582,581,argsz124->297/statesz18647->19110
01000110100100011010000001100101001011010,41,head-recurrent-other,4172,20,500436,500436,0.2955,1,0,0,0010,61,1742,2,443;449,10;113,linear(r2=0.972),20|60666|0|0|0,0.0000,583,581,argsz10->113/statesz18647->19110
01000110100100011010000001100101100010110,41,ratchet-candidate,20000,20,2129,2543,0.0091,0,0,0,0001100101100010000001100101100010110,1,90,64,3;6;14;27;45;68;96;129;167;210;258;311,15;29;43;57;71;85;99;113;127;141;155;169,linear(r2=0.789),20|351|911|1700|2129,0.0000,180,122,
01000110100100011010000001100111001001010,41,head-recurrent-other,6236,20,501531,501531,0.1054,1,0,0,0010,60,4949,2,686;698,211;348,linear(r2=0.989),20|47285|376693|0|0,0.0000,303,302,argsz211->348/statesz29987->30307
01000110100100011010000001110010001101010,41,opaque,20000,20,16702,16705,0.3334,0,0,0,,0,0,0,,,linear(r2=1.000),20|861|4202|8361|16702,0.9998,2,0,
01000110100100011010000001110010010011010,41,blowup,101,20,655392,655392,0.5050,1,0,0,,0,0,0,,,n/a,20|0|0|0|0,0.9505,2,0,
01000110100100011010000001110010100101010,41,blowup,101,20,655392,655392,0.5050,1,0,0,,0,0,0,,,n/a,20|0|0|0|0,0.9505,2,0,
01000110100100011010000001110010110110110,41,opaque,20000,19,300002,300005,0.5001,0,0,0,,0,0,0,,,linear(r2=1.000),19|15002|75002|150002|300002,0.9998,2,0,
01000110100100011010000001110010111010110,41,opaque,20000,19,300100,300100,0.5001,0,0,0,,0,0,0,,,linear(r2=1.000),19|15100|75100|150100|300100,0.9998,2,0,
01000110100100011010000001110011001001010,41,blowup,205,20,655488,655488,0.2488,1,0,0,,0,0,0,,,n/a,20|0|0|0|0,0.9756,2,0,
01000110100100011010000001110011001110110,41,opaque,20000,19,399962,399965,0.5001,0,0,0,,0,0,0,,,linear(r2=1.000),19|19962|99962|199962|399962,0.9998,2,0,
01000110100100011010000001110011100110110,41,opaque,20000,19,329928,329931,0.6895,0,0,0,,0,0,0,,,linear(r2=0.999),19|30240|93496|172136|329928,0.9998,2,0,
01000110100100011010000001110011100111010,41,opaque,20000,19,49208,49219,0.2227,0,0,0,,0,0,0,,,linear(r2=0.952),19|15268|22340|31258|49208,0.9998,2,0,
01000110100100011010000100000110011101010,41,head-recurrent-other,4242,20,500290,500290,0.3395,1,0,0,000100000110011101010,2,1401,3,2;12,10;26,linear(r2=0.972),20|57919|0|0|0,0.0000,683,682,argsz10->26/statesz37->91
01000110100100011010000100000111001101010,41,blowup,126,20,524320,524320,0.4206,1,0,0,,0,0,0,,,n/a,20|0|0|0|0,0.9444,2,0,
01000110100100011010000100100001100111010,41,head-recurrent-other,4242,20,500290,500290,0.3395,1,0,0,000100100001100111010,2,1401,3,2;12,10;26,linear(r2=0.972),20|57919|0|0|0,0.0000,683,682,argsz10->26/statesz37->91
01000110100100011010000100100001110011010,41,blowup,126,20,524320,524320,0.4206,1,0,0,,0,0,0,,,n/a,20|0|0|0|0,0.9444,2,0,
01000110100100011010000110000001100111010,41,head-recurrent-other,3549,20,500087,500087,0.4942,1,0,0,000001100111010,2,1711,3,4;13,7;23,linear(r2=0.970),20|74692|0|0|0,0.0000,836,835,argsz7->23/statesz31->79
01000110100100011010000110000001110011010,41,blowup,126,20,524320,524320,0.4206,1,0,0,,0,0,0,,,n/a,20|0|0|0|0,0.9444,2,0,
01000110100100011010010010000001100111010,41,head-recurrent-other,4242,20,500290,500290,0.3395,1,0,0,0010,3,1401,1,2;12,7;7,linear(r2=0.972),20|57919|0|0|0,0.0000,684,682,argsz7->7/statesz37->91
01000110100100011010010010000001110011010,41,blowup,126,20,524320,524320,0.4206,1,0,0,,0,0,0,,,n/a,20|0|0|0|0,0.9444,3,0,
01000110100100100000010111001011010110110,41,blowup,8255,19,671333,671333,0.0062,1,0,0,,0,0,0,,,linear(r2=0.895),19|40359|332963|0|0,0.9996,2,0,
01000110100100100000011001011101100110110,41,opaque,20000,19,237725,238025,0.0198,0,0,0,,0,0,0,,,linear(r2=1.000),19|11695|58875|117511|237725,0.9999,2,0,
01000110100100100000011001011101100111010,41,blowup,774,19,500305,500305,0.6654,1,0,0,,0,0,0,,,n/a,19|0|0|0|0,0.9961,2,0,
01000110100100100001011000000110011101010,41,head-recurrent-other,5569,20,500423,500423,0.5001,1,0,0,000001100111010,60,2717,3,341;351,7;71,linear(r2=0.971),20|38580|428508|0|0,0.0000,1064,1063,argsz7->71/statesz7655->7935
01000110100100100001011000100001100111010,41,head-recurrent-other,6109,20,500103,500103,0.2920,1,0,0,0010,58,3464,3,418;458,92;100,linear(r2=0.975),20|34820|371532|0|0,0.0000,852,851,argsz92->100/statesz9879->10271
01000110100100100001100001011000001111010,41,ratchet-candidate,20000,19,747,2830,0.5000,0,0,0,00010110000000010110000000010110000000010110000000010110000000010110000000010110000000010110000000010110000000010110000000010110000000010110000000010110000000010110000000010110000000010110000000010110000000010110000000010110000000010110000000010110000000010110000000010110000000010110000000010110000000010110000000010110000000010110000000010110000000010110000000010110000000010110000000010110000000010110000000010110000001001000011000010110000011110101010101010101010101010101010101010101010101010101010101010101...TRUNC,1,65,64,2453;2599;2749;2903;3061;3223;3389;3559;3733;3911;4093;4279,266;273;280;287;294;301;308;315;322;329;336;343,linear(r2=0.557),19|466|397|1180|747,0.0000,3,2,
01000110100100100001100001011000100111010,41,head-recurrent-other,20000,20,83760,83976,0.0348,0,0,0,0010,44,12880,2,456;485,12;10,linear(r2=1.000),20|4553|21702|42552|83760,0.0000,669,669,argsz12->10/statesz2061->2131
01000110100100100001100110000001100111010,41,head-recurrent-other,3663,20,500087,500087,0.5001,1,0,0,000001100111010,68,1788,3,349;359,7;111,linear(r2=0.967),20|68148|0|0|0,0.0000,836,835,argsz7->111/statesz13455->13895
01000110100100100100011010000001100111010,41,head-recurrent-other,3507,20,500087,500087,0.5001,1,0,0,000001100111010,2,1711,3,3;11,7;23,linear(r2=0.971),20|77036|0|0|0,0.0000,836,835,argsz7->23/statesz31->79
01000110100100100100011010000001110011010,41,blowup,108,20,524320,524320,0.4907,1,0,0,,0,0,0,,,n/a,20|0|0|0|0,0.9444,2,0,
01000110100101001000011010000001100111010,41,head-recurrent-other,3507,20,500087,500087,0.5001,1,0,0,000001100111010,2,1711,3,3;11,7;23,linear(r2=0.971),20|77036|0|0|0,0.0000,836,835,argsz7->23/statesz31->79
01000110100101001000011010000001110011010,41,blowup,108,20,524320,524320,0.4907,1,0,0,,0,0,0,,,n/a,20|0|0|0|0,0.9444,3,0,
01001000000100011010000110000111100111010,41,opaque,20000,19,41127,41418,0.0100,0,0,0,,0,0,0,,,linear(r2=1.000),19|2337|10577|20505|41127,1.0000,1,0,
01001000010001011010100000011100101101010,41,blowup,49,20,1062913,1062913,0.4898,1,0,0,,0,0,0,,,n/a,20|0|0|0|0,0.9796,1,0,
01001000010001101000011000000110011110110,41,opaque,20000,19,61228,61519,0.0100,0,0,0,,0,0,0,,,linear(r2=1.000),19|3373|15628|30517|61228,1.0000,1,0,
01001001000101100010100000011100101101010,41,blowup,52,20,1062912,1062912,0.4808,1,0,0,,0,0,0,,,n/a,20|0|0|0|0,0.8462,2,0,
01001001000101101010000001110010110110110,41,opaque,20000,19,300035,300035,0.5000,0,0,0,,0,0,0,,,linear(r2=1.000),19|15035|75035|150035|300035,0.9998,2,0,
01001001000101101010000001110010111010110,41,opaque,20000,19,300035,300035,0.5000,0,0,0,,0,0,0,,,linear(r2=1.000),19|15035|75035|150035|300035,0.9998,2,0,
01001001000101101010000001110011001110110,41,opaque,20000,19,400415,400415,0.5001,0,0,0,,0,0,0,,,linear(r2=1.000),19|20415|100415|200415|400415,0.9998,2,0,
01001001000101101010000001110011100110110,41,opaque,20000,19,316611,316611,0.6912,0,0,0,,0,0,0,,,linear(r2=1.000),19|16863|80239|159075|316611,0.9998,2,0,
01001001000101101010000001110011100111010,41,opaque,20000,19,39999,40018,0.1915,0,0,0,,0,0,0,,,linear(r2=0.997),19|4911|12279|21487|39999,0.9998,2,0,
01001001000110011000000110011101000011010,41,head-recurrent-other,3501,20,500070,500070,0.5059,1,0,0,000001100111010,2,1728,3,4;11,7;20,linear(r2=0.971),20|77097|0|0|0,0.0000,844,843,argsz7->20/statesz28->70
01001001000110011000000111001101000011010,41,blowup,92,20,524314,524314,0.5761,1,0,0,,0,0,0,,,n/a,20|0|0|0|0,0.9239,2,0,
01001001000110011010000001110011001110110,41,opaque,20000,19,400115,400115,0.5001,0,0,0,,0,0,0,,,linear(r2=1.000),19|20115|100115|200115|400115,0.9999,1,0,
01001001000110100000010111001011010110110,41,monotone-growth,52,19,573077,573077,0.9808,1,0,0,,0,0,0,,,n/a,19|0|0|0|0,0.9423,1,0,
01001001000110100000011001011101100110110,41,monotone-growth,578,19,500011,500011,0.9983,1,0,0,,0,0,0,,,n/a,19|0|0|0|0,0.9948,1,0,
01001001000110100000011001011101100111010,41,monotone-growth,578,19,502279,502279,0.9965,1,0,0,,0,0,0,,,n/a,19|0|0|0|0,0.9948,1,0,
01001001000110100001011000000110011101010,41,head-recurrent-other,5555,20,500204,500204,0.5060,1,0,0,000001100111010,60,2743,3,325;335,7;68,linear(r2=0.971),20|38092|427978|0|0,0.0000,1077,1076,argsz7->68/statesz7172->7440
01001001000110100001011000100001100111010,41,head-recurrent-other,6070,20,500020,500020,0.2974,1,0,0,0010,58,3404,3,398;437,89;97,linear(r2=0.973),20|33804|371002|0|0,0.0000,862,861,argsz89->97/statesz9378->9758
01001001000110100001100001011000001111010,41,ratchet-candidate,20000,19,1976,2846,0.5026,0,0,0,000101100000000101100000000101100000000101100000000101100000000101100000000101100000000101100000000101100000000101100000000101100000000101100000000101100000000101100000000101100000000101100000000101100000000101100000000101100000000101100000000101100000000101100000000101100000000101100000000101100000000101100000000101100000000101100000000101100000000101100000000101100000000110000101100000111101010101010101010101010101010101010101010101010101010101010101010,1,69,64,1894;2023;2156;2293;2434;2579;2728;2881;3038;3199;3364;3533,235;242;249;256;263;270;277;284;291;298;305;312,linear(r2=0.397),19|325|927|577|1976,0.0000,3,2,
01001001000110100001100001011000100111010,41,head-recurrent-other,20000,20,83729,83769,0.0352,0,0,0,0010,48,12751,1,489;512,71;10,linear(r2=1.000),20|4433|21332|41897|83729,0.0000,679,678,argsz71->10/statesz2324->2263
01001001000110100001100110000001100111010,41,head-recurrent-other,3655,20,500310,500310,0.5059,1,0,0,000001100111010,68,1805,3,336;346,7;108,linear(r2=0.967),20|69008|0|0|0,0.0000,844,843,argsz7->108/statesz12930->13358
01001001000110100100011010000001100111010,41,head-recurrent-other,3500,20,500070,500070,0.5060,1,0,0,000001100111010,2,1728,3,3;10,7;20,linear(r2=0.971),20|77094|0|0|0,0.0000,844,843,argsz7->20/statesz28->70
01001001000110100100011010000001110011010,41,blowup,91,20,524314,524314,0.5824,1,0,0,,0,0,0,,,n/a,20|0|0|0|0,0.9341,2,0,
01010000010110101000100000011100101101010,41,blowup,49,20,1062912,1062912,0.4898,1,0,0,,0,0,0,,,n/a,20|0|0|0|0,0.8980,2,0,
01010000011010001000011000000110011110110,41,opaque,20000,19,61227,61518,0.0100,0,0,0,,0,0,0,,,linear(r2=1.000),19|3372|15627|30516|61227,0.9998,2,0,
01010001011010100000011100101101101100010,41,ratchet-candidate,20000,19,300035,300035,0.5000,0,0,0,0001010100000111001011011011000000111001011011011000000111001011011011001011001010000011100101101101100000011100101101101100000011100101101101100101000001110010110110110000001110010110110110000001110010110110110,1,5000,64,4;8;12;16;20;24;28;32;36;40;44;48,2;62;122;182;242;302;362;422;482;542;602;662,linear(r2=1.000),19|15035|75035|150035|300035,0.0000,3,1,
01010001011010100000011100101110101100010,41,ratchet-candidate,20000,19,300035,300035,0.5000,0,0,0,0001010100000111001011101011000000111001011101011000000111001011101011001010101000001110010111010110000001110010111010110000001110010111010110100101000001110010111010110000001110010111010110000001110010111010110,1,5000,64,4;8;12;16;20;24;28;32;36;40;44;48,2;62;122;182;242;302;362;422;482;542;602;662,linear(r2=1.000),19|15035|75035|150035|300035,0.0000,3,1,
01010001011010100000011100110011101100010,41,head-recurrent-other,20000,19,400341,400341,0.5000,0,0,0,000001110011001110110,2,5,1,3;7,29;9,linear(r2=1.000),19|20341|100341|200341|400341,0.9995,3,0,argsz29->9/statesz42->122
01010001011010100000011100111001110100010,41,head-recurrent-other,20000,19,3169,3414,0.1003,0,0,0,000001110011100111010,2,5,1,3;7,29;9,exp(r2=0.131),19|3229|3219|3195|3169,0.9995,3,0,argsz29->9/statesz42->122
01010001100110000001100111010000110100010,41,head-recurrent-other,3500,20,500073,500073,0.5060,1,0,0,000001100111010,3,1728,3,3;10,7;20,linear(r2=0.971),20|77097|0|0|0,0.0000,845,844,argsz7->20/statesz31->73
01010001100110100000011100101101101100010,41,opaque,20000,19,300101,300101,0.5000,0,0,0,,0,0,0,,,linear(r2=1.000),19|15101|75101|150101|300101,0.9997,2,0,
01010001100110100000011100110011101100010,41,opaque,20000,19,400041,400041,0.5000,0,0,0,,0,0,0,,,linear(r2=1.000),19|20041|100041|200041|400041,0.9997,2,0,
01010001101000000101011011011001110100010,41,ratchet-candidate,20000,19,455,686,0.1231,0,0,0,00010101100000010101101101100111010000001010110110110011101001000001010110110110011101010,1,5,5,2;5;17;108;2096,2;14;26;38;50,linear(r2=0.232),19|266|458|449|455,0.0000,28,15,
01010001101000000101100111010011101100010,41,head-recurrent-other,1539,19,500306,500306,0.9805,1,0,0,0000010110011101001110110,2,755,1,1;4,11;2,n/a,19|262799|0|0|0,0.0000,1117,1116,argsz11->2/statesz26->38
01010001101000000110010111011001101100010,41,monotone-growth,124,19,532362,532362,0.9032,1,0,0,,0,0,0,,,n/a,19|0|0|0|0,0.9355,2,0,
01010001101000000110010111011001110100010,41,head-recurrent-other,579,19,502852,502852,0.9948,1,0,0,0000011001011101100111010,2,289,1,1;6,11;2,n/a,19|0|0|0|0,0.0000,145,145,argsz11->2/statesz26->65
01010001101000000111001010110110110100010,41,blowup,64,19,507874,507874,0.6094,1,0,0,,0,0,0,,,n/a,19|0|0|0|0,0.9375,2,0,
01010001101000000111001011001110101100010,41,blowup,310,19,606082,606082,0.1645,1,0,0,,0,0,0,,,n/a,19|0|0|0|0,0.9871,2,0,
01010001101000000111001011001110110100010,41,blowup,64,19,507874,507874,0.6094,1,0,0,,0,0,0,,,n/a,19|0|0|0|0,0.9375,2,0,
01010001101000000111001011011011000011010,41,opaque,20000,19,300025,300025,0.5001,0,0,0,,0,0,0,,,linear(r2=1.000),19|15025|75025|150025|300025,0.9998,2,0,
01010001101000000111001011100110101100010,41,blowup,8258,19,511976,511976,0.0084,1,0,0,,0,0,0,,,linear(r2=0.889),19|26036|253450|0|0,0.9995,2,0,
01010001101000000111001011100110110100010,41,blowup,196,19,606082,606082,0.1990,1,0,0,,0,0,0,,,n/a,19|0|0|0|0,0.9796,2,0,
01010001101000000111001100101110110100010,41,blowup,64,19,507874,507874,0.6094,1,0,0,,0,0,0,,,n/a,19|0|0|0|0,0.9375,2,0,
01010001101000000111001100111011000011010,41,opaque,20000,19,400015,400015,0.5001,0,0,0,,0,0,0,,,linear(r2=1.000),19|20015|100015|200015|400015,0.9998,2,0,
01010001101000000111001110011001101100010,41,opaque,20000,19,121766,121775,0.1726,0,0,0,,0,0,0,,,linear(r2=0.991),19|8056|41912|68104|121766,0.9998,2,0,
01010001101000000111001110011011000011010,41,opaque,20000,19,279323,279326,0.7274,0,0,0,,0,0,0,,,linear(r2=1.000),19|14769|70397|140175|279323,0.9998,2,0,
01010001101000000111001110011101000011010,41,opaque,20000,19,31969,31979,0.5004,0,0,0,,0,0,0,,,linear(r2=1.000),19|2616|8810|16532|31969,0.9998,2,0,
01010001101000010110000001100111010100010,41,head-recurrent-other,5554,20,500207,500207,0.5061,1,0,0,000001100111010,61,2743,3,324;334,7;68,linear(r2=0.972),20|38215|427978|0|0,0.0000,1078,1077,argsz7->68/statesz7175->7443
01010001101000010110001000011001110100010,41,head-recurrent-other,6069,20,500023,500023,0.2974,1,0,0,0010,59,3403,3,397;436,89;97,linear(r2=0.973),20|33804|371002|0|0,0.0000,863,862,argsz89->97/statesz9381->9761
01010001101000011000010110000011110100010,41,ratchet-candidate,20000,19,2513,2849,0.5026,0,0,0,000101100000000101100000000101100000000101100000000101100000000101100000000101100000000101100000000101100000000101100000000101100000000101100000000101100000000101100000000101100000000101100000000101100000000101100000000101100000000101100000000101100000000101100000000101100000000101100000000101100000000101100000000101100000000101100000000101100000000101100000000101100000000110000101100000111101010101010101010101010101010101010101010101010101010101010101010,2,69,64,1893;2022;2155;2292;2433;2578;2727;2880;3037;3198;3363;3532,235;242;249;256;263;270;277;284;291;298;305;312,linear(r2=0.714),19|250|649|544|2513,0.0000,4,4,
01010001101000011000010110001001110100010,41,head-recurrent-other,20000,20,83730,83772,0.0352,0,0,0,0010,49,12751,1,488;511,71;10,linear(r2=1.000),20|4434|21332|41898|83730,0.0000,680,680,argsz71->10/statesz2327->2266
01010001101000011001100000011001110100010,41,head-recurrent-other,3654,20,500313,500313,0.5060,1,0,0,000001100111010,69,1805,3,335;345,7;108,linear(r2=0.967),20|69195|0|0|0,0.0000,845,844,argsz7->108/statesz12933->13361
01010001101001000110100000011001110100010,41,head-recurrent-other,3499,20,500073,500073,0.5061,1,0,0,000001100111010,3,1728,3,2;9,7;20,linear(r2=0.971),20|77289|0|0|0,0.0000,845,844,argsz7->20/statesz31->73
01010010000101100010100000011100101101010,41,blowup,52,20,1062912,1062912,0.4808,1,0,0,,0,0,0,,,n/a,20|0|0|0|0,0.8462,2,0,
01010010000101101010000001110010110110110,41,opaque,20000,19,300035,300035,0.5000,0,0,0,,0,0,0,,,linear(r2=1.000),19|15035|75035|150035|300035,0.9998,2,0,
01010010000101101010000001110010111010110,41,opaque,20000,19,300035,300035,0.5000,0,0,0,,0,0,0,,,linear(r2=1.000),19|15035|75035|150035|300035,0.9998,2,0,
01010010000101101010000001110011001110110,41,opaque,20000,19,400415,400415,0.5001,0,0,0,,0,0,0,,,linear(r2=1.000),19|20415|100415|200415|400415,0.9998,2,0,
01010010000101101010000001110011100110110,41,opaque,20000,19,316611,316611,0.6912,0,0,0,,0,0,0,,,linear(r2=1.000),19|16863|80239|159075|316611,0.9998,2,0,
01010010000101101010000001110011100111010,41,opaque,20000,19,39999,40018,0.1915,0,0,0,,0,0,0,,,linear(r2=0.997),19|4911|12279|21487|39999,0.9998,2,0,
01010010000110011000000110011101000011010,41,head-recurrent-other,3501,20,500070,500070,0.5059,1,0,0,000001100111010,2,1728,3,4;11,7;20,linear(r2=0.971),20|77097|0|0|0,0.0000,844,843,argsz7->20/statesz28->70
01010010000110011000000111001101000011010,41,blowup,92,20,524314,524314,0.5761,1,0,0,,0,0,0,,,n/a,20|0|0|0|0,0.9239,2,0,
01010010000110011010000001110011001110110,41,opaque,20000,19,400115,400115,0.5001,0,0,0,,0,0,0,,,linear(r2=1.000),19|20115|100115|200115|400115,0.9999,2,0,
01010010000110100000010111001011010110110,41,monotone-growth,52,19,573077,573077,0.9808,1,0,0,,0,0,0,,,n/a,19|0|0|0|0,0.9423,2,0,
01010010000110100000011001011101100110110,41,monotone-growth,578,19,500011,500011,0.9983,1,0,0,,0,0,0,,,n/a,19|0|0|0|0,0.9948,2,0,
01010010000110100000011001011101100111010,41,monotone-growth,578,19,502279,502279,0.9965,1,0,0,,0,0,0,,,n/a,19|0|0|0|0,0.9948,2,0,
01010010000110100001011000000110011101010,41,head-recurrent-other,5555,20,500204,500204,0.5060,1,0,0,000001100111010,60,2743,3,325;335,7;68,linear(r2=0.971),20|38092|427978|0|0,0.0000,1077,1076,argsz7->68/statesz7172->7440
01010010000110100001011000100001100111010,41,head-recurrent-other,6070,20,500020,500020,0.2974,1,0,0,0010,58,3404,3,398;437,89;97,linear(r2=0.973),20|33804|371002|0|0,0.0000,862,861,argsz89->97/statesz9378->9758
01010010000110100001100001011000001111010,41,ratchet-candidate,20000,19,1976,2846,0.5026,0,0,0,000101100000000101100000000101100000000101100000000101100000000101100000000101100000000101100000000101100000000101100000000101100000000101100000000101100000000101100000000101100000000101100000000101100000000101100000000101100000000101100000000101100000000101100000000101100000000101100000000101100000000101100000000101100000000101100000000101100000000101100000000101100000000110000101100000111101010101010101010101010101010101010101010101010101010101010101010,1,69,64,1894;2023;2156;2293;2434;2579;2728;2881;3038;3199;3364;3533,235;242;249;256;263;270;277;284;291;298;305;312,linear(r2=0.397),19|325|927|577|1976,0.0000,3,2,
01010010000110100001100001011000100111010,41,head-recurrent-other,20000,20,83729,83769,0.0352,0,0,0,0010,48,12751,1,489;512,71;10,linear(r2=1.000),20|4433|21332|41897|83729,0.0000,679,678,argsz71->10/statesz2324->2263
01010010000110100001100110000001100111010,41,head-recurrent-other,3655,20,500310,500310,0.5059,1,0,0,000001100111010,68,1805,3,336;346,7;108,linear(r2=0.967),20|69008|0|0|0,0.0000,844,843,argsz7->108/statesz12930->13358
01010010000110100100011010000001100111010,41,head-recurrent-other,3500,20,500070,500070,0.5060,1,0,0,000001100111010,2,1728,3,3;10,7;20,linear(r2=0.971),20|77094|0|0|0,0.0000,844,843,argsz7->20/statesz28->70
01010010000110100100011010000001110011010,41,blowup,91,20,524314,524314,0.5824,1,0,0,,0,0,0,,,n/a,20|0|0|0|0,0.9341,2,0,
