term_bits,size_bits,class,steps_run,size0,final_size,max_size,pos_delta_frac,hit_node_cap,period,first_recur_step,head_bits,head_k,head_count,chain_len,milestone_steps,milestone_arg_sizes,growth,ckpt_0_1k_5k_10k_20k,k0_frac,max_k,final_k,notes
01000110001100001011010000110110,32,ratchet-candidate,20000,15,521,1295,0.0071,0,0,0,0001011010000110110,1,141,64,1;3;7;13;21;31;43;57;73;91;111;133,10;13;16;19;22;25;28;31;34;37;40;43,linear(r2=0.317),15|296|581|632|521,0.0000,2,2,
010001011010100000011100101101010,33,blowup,48,16,1062912,1062912,0.5000,1,0,0,,0,0,0,,,n/a,16|0|0|0|0,0.9167,2,0,
010001101000011000000110011110110,33,opaque,20000,15,61224,61518,0.0100,0,0,0,,0,0,0,,,linear(r2=1.000),15|3369|15624|30513|61224,0.9998,1,0,
0100011010000001100101110110011010,34,monotone-growth,34,16,524310,524310,1.0000,1,0,0,,0,0,0,,,n/a,16|0|0|0|0,0.9412,1,0,
0100011010000001110000111001111010,34,opaque,20000,15,41324,41618,0.0100,0,0,0,,0,0,0,,,linear(r2=1.000),15|2379|10674|20643|41324,0.9999,1,0,
0100011010000001011010010111010110,34,monotone-growth,54,16,573088,573088,0.9815,1,0,0,,0,0,0,,,n/a,16|0|0|0|0,0.9630,1,0,
0100010110101000000111001011010110,34,monotone-growth,56,16,524288,524288,1.0000,1,0,0,,0,0,0,,,n/a,16|0|0|0|0,0.9286,2,0,
0100010110101000000111001011011010,34,monotone-growth,56,16,524288,524288,1.0000,1,0,0,,0,0,0,,,n/a,16|0|0|0|0,0.9286,2,0,
0100010110101000000111001011101010,34,monotone-growth,56,16,524288,524288,1.0000,1,0,0,,0,0,0,,,n/a,16|0|0|0|0,0.9286,2,0,
0100010110101000000101110100111010,34,head-recurrent-other,2135,16,500009,500009,1.0000,1,0,0,00000101110100111010,2,1067,2,1;5,9;19,linear(r2=0.972),16|160324|0|0|0,0.0000,1022,1021,argsz9->19/statesz29->59
0100010110011010100000011100110110,34,opaque,20000,16,106698,106701,0.5000,0,0,0,,0,0,0,,,linear(r2=1.000),16|5354|26698|53354|106698,0.9997,2,0,
0100010101101010100000011100110110,34,head-recurrent-other,20000,16,106690,106693,0.5000,0,0,0,0000011100110110,2,4,1,3;5,15;7,linear(r2=1.000),16|5354|26690|53354|106690,0.9996,3,0,argsz15->7/statesz31->39
0001000110001100001011010000110110,34,opaque,20000,16,522,1296,0.0071,0,0,0,,0,0,0,,,linear(r2=0.317),16|297|582|633|522,1.0000,0,0,
01000101100010100000011100101101010,35,blowup,51,17,1062912,1062912,0.4902,1,0,0,,0,0,0,,,n/a,17|0|0|0|0,0.8627,2,0,
01000110011010000001110011001110110,35,opaque,20000,16,400112,400115,0.5001,0,0,0,,0,0,0,,,linear(r2=1.000),16|20112|100112|200112|400112,0.9999,1,0,
01000101101010000001110011001110110,35,opaque,20000,16,400412,400415,0.5001,0,0,0,,0,0,0,,,linear(r2=1.000),16|20412|100412|200412|400412,0.9998,2,0,
01000101101010000001110011100110110,35,opaque,20000,16,316608,316611,0.6912,0,0,0,,0,0,0,,,linear(r2=1.000),16|16880|80256|159092|316608,0.9998,2,0,
01000101101010000001110011100111010,35,opaque,20000,16,39996,40018,0.1915,0,0,0,,0,0,0,,,linear(r2=0.997),16|4924|12276|21504|39996,0.9998,2,0,
01000101101010000001110010110110110,35,opaque,20000,16,300032,300035,0.5000,0,0,0,,0,0,0,,,linear(r2=1.000),16|15032|75032|150032|300032,0.9998,2,0,
01000101101010000001110010111010110,35,opaque,20000,16,300032,300035,0.5000,0,0,0,,0,0,0,,,linear(r2=1.000),16|15032|75032|150032|300032,0.9998,2,0,
01000101101010000001011010000110110,35,ratchet-candidate,20000,17,524,1295,0.0071,0,0,0,0001011010000110110,1,141,64,2;4;8;14;22;32;44;58;74;92;112;134,10;13;16;19;22;25;28;31;34;37;40;43,linear(r2=0.317),17|299|584|635|524,0.0000,2,2,
01000110100000011001011101100110110,35,monotone-growth,577,16,500011,500011,1.0000,1,0,0,,0,0,0,,,n/a,16|0|0|0|0,0.9965,1,0,
01000110100000011001011101100111010,35,monotone-growth,577,16,502279,502279,0.9983,1,0,0,,0,0,0,,,n/a,16|0|0|0|0,0.9965,1,0,
01000110100000010111001011010110110,35,monotone-growth,51,16,573077,573077,1.0000,1,0,0,,0,0,0,,,n/a,16|0|0|0|0,0.9608,1,0,
01000110100001100001011000100111010,35,head-recurrent-other,20000,17,83727,83769,0.0352,0,0,0,0010,48,12751,1,488;511,71;10,linear(r2=1.000),17|4431|21329|41895|83727,0.0000,679,679,argsz71->10/statesz2324->2263
01000110100001100001011000001111010,35,ratchet-candidate,20000,16,2510,2846,0.5026,0,0,0,000101100000000101100000000101100000000101100000000101100000000101100000000101100000000101100000000101100000000101100000000101100000000101100000000101100000000101100000000101100000000101100000000101100000000101100000000101100000000101100000000101100000000101100000000101100000000101100000000101100000000101100000000101100000000101100000000101100000000101100000000101100000000110000101100000111101010101010101010101010101010101010101010101010101010101010101010,1,69,64,1893;2022;2155;2292;2433;2578;2727;2880;3037;3198;3363;3532,235;242;249;256;263;270;277;284;291;298;305;312,linear(r2=0.714),16|247|646|541|2510,0.0000,3,3,
01000110100001100001010110001011010,35,ratchet-candidate,20000,17,274,577,0.0262,0,0,0,0001100001010110001011010,1,23,23,1;2;20;64;143;266;442;680;989;1378;1856;2432,12;20;28;36;44;52;60;68;76;84;92;100,linear(r2=0.459),17|217|311|391|274,0.0000,6,6,
01000110100001100110000001100111010,35,head-recurrent-other,3654,17,500310,500310,0.5060,1,0,0,000001100111010,68,1805,3,335;345,7;108,linear(r2=0.967),17|69192|0|0|0,0.0000,844,843,argsz7->108/statesz12930->13358
01000110100001011000100001100111010,35,head-recurrent-other,6069,17,500020,500020,0.2974,1,0,0,0010,58,3403,3,397;436,89;97,linear(r2=0.973),17|33801|370999|0|0,0.0000,862,861,argsz89->97/statesz9378->9758
01000110100001011000000110011101010,35,head-recurrent-other,5554,17,500204,500204,0.5061,1,0,0,000001100111010,60,2743,3,324;334,7;68,linear(r2=0.972),17|38212|427975|0|0,0.0000,1077,1076,argsz7->68/statesz7172->7440
01000110100100011010000001100111010,35,head-recurrent-other,3499,17,500070,500070,0.5061,1,0,0,000001100111010,2,1728,3,2;9,7;20,linear(r2=0.971),17|77286|0|0|0,0.0000,844,843,argsz7->20/statesz28->70
01000110100100011010000001110011010,35,blowup,90,17,524314,524314,0.5889,1,0,0,,0,0,0,,,n/a,17|0|0|0|0,0.9444,2,0,
01000110011000000110011101000011010,35,head-recurrent-other,3500,17,500070,500070,0.5060,1,0,0,000001100111010,2,1728,3,3;10,7;20,linear(r2=0.971),17|77094|0|0|0,0.0000,844,843,argsz7->20/statesz28->70
01000110011000000111001101000011010,35,blowup,91,17,524314,524314,0.5824,1,0,0,,0,0,0,,,n/a,17|0|0|0|0,0.9341,2,0,
00010001011010100000011100101101010,35,blowup,48,17,1062913,1062913,0.5000,1,0,0,,0,0,0,,,n/a,17|0|0|0|0,1.0000,0,0,
00010001101000011000000110011110110,35,opaque,20000,16,61225,61519,0.0100,0,0,0,,0,0,0,,,linear(r2=1.000),16|3370|15625|30514|61225,1.0000,0,0,
000100010110011010100000011100110110,36,opaque,20000,17,106699,106702,0.5000,0,0,0,,0,0,0,,,linear(r2=1.000),17|5355|26699|53355|106699,1.0000,0,0,
000100010101101010100000011100110110,36,opaque,20000,17,106691,106694,0.5000,0,0,0,,0,0,0,,,linear(r2=1.000),17|5355|26691|53355|106691,1.0000,0,0,
000100011010000001100101110110011010,36,monotone-growth,34,17,524311,524311,1.0000,1,0,0,,0,0,0,,,n/a,17|0|0|0|0,1.0000,0,0,
000100011010000001110000111001111010,36,opaque,20000,16,41325,41619,0.0100,0,0,0,,0,0,0,,,linear(r2=1.000),16|2380|10675|20644|41325,1.0000,0,0,
000100011010000001011010010111010110,36,monotone-growth,54,17,573089,573089,0.9815,1,0,0,,0,0,0,,,n/a,17|0|0|0|0,1.0000,0,0,
000100010110110100000011100101101010,36,blowup,50,17,1062915,1062915,0.5000,1,0,0,,0,0,0,,,n/a,17|0|0|0|0,1.0000,0,0,
010000011100011100001011010000110110,36,opaque,20000,16,522,1296,0.0071,0,0,0,,0,0,0,,,linear(r2=0.317),16|297|582|633|522,1.0000,1,0,
000001000110001100001011010000110110,36,opaque,20000,17,523,1297,0.0071,0,0,0,,0,0,0,,,linear(r2=0.317),17|298|583|634|523,1.0000,0,0,
010001011000110100001011010000110110,36,ratchet-candidate,20000,17,531,1305,0.0071,0,0,0,0001011010000110110,2,141,64,1;3;7;13;21;31;43;57;73;91;111;133,10;13;16;19;22;25;28;31;34;37;40;43,linear(r2=0.318),17|306|591|642|531,0.0000,3,3,
000100010110101000000111001011010110,36,monotone-growth,56,17,524289,524289,1.0000,1,0,0,,0,0,0,,,n/a,17|0|0|0|0,1.0000,0,0,
000100010110101000000111001011011010,36,monotone-growth,56,17,524289,524289,1.0000,1,0,0,,0,0,0,,,n/a,17|0|0|0|0,1.0000,0,0,
000100010110101000000111001011101010,36,monotone-growth,56,17,524289,524289,1.0000,1,0,0,,0,0,0,,,n/a,17|0|0|0|0,1.0000,0,0,
000100010110101000000101110100111010,36,monotone-growth,2135,17,500010,500010,1.0000,1,0,0,,0,0,0,,,linear(r2=0.972),17|160325|0|0|0,1.0000,0,0,
010001101000000110010111011001100010,36,monotone-growth,1154,17,501441,501441,0.9991,1,0,0,,0,0,0,,,n/a,17|376778|0|0|0,0.9983,1,0,
010001101000000111001100101110110110,36,blowup,11903,16,500033,500033,0.5002,1,0,0,,0,0,0,,,linear(r2=1.000),16|42014|210074|420014|0,0.9998,1,0,
010001101000000101110011011001110110,36,blowup,663,16,502013,502013,0.5023,1,0,0,,0,0,0,,,n/a,16|0|0|0|0,0.9970,1,0,
010001101000000101011100010110011010,36,blowup,121,17,524317,524317,0.4298,1,0,0,,0,0,0,,,n/a,17|0|0|0|0,0.9835,1,0,
010001101000011000011001110011000110,36,head-recurrent-other,138,17,555034,555034,0.6087,1,0,0,BIG:2246,13,31,2,75;115,2247;2247,n/a,17|0|0|0|0,0.0000,15,12,argsz2247->2247/statesz134324->199527
010001101000011000011001011000111010,36,head-recurrent-other,1866,17,501097,501097,0.7546,1,0,0,,0,59,0,,,n/a,17|202665|0|0|0,0.0000,460,459,head-not-lam
010001101000011000010110011000111010,36,head-recurrent-other,478,17,630479,630479,0.5397,1,0,0,00011000010110011000111010,24,156,2,407;474,13;21,n/a,17|0|0|0|0,0.0000,26,24,argsz13->21/statesz270075->270091
010001101000011001100000011001111010,36,head-recurrent-other,1089,17,500086,500086,0.5464,1,0,0,00011001100000011001111010,22,100,2,248;386,18;2425,n/a,17|407444|0|0|0,0.0000,55,46,argsz18->2425/statesz19154->40934
010001101000011001100000011100110110,36,opaque,20000,17,106711,106714,0.5001,0,0,0,,0,0,0,,,linear(r2=1.000),17|5391|26711|53391|106711,0.9996,2,0,
010001101000011001100000011100111010,36,opaque,20000,17,44245,44258,0.3408,0,0,0,,0,0,0,,,linear(r2=0.555),17|28450|34231|37463|44245,0.9996,2,0,
010001101000011001100110000110001110,36,head-recurrent-other,20000,17,13155,15483,0.3004,0,0,0,00011001100110000110001110,13,6009,2,844;19976,13;13,linear(r2=0.736),17|3326|6463|14253|13155,0.0000,20,11,argsz13->13/statesz3521->13217
010001101000011001011001011000101010,36,head-recurrent-other,20000,18,368238,382315,0.1438,0,0,0,0010,30,17124,2,1698;19990,8;2,linear(r2=0.937),18|22962|91454|183694|368238,0.0000,43,29,argsz8->2/statesz47316->368264
010001101000010001101001011000001010,36,ratchet-candidate,20000,18,50446,73725,0.1676,0,0,0,00011010,1,12,12,0;2;10;30;74;166;354;734;1498;3030;6098;12238,13;31;67;139;283;571;1147;2299;4603;9211;18427;36859,linear(r2=0.745),18|3806|12518|25154|50446,0.0000,25,14,
010001101000010110001100101101000110,36,head-recurrent-other,2002,17,639626,639626,0.2557,1,0,0,00010110001100101101000110,12,511,2,230;1976,14;14,linear(r2=0.893),17|196711|0|0|0,0.0000,17,9,argsz14->14/statesz21821->246180
010001101000010001110011010011000110,36,head-recurrent-other,12261,17,515803,515803,0.6679,1,0,0,00010001110011010011000110,15,4094,2,749;12214,13;13,linear(r2=0.945),17|31038|148359|296988|0,0.0000,21,11,argsz13->13/statesz31987->286656
010001101000010110011000110000110110,36,ratchet-candidate,20000,17,622,1828,0.0072,0,0,0,00010110011000110000110110,4,140,64,3;5;11;19;29;41;55;71;89;109;131;155,13;16;19;22;25;28;31;34;37;40;43;46,linear(r2=0.324),17|397|682|733|622,0.0000,6,5,
010001101000010000011100110110011010,36,opaque,20000,17,173373,173373,0.6667,0,0,0,,0,0,0,,,linear(r2=1.000),17|8694|43373|86694|173373,0.9999,1,0,
010001101000010000011100111010011010,36,opaque,20000,17,173373,173373,0.6667,0,0,0,,0,0,0,,,linear(r2=1.000),17|8694|43373|86694|173373,0.9999,1,0,
010001101000010001110010110101000110,36,ratchet-candidate,2028,17,570811,570811,0.5049,1,0,0,00010001110010110101000110,1,10,10,1;3;9;23;53;115;241;495;1005;2027,12;41;128;389;1172;3521;10568;31709;95132;285401,linear(r2=0.964),17|95307|0|0|0,0.0000,10,1,
010001101000010001011010011101000110,36,ratchet-candidate,20000,17,159331,229374,0.5003,0,0,0,00010001011010011101000110,1,13,13,1;4;11;26;57;120;247;502;1013;2036;4083;8178,12;26;54;110;222;446;894;1790;3582;7166;14334;28670,linear(r2=0.787),17|3751|39845|79673|159331,0.0000,14,7,
010001101000010110011001100011000110,36,head-recurrent-other,20000,17,63439,66969,0.4006,0,0,0,00010110011001100011000110,29,8011,2,5451;19997,27;56,linear(r2=0.935),17|7674|25248|31140|63439,0.0000,35,30,argsz27->56/statesz32014->63454
010001101000010110000001110011011010,36,head-recurrent-other,20000,17,106714,106714,0.5001,0,0,0,0000011100110110,2,4,1,5;7,15;7,linear(r2=1.000),17|5394|26714|53394|106714,0.9995,3,0,argsz15->7/statesz36->44
010001101000010110000110011000111010,36,head-recurrent-other,20000,17,275904,368291,0.5009,0,0,0,00010110000110011000111010,19,3339,2,1555;19972,19;619,linear(r2=0.843),17|18642|68746|137814|275904,0.0000,26,21,argsz19->619/statesz40541->275458
010001101000010110011001100000111010,36,head-recurrent-other,12240,17,552580,552580,0.3346,1,0,0,00010110011001100000111010,34,4095,2,1500;12239,14;30717,linear(r2=0.950),17|32924|220201|440925|0,0.0000,45,34,argsz14->30717/statesz68788->429719
010001101000010110011001011000101010,36,head-recurrent-other,20000,18,298794,312871,0.1438,0,0,0,0010,40,17124,2,2587;19996,11;2,linear(r2=0.945),18|18750|74210|149054|298794,0.0000,54,40,argsz11->2/statesz62685->298806
010001011010100000011001011000111010,36,opaque,20000,17,60023,60029,0.3333,0,0,0,,0,0,0,,,linear(r2=1.000),17|3029|15023|30029|60023,0.9998,2,0,
010001011010100000010110110000110110,36,head-recurrent-other,20000,17,929,1517,0.0100,0,0,0,0000010110110000110110,2,199,2,1;19802,10;304,linear(r2=0.706),17|269|479|914|929,0.0000,2,2,argsz10->304/statesz32->920
010001011010100000010111010000110110,36,head-recurrent-other,20000,17,929,1520,0.0100,0,0,0,0000010111010000110110,2,199,2,1;19801,10;307,linear(r2=0.706),17|269|479|914|929,0.0000,2,2,argsz10->307/statesz32->923
010001011010100000010101101000111010,36,ratchet-candidate,20000,17,6723,6723,0.3334,0,0,0,0000010101101000111010,3,6666,64,3;6;9;12;15;18;21;24;27;30;33;36,10;11;12;13;14;15;16;17;18;19;20;21,linear(r2=1.000),17|373|1723|3373|6723,0.0000,4,4,
010001100011000010101101000011011010,36,head-recurrent-other,20000,17,31970,32744,0.0071,0,0,0,0001100000010101101000011011010,23,278,1,460;461,15;12,linear(r2=0.999),17|2206|8965|16788|31970,0.0000,143,143,argsz15->12/statesz1010->1007
010001100110001100001011010000110110,36,ratchet-candidate,20000,17,569,1340,0.0072,0,0,0,0001011010000110110,3,141,64,2;4;8;14;22;32;44;58;74;92;112;134,10;13;16;19;22;25;28;31;34;37;40;43,linear(r2=0.321),17|344|629|680|569,0.0000,4,4,
0100000111011000011000000110011110110,37,opaque,20000,16,61225,61519,0.0100,0,0,0,,0,0,0,,,linear(r2=1.000),16|3370|15625|30514|61225,1.0000,1,0,
0100000101110101100000011100101101010,37,blowup,50,17,1062915,1062915,0.5000,1,0,0,,0,0,0,,,n/a,17|0|0|0|0,0.9800,1,0,
0001000101100010100000011100101101010,37,blowup,51,18,1062913,1062913,0.4902,1,0,0,,0,0,0,,,n/a,18|0|0|0|0,1.0000,0,0,
0101000110100000011100110011101100010,37,opaque,20000,17,400053,400053,0.5000,0,0,0,,0,0,0,,,linear(r2=1.000),17|20053|100053|200053|400053,0.9998,2,0,
0001000110011000000110011101000011010,37,blowup,3500,18,500071,500071,0.5060,1,0,0,,0,0,0,,,linear(r2=0.971),18|77095|0|0|0,1.0000,0,0,
0001000110011000000111001101000011010,37,blowup,91,18,524315,524315,0.5824,1,0,0,,0,0,0,,,n/a,18|0|0|0|0,1.0000,0,0,
0100011001101000000110010111011000110,37,opaque,20000,17,6490,8008,0.6706,0,0,0,,0,0,0,,,linear(r2=0.675),17|883|1987|2924|6490,0.9999,1,0,
0100011001101000011000000110011110110,37,opaque,20000,17,1255,2428,0.0101,0,0,0,,0,0,0,,,linear(r2=0.678),17|505|655|1153|1255,0.9997,2,0,
0100011001101000011000000101101101110,37,ratchet-candidate,20000,17,1444,2161,0.0073,0,0,0,000001011011000000101101100000010110110000001011011000000101101100000010110110000001011011000011000000101101101110,3,133,64,228;264;295;334;369;412;451;498;541;592;639;694,100;112;118;124;130;136;142;148;154;160;166;172,linear(r2=0.736),17|364|1084|1309|1444,0.0000,3,2,
0001000110100000011001011101100110110,37,monotone-growth,577,17,500012,500012,1.0000,1,0,0,,0,0,0,,,n/a,17|0|0|0|0,1.0000,0,0,
0001000110100000011001011101100111010,37,monotone-growth,577,17,502280,502280,0.9983,1,0,0,,0,0,0,,,n/a,17|0|0|0|0,1.0000,0,0,
0001000110100000010111001011010110110,37,monotone-growth,51,17,573078,573078,1.0000,1,0,0,,0,0,0,,,n/a,17|0|0|0|0,1.0000,0,0,
0001000110100001100001011011100111010,37,opaque,20000,17,82561,82648,0.0375,0,0,0,,0,0,0,,,linear(r2=1.000),17|4436|21091|41780|82561,1.0000,0,0,
0001000110100001100001011000100111010,37,opaque,20000,18,83728,83770,0.0352,0,0,0,,0,0,0,,,linear(r2=1.000),18|4432|21330|41896|83728,1.0000,0,0,
0001000110100001100001011000001111010,37,opaque,20000,17,2511,2847,0.5026,0,0,0,,0,0,0,,,linear(r2=0.714),17|248|647|542|2511,1.0000,0,0,
0001000110100001100001011110011101010,37,monotone-growth,1763,17,500111,500111,1.0000,1,0,0,,0,0,0,,,n/a,17|215127|0|0|0,1.0000,0,0,
0001000110100001100001010110001011010,37,opaque,20000,18,275,578,0.0262,0,0,0,,0,0,0,,,linear(r2=0.459),18|218|312|392|275,1.0000,0,0,
0001000110100001100110000001100111010,37,blowup,3654,18,500311,500311,0.5060,1,0,0,,0,0,0,,,linear(r2=0.967),18|69193|0|0|0,1.0000,0,0,
0001000110100001011000100001100111010,37,blowup,6069,18,500021,500021,0.2974,1,0,0,,0,0,0,,,linear(r2=0.973),18|33802|371000|0|0,1.0000,0,0,
0001000110100001011000000110011101010,37,blowup,5554,18,500205,500205,0.5061,1,0,0,,0,0,0,,,linear(r2=0.972),18|38213|427976|0|0,1.0000,0,0,
0001000110100100011010000001100111010,37,blowup,3499,18,500071,500071,0.5061,1,0,0,,0,0,0,,,linear(r2=0.971),18|77287|0|0|0,1.0000,0,0,
0001000110100100011010000001110011010,37,blowup,90,18,524315,524315,0.5889,1,0,0,,0,0,0,,,n/a,18|0|0|0|0,1.0000,0,0,
0100011001011010100000011100101101010,37,blowup,46,18,1062912,1062912,0.5000,1,0,0,,0,0,0,,,n/a,18|0|0|0|0,0.9565,1,0,
0100010110100101101010000001100111010,37,head-recurrent-other,3501,18,500087,500087,0.5001,1,0,0,000001100111010,80,1750,3,355;365,7;119,linear(r2=0.971),18|77660|0|0|0,0.0000,836,835,argsz7->119/statesz16951->17423
0100010110100010000001110011001110110,37,opaque,20000,17,400053,400053,0.5000,0,0,0,,0,0,0,,,linear(r2=1.000),17|20053|100053|200053|400053,0.9998,2,0,
0100011000011100101100000101000011010,37,ratchet-candidate,20000,18,50451,73725,0.1676,0,0,0,00011010,1,12,12,1;3;11;31;75;167;355;735;1499;3031;6099;12239,13;31;67;139;283;571;1147;2299;4603;9211;18427;36859,linear(r2=0.745),18|3807|12519|25155|50451,0.0000,25,15,
0100011001100000011100111101000011010,37,opaque,20000,17,16705,16705,0.3335,0,0,0,,0,0,0,,,linear(r2=1.000),17|864|4205|8364|16705,0.9997,2,0,
0100011001100000011110011101000011010,37,head-recurrent-other,3094,17,500582,500582,0.3432,1,0,0,00011010,2,1061,3,2;15,10;64,linear(r2=0.968),17|89098|0|0|0,0.0000,973,972,argsz10->64/statesz31->112
0100010110011010100000011001011101010,37,opaque,20000,18,99818,99818,0.4994,0,0,0,,0,0,0,,,linear(r2=1.000),18|4898|24850|49834|99818,0.9998,2,0,
0100010110011010100000011100101101010,37,blowup,42,18,590556,590556,0.5000,1,0,0,,0,0,0,,,n/a,18|0|0|0|0,0.8571,2,0,
0100010101101010100000011001011101010,37,opaque,20000,18,99834,99834,0.4994,0,0,0,,0,0,0,,,linear(r2=1.000),18|4914|24866|49850|99834,0.9997,3,0,
0100010101101010100000011100101101010,37,ratchet-candidate,41,18,590519,590519,0.5122,1,0,0,000101010000011100101101010000001110010110101000000111001011010100101101010,1,10,10,4;8;12;16;20;24;28;32;36;40,9;29;89;269;809;2429;7289;21869;65609;196829,n/a,18|0|0|0|0,0.0000,3,1,
0100011000110000001011101100001101110,37,opaque,20000,16,665,1439,0.0071,0,0,0,,0,0,0,,,linear(r2=0.418),16|331|655|735|665,0.9999,1,0,
0100011010000001100111000000111110110,37,opaque,20000,16,21626,21920,0.0100,0,0,0,,0,0,0,,,linear(r2=0.999),16|1436|5826|10916|21626,0.9999,1,0,
0100011010000001100101110110000110110,37,blowup,1732,17,501449,501449,0.6669,1,0,0,,0,0,0,,,n/a,17|167535|0|0|0,0.9988,1,0,
0100011010000001100101110110011000110,37,monotone-growth,34,17,786437,786437,1.0000,1,0,0,,0,0,0,,,n/a,17|0|0|0|0,0.9412,1,0,
0100011010000001110000001100111110110,37,opaque,20000,16,61426,61720,0.0100,0,0,0,,0,0,0,,,linear(r2=1.000),16|3416|15726|30656|61426,0.9999,1,0,
0100011010000001110011001011101100010,37,opaque,20000,17,268108,268108,0.4002,0,0,0,,0,0,0,,,linear(r2=1.000),17|13508|67108|134108|268108,0.9999,1,0,
0100011010000001011010010111000110110,37,opaque,20000,17,437617,491467,0.0027,0,0,0,,0,0,0,,,linear(r2=0.728),17|8237|109601|218949|437617,0.9999,1,0,
0100011010000001000110011011001110110,37,opaque,20000,17,173349,173352,0.6667,0,0,0,,0,0,0,,,linear(r2=1.000),17|8694|43349|86694|173349,0.9999,1,0,
0100011010000001000110011101001110110,37,opaque,20000,17,173349,173352,0.6667,0,0,0,,0,0,0,,,linear(r2=1.000),17|8694|43349|86694|173349,0.9999,1,0,
0100011010000001011100001110011010110,37,opaque,20000,17,273326,273326,0.6667,0,0,0,,0,0,0,,,linear(r2=1.000),17|13660|68326|136660|273326,0.9999,1,0,
0100011010000110000000011001111101110,37,opaque,20000,16,81326,81620,0.0100,0,0,0,,0,0,0,,,linear(r2=1.000),16|4406|20676|40526|81326,0.9998,1,0,
0100011010000110000001100001111101110,37,opaque,20000,16,81326,81620,0.0100,0,0,0,,0,0,0,,,linear(r2=1.000),16|4406|20676|40526|81326,0.9998,1,0,
0100011010000110000001100110011110110,37,opaque,20000,17,101428,101722,0.0100,0,0,0,,0,0,0,,,linear(r2=1.000),17|5443|25728|50539|101428,0.9998,1,0,
0100011010000110000001100101111011010,37,opaque,20000,17,21678,22032,0.0072,0,0,0,,0,0,0,,,linear(r2=0.999),17|1348|5689|10728|21678,0.9998,1,0,
0100011010000110000001011010011110110,37,opaque,20000,17,101428,101722,0.0100,0,0,0,,0,0,0,,,linear(r2=1.000),17|5443|25728|50539|101428,0.9998,1,0,
0100011010000110000001011001111011010,37,opaque,20000,17,101428,101722,0.0100,0,0,0,,0,0,0,,,linear(r2=1.000),17|5443|25728|50539|101428,0.9998,1,0,
0100011010000110000110011100111000110,37,ratchet-candidate,754,17,507682,507682,0.5424,1,0,0,000110000110011100111000110,23,8,5,371;375;381;391;409,70;207;566;1506;10410,n/a,17|0|0|0|0,0.0000,31,28,
0100011010000110000110010111000111010,37,head-recurrent-other,172,17,503876,503876,0.7674,1,0,0,000110000110010111000111010,1,18,2,1;2,12;31,n/a,17|0|0|0|0,0.0000,42,41,argsz12->31/statesz25->44
0100011010000110000111001100111000110,37,head-recurrent-other,75,17,539378,539378,0.7067,1,0,0,000110000111001100111000110,1,23,3,1;4,12;153,n/a,17|0|0|0|0,0.0000,27,26,argsz12->153/statesz25->166
0100011010000110000111001011000001010,37,ratchet-candidate,19733,18,684450,684450,0.1471,1,0,0,000110000111001011000001010,1,6,6,1;2;4;18;126;1222,13;22;67;319;2659;42763,exp(r2=0.177),18|3332|76853|65348|0,0.0000,25,1,
0100011010000110000111001011100011010,37,head-recurrent-other,131,17,776379,776379,0.6183,1,0,0,000110000111001011100011010,31,47,2,104;125,71;71,n/a,17|0|0|0|0,0.0000,34,29,argsz71->71/statesz247886->290716
0100011010000110000101100000100111010,37,ratchet-candidate,20000,18,593,756,0.0184,0,0,0,000110000101100000100111010,1,27,27,1;2;13;40;89;166;277;428;625;874;1181;1552,13;22;31;40;49;58;67;76;85;94;103;112,linear(r2=0.696),18|206|315|341|593,0.0000,3,3,
0100011010000110000101110001100111010,37,head-recurrent-other,832,17,500124,500124,0.5565,1,0,0,000110000101110001100111010,22,83,1,254;386,2431;2425,n/a,17|0|0|0|0,0.0000,46,46,argsz2431->2425/statesz33695->40934
0100011010000110000101110011100011010,37,head-recurrent-other,10792,17,501393,501393,0.5191,1,0,0,000110000101110011100011010,57,3658,1,354;407,415;565,linear(r2=0.998),17|57489|230233|444448|0,0.0000,351,351,argsz415->565/statesz24925->25129
0100011010000110000101011000001011010,37,ratchet-candidate,20000,18,593,756,0.0184,0,0,0,000110000101011000001011010,1,27,27,1;2;13;40;89;166;277;428;625;874;1181;1552,13;22;31;40;49;58;67;76;85;94;103;112,linear(r2=0.696),18|206|315|341|593,0.0000,5,5,
0100011010000110011000000110011110110,37,head-recurrent-other,20000,17,64976,65123,0.0106,0,0,0,0000011001000110011000000110011110110110,22,278,2,532;580,78;163,linear(r2=0.999),17|4056|17252|32816|64976,0.0000,140,139,argsz78->163/statesz2240->2404
0100011010000110011000000111001111010,37,blowup,4390,17,500024,500024,0.2513,1,0,0,,0,0,0,,,linear(r2=0.989),17|72484|0|0|0,0.9979,2,0,
0100011010000110011000000111100111010,37,ratchet-candidate,384,17,510238,510238,0.2604,1,0,0,000110011000000111100111010,5,4,4,15;21;32;40,18;62;345;1659,n/a,17|0|0|0|0,0.0000,67,66,
0100011010000110011000000101101101110,37,head-recurrent-other,20000,17,115524,116271,0.0097,0,0,0,000110011000000101101101110,41,194,2,363;370,78;163,linear(r2=1.000),17|5434|27724|57538|115524,0.0000,385,384,argsz78->163/statesz1747->1880
0100011010000110010001100011001001010,37,ratchet-candidate,20000,18,336,841,0.4004,0,0,0,000110010001100011001001010,1,12,12,1;2;8;24;60;136;292;608;1244;2520;5076;10192,13;22;31;40;49;58;67;76;85;94;103;112,linear(r2=0.314),18|243|156|246|336,0.0000,13,6,
0100011010000100011100101101101000110,37,ratchet-candidate,2028,17,826688,826688,0.5049,1,0,0,000100011100101101101000110,1,10,10,1;3;9;23;53;115;241;495;1005;2027,12;40;124;376;1132;3400;10204;30616;91852;275560,linear(r2=0.964),17|92022|0|0|0,0.0000,10,1,
0100011010000100011100101110101000110,37,ratchet-candidate,20000,17,320002,428652,0.6670,0,0,0,000100011100101110101000110,1,9,9,1;3;11;37;117;359;1087;3273;9833,12;40;124;376;1132;3400;10204;30616;91852,linear(r2=0.759),17|10623|114419|366643|320002,0.0000,17,7,
0100011010000100010110110011101000110,37,ratchet-candidate,20000,17,159331,229373,0.5003,0,0,0,000100010110110011101000110,1,13,13,1;4;11;26;57;120;247;502;1013;2036;4083;8178,12;26;54;110;222;446;894;1790;3582;7166;14334;28670,linear(r2=0.787),17|3751|39844|79673|159331,0.0000,14,7,
0100011010000100010111001110101000110,37,head-recurrent-other,20000,17,17901,21490,0.5719,0,0,0,000100010111001110101000110,15,5719,2,3825;19957,27;14,linear(r2=0.827),17|2024|8984|7996|17901,0.0000,19,17,argsz27->14/statesz8929->17514
0100011010000101100000011001111011010,37,head-recurrent-other,20000,17,64152,64722,0.0106,0,0,0,0000011001000101100000011001111011010110,23,275,2,507;559,78;157,linear(r2=0.999),17|3892|17290|33468|64152,0.0000,142,141,argsz78->157/statesz2199->2351
0100011010000101100000011100111101010,37,ratchet-candidate,20000,17,76050,76056,0.2001,0,0,0,000101000101100000011100111101010000001110010001011000000111001111010101001000001110010001011000000111001111010101010,1,3999,64,6;11;16;21;26;31;36;41;46;51;56;61,12;31;50;69;88;107;126;145;164;183;202;221,linear(r2=1.000),17|3850|19050|38050|76050,0.0000,3,2,
0100011010000101100000011110011101010,37,head-recurrent-other,508,17,505734,505734,0.2087,1,0,0,000101100000011110011101010,2,105,3,2;10,18;112,n/a,17|0|0|0|0,0.0000,195,194,argsz18->112/statesz44->138
0100011010000101100000010110110111010,37,head-recurrent-other,20000,17,2850,3144,0.0051,0,0,0,0000010110110000101100000010110110111010,17,198,1,493;495,108;108,linear(r2=0.833),17|570|1450|1410|2850,0.0000,102,102,argsz108->108/statesz341->335
0100011010000101100001110011100011010,37,head-recurrent-other,20000,17,438839,440939,0.3354,0,0,0,000101100001110011100011010,46,6707,2,344;387,246;291,linear(r2=0.999),17|26762|116154|224246|438839,0.0000,347,347,argsz246->291/statesz11607->11787
0100010110101000000110011100101101010,37,blowup,34,18,531488,531488,0.5000,1,0,0,,0,0,0,,,n/a,18|0|0|0|0,0.8824,2,0,
0100010110101000000110010110011011010,37,opaque,20000,18,140018,140024,0.3333,0,0,0,,0,0,0,,,linear(r2=1.000),18|7028|35018|70028|140018,0.9998,2,0,
0100010110101000000110010110011101010,37,opaque,20000,18,90038,90044,0.2500,0,0,0,,0,0,0,,,linear(r2=1.000),18|4538|22538|45038|90038,0.9998,2,0,
0100010110101000000110010101101101010,37,opaque,20000,18,180008,180014,0.4000,0,0,0,,0,0,0,,,linear(r2=1.000),18|9008|45008|90008|180008,0.9998,2,0,
0100010110101000000110010101110101010,37,opaque,20000,18,239768,239768,0.4996,0,0,0,,0,0,0,,,linear(r2=1.000),18|11858|59798|119768|239768,0.9998,2,0,
0100010110101000000111001100101101010,37,blowup,28,18,524336,524336,0.5000,1,0,0,,0,0,0,,,n/a,18|0|0|0|0,0.8571,2,0,
0100010110101000000101110100110001110,37,head-recurrent-other,20000,17,141592,146486,0.5892,0,0,0,00000101110100110001110,15,5892,2,870;19678,11;1987,linear(r2=0.972),17|9167|28803|58941|141592,0.0000,24,13,argsz11->1987/statesz8610->138230
0100010110101000000101011011000111010,37,ratchet-candidate,20000,17,13387,13387,0.6667,0,0,0,0000000101011011000111010,4,6666,64,5;8;11;14;17;20;23;26;29;32;35;38,10;11;12;13;14;15;16;17;18;19;20;21,linear(r2=0.802),17|714|3387|6714|13387,0.0000,4,4,
0100010110101000011000000110011110110,37,head-recurrent-other,20000,17,1852,2428,0.0100,0,0,0,00011000000110011110110,2,4,3,1;6,10;22,linear(r2=0.778),17|493|952|1141|1852,0.9995,2,0,argsz10->22/statesz32->73
0100010110101000011000000101101101110,37,ratchet-candidate,20000,17,1379,2150,0.0072,0,0,0,000001011011000000101101100000010110110000001011011000000101101100000010110110000001011011000011000000101101101110,2,134,64,45;64;83;106;129;156;183;215;246;281;316;355,58;64;70;76;82;88;94;106;112;118;124;130,linear(r2=0.701),17|500|1019|1244|1379,0.0000,2,1,
0100011000000111001111010000101101010,37,opaque,20000,17,28022,28034,0.2001,0,0,0,,0,0,0,,,linear(r2=1.000),17|1422|7022|14022|28022,0.9998,2,0,
0100011000011100111000110000101101010,37,head-recurrent-other,20000,17,95174,96863,0.3375,0,0,0,000101101010,33,6749,1,332;359,100;19,linear(r2=1.000),17|5838|24759|48722|95174,0.0000,247,246,argsz100->19/statesz2238->2157
0000010001011010100000011100101101010,37,blowup,48,18,1062914,1062914,0.5000,1,0,0,,0,0,0,,,n/a,18|0|0|0|0,1.0000,0,0,
0001000110011010000001110011001110110,37,opaque,20000,17,400113,400116,0.5001,0,0,0,,0,0,0,,,linear(r2=1.000),17|20113|100113|200113|400113,1.0000,0,0,
0001000101101010000001110011001110110,37,opaque,20000,17,400413,400416,0.5001,0,0,0,,0,0,0,,,linear(r2=1.000),17|20413|100413|200413|400413,1.0000,0,0,
0001000101101010000001110011100110110,37,opaque,20000,17,316609,316612,0.6912,0,0,0,,0,0,0,,,linear(r2=1.000),17|16881|80257|159093|316609,1.0000,0,0,
0001000101101010000001110011100111010,37,opaque,20000,17,39997,40019,0.1915,0,0,0,,0,0,0,,,linear(r2=0.997),17|4925|12277|21505|39997,1.0000,0,0,
0001000101101010000001110010110110110,37,opaque,20000,17,300033,300036,0.5000,0,0,0,,0,0,0,,,linear(r2=1.000),17|15033|75033|150033|300033,1.0000,0,0,
0001000101101010000001110010111010110,37,opaque,20000,17,300033,300036,0.5000,0,0,0,,0,0,0,,,linear(r2=1.000),17|15033|75033|150033|300033,1.0000,0,0,
0001000101101010000001011010000110110,37,opaque,20000,18,525,1296,0.0071,0,0,0,,0,0,0,,,linear(r2=0.317),18|300|585|636|525,1.0000,0,0,
0000010001101000011000000110011110110,37,opaque,20000,17,61226,61520,0.0100,0,0,0,,0,0,0,,,linear(r2=1.000),17|3371|15626|30515|61226,1.0000,0,0,
0100010110001010000001011010000110110,37,ratchet-candidate,20000,18,524,1295,0.0071,0,0,0,0001011010000110110,1,141,64,2;4;8;14;22;32;44;58;74;92;112;134,10;13;16;19;22;25;28;31;34;37;40;43,linear(r2=0.317),18|299|584|635|524,0.0000,2,2,
0100011001100011000000101110100111010,37,blowup,2797,17,500205,500205,0.6618,1,0,0,,0,0,0,,,linear(r2=0.970),17|104740|0|0|0,0.9993,1,0,
00000001000110001100001011010000110110,38,opaque,20000,18,524,1298,0.0071,0,0,0,,0,0,0,,,linear(r2=0.317),18|299|584|635|524,1.0000,0,0,
01000001011101101100000011100101101010,38,blowup,48,17,1062913,1062913,0.5000,1,0,0,,0,0,0,,,n/a,17|0|0|0|0,0.9792,1,0,
01000101100011000100001011010000110110,38,ratchet-candidate,20000,18,524,1298,0.0071,0,0,0,0001011010000110110,2,141,64,1;3;7;13;21;31;43;57;73;91;111;133,10;13;16;19;22;25;28;31;34;37;40;43,linear(r2=0.317),18|299|584|635|524,0.0000,3,3,
01000101100010100000011001011000111010,38,opaque,20000,18,60015,60021,0.3333,0,0,0,,0,0,0,,,linear(r2=1.000),18|3021|15015|30021|60015,0.9998,2,0,
00010001011011010000001011010000110110,38,opaque,20000,18,525,1296,0.0071,0,0,0,,0,0,0,,,linear(r2=0.317),18|300|585|636|525,1.0000,0,0,
00010100011000110000101101000011011010,38,opaque,20000,18,524,1298,0.0071,0,0,0,,0,0,0,,,linear(r2=0.317),18|299|584|635|524,1.0000,0,0,
00000100010110110100000011100101101010,38,blowup,50,18,1062916,1062916,0.5000,1,0,0,,0,0,0,,,n/a,18|0|0|0|0,1.0000,0,0,
01000110011000110000001000110100111010,38,blowup,3559,18,500214,500214,0.2532,1,0,0,,0,0,0,,,linear(r2=0.966),18|71138|0|0|0,0.9994,1,0,
00010001011010100000011001011000111010,38,opaque,20000,18,60024,60030,0.3333,0,0,0,,0,0,0,,,linear(r2=1.000),18|3030|15024|30030|60024,1.0000,0,0,
00010001011010100000010110110000110110,38,opaque,20000,18,930,1518,0.0100,0,0,0,,0,0,0,,,linear(r2=0.706),18|270|480|915|930,1.0000,0,0,
00010001011010100000010111010000110110,38,opaque,20000,18,930,1521,0.0100,0,0,0,,0,0,0,,,linear(r2=0.706),18|270|480|915|930,1.0000,0,0,
00010001011010100000010101101000111010,38,opaque,20000,18,6724,6724,0.3334,0,0,0,,0,0,0,,,linear(r2=1.000),18|374|1724|3374|6724,1.0000,0,0,
01000110000111011000000101110100111010,38,monotone-growth,2161,17,500148,500148,0.9792,1,0,0,,0,0,0,,,linear(r2=0.972),17|156990|0|0|0,0.9991,1,0,
01000110010110101000000111001011010110,38,monotone-growth,54,18,524288,524288,1.0000,1,0,0,,0,0,0,,,n/a,18|0|0|0|0,0.9630,1,0,
01000110010110101000000111001011011010,38,monotone-growth,54,18,524288,524288,1.0000,1,0,0,,0,0,0,,,n/a,18|0|0|0|0,0.9630,1,0,
01000110010110101000000111001011101010,38,monotone-growth,54,18,524288,524288,1.0000,1,0,0,,0,0,0,,,n/a,18|0|0|0|0,0.9630,1,0,
01000110010110101000000101110100111010,38,monotone-growth,2136,18,500044,500044,1.0000,1,0,0,,0,0,0,,,linear(r2=0.972),18|160064|0|0|0,0.9991,1,0,
01000101101001100110100000011100110110,38,opaque,20000,18,106698,106701,0.5000,0,0,0,,0,0,0,,,linear(r2=1.000),18|5378|26698|53378|106698,0.9998,2,0,
01000101101001011010100000011100110110,38,opaque,20000,18,106698,106701,0.5000,0,0,0,,0,0,0,,,linear(r2=1.000),18|5354|26698|53354|106698,0.9998,2,0,
01000101100110101000000110011100111010,38,monotone-growth,1945,18,500179,500179,1.0000,1,0,0,,0,0,0,,,n/a,18|185124|0|0|0,0.9979,2,0,
01000101100110101000000111001100111010,38,monotone-growth,412,18,505478,505478,1.0000,1,0,0,,0,0,0,,,n/a,18|0|0|0|0,0.9854,2,0,
01000101100110101000000111001110011010,38,monotone-growth,48,18,710248,710248,1.0000,1,0,0,,0,0,0,,,n/a,18|0|0|0|0,0.8750,2,0,
01000101100110101000000111001011101010,38,monotone-growth,64,18,655574,655574,1.0000,1,0,0,,0,0,0,,,n/a,18|0|0|0|0,0.9062,2,0,
01000101100110101000000101110100111010,38,head-recurrent-other,2137,18,500039,500039,1.0000,1,0,0,00000101110100111010,3,1068,2,3;7,9;19,linear(r2=0.972),18|159734|0|0|0,0.0000,1023,1022,argsz9->19/statesz59->89
01000101011010101000000110011100111010,38,monotone-growth,1961,18,500069,500069,1.0000,1,0,0,,0,0,0,,,n/a,18|183044|0|0|0,0.9969,3,0,
01000101011010101000000111001100111010,38,head-recurrent-other,424,18,506574,506574,1.0000,1,0,0,00000111001100111010,2,5,1,3;7,29;9,n/a,18|0|0|0|0,0.9764,3,0,argsz29->9/statesz49->139
01000101011010101000000111001110011010,38,head-recurrent-other,72,18,713008,713008,1.0000,1,0,0,00000111001110011010,2,5,1,3;7,29;9,n/a,18|0|0|0|0,0.8611,3,0,argsz29->9/statesz49->139
01000101011010101000000111001011010110,38,ratchet-candidate,57,18,655359,655359,1.0000,1,0,0,00010101000001110010110101100000011100101101011000000111001011010110010110100101000001110010110101100000011100101101011000000111001011010110,1,14,14,4;8;12;16;20;24;28;32;36;40;44;48,9;49;129;289;609;1249;2529;5089;10209;20449;40929;81889,n/a,18|0|0|0|0,0.0000,3,1,
01000101011010101000000111001011011010,38,ratchet-candidate,57,18,655359,655359,1.0000,1,0,0,00010101000001110010110110100000011100101101101000000111001011011010010110010100000111001011011010000001110010110110100000011100101101101010,1,14,14,4;8;12;16;20;24;28;32;36;40;44;48,9;49;129;289;609;1249;2529;5089;10209;20449;40929;81889,n/a,18|0|0|0|0,0.0000,3,1,
01000101011010101000000111001011101010,38,ratchet-candidate,57,18,655359,655359,1.0000,1,0,0,00010101000001110010111010100000011100101110101000000111001011101010010101010000011100101110101000000111001011101010000001110010111010101010,1,14,14,4;8;12;16;20;24;28;32;36;40;44;48,9;49;129;289;609;1249;2529;5089;10209;20449;40929;81889,n/a,18|0|0|0|0,0.0000,3,1,
01000101011010101000000101110100111010,38,head-recurrent-other,2135,18,500019,500019,1.0000,1,0,0,00000101110100111010,3,1067,2,1;5,9;19,linear(r2=0.972),18|160334|0|0|0,0.0000,1023,1022,argsz9->19/statesz39->69
01000101100110011010100000011100110110,38,head-recurrent-other,20000,18,106778,106781,0.5000,0,0,0,0000011100110110,2,4,1,1;5,23;7,linear(r2=1.000),18|5442|26778|53442|106778,0.9996,2,0,argsz23->7/statesz39->63
01000101100110011010100000011100111010,38,head-recurrent-other,20000,18,45774,45794,0.3402,0,0,0,0000011100111010,2,4,1,1;5,23;7,linear(r2=0.538),18|30126|35760|39028|45774,0.9996,2,0,argsz23->7/statesz39->63
01000101100101101010100000011100110110,38,head-recurrent-other,20000,18,106746,106749,0.5000,0,0,0,0000011100110110,2,5,1,1;7,23;7,linear(r2=1.000),18|5410|26746|53410|106746,0.9995,3,0,argsz23->7/statesz39->63
01000101100101101010100000011100111010,38,head-recurrent-other,20000,18,45764,45788,0.3405,0,0,0,0000011100111010,2,5,1,1;7,23;7,linear(r2=0.543),18|29456|35714|39006|45764,0.9995,3,0,argsz23->7/statesz39->63
01000101011010011010100000011100110110,38,head-recurrent-other,20000,18,106722,106725,0.5000,0,0,0,0000011100110110,2,6,1,3;9,23;7,linear(r2=1.000),18|5402|26722|53402|106722,0.9994,3,0,argsz23->7/statesz39->63
01000101011010011010100000011100111010,38,head-recurrent-other,20000,18,45772,45794,0.3402,0,0,0,0000011100111010,2,5,1,3;7,23;7,linear(r2=0.539),18|30052|35758|39034|45772,0.9995,3,0,argsz23->7/statesz39->63
01000101011001101010100000011100110110,38,ratchet-candidate,20000,18,106706,106706,0.5000,0,0,0,0001010100000111001101100100000111001101100000011100110110000001110011011001100101000001110011011001000001110011011000000111001101100000011100110110,1,3333,64,6;12;18;24;30;36;42;48;54;60;66;72,7;39;71;103;135;167;199;231;263;295;327;359,linear(r2=1.000),18|5362|26706|53362|106706,0.0000,3,2,
01000101011001101010100000011100111010,38,head-recurrent-other,4072,18,500206,500206,0.5005,1,0,0,0000011100111010,2,8,1,5;13,31;7,linear(r2=1.000),18|127224|0|0|0,0.9961,3,0,argsz31->7/statesz47->95
01000101010110101010100000011100110110,38,ratchet-candidate,20000,18,106698,106698,0.5000,0,0,0,0001010100000111001101100100000111001101100000011100110110000001110011011001100101000001110011011001000001110011011000000111001101100000011100110110,1,3333,64,8;14;20;26;32;38;44;50;56;62;68;74,7;39;71;103;135;167;199;231;263;295;327;359,linear(r2=1.000),18|5362|26698|53362|106698,0.0000,4,1,
01000101010110101010100000011100111010,38,head-recurrent-other,4074,18,500206,500206,0.5005,1,0,0,0000011100111010,2,9,1,7;15,31;7,linear(r2=1.000),18|127224|0|0|0,0.9956,4,0,argsz31->7/statesz47->95
01000110001100000011001011101100111010,38,blowup,775,17,500308,500308,0.6658,1,0,0,,0,0,0,,,n/a,17|0|0|0|0,0.9974,1,0,
01000110001100001001001011010000110110,38,ratchet-candidate,20000,18,953,1307,0.0071,0,0,0,0001001001011010000110110,1,141,64,1;4;9;16;25;36;49;64;81;100;121;144,13;16;19;22;25;28;31;34;37;40;43;46,linear(r2=0.708),18|203|371|323|953,0.0000,2,2,
01000110001100001011010000110010010110,38,ratchet-candidate,20000,18,1556,1847,0.0051,0,0,0,0001011010000110010010110,1,101,64,1;3;8;17;30;47;68;93;122;155;192;233,13;19;25;31;37;43;49;55;61;67;73;79,linear(r2=0.608),18|290|806|506|1556,0.0000,3,2,
01000110001100001011010000100100110110,38,ratchet-candidate,20000,18,641,1829,0.0050,0,0,0,0001011010000100100110110,1,100,64,1;3;9;19;33;51;73;99;129;163;201;243,13;19;25;31;37;43;49;55;61;67;73;79,linear(r2=0.503),18|353|341|713|641,0.0000,2,2,
01000110001100001011010000101100010110,38,ratchet-candidate,20000,18,641,1829,0.0050,0,0,0,0001011010000101100010110,1,100,64,1;3;9;19;33;51;73;99;129;163;201;243,13;19;25;31;37;43;49;55;61;67;73;79,linear(r2=0.503),18|353|341|713|641,0.0000,4,2,
01000110001100001011010000101001010110,38,ratchet-candidate,20000,18,641,1829,0.0050,0,0,0,0001011010000101001010110,1,100,64,1;3;9;19;33;51;73;99;129;163;201;243,13;19;25;31;37;43;49;55;61;67;73;79,linear(r2=0.503),18|353|341|713|641,0.0000,3,2,
01000110001100001011010010010000110110,38,ratchet-candidate,20000,18,641,1829,0.0050,0,0,0,0001011010010010000110110,1,100,64,1;3;9;19;33;51;73;99;129;163;201;243,13;19;25;31;37;43;49;55;61;67;73;79,linear(r2=0.503),18|353|341|713|641,0.0000,3,2,
01000110001100001011010010000011011010,38,ratchet-candidate,20000,18,641,1829,0.0050,0,0,0,0001011010010000011011010,1,100,64,1;3;9;19;33;51;73;99;129;163;201;243,13;19;25;31;37;43;49;55;61;67;73;79,linear(r2=0.503),18|353|341|713|641,0.0000,3,2,
01000110001100001011000100001100111010,38,ratchet-candidate,20000,18,790,1435,0.0071,0,0,0,0001011000100001100111010,1,141,64,1;3;7;13;21;31;43;57;73;91;111;133,13;18;23;28;33;38;43;48;53;58;63;68,linear(r2=0.570),18|330|665|780|790,0.0000,2,2,
01000110001100001011000100001011011010,38,ratchet-candidate,20000,18,790,1435,0.0071,0,0,0,0001011000100001011011010,1,141,64,1;3;7;13;21;31;43;57;73;91;111;133,13;18;23;28;33;38;43;48;53;58;63;68,linear(r2=0.570),18|330|665|780|790,0.0000,3,2,
01000110001100001000101101010000110110,38,ratchet-candidate,20000,18,941,1301,0.0070,0,0,0,0001000101101010000110110,1,140,64,1;6;13;22;33;46;61;78;97;118;141;166,13;16;19;22;25;28;31;34;37;40;43;46,linear(r2=0.688),18|191|359|929|941,0.0000,2,2,
01000110001100001011000011010000110110,38,ratchet-candidate,20000,18,530,1298,0.0141,0,0,0,0001011000011010000110110,1,141,64,1;3;7;13;21;31;43;57;73;91;111;133,13;16;19;22;25;28;31;34;37;40;43;46,linear(r2=0.317),18|305|590|641|530,0.0000,2,2,
01000110001100001011001100010000110110,38,ratchet-candidate,20000,18,950,1307,0.0071,0,0,0,0001011001100010000110110,1,141,64,1;3;8;15;24;35;48;63;80;99;120;143,13;16;19;22;25;28;31;34;37;40;43;46,linear(r2=0.689),18|200|368|938|950,0.0000,3,2,
01000110001100001011001001010000110110,38,ratchet-candidate,20000,18,950,1307,0.0071,0,0,0,0001011001001010000110110,1,141,64,1;3;8;15;24;35;48;63;80;99;120;143,13;16;19;22;25;28;31;34;37;40;43;46,linear(r2=0.689),18|200|368|938|950,0.0000,3,2,
01000110001100001010010011010000110110,38,ratchet-candidate,20000,18,953,1307,0.0071,0,0,0,0001010010011010000110110,1,141,64,1;4;9;16;25;36;49;64;81;100;121;144,13;16;19;22;25;28;31;34;37;40;43;46,linear(r2=0.708),18|203|371|323|953,0.0000,2,2,
01000110001100001010001101010000110110,38,ratchet-candidate,20000,18,953,1304,0.0141,0,0,0,0001010001101010000110110,1,141,64,1;4;9;16;25;36;49;64;81;100;121;144,13;16;19;22;25;28;31;34;37;40;43;46,linear(r2=0.708),18|203|371|323|953,0.0000,2,2,
01000110001100001010100101010000110110,38,ratchet-candidate,20000,18,953,1307,0.0071,0,0,0,0010,3,141,64,2;5;10;17;26;37;50;65;82;101;122;145,13;16;19;22;25;28;31;34;37;40;43;46,linear(r2=0.708),18|203|371|323|953,0.0000,3,2,
01000110001100001010110100001101100010,38,head-recurrent-other,20000,18,953,1727,0.0071,0,0,0,000110000001010110100001101100010,23,278,1,460;461,16;13,linear(r2=0.569),18|401|803|941|953,0.0000,143,143,argsz16->13/statesz173->170
01000110001100001000101101000011011010,38,ratchet-candidate,20000,18,953,1304,0.0071,0,0,0,0001011010000110110,1,141,64,2;5;10;17;26;37;50;65;82;101;122;145,13;16;19;22;25;28;31;34;37;40;43;46,linear(r2=0.708),18|203|371|323|953,0.0000,2,2,
01000110001100100100001011010000110110,38,ratchet-candidate,20000,18,953,1304,0.0071,0,0,0,0001011010000110110,1,141,64,2;5;10;17;26;37;50;65;82;101;122;145,13;16;19;22;25;28;31;34;37;40;43;46,linear(r2=0.708),18|203|371|323|953,0.0000,2,2,
01000101101010000001100110000111101110,38,opaque,20000,17,3720,5496,0.6630,0,0,0,,0,0,0,,,linear(r2=0.803),17|731|1564|2317|3720,0.9998,2,0,
01000101101010000001100110011100111010,38,opaque,20000,18,74386,74404,0.3215,0,0,0,,0,0,0,,,linear(r2=1.000),18|4144|19010|37374|74386,0.9998,2,0,
01000101101010000001100111001110011010,38,monotone-growth,18726,18,500024,500024,1.0000,1,0,0,,0,0,0,,,linear(r2=1.000),18|27644|133552|267890|0,0.9998,2,0,
01000101101010000001100101110100111010,38,monotone-growth,1084,18,501426,501426,1.0000,1,0,0,,0,0,0,,,n/a,18|444282|0|0|0,0.9963,2,0,
01000101101010000001100101100111011010,38,monotone-growth,120,18,630006,630006,1.0000,1,0,0,,0,0,0,,,n/a,18|0|0|0|0,0.9667,2,0,
01000101101010000001110000111001111010,38,blowup,636,17,414905,414905,0.3082,1,0,0,,0,0,0,,,n/a,17|0|0|0|0,0.9937,2,0,step-alloc-cap
01000101101010000001110011001100111010,38,opaque,20000,18,154582,154588,0.4753,0,0,0,,0,0,0,,,linear(r2=1.000),18|11820|41700|79530|154582,0.9998,2,0,
01000101101010000001110011001110011010,38,monotone-growth,14757,18,500013,500013,1.0000,1,0,0,,0,0,0,,,linear(r2=1.000),18|37688|171390|338488|0,0.9997,2,0,
01000101101010000001110011001011010110,38,monotone-growth,30,18,1446714,1446714,1.0000,1,0,0,,0,0,0,,,n/a,18|0|0|0|0,0.8667,2,0,
01000101101010000001110011001011011010,38,monotone-growth,30,18,1446714,1446714,1.0000,1,0,0,,0,0,0,,,n/a,18|0|0|0|0,0.8667,2,0,
01000101101010000001110011001011101010,38,monotone-growth,30,18,1446714,1446714,1.0000,1,0,0,,0,0,0,,,n/a,18|0|0|0|0,0.8667,2,0,
01000101101010000001110011100110011010,38,monotone-growth,1423,18,500617,500617,1.0000,1,0,0,,0,0,0,,,n/a,18|365228|0|0|0,0.9972,2,0,
01000101101010000001110011100101101010,38,monotone-growth,30,18,1446714,1446714,1.0000,1,0,0,,0,0,0,,,n/a,18|0|0|0|0,0.8667,2,0,
01000101101010000001110010110011011010,38,monotone-growth,86,18,689670,689670,1.0000,1,0,0,,0,0,0,,,n/a,18|0|0|0|0,0.9535,2,0,
01000101101010000001011101001100111010,38,head-recurrent-other,1283,18,500591,500591,1.0000,1,0,0,000001011101001100111010,2,641,2,1;5,11;35,n/a,18|348030|0|0|0,0.0000,618,617,argsz11->35/statesz35->131
01000101101010000001011001110100110110,38,head-recurrent-other,1349,18,500015,500015,1.0000,1,0,0,000001011001110100110110,2,674,2,1;3,11;23,n/a,18|323574|0|0|0,0.0000,997,996,argsz11->23/statesz35->59
01000101101010000001011001110100111010,38,head-recurrent-other,1349,18,500015,500015,1.0000,1,0,0,000001011001110100111010,2,674,2,1;3,11;23,n/a,18|323574|0|0|0,0.0000,997,996,argsz11->23/statesz35->59
01000101101010000001011100011100110110,38,opaque,20000,17,256593,257909,0.0198,0,0,0,,0,0,0,,,linear(r2=1.000),17|12553|63293|126049|256593,0.9997,2,0,
01000101101010000001011100111010001110,38,head-recurrent-other,20000,17,29183,29257,0.3640,0,0,0,000001011100111010001110,21,7280,3,1209;19786,11;12,linear(r2=0.760),17|3973|11155|15262|29183,0.0000,31,26,argsz11->12/statesz4835->27947
01000101101010000001010111010011101010,38,head-recurrent-other,1339,18,500903,500903,1.0000,1,0,0,000001010111010011101010,240,669,1,255;255,119;119,n/a,18|324138|0|0|0,0.0000,1301,1300,argsz119->119/statesz42767->42767
01000101101010000001010110001000111010,38,ratchet-candidate,20000,18,6709,6709,0.3334,0,0,0,000001010110001000111010,3,6666,64,3;6;9;12;15;18;21;24;27;30;33;36,2;3;4;5;6;7;8;9;10;11;12;13,linear(r2=1.000),18|368|1709|3368|6709,0.0000,4,4,
01000101101010000110000001111001111010,38,head-recurrent-other,573,17,504566,504566,0.5532,1,0,0,000110000001111001111010,54,316,2,260;285,10;3413,n/a,17|0|0|0|0,0.0000,116,116,argsz10->3413/statesz111015->120114
01000110100000000110010111101110001110,38,opaque,20000,16,40026,40029,0.5000,0,0,0,,0,0,0,,,linear(r2=1.000),16|2026|10026|20026|40026,0.9999,1,0,
01000110100000000111100001110011111010,38,opaque,20000,16,41526,41820,0.0100,0,0,0,,0,0,0,,,linear(r2=1.000),16|2426|10776|20786|41526,0.9999,1,0,
01000110100000011001100101110110011010,38,monotone-growth,34,18,786456,786456,1.0000,1,0,0,,0,0,0,,,n/a,18|0|0|0|0,0.9412,1,0,
01000110100000011001110000111001111010,38,opaque,20000,17,41728,42022,0.0100,0,0,0,,0,0,0,,,linear(r2=1.000),17|2473|10878|20929|41728,0.9999,1,0,
01000110100000011001110000101111010110,38,opaque,20000,17,40722,41025,0.0100,0,0,0,,0,0,0,,,linear(r2=1.000),17|2242|10372|20218|40722,0.9999,1,0,
01000110100000011001011010010111010110,38,monotone-growth,62,18,589488,589488,0.9839,1,0,0,,0,0,0,,,n/a,18|0|0|0|0,0.9677,1,0,
01000110100000011001011101100110001110,38,monotone-growth,534,17,501454,501454,1.0000,1,0,0,,0,0,0,,,n/a,17|0|0|0|0,0.9963,1,0,
01000110100000011001011101100110000010,38,monotone-growth,998,18,500028,500028,1.0000,1,0,0,,0,0,0,,,n/a,18|0|0|0|0,0.9980,1,0,
01000110100000011001011101100110011010,38,monotone-growth,22,18,531468,531468,1.0000,1,0,0,,0,0,0,,,n/a,18|0|0|0|0,0.9091,1,0,
01000110100000011001011101100111000110,38,monotone-growth,533,17,500353,500353,0.9981,1,0,0,,0,0,0,,,n/a,17|0|0|0|0,0.9962,1,0,
01000110100000011001011101100101101010,38,monotone-growth,22,18,531468,531468,1.0000,1,0,0,,0,0,0,,,n/a,18|0|0|0|0,0.9091,1,0,
01000110100000011001011100011001110110,38,blowup,397,17,62344,74622,0.0730,1,0,0,,0,0,0,,,n/a,17|0|0|0|0,0.9950,1,0,step-alloc-cap
01000110100000011001011001011101011010,38,blowup,54,18,524520,524520,0.7593,1,0,0,,0,0,0,,,n/a,18|0|0|0|0,0.9630,1,0,
01000110100000011001010111011001101010,38,monotone-growth,34,18,786456,786456,1.0000,1,0,0,,0,0,0,,,n/a,18|0|0|0|0,0.9412,1,0,
01000110100000011100001100111001111010,38,monotone-growth,1869,17,500428,500428,1.0000,1,0,0,,0,0,0,,,n/a,17|200076|0|0|0,0.9989,1,0,
01000110100000011100001110000111110110,38,opaque,20000,16,61426,61720,0.0100,0,0,0,,0,0,0,,,linear(r2=1.000),16|3416|15726|30656|61426,0.9999,1,0,
01000110100000011100001110011001111010,38,blowup,209,17,129729,129729,0.7368,1,0,0,,0,0,0,,,n/a,17|0|0|0|0,0.9905,1,0,step-alloc-cap
01000110100000011100001110010111101010,38,blowup,44,17,27990,27990,0.8182,1,0,0,,0,0,0,,,n/a,17|0|0|0|0,0.9556,1,0,step-alloc-cap
01000110100000011100001011011001111010,38,opaque,20000,17,83311,83398,0.0375,0,0,0,,0,0,0,,,linear(r2=1.000),17|4536|21386|42251|83311,0.9999,1,0,
01000110100000011100001011101001111010,38,opaque,20000,17,88423,88477,0.0384,0,0,0,,0,0,0,,,linear(r2=1.000),17|5081|23383|45215|88423,0.9999,1,0,
01000110100000011100001011100111101010,38,monotone-growth,1759,17,500190,500190,1.0000,1,0,0,,0,0,0,,,n/a,17|216127|0|0|0,0.9989,1,0,
01000110100000011100101011100010110110,38,blowup,3525,17,1141620,1141620,0.0031,1,0,0,,0,0,0,,,linear(r2=0.786),17|124162|0|0|0,0.9994,1,0,
01000110100000010110100101110110011010,38,monotone-growth,34,18,786456,786456,1.0000,1,0,0,,0,0,0,,,n/a,18|0|0|0|0,0.9412,1,0,
01000110100000010110100101011101011010,38,monotone-growth,50,18,858978,858978,0.9800,1,0,0,,0,0,0,,,n/a,18|0|0|0|0,0.9600,1,0,
01000110100000010110011010010111010110,38,monotone-growth,72,18,654558,654558,0.9861,1,0,0,,0,0,0,,,n/a,18|0|0|0|0,0.9722,1,0,
01000110100000010111001011010001110110,38,blowup,76,17,70099,70099,0.5263,1,0,0,,0,0,0,,,n/a,17|0|0|0|0,0.9740,1,0,step-alloc-cap
01000110100000010110010111011001101010,38,monotone-growth,34,18,786456,786456,1.0000,1,0,0,,0,0,0,,,n/a,18|0|0|0|0,0.9412,1,0,
01000110100000010111000011100111101010,38,opaque,20000,17,41728,42019,0.0100,0,0,0,,0,0,0,,,linear(r2=1.000),17|2473|10878|20929|41728,0.9999,1,0,
01000110100000010101101001011101011010,38,monotone-growth,51,18,523857,523857,0.9804,1,0,0,,0,0,0,,,n/a,18|0|0|0|0,0.9608,1,0,
01000110100000010101110001110011101010,38,blowup,87,17,50895,50895,0.3563,1,0,0,,0,0,0,,,n/a,17|0|0|0|0,0.9773,1,0,step-alloc-cap
01000110100001100000000111001111101110,38,opaque,20000,16,81326,81620,0.0100,0,0,0,,0,0,0,,,linear(r2=1.000),16|4406|20676|40526|81326,0.9998,1,0,
01000110100001100000011001110011110110,38,blowup,7354,17,500035,500035,0.5159,1,0,0,,0,0,0,,,linear(r2=0.989),17|38961|302183|0|0,0.9995,1,0,
01000110100001100000011001011110110110,38,blowup,5189,17,500062,500062,0.5188,1,0,0,,0,0,0,,,linear(r2=0.991),17|63845|475052|0|0,0.9992,1,0,
01000110100001100000011100110011110110,38,monotone-growth,1714,17,500158,500158,1.0000,1,0,0,,0,0,0,,,n/a,17|226478|0|0|0,0.9977,1,0,
01000110100001100000010110110011110110,38,opaque,20000,17,108417,108471,0.0384,0,0,0,,0,0,0,,,linear(r2=1.000),17|6068|28383|55197|108417,0.9998,1,0,
01000110100001100000010111010011110110,38,blowup,4778,17,500067,500067,0.3416,1,0,0,,0,0,0,,,linear(r2=0.973),17|50289|0|0|0,0.9992,1,0,
01000110100001100000010110011110110110,38,monotone-growth,1612,17,500225,500225,1.0000,1,0,0,,0,0,0,,,n/a,17|245857|0|0|0,0.9975,1,0,
01000110100001100001110011100111000110,38,head-recurrent-other,189,17,501017,501017,0.5238,1,0,0,0001100001110011100111000110,20,98,2,75;95,1468;5792,n/a,17|0|0|0|0,0.0000,44,44,argsz1468->5792/statesz78096->95392
01000110100001100001000001101100111010,38,opaque,20000,18,31833,32184,0.0072,0,0,0,,0,0,0,,,linear(r2=0.999),18|1878|8247|15780|31833,0.9998,1,0,
01000110100001100001000110001100111010,38,head-recurrent-other,2237,18,500050,500050,0.5110,1,0,0,00011000110,120,1094,1,256;256,171;171,linear(r2=0.975),18|152838|0|0|0,0.0000,1094,1094,argsz171->171/statesz20764->20764
01000110100001100001011000001100111010,38,opaque,20000,18,5029,6373,0.2036,0,0,0,,0,0,0,,,linear(r2=0.959),18|740|2255|2851|5029,0.9996,3,0,
01000110100001100001010110001000111010,38,ratchet-candidate,20000,18,340,697,0.4986,0,0,0,0001100001010110001000111010,1,8,8,1;2;14;57;203;716;2576;9455,13;22;31;40;49;58;67;76,linear(r2=0.323),18|240|372|622|340,0.0000,16,5,
01000110100001100110000001110011000110,38,blowup,370,18,569377,569377,0.3973,1,0,0,,0,0,0,,,n/a,18|0|0|0|0,0.9757,2,0,
01000110100001100110000001111001111010,38,head-recurrent-other,362,17,506778,506778,0.5083,1,0,0,0001100110000001111001111010,54,183,2,211;231,29;3664,n/a,17|0|0|0|0,0.0000,88,88,argsz29->3664/statesz159916->173659
01000110100001100110010110000110001010,38,head-recurrent-other,20000,19,218972,225299,0.0919,0,0,0,0001100010,19,9083,2,587;19998,5;23,linear(r2=0.932),19|13592|54200|109106|218972,0.0000,32,22,argsz5->23/statesz8381->218978
01000110100001100100011000110010011010,38,ratchet-candidate,20000,18,89643,215003,0.4004,0,0,0,0001100100011000110010011010,1,12,12,1;2;8;24;60;136;292;608;1244;2520;5076;10192,13;34;76;160;328;664;1336;2680;5368;10744;21496;43000,linear(r2=0.568),18|7446|22155|44643|89643,0.0000,13,6,
01000110100001000110100001100110001110,38,ratchet-candidate,2276,18,590484,590484,0.5584,1,0,0,00011010,1,10,10,0;2;8;23;56;125;266;551;1124;2273,13;19;55;163;487;1459;4375;13123;39367;118099,linear(r2=0.964),18|40144|0|0|0,0.0000,9,1,
01000110100001000110100101100000001010,38,ratchet-candidate,20000,19,72689,81919,0.1260,0,0,0,00011010,1,12,12,0;2;12;38;96;218;468;974;1992;4034;8124;16310,14;34;74;154;314;634;1274;2554;5114;10234;20474;40954,linear(r2=0.707),19|5049|18064|36273|72689,0.0000,25,11,
01000110100001000110100101100110001010,38,ratchet-candidate,20000,19,4151,5375,0.1255,0,0,0,00011010,1,5,5,0;2;68;646;5320,14;47;146;443;1334,linear(r2=0.669),19|911|707|4550|4151,0.0000,23,13,
01000110100001011000100101100011000110,38,head-recurrent-other,3548,18,523219,523219,0.2500,1,0,0,0001011000100101100011000110,12,894,2,364;3544,15;15,linear(r2=0.967),18|36729|0|0|0,0.0000,19,11,argsz15->15/statesz16022->414989
01000110100001011000110000101101100010,38,ratchet-candidate,20000,18,949,2573,0.0071,0,0,0,0001011000110000101101100010,2,140,64,2;4;10;18;28;40;54;70;88;108;130;154,14;20;26;32;38;44;50;56;62;68;74;80,linear(r2=0.569),18|397|799|937|949,0.0000,4,4,
01000110100001011000110010110001000110,38,head-recurrent-other,20000,18,227232,266083,0.2507,0,0,0,0001011000110010110001000110,17,5014,2,2013;19971,35;315,linear(r2=0.903),18|15164|56536|113457|227232,0.0000,25,18,argsz35->315/statesz30548->227376
01000110100001000101101010010110001010,38,head-recurrent-other,20000,19,59207,73664,0.0919,0,0,0,0010,22,16346,2,642;19996,2;14,linear(r2=0.801),19|3962|14657|29507|59207,0.0000,34,23,argsz2->14/statesz4556->59204
01000110100001011000001110011000001110,38,ratchet-candidate,20000,17,84361,184321,0.3338,0,0,0,0001011000001110011000001110,1,12,12,1;5;15;37;83;177;367;749;1515;3049;6119;12261,12;27;57;117;237;477;957;1917;3837;7677;15357;30717,linear(r2=0.745),17|6601|20965|42121|84361,0.0000,14,9,
01000110100001010110001010010110001010,38,ratchet-candidate,20000,19,58973,73721,0.0006,0,0,0,0001010110001010010110001010,1,11,11,1;9;31;81;187;405;847;1737;3523;7101;14263,14;32;68;140;284;572;1148;2300;4604;9212;18428,linear(r2=0.763),19|4211|14630|29405|58973,0.0000,25,11,
01000110100001000111001011000101000110,38,ratchet-candidate,20000,18,216202,243179,0.5006,0,0,0,0001000111001011000101000110,1,13,13,1;3;9;23;53;115;241;495;1005;2027;4073;8167,13;32;70;146;298;602;1210;2426;4858;9722;19450;38906,linear(r2=0.787),18|4965|53967|108033|216202,0.0000,14,8,
01000110100001000101100010011101000110,38,ratchet-candidate,20000,18,170712,192003,0.5003,0,0,0,0001000101100010011101000110,1,13,13,1;4;11;26;57;120;247;502;1013;2036;4083;8178,13;28;58;118;238;478;958;1918;3838;7678;15358;30718,linear(r2=0.787),18|4019|42678|85364|170712,0.0000,14,7,
01000110100001011000011001100000111010,38,ratchet-candidate,20000,18,90630,98310,0.3362,0,0,0,000110011000001110,1,12,12,13;29;54;97;176;327;622;1205;2364;4675;9290;18513,13;29;61;125;253;509;1021;2045;4093;8189;16381;32765,linear(r2=0.766),18|3119|22843|45382|90630,0.0000,14,5,
01000110100001010001101001011000101010,38,head-recurrent-other,20000,19,107231,110537,0.1121,0,0,0,0010,20,15538,2,530;19497,8;2,linear(r2=0.689),19|2468|26675|53519|107231,0.0000,37,23,argsz8->2/statesz3410->108236
01000110100100011000110000110011000110,38,ratchet-candidate,20000,18,62850,107519,0.6004,0,0,0,000110011000110,1,12,12,4;8;17;36;75;154;313;632;1271;2550;5109;10228,13;28;58;118;238;478;958;1918;3838;7678;15358;30718,linear(r2=0.700),18|4676|15749|31407|62850,0.0000,13,7,
01000100011000110100001011010000110110,38,ratchet-candidate,20000,18,524,1295,0.0071,0,0,0,0001011010000110110,1,141,64,2;4;8;14;22;32;44;58;74;92;112;134,10;13;16;19;22;25;28;31;34;37;40;43,linear(r2=0.317),18|299|584|635|524,0.0000,2,2,
01000101100000110100000011100101101010,38,blowup,51,18,1062913,1062913,0.4902,1,0,0,,0,0,0,,,n/a,18|0|0|0|0,0.9216,2,0,
01000101101001101000000110011100111010,38,head-recurrent-other,1797,18,500369,500369,1.0000,1,0,0,00000110011100111010,2,898,3,1;7,9;49,n/a,18|213734|0|0|0,0.0000,588,587,argsz9->49/statesz39->179
01000101101001101000000111001100111010,38,monotone-growth,391,18,552631,552631,1.0000,1,0,0,,0,0,0,,,n/a,18|0|0|0|0,0.9898,2,0,
01000101101001101000000111001110011010,38,monotone-growth,42,18,797348,797348,1.0000,1,0,0,,0,0,0,,,n/a,18|0|0|0|0,0.9048,2,0,
01000101101001101000000111001011011010,38,monotone-growth,60,18,819254,819254,1.0000,1,0,0,,0,0,0,,,n/a,18|0|0|0|0,0.9333,2,0,
01000101101001101000000101110100111010,38,head-recurrent-other,2133,18,500009,500009,1.0000,1,0,0,00000101110100111010,107,1066,2,239;241,9;159,linear(r2=0.973),18|160934|0|0|0,0.0000,1022,1021,argsz9->159/statesz19079->19239
01000101101001101000000101100111010110,38,head-recurrent-other,2141,18,500049,500049,1.0000,1,0,0,00000101100111010110,186,1070,1,255;255,129;129,linear(r2=0.976),18|164254|0|0|0,0.0000,1589,1588,argsz129->129/statesz22759->22759
01000101100110100110100000011100110110,38,opaque,20000,18,106730,106733,0.5000,0,0,0,,0,0,0,,,linear(r2=1.000),18|5410|26730|53410|106730,0.9997,2,0,
01000101100110100110100000011100111010,38,opaque,20000,18,15820,15842,0.3234,0,0,0,,0,0,0,,,linear(r2=0.994),18|2496|5260|8732|15820,0.9997,2,0,
01000101011010100110100000011100110110,38,head-recurrent-other,20000,18,106730,106733,0.5000,0,0,0,0000011100110110,2,4,1,3;5,15;7,linear(r2=1.000),18|5386|26730|53386|106730,0.9996,3,0,argsz15->7/statesz39->47
01000101011010100110100000011100111010,38,head-recurrent-other,20000,18,15826,15842,0.3235,0,0,0,0000011100111010,2,4,1,3;5,15;7,linear(r2=0.994),18|2502|5258|8732|15826,0.9996,3,0,argsz15->7/statesz39->47
00010001101000000110010111011001101110,38,monotone-growth,1412,17,500581,500581,0.9993,1,0,0,,0,0,0,,,n/a,17|251527|0|0|0,1.0000,0,0,
00010001101000000110010111011001100010,38,monotone-growth,1154,18,501442,501442,0.9991,1,0,0,,0,0,0,,,n/a,18|376779|0|0|0,1.0000,0,0,
00010001101000000110010111011001111010,38,monotone-growth,1412,17,500581,500581,0.9993,1,0,0,,0,0,0,,,n/a,17|251527|0|0|0,1.0000,0,0,
00010001101000000111001100101110110110,38,blowup,11903,17,500034,500034,0.5002,1,0,0,,0,0,0,,,linear(r2=1.000),17|42015|210075|420015|0,1.0000,0,0,
00010001101000000101110011011001110110,38,blowup,663,17,502014,502014,0.5023,1,0,0,,0,0,0,,,n/a,17|0|0|0|0,1.0000,0,0,
00010001101000000101011100010110011010,38,blowup,121,18,524318,524318,0.4298,1,0,0,,0,0,0,,,n/a,18|0|0|0|0,1.0000,0,0,
00010001101000011000011001110011000110,38,blowup,138,18,555035,555035,0.6087,1,0,0,,0,0,0,,,n/a,18|0|0|0|0,1.0000,0,0,
00010001101000011000011001011000111010,38,blowup,1866,18,501098,501098,0.7546,1,0,0,,0,0,0,,,n/a,18|202666|0|0|0,1.0000,0,0,
00010001101000011000010111011100111010,38,blowup,249,17,7838,7838,0.0361,1,0,0,,0,0,0,,,n/a,17|0|0|0|0,1.0000,0,0,step-alloc-cap
00010001101000011000010111100111010110,38,blowup,30,17,8495,8495,0.3000,1,0,0,,0,0,0,,,n/a,17|0|0|0|0,1.0000,0,0,step-alloc-cap
00010001101000011000010110011000111010,38,blowup,478,18,630480,630480,0.5397,1,0,0,,0,0,0,,,n/a,18|0|0|0|0,1.0000,0,0,
00010001101000011001100000011001111010,38,blowup,1089,18,500087,500087,0.5464,1,0,0,,0,0,0,,,n/a,18|407445|0|0|0,1.0000,0,0,
00010001101000011001100000011100110110,38,opaque,20000,18,106712,106715,0.5001,0,0,0,,0,0,0,,,linear(r2=1.000),18|5392|26712|53392|106712,1.0000,0,0,
00010001101000011001100000011100111010,38,opaque,20000,18,44246,44259,0.3408,0,0,0,,0,0,0,,,linear(r2=0.555),18|28451|34232|37464|44246,1.0000,0,0,
00010001101000011001100110000110001110,38,opaque,20000,18,13156,15484,0.3004,0,0,0,,0,0,0,,,linear(r2=0.736),18|3327|6464|14254|13156,1.0000,0,0,
00010001101000011001011001011000101010,38,opaque,20000,19,368239,382316,0.1438,0,0,0,,0,0,0,,,linear(r2=0.937),19|22963|91455|183695|368239,1.0000,0,0,
00010001101000010001101001011000001010,38,opaque,20000,19,50447,73726,0.1676,0,0,0,,0,0,0,,,linear(r2=0.745),19|3807|12519|25155|50447,1.0000,0,0,
00010001101000010110001100101101000110,38,blowup,2002,18,639627,639627,0.2557,1,0,0,,0,0,0,,,linear(r2=0.893),18|196712|0|0|0,1.0000,0,0,
00010001101000010001110011010011000110,38,blowup,12261,18,515804,515804,0.6679,1,0,0,,0,0,0,,,linear(r2=0.945),18|31039|148360|296989|0,1.0000,0,0,
00010001101000010110011000110000110110,38,opaque,20000,18,623,1829,0.0072,0,0,0,,0,0,0,,,linear(r2=0.324),18|398|683|734|623,1.0000,0,0,
00010001101000010000011100110110011010,38,opaque,20000,18,173374,173374,0.6667,0,0,0,,0,0,0,,,linear(r2=1.000),18|8695|43374|86695|173374,1.0000,0,0,
00010001101000010000011100111010011010,38,opaque,20000,18,173374,173374,0.6667,0,0,0,,0,0,0,,,linear(r2=1.000),18|8695|43374|86695|173374,1.0000,0,0,
00010001101000010001110010110101000110,38,blowup,2028,18,570812,570812,0.5049,1,0,0,,0,0,0,,,linear(r2=0.964),18|95308|0|0|0,1.0000,0,0,
00010001101000010001011010011101000110,38,opaque,20000,18,159332,229375,0.5003,0,0,0,,0,0,0,,,linear(r2=0.787),18|3752|39846|79674|159332,1.0000,0,0,
00010001101000010110011001100011000110,38,opaque,20000,18,63440,66970,0.4006,0,0,0,,0,0,0,,,linear(r2=0.935),18|7675|25249|31141|63440,1.0000,0,0,
00010001101000010110000001110011011010,38,opaque,20000,18,106715,106715,0.5001,0,0,0,,0,0,0,,,linear(r2=1.000),18|5395|26715|53395|106715,1.0000,0,0,
00010001101000010110000110011000111010,38,opaque,20000,18,275905,368292,0.5009,0,0,0,,0,0,0,,,linear(r2=0.843),18|18643|68747|137815|275905,1.0000,0,0,
00010001101000010110011001100000111010,38,blowup,12240,18,552581,552581,0.3346,1,0,0,,0,0,0,,,linear(r2=0.950),18|32925|220202|440926|0,1.0000,0,0,
00010001101000010110011001011000101010,38,opaque,20000,19,298795,312872,0.1438,0,0,0,,0,0,0,,,linear(r2=0.945),19|18751|74211|149055|298795,1.0000,0,0,
01000110011010000000010111100110101110,38,blowup,120,17,525979,525979,0.6500,1,0,0,,0,0,0,,,n/a,17|0|0|0|0,0.9833,1,0,
01000110011010000001100110000111101110,38,opaque,20000,17,4627,5386,0.6706,0,0,0,,0,0,0,,,linear(r2=0.826),17|883|1987|2924|4627,0.9999,1,0,
01000110011010000001110000111001111010,38,blowup,305,17,81901,81901,0.3148,1,0,0,,0,0,0,,,n/a,17|0|0|0|0,0.9935,1,0,step-alloc-cap
01000110011010000001011010010111010110,38,monotone-growth,56,18,573116,573116,0.9643,1,0,0,,0,0,0,,,n/a,18|0|0|0|0,0.9643,1,0,
01000110011010000001011100011100110110,38,opaque,20000,17,256678,257955,0.0198,0,0,0,,0,0,0,,,linear(r2=1.000),17|12638|63378|126134|256678,0.9999,1,0,
01000110011010000110000001111001111010,38,head-recurrent-other,569,17,504566,504566,0.5536,1,0,0,000110000001111001111010,54,314,2,256;281,10;3413,n/a,17|0|0|0|0,0.0000,116,116,argsz10->3413/statesz111015->120114
01001001000110001100001011010000110110,38,ratchet-candidate,20000,18,524,1295,0.0071,0,0,0,0001011010000110110,1,141,64,2;4;8;14;22;32;44;58;74;92;112;134,10;13;16;19;22;25;28;31;34;37;40;43,linear(r2=0.317),18|299|584|635|524,0.0000,2,2,
00011001000110001100001011010000110110,38,opaque,20000,18,524,1298,0.0071,0,0,0,,0,0,0,,,linear(r2=0.317),18|299|584|635|524,1.0000,0,0,
01000110010110011010100000011100110110,38,opaque,20000,18,106722,106725,0.5000,0,0,0,,0,0,0,,,linear(r2=1.000),18|5386|26722|53386|106722,0.9999,1,0,
01000110010110011010100000011100111010,38,opaque,20000,18,15128,15140,0.3311,0,0,0,,0,0,0,,,linear(r2=0.994),18|2366|4952|8376|15128,0.9999,1,0,
01000110010101101010100000011100110110,38,opaque,20000,18,106698,106701,0.5000,0,0,0,,0,0,0,,,linear(r2=1.000),18|5378|26698|53378|106698,0.9999,1,0,
01000110010101101010100000011100111010,38,opaque,20000,18,15118,15140,0.3311,0,0,0,,0,0,0,,,linear(r2=0.994),18|2362|4950|8358|15118,0.9999,1,0,
01010001100011000010110100001101100010,38,ratchet-candidate,20000,18,524,1298,0.0071,0,0,0,0001011010000110110,2,141,64,1;3;7;13;21;31;43;57;73;91;111;133,10;13;16;19;22;25;28;31;34;37;40;43,linear(r2=0.317),18|299|584|635|524,0.0000,3,3,
01000110000100101100001011010000110110,38,ratchet-candidate,20000,18,950,1304,0.0071,0,0,0,0001011010000110110,1,141,64,1;4;9;16;25;36;49;64;81;100;121;144,13;16;19;22;25;28;31;34;37;40;43;46,linear(r2=0.708),18|200|368|320|950,0.0000,2,2,
01000110010010001100001011010000110110,38,ratchet-candidate,20000,18,950,1304,0.0071,0,0,0,0001011010000110110,1,141,64,1;4;9;16;25;36;49;64;81;100;121;144,13;16;19;22;25;28;31;34;37;40;43;46,linear(r2=0.708),18|200|368|320|950,0.0000,3,2,
01000110010000110100001011010000110110,38,ratchet-candidate,20000,18,950,1304,0.0071,0,0,0,0001011010000110110,1,141,64,1;4;9;16;25;36;49;64;81;100;121;144,13;16;19;22;25;28;31;34;37;40;43;46,linear(r2=0.708),18|200|368|320|950,0.0000,3,2,
01000110000111001011101101000011000110,38,ratchet-candidate,20000,17,1732,3511,0.5991,0,0,0,0001000110001100101000110001100001100011010,1,89,64,2;9;21;38;60;87;119;156;198;245;297;354,21;34;47;60;73;86;99;112;125;138;151;164,linear(r2=0.644),17|543|718|1410|1732,0.0000,3,3,
01000110000101101000011011000011000110,38,ratchet-candidate,20000,18,524,1295,0.0071,0,0,0,0001011010000110110,1,141,64,2;4;8;14;22;32;44;58;74;92;112;134,10;13;16;19;22;25;28;31;34;37;40;43,linear(r2=0.317),18|299|584|635|524,0.0000,2,2,
01000001110110000001100101110110011010,38,monotone-growth,34,17,524311,524311,1.0000,1,0,0,,0,0,0,,,n/a,17|0|0|0|0,0.9706,1,0,
01000001110110000001110000111001111010,38,opaque,20000,16,41325,41619,0.0100,0,0,0,,0,0,0,,,linear(r2=1.000),16|2380|10675|20644|41325,1.0000,1,0,
01000001110110000001011010010111010110,38,monotone-growth,54,17,573089,573089,0.9815,1,0,0,,0,0,0,,,n/a,17|0|0|0|0,0.9815,1,0,
00010001100011000010101101000011011010,38,opaque,20000,18,31971,32745,0.0071,0,0,0,,0,0,0,,,linear(r2=0.999),18|2207|8966|16789|31971,1.0000,0,0,
01000101100011010000001011010000110110,38,ratchet-candidate,20000,18,524,1295,0.0071,0,0,0,0001011010000110110,1,141,64,2;4;8;14;22;32;44;58;74;92;112;134,10;13;16;19;22;25;28;31;34;37;40;43,linear(r2=0.317),18|299|584|635|524,0.0000,2,2,
01000100100110001100001011010000110110,38,ratchet-candidate,20000,18,524,1295,0.0071,0,0,0,0001011010000110110,1,141,64,2;4;8;14;22;32;44;58;74;92;112;134,10;13;16;19;22;25;28;31;34;37;40;43,linear(r2=0.317),18|299|584|635|524,0.0000,2,2,
00000100010110101000000111001011010110,38,monotone-growth,56,18,524290,524290,1.0000,1,0,0,,0,0,0,,,n/a,18|0|0|0|0,1.0000,0,0,
00000100010110101000000111001011011010,38,monotone-growth,56,18,524290,524290,1.0000,1,0,0,,0,0,0,,,n/a,18|0|0|0|0,1.0000,0,0,
00000100010110101000000111001011101010,38,monotone-growth,56,18,524290,524290,1.0000,1,0,0,,0,0,0,,,n/a,18|0|0|0|0,1.0000,0,0,
00000100010110101000000101110100111010,38,monotone-growth,2135,18,500011,500011,1.0000,1,0,0,,0,0,0,,,linear(r2=0.972),18|160326|0|0|0,1.0000,0,0,
01000110010001100011010000110011000110,38,ratchet-candidate,20000,18,62864,107519,0.6004,0,0,0,000110011000110,1,12,12,1;5;14;33;72;151;310;629;1268;2547;5106;10225,13;28;58;118;238;478;958;1918;3838;7678;15358;30718,linear(r2=0.700),18|4647|15701|31401|62864,0.0000,13,6,
01010010000110001100001011010000110110,38,ratchet-candidate,20000,18,524,1295,0.0071,0,0,0,0001011010000110110,1,141,64,2;4;8;14;22;32;44;58;74;92;112;134,10;13;16;19;22;25;28;31;34;37;40;43,linear(r2=0.317),18|299|584|635|524,0.0000,2,2,
00000100011010000001100101110110011010,38,monotone-growth,34,18,524312,524312,1.0000,1,0,0,,0,0,0,,,n/a,18|0|0|0|0,1.0000,0,0,
00000100011010000001110000111001111010,38,opaque,20000,17,41326,41620,0.0100,0,0,0,,0,0,0,,,linear(r2=1.000),17|2381|10676|20645|41326,1.0000,0,0,
00000100011010000001011010010111010110,38,monotone-growth,54,18,573090,573090,0.9815,1,0,0,,0,0,0,,,n/a,18|0|0|0|0,1.0000,0,0,
00010000011100011100001011010000110110,38,opaque,20000,17,523,1297,0.0071,0,0,0,,0,0,0,,,linear(r2=0.317),17|298|583|634|523,1.0000,0,0,
00010001100110001100001011010000110110,38,opaque,20000,18,570,1341,0.0072,0,0,0,,0,0,0,,,linear(r2=0.321),18|345|630|681|570,1.0000,0,0,
00010001011000110100001011010000110110,38,opaque,20000,18,532,1306,0.0071,0,0,0,,0,0,0,,,linear(r2=0.318),18|307|592|643|532,1.0000,0,0,
01000101001010001100001011010000110110,38,ratchet-candidate,20000,18,524,1295,0.0071,0,0,0,0001011010000110110,1,141,64,2;4;8;14;22;32;44;58;74;92;112;134,10;13;16;19;22;25;28;31;34;37;40;43,linear(r2=0.317),18|299|584|635|524,0.0000,2,2,
00000100010110011010100000011100110110,38,opaque,20000,18,106700,106703,0.5000,0,0,0,,0,0,0,,,linear(r2=1.000),18|5356|26700|53356|106700,1.0000,0,0,
00000100010101101010100000011100110110,38,opaque,20000,18,106692,106695,0.5000,0,0,0,,0,0,0,,,linear(r2=1.000),18|5356|26692|53356|106692,1.0000,0,0,
000000010001101000011000000110011110110,39,opaque,20000,18,61227,61521,0.0100,0,0,0,,0,0,0,,,linear(r2=1.000),18|3372|15627|30516|61227,1.0000,0,0,
000000010001011010100000011100101101010,39,blowup,48,19,1062915,1062915,0.5000,1,0,0,,0,0,0,,,n/a,19|0|0|0|0,1.0000,0,0,
010001011010001000011000000110011110110,39,opaque,20000,18,61227,61515,0.0100,0,0,0,,0,0,0,,,linear(r2=1.000),18|3372|15627|30516|61227,0.9996,2,0,
010001100110011010000001110011001110110,39,opaque,20000,18,400422,400425,0.5001,0,0,0,,0,0,0,,,linear(r2=1.000),18|20422|100422|200422|400422,0.9999,1,0,
010001100110011010000001110011100110110,39,opaque,20000,18,316638,316638,0.6913,0,0,0,,0,0,0,,,linear(r2=1.000),18|16890|80270|159106|316638,0.9999,1,0,
010001100110011010000001110011100111010,39,opaque,20000,18,40010,40018,0.1915,0,0,0,,0,0,0,,,linear(r2=0.997),18|4958|12290|21498|40010,0.9999,1,0,
010001100101101010000001110011001110110,39,opaque,20000,18,400962,400965,0.5001,0,0,0,,0,0,0,,,linear(r2=1.000),18|20962|100962|200962|400962,0.9999,1,0,
010001100101101010000001110011100110110,39,opaque,20000,18,320222,320222,0.6906,0,0,0,,0,0,0,,,linear(r2=1.000),18|20578|83850|162686|320222,0.9999,1,0,
010001100101101010000001110011100111010,39,opaque,20000,18,51234,51260,0.1941,0,0,0,,0,0,0,,,linear(r2=0.950),18|16126|23574|32782|51234,0.9999,1,0,
010001100101101010000001110010110110110,39,opaque,20000,18,300042,300045,0.5000,0,0,0,,0,0,0,,,linear(r2=1.000),18|15042|75042|150042|300042,0.9999,1,0,
010001100101101010000001110010111010110,39,opaque,20000,18,300042,300045,0.5000,0,0,0,,0,0,0,,,linear(r2=1.000),18|15042|75042|150042|300042,0.9999,1,0,
010001100000011110100001011010000110110,39,ratchet-candidate,20000,18,950,1304,0.0071,0,0,0,0001011010000110110,1,141,64,1;4;9;16;25;36;49;64;81;100;121;144,13;16;19;22;25;28;31;34;37;40;43;46,linear(r2=0.708),18|200|368|320|950,0.0000,2,2,
010001100001100011100001011010000110110,39,ratchet-candidate,20000,18,515,1295,0.0070,0,0,0,0001011010000110110,1,140,64,1;5;11;19;29;41;55;71;89;109;131;155,13;16;19;22;25;28;31;34;37;40;43;46,linear(r2=0.316),18|290|575|626|515,0.0000,2,2,
010001100001001110100001011010000110110,39,ratchet-candidate,20000,18,950,1304,0.0071,0,0,0,0001011010000110110,1,141,64,1;4;9;16;25;36;49;64;81;100;121;144,13;16;19;22;25;28;31;34;37;40;43;46,linear(r2=0.708),18|200|368|320|950,0.0000,2,2,
010001100100001110100001011010000110110,39,ratchet-candidate,20000,18,974,1328,0.0071,0,0,0,0001011010000110110,1,141,64,1;4;9;16;25;36;49;64;81;100;121;144,21;24;27;30;33;36;39;42;45;48;51;54,linear(r2=0.705),18|224|392|328|974,0.0000,3,2,
010001100101100010100000011100101101010,39,blowup,49,19,1062912,1062912,0.4898,1,0,0,,0,0,0,,,n/a,19|0|0|0|0,0.9592,1,0,
010001011010010001101010000001100111010,39,head-recurrent-other,3498,19,500070,500070,0.5060,1,0,0,000001100111010,2,1728,3,1;8,7;20,linear(r2=0.971),19|77283|0|0|0,0.0000,844,843,argsz7->20/statesz28->70
010001011010010001101010000001110011010,39,blowup,89,19,524314,524314,0.5843,1,0,0,,0,0,0,,,n/a,19|0|0|0|0,0.9551,2,0,
010001011010010110001010000001100111010,39,head-recurrent-other,4204,19,500398,500398,0.3423,1,0,0,000001100111010,3,1438,2,3;20,2;37,linear(r2=0.972),19|60220|0|0|0,0.0000,684,682,argsz2->37/statesz45->205
010001011010010110001010000001110011010,39,blowup,123,19,524326,524326,0.4228,1,0,0,,0,0,0,,,n/a,19|0|0|0|0,0.9675,2,0,
010001011000001010000001011010000110110,39,ratchet-candidate,20000,19,524,1295,0.0071,0,0,0,0001011010000110110,1,141,64,2;4;8;14;22;32;44;58;74;92;112;134,10;13;16;19;22;25;28;31;34;37;40;43,linear(r2=0.317),19|299|584|635|524,0.0000,2,2,
010001011001101010000001110011001110110,39,opaque,20000,18,400122,400125,0.5000,0,0,0,,0,0,0,,,linear(r2=1.000),18|20122|100122|200122|400122,0.9997,2,0,
010001011001101010000001110011100111010,39,blowup,1350,18,500220,500220,0.5015,1,0,0,,0,0,0,,,n/a,18|379502|0|0|0,0.9956,2,0,
010001011001101010000001110010110110110,39,opaque,20000,18,300242,300245,0.5000,0,0,0,,0,0,0,,,linear(r2=1.000),18|15242|75242|150242|300242,0.9997,2,0,
010001011001101010000001110010111010110,39,opaque,20000,18,300182,300185,0.5000,0,0,0,,0,0,0,,,linear(r2=1.000),18|15182|75182|150182|300182,0.9997,2,0,
010001011001101010000001011010000110110,39,ratchet-candidate,20000,19,524,1295,0.0071,0,0,0,0001011010000110110,1,141,64,2;4;8;14;22;32;44;58;74;92;112;134,10;13;16;19;22;25;28;31;34;37;40;43,linear(r2=0.317),19|299|584|635|524,0.0000,2,2,
010001010110101010000001110011001110110,39,head-recurrent-other,20000,18,400462,400465,0.5000,0,0,0,000001110011001110110,2,5,1,3;7,29;9,linear(r2=1.000),18|20462|100462|200462|400462,0.9995,3,0,argsz29->9/statesz49->129
010001010110101010000001110011100111010,39,head-recurrent-other,282,18,507240,507240,0.5071,1,0,0,000001110011100111010,2,5,1,3;7,29;9,n/a,18|0|0|0|0,0.9645,3,0,argsz29->9/statesz49->129
010001010110101010000001110010110110110,39,ratchet-candidate,20000,18,300042,300042,0.5000,0,0,0,0001010100000111001011011011000000111001011011011000000111001011011011001011001010000011100101101101100000011100101101101100000011100101101101100101000001110010110110110000001110010110110110000001110010110110110,1,5000,64,4;8;12;16;20;24;28;32;36;40;44;48,9;69;129;189;249;309;369;429;489;549;609;669,linear(r2=1.000),18|15042|75042|150042|300042,0.0000,3,1,
010001010110101010000001110010111010110,39,ratchet-candidate,20000,18,300042,300042,0.5000,0,0,0,0001010100000111001011101011000000111001011101011000000111001011101011001010101000001110010111010110000001110010111010110000001110010111010110100101000001110010111010110000001110010111010110000001110010111010110,1,5000,64,4;8;12;16;20;24;28;32;36;40;44;48,9;69;129;189;249;309;369;429;489;549;609;669,linear(r2=1.000),18|15042|75042|150042|300042,0.0000,3,1,
010001010110101010000001011010000110110,39,ratchet-candidate,20000,19,535,1306,0.0071,0,0,0,0001011010000110110,2,141,64,2;4;8;14;22;32;44;58;74;92;112;134,10;13;16;19;22;25;28;31;34;37;40;43,linear(r2=0.318),19|310|595|646|535,0.0000,3,3,
010001100011000000101110011011001110110,39,blowup,8370,17,501762,501762,0.0299,1,0,0,,0,0,0,,,linear(r2=0.999),17|51433|289243|0|0,0.9998,1,0,
010001100011000010110100001100001101110,39,ratchet-candidate,20000,18,641,1829,0.0050,0,0,0,00010110100001100001101110,1,100,64,1;3;9;19;33;51;73;99;129;163;201;243,13;19;25;31;37;43;49;55;61;67;73;79,linear(r2=0.503),18|353|341|713|641,0.0000,2,2,
010001100011000010110100001100001111010,39,ratchet-candidate,20000,18,1556,1847,0.0051,0,0,0,00010110100001100001111010,1,101,64,1;3;8;17;30;47;68;93;122;155;192;233,13;19;25;31;37;43;49;55;61;67;73;79,linear(r2=0.608),18|290|806|506|1556,0.0000,2,2,
010001100011000010110100001100110001110,39,ratchet-candidate,20000,18,3951,8676,0.5155,0,0,0,00010110100001100110001110,1,26,26,1;3;9;27;65;131;233;379;577;835;1161;1563,13;19;25;31;37;43;49;55;61;67;73;79,linear(r2=0.686),18|921|954|1782|3951,0.0000,49,9,
010001100011000010110100001100100111010,39,ratchet-candidate,20000,18,28088,124178,0.5026,0,0,0,00010110100001100100111010,1,101,64,1;3;8;17;30;47;68;93;122;155;192;233,13;19;25;31;37;43;49;55;61;67;73;79,linear(r2=0.475),18|3095|7499|31859|28088,0.0000,3,2,
010001100011000010110100001000111010110,39,ratchet-candidate,20000,18,641,1829,0.0050,0,0,0,00010110100001000111010110,1,100,64,1;3;9;19;33;51;73;99;129;163;201;243,13;19;25;31;37;43;49;55;61;67;73;79,linear(r2=0.503),18|353|341|713|641,0.0000,2,2,
010001100011000010110100001010011010110,39,ratchet-candidate,20000,18,641,2432,0.5000,0,0,0,00010110100001010011010110,1,100,64,1;3;9;19;33;51;73;99;129;163;201;243,13;19;25;31;37;43;49;55;61;67;73;79,linear(r2=0.503),18|353|341|713|641,0.0000,3,2,
010001100011000010110100001000110111010,39,ratchet-candidate,20000,18,641,1829,0.0050,0,0,0,00010110100001000110111010,1,100,64,1;3;9;19;33;51;73;99;129;163;201;243,13;19;25;31;37;43;49;55;61;67;73;79,linear(r2=0.503),18|353|341|713|641,0.0000,2,2,
010001100011000010110100101101000001110,39,ratchet-candidate,1260,18,513949,513949,0.2548,1,0,0,00010110100101101000001110,1,9,9,1;3;9;23;53;115;241;495;1005,13;43;133;403;1213;3643;10933;32803;98413,n/a,18|131261|0|0|0,0.0000,18,5,
010001100011000010110100100000110111010,39,ratchet-candidate,340,18,589811,589811,0.0441,1,0,0,00010110100100000110111010,1,14,14,1;3;9;19;33;51;73;99;129;163;201;243,13;31;67;139;283;571;1147;2299;4603;9211;18427;36859,n/a,18|0|0|0|0,0.0000,3,1,
010001100011000010110100101011010001010,39,ratchet-candidate,1994,19,541277,541277,0.1289,1,0,0,00010110100101011010001010,1,9,9,1;3;13;39;97;219;469;975;1993,14;47;146;443;1334;4007;12026;36083;108254,n/a,19|180290|0|0|0,0.0000,24,1,
010001100011000010110001100101101000110,39,head-recurrent-other,2001,18,639586,639586,0.2554,1,0,0,00010110001100101101000110,11,510,2,229;1975,14;14,linear(r2=0.892),18|197200|0|0|0,0.0000,16,8,argsz14->14/statesz21781->246140
010001100011000010001011011010000110110,39,ratchet-candidate,20000,18,521,1298,0.0140,0,0,0,00010001011011010000110110,1,140,64,1;5;11;19;29;41;55;71;89;109;131;155,13;16;19;22;25;28;31;34;37;40;43;46,linear(r2=0.317),18|296|581|632|521,0.0000,2,2,
010001100011000010001011101010000110110,39,ratchet-candidate,20000,18,956,1307,0.0141,0,0,0,00010001011101010000110110,1,141,64,1;4;9;16;25;36;49;64;81;100;121;144,13;16;19;22;25;28;31;34;37;40;43;46,linear(r2=0.707),18|206|374|323|956,0.0000,2,2,
010001100011000010110000110110000110110,39,ratchet-candidate,20000,18,533,1307,0.0071,0,0,0,00010110000110110000110110,1,141,64,1;3;7;13;21;31;43;57;73;91;111;133,13;16;19;22;25;28;31;34;37;40;43;46,linear(r2=0.318),18|308|593|644|533,0.0000,2,2,
010001100011000010110000111010000110110,39,ratchet-candidate,20000,18,950,1307,0.0071,0,0,0,00010110000111010000110110,1,141,64,1;3;8;15;24;35;48;63;80;99;120;143,13;16;19;22;25;28;31;34;37;40;43;46,linear(r2=0.689),18|200|368|938|950,0.0000,2,2,
010001100011000010110011000110000110110,39,ratchet-candidate,20000,18,515,1727,0.0070,0,0,0,00010110011000110000110110,1,140,64,1;3;9;17;27;39;53;69;87;107;129;153,13;16;19;22;25;28;31;34;37;40;43;46,linear(r2=0.336),18|290|575|626|515,0.0000,3,2,
010001100011000010110010011010000110110,39,ratchet-candidate,20000,18,950,1739,0.0071,0,0,0,00010110010011010000110110,1,141,64,1;3;8;15;24;35;48;63;80;99;120;143,13;16;19;22;25;28;31;34;37;40;43;46,linear(r2=0.593),18|200|368|1247|950,0.0000,3,2,
010001100011000010101101000110000110110,39,ratchet-candidate,20000,18,1412,1760,0.0072,0,0,0,00010101101000110000110110,2,141,64,3;6;11;18;27;38;51;66;83;102;123;146,14;17;20;23;26;29;32;35;38;41;44;47,linear(r2=0.816),18|332|617|668|1412,0.0000,4,4,
010001100011000010100011011010000110110,39,ratchet-candidate,20000,18,953,1307,0.0071,0,0,0,00010100011011010000110110,1,141,64,1;4;9;16;25;36;49;64;81;100;121;144,13;16;19;22;25;28;31;34;37;40;43;46,linear(r2=0.708),18|203|371|323|953,0.0000,2,2,
010001100011000010100011101010000110110,39,ratchet-candidate,20000,18,953,1307,0.0071,0,0,0,00010100011101010000110110,1,141,64,1;4;9;16;25;36;49;64;81;100;121;144,13;16;19;22;25;28;31;34;37;40;43;46,linear(r2=0.708),18|203|371|323|953,0.0000,2,2,
010001100011000010101001101010000110110,39,ratchet-candidate,20000,18,953,1739,0.0071,0,0,0,00010101001101010000110110,1,141,64,1;4;9;16;25;36;49;64;81;100;121;144,13;16;19;22;25;28;31;34;37;40;43;46,linear(r2=0.708),18|203|371|323|953,0.0000,3,2,
010001100011000010001100001101110011010,39,ratchet-candidate,20000,18,953,1307,0.0071,0,0,0,00010001100001101110011010,1,141,64,1;4;9;16;25;36;49;64;81;100;121;144,13;16;19;22;25;28;31;34;37;40;43;46,linear(r2=0.708),18|203|371|323|953,0.0000,2,2,
010001100011000010101101000011011000110,39,head-recurrent-other,20000,18,32255,33029,0.0071,0,0,0,0001100000010101101000011011000110,23,278,1,460;461,16;13,linear(r2=0.999),18|2273|9110|16991|32255,0.0000,143,143,argsz16->13/statesz1055->1052
010001100011000010001011010000110111010,39,ratchet-candidate,20000,18,953,1304,0.0141,0,0,0,00010001011010000110111010,1,141,64,1;4;9;16;25;36;49;64;81;100;121;144,13;16;19;22;25;28;31;34;37;40;43;46,linear(r2=0.708),18|203|371|323|953,0.0000,2,2,
010001100011000010001011011000011011010,39,ratchet-candidate,20000,18,953,1304,0.0141,0,0,0,00010001011011000011011010,1,141,64,1;4;9;16;25;36;49;64;81;100;121;144,13;16;19;22;25;28;31;34;37;40;43;46,linear(r2=0.708),18|203|371|323|953,0.0000,2,2,
010001100011000010001011101000011011010,39,ratchet-candidate,20000,18,953,1304,0.0141,0,0,0,00010001011101000011011010,1,141,64,1;4;9;16;25;36;49;64;81;100;121;144,13;16;19;22;25;28;31;34;37;40;43;46,linear(r2=0.708),18|203|371|323|953,0.0000,2,2,
000001000110011000000110011101000011010,39,blowup,3500,19,500072,500072,0.5060,1,0,0,,0,0,0,,,linear(r2=0.971),19|77096|0|0|0,1.0000,0,0,
000001000110011000000111001101000011010,39,blowup,91,19,524316,524316,0.5824,1,0,0,,0,0,0,,,n/a,19|0|0|0|0,1.0000,0,0,
010100011010000110000001100111101100010,39,opaque,20000,18,61227,61515,0.0100,0,0,0,,0,0,0,,,linear(r2=1.000),18|3372|15627|30516|61227,0.9996,2,0,
000100011001100011000000101110100111010,39,blowup,2797,18,500206,500206,0.6618,1,0,0,,0,0,0,,,linear(r2=0.970),18|104741|0|0|0,1.0000,0,0,
010001101000000001100101111011100110110,39,opaque,20000,17,50028,50031,0.5000,0,0,0,,0,0,0,,,linear(r2=1.000),17|2528|12528|25028|50028,0.9999,1,0,
010001101000000001100101111011100111010,39,opaque,20000,17,50028,50031,0.5000,0,0,0,,0,0,0,,,linear(r2=1.000),17|2528|12528|25028|50028,0.9999,1,0,
010001101000000001111000011110011111010,39,opaque,20000,16,41526,41820,0.0100,0,0,0,,0,0,0,,,linear(r2=1.000),16|2426|10776|20786|41526,0.9999,1,0,
010001101000000110000101111011100110110,39,monotone-growth,1412,17,501288,501288,0.9993,1,0,0,,0,0,0,,,n/a,17|252028|0|0|0,0.9986,1,0,
010001101000000110000101111011100111010,39,monotone-growth,1412,17,501288,501288,0.9993,1,0,0,,0,0,0,,,n/a,17|252028|0|0|0,0.9986,1,0,
010001101000000110011001011101100110110,39,monotone-growth,378,18,500880,500880,1.0000,1,0,0,,0,0,0,,,n/a,18|0|0|0|0,0.9947,1,0,
010001101000000110011001011101100111010,39,monotone-growth,458,18,500888,500888,0.9956,1,0,0,,0,0,0,,,n/a,18|0|0|0|0,0.9956,1,0,
010001101000000110011100001111001111010,39,blowup,683,17,501599,501599,0.3148,1,0,0,,0,0,0,,,n/a,17|0|0|0|0,0.9971,1,0,
010001101000000110011100001011110101110,39,blowup,50,17,576912,576912,0.4000,1,0,0,,0,0,0,,,n/a,17|0|0|0|0,0.9600,1,0,
010001101000000110011100101110110001110,39,blowup,1517,17,1062910,1062910,0.3382,1,0,0,,0,0,0,,,n/a,17|332341|0|0|0,0.9987,1,0,
010001101000000110011100101110110011010,39,monotone-growth,47,18,525265,525265,1.0000,1,0,0,,0,0,0,,,n/a,18|0|0|0|0,0.9574,1,0,
010001101000000110010111011001100000110,39,monotone-growth,998,18,500028,500028,1.0000,1,0,0,,0,0,0,,,n/a,18|0|0|0|0,0.9980,1,0,
010001101000000110010111011001100110110,39,monotone-growth,28,18,524090,524090,1.0000,1,0,0,,0,0,0,,,n/a,18|0|0|0|0,0.9286,1,0,
010001101000000110010111011001100111010,39,opaque,20000,18,273430,273430,0.2507,0,0,0,,0,0,0,,,linear(r2=0.999),18|16270|71654|142246|273430,0.9999,1,0,
010001101000000110010111011001110011010,39,monotone-growth,46,18,523464,523464,1.0000,1,0,0,,0,0,0,,,n/a,18|0|0|0|0,0.9565,1,0,
010001101000000110010111011001011010110,39,monotone-growth,28,18,524090,524090,1.0000,1,0,0,,0,0,0,,,n/a,18|0|0|0|0,0.9286,1,0,
010001101000000110010111011001011011010,39,monotone-growth,28,18,524090,524090,1.0000,1,0,0,,0,0,0,,,n/a,18|0|0|0|0,0.9286,1,0,
010001101000000110010111011001011101010,39,opaque,20000,18,103590,103608,0.1674,0,0,0,,0,0,0,,,linear(r2=0.998),18|7574|30702|55446|103590,0.9999,1,0,
010001101000000110010100011010110011010,39,blowup,50,19,524306,524306,0.6600,1,0,0,,0,0,0,,,n/a,19|0|0|0|0,0.9600,1,0,
010001101000000110010111001011010110110,39,monotone-growth,55,18,588873,588873,1.0000,1,0,0,,0,0,0,,,n/a,18|0|0|0|0,0.9636,1,0,
010001101000000110010101110110011010110,39,monotone-growth,34,18,524552,524552,1.0000,1,0,0,,0,0,0,,,n/a,18|0|0|0|0,0.9412,1,0,
010001101000000110010101110001110110110,39,blowup,1018,17,579269,579269,0.2701,1,0,0,,0,0,0,,,n/a,17|399600|0|0|0,0.9980,1,0,
010001101000000110010110010111011011010,39,monotone-growth,72,18,522878,522878,1.0000,1,0,0,,0,0,0,,,n/a,18|0|0|0|0,0.9722,1,0,
010001101000000110010101110110011011010,39,monotone-growth,378,18,500880,500880,1.0000,1,0,0,,0,0,0,,,n/a,18|0|0|0|0,0.9947,1,0,
010001101000000110010101110110011101010,39,monotone-growth,377,18,501547,501547,0.9973,1,0,0,,0,0,0,,,n/a,18|0|0|0|0,0.9947,1,0,
010001101000000111000000111100111110110,39,opaque,20000,16,61426,61720,0.0100,0,0,0,,0,0,0,,,linear(r2=1.000),16|3416|15726|30656|61426,0.9999,1,0,
010001101000000111000011100111001111010,39,opaque,20000,17,81528,81822,0.0100,0,0,0,,0,0,0,,,linear(r2=1.000),17|4453|20778|40669|81528,0.9999,1,0,
010001101000000111000011100101111010110,39,opaque,20000,17,80124,80427,0.0100,0,0,0,,0,0,0,,,linear(r2=1.000),17|4134|20074|39678|80124,0.9999,1,0,
010001101000000111000010111011001111010,39,opaque,20000,17,81528,81822,0.0100,0,0,0,,0,0,0,,,linear(r2=1.000),17|4453|20778|40669|81528,0.9999,1,0,
010001101000000111000010111001111010110,39,opaque,20000,17,81528,81822,0.0100,0,0,0,,0,0,0,,,linear(r2=1.000),17|4453|20778|40669|81528,0.9999,1,0,
010001101000000111000010110000011111010,39,opaque,20000,17,2615,2951,0.5026,0,0,0,,0,0,0,,,linear(r2=0.732),17|272|699|614|2615,0.9999,1,0,
010001101000000111001100101110110011010,39,monotone-growth,45,18,525247,525247,1.0000,1,0,0,,0,0,0,,,n/a,18|0|0|0|0,0.9556,1,0,
010001101000000111001110000111001111010,39,blowup,10722,17,500598,500598,0.0706,1,0,0,,0,0,0,,,linear(r2=0.999),17|54064|240234|463936|0,0.9998,1,0,
010001101000000111001011010010111010110,39,monotone-growth,58,18,588952,588952,0.9828,1,0,0,,0,0,0,,,n/a,18|0|0|0|0,0.9655,1,0,
010001101000000111001011001011101011010,39,monotone-growth,30,18,524148,524148,0.9667,1,0,0,,0,0,0,,,n/a,18|0|0|0|0,0.9333,1,0,
010001101000000101101000010111101101110,39,blowup,293,17,29156,29156,0.1263,1,0,0,,0,0,0,,,n/a,17|0|0|0|0,0.9932,1,0,step-alloc-cap
010001101000000101101001110010111010110,39,monotone-growth,44,18,531738,531738,0.9773,1,0,0,,0,0,0,,,n/a,18|0|0|0|0,0.9545,1,0,
010001101000000101101001011101100110110,39,monotone-growth,378,18,500880,500880,1.0000,1,0,0,,0,0,0,,,n/a,18|0|0|0|0,0.9947,1,0,
010001101000000101101001011100110110110,39,monotone-growth,5290,18,501512,501512,1.0000,1,0,0,,0,0,0,,,linear(r2=0.988),18|101138|476502|0|0,0.9996,1,0,
010001101000000101101001011100111010110,39,monotone-growth,82,18,591456,591456,0.9756,1,0,0,,0,0,0,,,n/a,18|0|0|0|0,0.9756,1,0,
010001101000000101101001010111010110110,39,monotone-growth,38,18,708600,708600,0.9737,1,0,0,,0,0,0,,,n/a,18|0|0|0|0,0.9474,1,0,
010001101000000101101100101110110011010,39,monotone-growth,34,18,524552,524552,1.0000,1,0,0,,0,0,0,,,n/a,18|0|0|0|0,0.9412,1,0,
010001101000000101110100101110110001110,39,blowup,2034,17,1141633,1141633,0.2532,1,0,0,,0,0,0,,,linear(r2=0.963),17|95695|0|0|0,0.9990,1,0,
010001101000000101110100101110110011010,39,monotone-growth,60,18,525142,525142,0.9833,1,0,0,,0,0,0,,,n/a,18|0|0|0|0,0.9667,1,0,
010001101000000100011010000111001111010,39,opaque,20000,18,40911,41211,0.0100,0,0,0,,0,0,0,,,linear(r2=1.000),18|2276|10461|20348|40911,0.9999,1,0,
010001101000000101110011100011100111010,39,blowup,80,17,514045,514045,0.2375,1,0,0,,0,0,0,,,n/a,17|0|0|0|0,0.9750,1,0,
010001101000000101100101110110011010110,39,monotone-growth,34,18,524552,524552,1.0000,1,0,0,,0,0,0,,,n/a,18|0|0|0|0,0.9412,1,0,
010001101000000101110000111001111010110,39,opaque,20000,17,358410,358707,0.0198,0,0,0,,0,0,0,,,linear(r2=1.000),17|21090|94010|181674|358410,0.9999,1,0,
010001101000000101110011001011010110110,39,monotone-growth,42,18,531688,531688,1.0000,1,0,0,,0,0,0,,,n/a,18|0|0|0|0,0.9524,1,0,
010001101000000101110010110100111010110,39,blowup,13079,18,500133,500133,0.2017,1,0,0,,0,0,0,,,linear(r2=0.973),18|68830|266002|395450|0,0.9998,1,0,
010001101000000101110010110110011010110,39,monotone-growth,50,18,531632,531632,1.0000,1,0,0,,0,0,0,,,n/a,18|0|0|0|0,0.9600,1,0,
010001101000000101110010110011011010110,39,monotone-growth,74,18,650856,650856,1.0000,1,0,0,,0,0,0,,,n/a,18|0|0|0|0,0.9730,1,0,
010001101000000101110010110011101010110,39,blowup,564,18,501802,501802,0.6684,1,0,0,,0,0,0,,,n/a,18|0|0|0|0,0.9965,1,0,
010001101000000101110010101101011010110,39,monotone-growth,35,18,708561,708561,1.0000,1,0,0,,0,0,0,,,n/a,18|0|0|0|0,0.9429,1,0,
010001101000000101011010010111010110110,39,monotone-growth,51,18,523869,523869,0.9804,1,0,0,,0,0,0,,,n/a,18|0|0|0|0,0.9608,1,0,
010001101000000101100101110110011011010,39,monotone-growth,378,18,500880,500880,1.0000,1,0,0,,0,0,0,,,n/a,18|0|0|0|0,0.9947,1,0,
010001101000000101100101110110011101010,39,monotone-growth,434,18,501816,501816,0.9977,1,0,0,,0,0,0,,,n/a,18|0|0|0|0,0.9954,1,0,
010001101000000101011100101101011011010,39,monotone-growth,50,18,523872,523872,1.0000,1,0,0,,0,0,0,,,n/a,18|0|0|0|0,0.9600,1,0,
010001101000011000000110011110011110110,39,blowup,1077,17,500885,500885,0.1903,1,0,0,,0,0,0,,,n/a,17|395076|0|0|0,0.9963,1,0,
010001101000011000000110011110010010110,39,opaque,20000,18,10455,11502,0.0026,0,0,0,,0,0,0,,,linear(r2=0.928),18|1704|4758|7170|10455,0.9998,1,0,
010001101000011000000110010010011110110,39,opaque,20000,18,31833,32184,0.0072,0,0,0,,0,0,0,,,linear(r2=0.999),18|1878|8247|15780|31833,0.9998,1,0,
010001101000011000000110010111101101110,39,blowup,561,17,511091,511091,0.1586,1,0,0,,0,0,0,,,n/a,17|0|0|0|0,0.9929,1,0,
010001101000011000000110010100101110110,39,opaque,20000,18,31833,32184,0.0072,0,0,0,,0,0,0,,,linear(r2=0.999),18|1878|8247|15780|31833,0.9998,1,0,
010001101000011000000111001011110101110,39,opaque,20000,17,213394,213394,0.3334,0,0,0,,0,0,0,,,linear(r2=1.000),17|10700|53394|106700|213394,0.9998,1,0,
010001101000011000000111100110011110110,39,blowup,246,17,501368,501368,0.5163,1,0,0,,0,0,0,,,n/a,17|0|0|0|0,0.9837,1,0,
010001101000011000000111100111001111010,39,blowup,343,17,511221,511221,0.2157,1,0,0,,0,0,0,,,n/a,17|0|0|0|0,0.9883,1,0,
010001101000011000000111100111100111010,39,opaque,20000,17,296022,296022,0.6553,0,0,0,,0,0,0,,,linear(r2=1.000),17|17796|75414|149854|296022,0.9998,1,0,
010001101000011000000100100110011110110,39,opaque,20000,18,31833,32184,0.0072,0,0,0,,0,0,0,,,linear(r2=0.999),18|1878|8247|15780|31833,0.9998,1,0,
010001101000011000000101101110011110110,39,blowup,8193,17,597779,597779,0.0018,1,0,0,,0,0,0,,,linear(r2=0.894),17|35742|296078|0|0,0.9995,1,0,
010001101000011000000101100010011110110,39,opaque,20000,18,121530,121824,0.0100,0,0,0,,0,0,0,,,linear(r2=1.000),18|6480|30780|60552|121530,0.9998,1,0,
010001101000011000000101111010011110110,39,blowup,197,17,516715,516715,0.2944,1,0,0,,0,0,0,,,n/a,17|0|0|0|0,0.9797,1,0,
010001101000011000000101001010011110110,39,opaque,20000,18,31833,32184,0.0072,0,0,0,,0,0,0,,,linear(r2=0.999),18|1878|8247|15780|31833,0.9998,1,0,
010001101000011000000101100111101101110,39,blowup,93,17,622079,622079,0.1613,1,0,0,,0,0,0,,,n/a,17|0|0|0|0,0.9570,1,0,
010001101000011000000101100111101100010,39,opaque,20000,18,121530,121824,0.0100,0,0,0,,0,0,0,,,linear(r2=1.000),18|6480|30780|60552|121530,0.9998,1,0,
010001101000011000011000000110011110110,39,opaque,20000,18,61230,61518,0.0100,0,0,0,,0,0,0,,,linear(r2=1.000),18|3375|15630|30519|61230,0.9997,1,0,
010001101000011000011000010110001111010,39,ratchet-candidate,20000,18,1899,2115,0.3410,0,0,0,00000101100000010110000001011000000101100000010110000001011000000101100000010110000001011000000101100000010110000001011000000101100000010110000001011000000101100000010110000001011000000101100000010110000001011000000101100000010110000001011000000101100000010110000001011000000101100000010110000001011000000101100000010110000001011000000101100000010110000001011000000101100000010110000001011000000101100000010110000001100001011000000110000110000101100011110101010101010101010101010101010101010101010101010101010101...TRUNC,2,71,64,2924;3061;3201;3344;3490;3639;3791;3946;4104;4265;4429;4596,280;286;292;298;304;310;316;322;328;334;340;346,linear(r2=0.723),18|222|510|1260|1899,0.0000,3,2,
010001101000011000011001100001100011110,39,ratchet-candidate,859,18,552854,552854,0.3853,1,0,0,00011000011001100001100011110,1,14,14,1;2;12;33;65;108;162;227;303;390;488;597,13;22;76;184;400;832;1696;3424;6880;13792;27616;55264,n/a,18|0|0|0|0,0.0000,4,2,
010001101000011000011001100101100010110,39,head-recurrent-other,20000,19,2543,3002,0.0501,0,0,0,0010,16,14477,2,705;19995,12;2,linear(r2=0.327),19|2069|1384|2360|2543,0.0000,22,17,argsz12->2/statesz2391->2555
010001101000011000011001110000110001110,39,ratchet-candidate,20000,18,5321,9641,0.3791,0,0,0,000110010001100100011000011001110000110001110000110001110000110001110,1,71,64,4;9;22;43;72;109;154;207;268;337;414;499,49;76;103;130;157;184;211;238;265;292;319;346,linear(r2=0.405),18|666|3381|1828|5321,0.0000,3,3,
010001101000011000011001011000100111010,39,head-recurrent-other,20000,19,455064,455281,0.0430,0,0,0,0010,53,14218,1,713;745,93;12,linear(r2=1.000),19|23681|114327|229517|455064,0.0000,558,557,argsz93->12/statesz17220->17139
010001101000011000011001011001100010110,39,head-recurrent-other,20000,19,3361,3722,0.0196,0,0,0,0010,20,15269,2,325;19960,5;14,linear(r2=0.662),19|1280|834|2034|3361,0.0000,27,24,argsz5->14/statesz2027->3349
010001101000011000011100001100110001110,39,ratchet-candidate,1378,18,581742,581742,0.5479,1,0,0,00011000011100001100110001110,1,7,7,1;2;4;13;197;583;1373,13;22;37;211;1483;10387;72715,n/a,18|86064|0|0|0,0.0000,9,1,
010001101000011000011100001011100011010,39,head-recurrent-other,6369,18,501172,501172,0.5004,1,0,0,00011000011100001011100011010,1,28,3,1;4,13;37,linear(r2=0.987),18|48058|363917|0|0,0.0000,338,338,argsz13->37/statesz27->51
010001101000011000011100110011001100010,39,head-recurrent-other,20000,19,1812,2640,0.0713,0,0,0,0010,12,17549,2,74;19999,8;2,exp(r2=0.113),19|1963|1934|1939|1812,0.0000,14,11,argsz8->2/statesz2330->1815
010001101000011000011100101100000001010,39,ratchet-candidate,15799,19,760499,760499,0.1837,1,0,0,00011000011100101100000001010,1,6,6,1;2;4;16;104;984,14;24;74;354;2954;47514,exp(r2=0.133),19|95109|82257|66259|0,0.0000,25,1,
010001101000011000010010000110011110110,39,opaque,20000,18,31833,32184,0.0072,0,0,0,,0,0,0,,,linear(r2=0.999),18|1878|8247|15780|31833,0.9998,1,0,
010001101000011000010110001001100111010,39,head-recurrent-other,20000,19,451870,452090,0.0429,0,0,0,0010,86,14218,1,565;596,90;12,linear(r2=1.000),19|22979|113011|227239|451870,0.0000,1111,1110,argsz90->12/statesz13042->12964
010001101000011000010110001001011101010,39,head-recurrent-other,20000,19,48966,49197,0.0147,0,0,0,0010,36,14710,2,848;1257,2;224,linear(r2=1.000),19|2681|12495|24426|48966,0.0000,295,278,argsz2->224/statesz2172->3062
010001101000011000010110001100111000110,39,head-recurrent-other,20000,18,92671,95807,0.3376,0,0,0,0001011000110010001100001011000110011100011000110,17,6585,2,592;675,358;33,linear(r2=0.999),18|6094|24675|48488|92671,0.0000,85,84,argsz358->33/statesz4220->3919
010001101000011000010110000011100111010,39,head-recurrent-other,2848,18,500032,500032,0.6053,1,0,0,,0,67,0,,,linear(r2=0.977),18|109935|0|0|0,0.0000,1126,1126,head-not-lam
010001101000011000010110000000100111010,39,ratchet-candidate,20000,19,1162,2729,0.2036,0,0,0,00010110000000100100010110000000100100010110000000100100010110000000100100010110000000100100010110000000100100010110000000100100010110000000100100010110000000100100010110000000100100010110000000100100010110000000100100010110000000100100010110000000100100010110000000100100010110000000100100010110000000100100010110000000100100010110000000100100010110000000100100010110000000100100010110000000100100010110000000100100010110000000100100010110000000100100011000010110000000100111010101010101010101010101010101010101...TRUNC,1,65,64,1527;1658;1794;1935;2081;2232;2388;2549;2715;2886;3062;3243,274;284;294;304;314;324;334;344;354;364;374;384,linear(r2=0.662),19|603|1403|959|1162,0.0000,3,1,
010001101000011000010110011000100111010,39,head-recurrent-other,20000,19,6758,6853,0.0192,0,0,0,0010,33,14712,2,8811;12038,5;2,linear(r2=0.990),19|556|1949|3757|6758,0.0000,51,49,argsz5->2/statesz3663->3971
010001101000011000010110011000001111010,39,head-recurrent-other,1303,18,626560,626560,0.3753,1,0,0,00011000010110011000001111010,12,68,2,788;1300,8694;69620,n/a,18|121757|0|0|0,0.0000,16,13,argsz8694->69620/statesz69544->139210
010001101000011000010111001011000101010,39,head-recurrent-other,20000,19,123028,136366,0.0682,0,0,0,0010,30,18262,2,3703;20000,82;2,linear(r2=0.394),19|7915|135150|131217|123028,0.0000,40,30,argsz82->2/statesz136236->123028
010001101000011000010101100010011101010,39,head-recurrent-other,20000,19,48966,49197,0.0147,0,0,0,0010,38,14710,2,848;1306,2;209,linear(r2=1.000),19|2681|12495|24426|48966,0.0000,297,279,argsz2->209/statesz2172->3267
010001101000011000010101100011000111010,39,ratchet-candidate,20000,18,445,671,0.5005,0,0,0,00011000010101100011000111010,1,6,6,1;2;52;383;2107;10324,13;22;31;40;49;58,exp(r2=0.174),18|163|405|327|445,0.0000,16,9,
010001101000011000010101100110001011010,39,ratchet-candidate,20000,19,253,574,0.0247,0,0,0,00011000010101100110001011010,1,6,6,1;2;551;2152;5469;11326,14;24;34;44;54;64,linear(r2=0.211),19|311|259|193|253,0.0000,12,6,
010001101000011000010101011000101101010,39,head-recurrent-other,20000,19,48966,49197,0.0147,0,0,0,0010,39,14710,2,808;1306,2;94,linear(r2=1.000),19|2681|12495|24426|48966,0.0000,299,280,argsz2->94/statesz2087->3267
010001101000011001100000011001100111010,39,head-recurrent-other,1958,19,500404,500404,0.5072,1,0,0,0000011001100111010,5,965,2,19;28,19;34,n/a,19|180376|0|0|0,0.0000,608,607,argsz19->34/statesz489->744
010001101000011001100000011001011101010,39,ratchet-candidate,20000,19,431564,431564,0.5006,0,0,0,0000011001011101010,34,10,9,101;178;319;588;1113;2150;4211;8320;16525,9;369;1049;2369;4969;10129;20409;40929;81929,linear(r2=0.930),19|17966|110344|217486|431564,0.0000,8228,6495,
010001101000011001100000011100101101010,39,blowup,52,19,590906,590906,0.5385,1,0,0,,0,0,0,,,n/a,19|0|0|0|0,0.8269,2,0,
010001101000011001100000010111101000110,39,ratchet-candidate,20000,18,7219,7792,0.5507,0,0,0,000101010100011001100000010111101000110000001010001100110000001011110100011010001100000010101000110011000000101111010001100000010100011001100000010111101000110100011010001101000110,11,65,4,1040;4879;5926;6275,168;169;170;171,linear(r2=0.360),18|3039|3411|3098|7219,0.0000,26,25,
010001101000011001100001011000100111010,39,head-recurrent-other,20000,19,92847,93063,0.0361,0,0,0,0010,61,12852,1,490;514,73;10,linear(r2=0.999),19|6070|25565|48223|92847,0.0000,722,721,argsz73->10/statesz3382->3319
010001101000011001100001011000001111010,39,head-recurrent-other,20000,18,109127,111209,0.5050,0,0,0,00011001100001011000001111010,1,101,2,1;2,13;34,linear(r2=0.999),18|6821|28352|56519|109127,0.0000,202,201,argsz13->34/statesz27->48
010001101000011001100001010110001011010,39,head-recurrent-other,20000,19,7553,7795,0.0268,0,0,0,0010,42,13139,2,3263;5033,2;14,linear(r2=0.962),19|1214|3110|4783|7553,0.0000,73,72,argsz2->14/statesz2873->3036
010001101000011001100110000001100111010,39,head-recurrent-other,3809,19,500187,500187,0.5062,1,0,0,000001100111010,69,1881,3,349;359,7;102,linear(r2=0.964),19|62771|0|0|0,0.0000,864,863,argsz7->102/statesz12078->12482
010001101000011001100100010110101000110,39,head-recurrent-other,20000,19,3176,3553,0.5006,0,0,0,00011001100100010110101000110,16,5015,2,1499;19996,15;39,linear(r2=0.734),19|1648|2248|2724|3176,0.0000,24,17,argsz15->39/statesz1941->3168
010001101000011001100101100000011101010,39,head-recurrent-other,20000,19,218972,225299,0.0919,0,0,0,00000111010,18,9082,2,931;19984,5;77,linear(r2=0.932),19|13592|54200|109106|218972,0.0000,30,19,argsz5->77/statesz13727->218996
010001101000011001100101100001100011010,39,head-recurrent-other,20000,19,17080,17748,0.6760,0,0,0,00011000110,14,12430,2,863;19972,5;6,linear(r2=0.907),19|3162|8302|13591|17080,0.0000,22,16,argsz5->6/statesz3247->17023
010001101000011001100101011000100011010,39,head-recurrent-other,2953,19,1040775,1040775,0.1300,1,0,0,0010,16,1835,2,132;2931,2;2,linear(r2=0.964),19|159940|0|0|0,0.0000,31,8,argsz2->2/statesz12658->446069
010001101000011001100101011000110001010,39,head-recurrent-other,13067,19,520281,520281,0.2232,1,0,0,0010,17,7250,3,350;13046,3;3,linear(r2=0.939),19|37193|154201|482491|0,0.0000,30,11,argsz3->3/statesz17639->470789
010001101000011001001000000110011110110,39,opaque,20000,18,31833,32184,0.0072,0,0,0,,0,0,0,,,linear(r2=0.999),18|1878|8247|15780|31833,0.9998,2,0,
010001101000011001011000100001100111010,39,head-recurrent-other,6061,19,500260,500260,0.2938,1,0,0,0010,69,3419,3,428;468,91;99,linear(r2=0.977),19|37016|380610|0|0,0.0000,871,870,argsz91->99/statesz11566->11954
010001101000011001011000100001011101010,39,head-recurrent-other,11127,19,515835,515835,0.0062,1,0,0,0010,52,7050,2,2735;10789,52;892,linear(r2=0.955),19|25917|144548|318075|0,0.0000,68,56,argsz52->892/statesz121663->344727
010001101000011001011000110010110001010,39,head-recurrent-other,20000,19,369351,386493,0.2012,0,0,0,0010,20,11975,2,883;19999,3;3,linear(r2=0.936),19|23295|91709|184234|369351,0.0000,32,19,argsz3->3/statesz23722->369354
010001101000011001000000011001111011010,39,opaque,20000,18,31833,32184,0.0072,0,0,0,,0,0,0,,,linear(r2=0.999),18|1878|8247|15780|31833,0.9998,2,0,
010001101000011001011000000110011101010,39,head-recurrent-other,5515,19,500068,500068,0.5063,1,0,0,000001100111010,75,2723,3,370;380,7;70,linear(r2=0.974),19|40227|428918|0|0,0.0000,1098,1096,argsz7->70/statesz9452->9728
010001101000010010011000000110011110110,39,opaque,20000,18,60624,60921,0.0100,0,0,0,,0,0,0,,,linear(r2=1.000),18|3234|15324|30090|60624,0.9997,1,0,
010001101000010001101000000110011110110,39,opaque,20000,18,60612,60912,0.0100,0,0,0,,0,0,0,,,linear(r2=1.000),18|3222|15312|30078|60612,0.9998,1,0,
010001101000010110001000011001100111010,39,head-recurrent-other,2907,19,500185,500185,0.3144,1,0,0,0010,82,1693,1,372;404,90;9,linear(r2=0.979),19|106272|0|0|0,0.0000,586,585,argsz90->9/statesz27907->27826
010001101000010110001000010110110001110,39,ratchet-candidate,375,18,933886,933886,0.0453,1,0,0,00010110001000010110110001110,2,16,16,2;8;10;14;22;34;50;70;94;122;154;190,2;14;33;71;147;299;603;1211;2427;4859;9723;19451,n/a,18|0|0|0|0,0.0000,4,2,
010001101000010110001000010110011011010,39,ratchet-candidate,20000,19,928,1295,0.0844,0,0,0,00010110001000010110011011010,6,12,12,17;21;31;53;99;193;383;765;1531;3065;6135;12277,2;17;32;47;62;77;92;107;122;137;152;167,linear(r2=0.502),19|506|697|808|928,0.0000,29,20,
010001101000010110001000010110011101010,39,head-recurrent-other,20000,19,14420,14626,0.0702,0,0,0,0010,47,13291,2,1606;3682,2;2,linear(r2=0.918),19|2844|7737|10641|14420,0.0000,101,98,argsz2->2/statesz4477->6044
010001101000010110001001100001100111010,39,head-recurrent-other,4755,19,500343,500343,0.4852,1,0,0,0010,80,1272,1,339;365,72;7,linear(r2=0.971),19|49035|0|0|0,0.0000,1153,1153,argsz72->7/statesz10806->10741
010001101000010110001001100001011101010,39,head-recurrent-other,6929,19,500059,500059,0.3145,1,0,0,0010,81,2474,1,309;370,10;2,linear(r2=0.966),19|24724|300133|0|0,0.0000,2149,2112,argsz10->2/statesz4089->5015
010001101000010100101000000110011110110,39,opaque,20000,18,60624,60921,0.0100,0,0,0,,0,0,0,,,linear(r2=1.000),18|3234|15324|30090|60624,0.9997,2,0,
010001101000010110001100001100110001110,39,ratchet-candidate,1014,18,630047,630047,0.4536,1,0,0,00010110001100001100110001110,17,10,4,472;519;560;647,21;5608;11239;22501,n/a,18|404977|0|0|0,0.0000,25,23,
010001101000010110001100001011010001110,39,ratchet-candidate,20000,18,682,2458,0.5001,0,0,0,00010110001100001011010001110,2,100,64,2;4;10;20;34;52;74;100;130;164;202;244,14;20;26;32;38;44;50;56;62;68;74;80,linear(r2=0.412),18|484|382|880|682,0.0000,4,4,
010001101000010110001100101101000001110,39,ratchet-candidate,1007,18,524921,524921,0.2562,1,0,0,00010110001100101101000001110,2,9,9,2;4;10;24;54;116;242;496;1006,14;46;142;430;1294;3886;11662;34990;104974,n/a,18|140207|0|0|0,0.0000,17,2,
010001101000010110001100101100011000110,39,head-recurrent-other,2002,18,703588,703588,0.2557,1,0,0,00010110001100101100011000110,12,511,2,230;1976,15;15,linear(r2=0.893),18|216379|0|0|0,0.0000,17,9,argsz15->15/statesz24000->270796
010001101000010110001100101011010001010,39,ratchet-candidate,1254,19,574131,574131,0.2057,1,0,0,00010110001100101011010001010,2,9,9,2;4;11;28;65;142;299;616;1253,15;50;155;470;1415;4250;12755;38270;114815,n/a,19|164612|0|0|0,0.0000,24,2,
010001101000010001100011000011100111010,39,head-recurrent-other,684,18,500094,500094,0.5058,1,0,0,00010001100011000011100111010,24,173,2,184;215,31;1879,n/a,18|0|0|0|0,0.0000,84,84,argsz31->1879/statesz37447->44501
010001101000010001100111010011000001110,39,head-recurrent-other,20000,18,247194,327367,0.5011,0,0,0,00010001100111010011000001110,23,5011,2,1499;19911,15;15,linear(r2=0.891),18|16106|61490|123862|247194,0.0000,33,26,argsz15->15/statesz34533->247521
010001101000010001110011010011000001110,39,ratchet-candidate,496,18,753666,753666,0.5161,1,0,0,00010001110011010011000001110,1,8,8,1;3;9;23;53;115;241;495,13;59;243;979;3923;15699;62803;251219,n/a,18|0|0|0|0,0.0000,13,1,
010001101000010001011010110010110001010,39,head-recurrent-other,20000,19,107231,110537,0.1121,0,0,0,0010,20,15538,2,530;19497,8;2,linear(r2=0.689),19|2468|26675|53519|107231,0.0000,37,23,argsz8->2/statesz3410->108236
010001101000010001011101010011000001110,39,head-recurrent-other,20000,18,444154,483271,0.5007,0,0,0,00010001011101010011000001110,18,5007,2,1007;19935,15;15,linear(r2=0.847),18|12334|111182|222054|444154,0.0000,27,20,argsz15->15/statesz28617->444385
010001101000010001100110001110000111010,39,ratchet-candidate,20000,18,75366,129017,0.4004,0,0,0,00010001100110001110000111010,1,12,12,1;4;12;30;68;146;304;622;1260;2538;5096;10214,13;31;67;139;283;571;1147;2299;4603;9211;18427;36859,linear(r2=0.700),18|5569|18926|37784|75366,0.0000,12,5,
010001101000010001100110001110011000110,39,head-recurrent-other,2513,18,703588,703588,0.4071,1,0,0,00010001100110001110011000110,12,511,2,293;2479,15;15,linear(r2=0.971),18|100839|0|0|0,0.0000,17,9,argsz15->15/statesz24000->270796
010001101000010001100111000110000111010,39,ratchet-candidate,20000,18,75401,129026,0.4006,0,0,0,00010001100111000110000111010,1,12,12,1;4;12;30;68;146;304;622;1260;2538;5096;10214,13;31;67;139;283;571;1147;2299;4603;9211;18427;36859,linear(r2=0.700),18|5553|18786|37660|75401,0.0000,12,6,
010001101000010001110011000110000111010,39,ratchet-candidate,20000,18,87892,150518,0.4007,0,0,0,00010001110011000110000111010,1,12,12,1;3;10;27;64;141;298;615;1252;2529;5086;10203,13;34;76;160;328;664;1336;2680;5368;10744;21496;43000,linear(r2=0.700),18|6444|21953|43869|87892,0.0000,12,5,
010001101000010001110011000110011000110,39,ratchet-candidate,16378,18,737283,737283,0.6670,1,0,0,00010001110011000110011000110,1,8,8,1;3;14;61;252;1019;4090;16377,13;58;238;958;3838;15358;61438;245758,linear(r2=0.510),18|15526|302716|277715|0,0.0000,13,1,
010001101000010000011001110011010011010,39,blowup,51,19,524316,524316,0.6667,1,0,0,,0,0,0,,,n/a,19|0|0|0|0,0.9412,1,0,
010001101000010000011100110001110011010,39,opaque,20000,18,193376,193376,0.6667,0,0,0,,0,0,0,,,linear(r2=1.000),18|9696|48376|96696|193376,0.9999,1,0,
010001101000010000011100111000110011010,39,opaque,20000,18,193376,193376,0.6667,0,0,0,,0,0,0,,,linear(r2=1.000),18|9696|48376|96696|193376,0.9999,1,0,
010001101000010000010111000110110011010,39,opaque,20000,18,193376,193376,0.6667,0,0,0,,0,0,0,,,linear(r2=1.000),18|9696|48376|96696|193376,0.9999,1,0,
010001101000010110011000000011110011010,39,head-recurrent-other,975,18,830081,830081,0.2615,1,0,0,00010110011000000011110011010,13,254,2,97;693,16;16,n/a,18|0|0|0|0,0.0000,21,8,argsz16->16/statesz12941->110211
010001101000010110010110001000110011010,39,head-recurrent-other,1695,19,916541,916541,0.1504,1,0,0,0010,15,960,2,65;1676,2;3,n/a,19|211876|0|0|0,0.0000,28,8,argsz2->3/statesz3547->337916
010001101000010110010110000011010011010,39,head-recurrent-other,1695,19,916541,916541,0.1504,1,0,0,0000110,15,720,2,114;1676,11;3,n/a,19|211876|0|0|0,0.0000,27,8,argsz11->3/statesz6374->337914
010001101000010001110010110001101000110,39,ratchet-candidate,2028,18,629860,629860,0.5049,1,0,0,00010001110010110001101000110,1,10,10,1;3;9;23;53;115;241;495;1005;2027,13;45;141;429;1293;3885;11661;34989;104973;314925,linear(r2=0.964),18|105165|0|0|0,0.0000,10,1,
010001101000010001011010010110101000110,39,ratchet-candidate,1262,19,541279,541279,0.2036,1,0,0,00010110100101101010,1,9,9,2;5;13;31;69;147;305;623;1261,15;48;147;444;1335;4008;12027;36084;108255,n/a,19|113775|0|0|0,0.0000,9,1,
010001101000010001011000110011101000110,39,ratchet-candidate,20000,18,170712,245759,0.5003,0,0,0,00010001011000110011101000110,1,13,13,1;4;11;26;57;120;247;502;1013;2036;4083;8178,13;28;58;118;238;478;958;1918;3838;7678;15358;30718,linear(r2=0.787),18|4019|42692|85364|170712,0.0000,14,7,
010001101000010110011001100000111000110,39,head-recurrent-other,12240,18,589454,589454,0.3346,1,0,0,00010110011001100000111000110,34,4095,2,1500;12239,15;32765,linear(r2=0.950),18|35142|234913|470355|0,0.0000,45,34,argsz15->32765/statesz73400->458401
010001101000010110000001100111101100010,39,head-recurrent-other,20000,18,59424,59727,0.0100,0,0,0,0010,2,4,1,5;9,39;51,linear(r2=1.000),18|2964|14724|29244|59424,0.9991,3,0,argsz39->51/statesz45->57
010001101000010110011001011000110100010,39,head-recurrent-other,19628,19,949056,949056,0.2229,1,0,0,0010,32,10895,2,3243;19439,2;9,linear(r2=0.811),19|33986|140692|440029|0,0.0000,39,23,argsz2->9/statesz146763->407323
010001101000010001100000011001111011010,39,opaque,20000,18,60624,60918,0.0100,0,0,0,,0,0,0,,,linear(r2=1.000),18|3234|15324|30090|60624,0.9997,1,0,
010001101000010110000001100110011101010,39,head-recurrent-other,2791,19,500014,500014,0.5070,1,0,0,0000011001100111010,98,1376,1,319;321,54;54,linear(r2=0.977),19|111556|0|0|0,0.0000,828,826,argsz54->54/statesz21969->22089
010001101000010110000001110010110101010,39,ratchet-candidate,43,19,885764,885764,0.5349,1,0,0,000101010000011100101101010000001110010110101000000111001011010100101101010,1,10,10,6;10;14;18;22;26;30;34;38;42,14;44;134;404;1214;3644;10934;32804;98414;295244,n/a,19|0|0|0|0,0.0000,3,1,
010001101000010110000110011100000111010,39,ratchet-candidate,20000,18,57582,180280,0.3362,0,0,0,00010110000110011100000111010,1,11,11,1;21;53;109;213;413;805;1581;3125;6205;12357,13;29;61;125;253;509;1021;2045;4093;8189;16381,linear(r2=0.596),18|7202|15127|29463|57582,0.0000,15,7,
010001101000010110000110010110001011010,39,head-recurrent-other,20000,19,132870,147594,0.0026,0,0,0,0010,40,14250,2,2643;19977,10;2,linear(r2=0.926),19|8887|33182|66415|132870,0.0000,53,42,argsz10->2/statesz30038->132930
010001101000010110000111001011000101010,39,head-recurrent-other,20000,19,112513,123150,0.0629,0,0,0,0010,21,18398,2,382;19993,2;2,linear(r2=0.401),19|7529|122441|119201|112513,0.0000,32,17,argsz2->2/statesz7917->112515
010001101000010110000101100010011101010,39,head-recurrent-other,20000,19,3257,3645,0.0175,0,0,0,0010,23,13207,2,8231;12496,2;205,linear(r2=0.947),19|572|1368|2346|3257,0.0000,29,28,argsz2->205/statesz2329->2386
010001101000010110000101100000111101010,39,head-recurrent-other,20000,18,39282,39618,0.5026,0,0,0,00010110000101100000111101010,14,101,1,326;326,104;104,linear(r2=0.998),18|2344|10289|18934|39282,0.0000,104,104,argsz104->104/statesz846->846
010001101000010110000101011000101101010,39,head-recurrent-other,20000,19,3257,3645,0.0175,0,0,0,0010,24,13207,2,7060;12496,2;14,linear(r2=0.947),19|572|1368|2346|3257,0.0000,31,29,argsz2->14/statesz2138->2386
010001101000010110011000000110011101010,39,head-recurrent-other,3969,19,500063,500063,0.5057,1,0,0,000001100111010,6,1962,2,9;35,15;30,linear(r2=0.960),19|55143|0|0|0,0.0000,864,863,argsz15->30/statesz132->313
010001101000010101100000011001110101010,39,head-recurrent-other,5662,19,500237,500237,0.5060,1,0,0,000001100111010,79,2797,3,379;397,7;70,linear(r2=0.971),19|36744|414822|0|0,0.0000,1116,1114,argsz7->70/statesz8575->9001
010001101001001000011000000110011110110,39,opaque,20000,18,60624,60918,0.0100,0,0,0,,0,0,0,,,linear(r2=1.000),18|3234|15324|30090|60624,0.9997,2,0,
010001101001000110100000011001100111010,39,head-recurrent-other,1752,19,500104,500104,0.5074,1,0,0,0000011001100111010,98,863,2,310;312,24;104,n/a,19|218714|0|0|0,0.0000,568,567,argsz24->104/statesz39694->39914
010001101001000110100000010110011101010,39,head-recurrent-other,1878,19,501044,501044,0.5085,1,0,0,0000010110011101010,178,923,1,255;255,9;9,n/a,19|196204|0|0|0,0.0000,1369,1368,argsz9->9/statesz26159->26159
010001101001000110011010000001100111010,39,head-recurrent-other,3580,19,500075,500075,0.5061,1,0,0,000001100111010,69,1768,3,304;308,7;102,linear(r2=0.969),19|73145|0|0|0,0.0000,864,863,argsz7->102/statesz12034->12232
010001101001000101101010000001100111010,39,head-recurrent-other,3666,19,500075,500075,0.5060,1,0,0,000001100111010,3,1811,2,2;18,7;14,linear(r2=0.967),19|68653|0|0|0,0.0000,864,863,argsz7->14/statesz38->108
010001011010100000011001110011100110110,39,monotone-growth,18337,18,500023,500023,1.0000,1,0,0,,0,0,0,,,linear(r2=1.000),18|28026|136564|272778|0,0.9998,2,0,
010001011010100000011001110011100111010,39,opaque,20000,18,73720,73733,0.2863,0,0,0,,0,0,0,,,linear(r2=1.000),18|4494|19592|37532|73720,0.9998,2,0,
010001011010100000011001110010110001010,39,blowup,75,19,655336,655336,0.4133,1,0,0,,0,0,0,,,n/a,19|0|0|0|0,0.9467,2,0,
010001011010100000011001011101100110110,39,monotone-growth,111,18,532329,532329,1.0000,1,0,0,,0,0,0,,,n/a,18|0|0|0|0,0.9640,2,0,
010001011010100000011001011101100111010,39,monotone-growth,575,18,501177,501177,1.0000,1,0,0,,0,0,0,,,n/a,18|0|0|0|0,0.9930,2,0,
010001011010100000011001011000001111010,39,opaque,20000,18,73358,73364,0.3333,0,0,0,,0,0,0,,,linear(r2=1.000),18|3698|18358|36698|73358,0.9998,2,0,
010001011010100000011100110011100110110,39,monotone-growth,16389,18,500023,500023,1.0000,1,0,0,,0,0,0,,,linear(r2=1.000),18|37656|157814|307662|0,0.9998,2,0,
010001011010100000011100110011100111010,39,opaque,20000,18,90354,90369,0.2990,0,0,0,,0,0,0,,,linear(r2=0.993),18|14462|30590|50264|90354,0.9998,2,0,
010001011010100000011100110010110110110,39,monotone-growth,40,18,737248,737248,1.0000,1,0,0,,0,0,0,,,n/a,18|0|0|0|0,0.9000,2,0,
010001011010100000011100110010111010110,39,monotone-growth,40,18,737248,737248,1.0000,1,0,0,,0,0,0,,,n/a,18|0|0|0|0,0.9000,2,0,
010001011010100000011100110010110001010,39,blowup,51,19,620042,620042,0.4118,1,0,0,,0,0,0,,,n/a,19|0|0|0|0,0.9216,2,0,
010001011010100000011100110010111011010,39,monotone-growth,40,18,737248,737248,1.0000,1,0,0,,0,0,0,,,n/a,18|0|0|0|0,0.9000,2,0,
010001011010100000011100111001100110110,39,monotone-growth,13599,18,500005,500005,1.0000,1,0,0,,0,0,0,,,linear(r2=0.984),18|105378|229732|386486|0,0.9997,2,0,
010001011010100000011100111001100111010,39,opaque,20000,18,234660,234663,0.3276,0,0,0,,0,0,0,,,linear(r2=0.931),18|76768|117418|156378|234660,0.9998,2,0,
010001011010100000011100111001110011010,39,monotone-growth,1647,18,500181,500181,0.9994,1,0,0,,0,0,0,,,n/a,18|404654|0|0|0,0.9976,2,0,
010001011010100000011100111001011010110,39,monotone-growth,40,18,737248,737248,1.0000,1,0,0,,0,0,0,,,n/a,18|0|0|0|0,0.9000,2,0,
010001011010100000011100111001011011010,39,monotone-growth,40,18,737248,737248,1.0000,1,0,0,,0,0,0,,,n/a,18|0|0|0|0,0.9000,2,0,
010001011010100000011100111001011101010,39,monotone-growth,40,18,737248,737248,1.0000,1,0,0,,0,0,0,,,n/a,18|0|0|0|0,0.9000,2,0,
010001011010100000011100100100101101010,39,blowup,54,19,620055,620055,0.4074,1,0,0,,0,0,0,,,n/a,19|0|0|0|0,0.9259,2,0,
010001011010100000011100101101001001010,39,blowup,134,19,620145,620145,0.1642,1,0,0,,0,0,0,,,n/a,19|0|0|0|0,0.9701,2,0,
010001011010100000011100101110100111010,39,monotone-growth,403,18,500745,500745,1.0000,1,0,0,,0,0,0,,,n/a,18|0|0|0|0,0.9901,2,0,
010001011010100000011100100010110101010,39,opaque,20000,19,28041,28041,0.2001,0,0,0,,0,0,0,,,linear(r2=1.000),19|1441|7041|14041|28041,0.9998,2,0,
010001011010100000011100101100100101010,39,blowup,54,19,620055,620055,0.4074,1,0,0,,0,0,0,,,n/a,19|0|0|0|0,0.9259,2,0,
010001011010100000011100101001001101010,39,blowup,54,19,620055,620055,0.4074,1,0,0,,0,0,0,,,n/a,19|0|0|0|0,0.9259,2,0,
010001011010100000011100101000110101010,39,blowup,84,19,917530,917530,0.5952,1,0,0,,0,0,0,,,n/a,19|0|0|0|0,0.9524,2,0,
010001011010100000011100101010010101010,39,blowup,54,19,620055,620055,0.4074,1,0,0,,0,0,0,,,n/a,19|0|0|0|0,0.9259,2,0,
010001011010100000010010011100101101010,39,blowup,71,19,1062924,1062924,0.3380,1,0,0,,0,0,0,,,n/a,19|0|0|0|0,0.9296,2,0,
010001011010100000010110100101100010110,39,ratchet-candidate,20000,19,3231,3402,0.0775,0,0,0,0000010110100101100010110,2,9,8,3;31;85;295;791;2353;6411;18295,12;28;44;76;124;204;332;540,linear(r2=0.666),19|681|1367|1737|3231,0.0000,20,13,
010001011010100000010110110000111000110,39,ratchet-candidate,20000,18,20832,21126,0.0100,0,0,0,0001000100010001000100010001000100010001000100010001000100010001000100010001000100010001000100010001000100000101101100001110001100011000110001100011000110001100011000110001100011000110001100011000110001100011000110001100011000110001100011000110001100011000110,2,172,64,380;409;439;470;502;535;569;604;640;677;715;754,336;363;391;420;450;481;513;546;580;615;651;688,linear(r2=1.000),18|1262|5432|10358|20832,0.0000,2,2,
010001011010100000010110110011000001110,39,ratchet-candidate,20000,18,204054,243723,0.2506,0,0,0,0001011000000000010110110011000001110011000001110,2,12,12,6;8;20;44;92;188;380;764;1532;3068;6140;12284,11;25;53;109;221;445;893;1789;3581;7165;14333;28669,linear(r2=0.908),18|7374|51006|102022|204054,0.0000,14,9,
010001011010100000010111010011100111010,39,head-recurrent-other,1218,18,500380,500380,1.0000,1,0,0,0000010111010011100111010,2,609,2,1;5,11;35,n/a,18|373636|0|0|0,0.0000,585,585,argsz11->35/statesz35->107
010001011010100000010110001001100111010,39,head-recurrent-other,20000,19,448341,448465,0.0348,0,0,0,0010,70,11270,1,615;647,99;15,linear(r2=1.000),19|20473|109487|220811|448341,0.0000,911,910,argsz99->15/statesz12750->12666
010001011010100000010100101100101101010,39,blowup,71,19,1062924,1062924,0.3380,1,0,0,,0,0,0,,,n/a,19|0|0|0|0,0.9296,2,0,
010001011010100000010110001110000111010,39,ratchet-candidate,20000,18,1131,1425,0.0100,0,0,0,00010001000100010001000100010001000100010001000100010001000100010001000100010001000100010001000100010001000100010001000100010001000100010001000100010001000100010001000100010001000100010001000100010001000100010001000100010001000100010001000100010001000100010001000100010001000100010001000100010001000100010001000100010001000100010001000001011000111000011101010101010101010101010101010101010101010101010101010101010101010101010101010101010101010101010101010101010101010101010101010101010101010101010101010101010101...TRUNC,2,115,64,3572;3658;3745;3833;3922;4012;4103;4195;4288;4382;4477;4573,95;96;97;98;99;100;101;102;103;104;105;106,linear(r2=0.868),18|316|581|628|1131,0.0000,2,2,
010001011010100000010110011101001110110,39,head-recurrent-other,1528,18,500164,500164,1.0000,1,0,0,0000010110011101001110110,2,764,2,1;3,11;23,n/a,18|268048|0|0|0,0.0000,1131,1131,argsz11->23/statesz35->59
010001011010100000010110000011100110110,39,ratchet-candidate,20000,18,82664,119783,0.2506,0,0,0,000101100000111001100000010110000011100110110,1,11,11,2;10;30;74;166;354;734;1498;3030;6098;12238,11;37;89;193;401;817;1649;3313;6641;13297;26609,linear(r2=0.872),18|6588|20472|41584|82664,0.0000,23,12,
010001011010100000010111001110100111010,39,head-recurrent-other,1642,18,500380,500380,1.0000,1,0,0,0000010111001110100111010,142,821,2,291;293,11;263,n/a,18|244204|0|0|0,0.0000,814,814,argsz11->263/statesz51707->51971
010001011010100000010101110100111010110,39,head-recurrent-other,1555,18,500267,500267,1.0000,1,0,0,0000010101110100111010110,240,777,1,255;255,119;119,n/a,18|258988|0|0|0,0.0000,1515,1514,argsz119->119/statesz34355->34355
010001011010100000010101101000011011010,39,head-recurrent-other,20000,19,31973,32744,0.0071,0,0,0,0001100000010101101000011011010,23,278,1,461;462,15;12,linear(r2=0.999),19|2209|8968|16791|31973,0.0000,143,143,argsz15->12/statesz1010->1007
010001011010100000010101100011000111010,39,ratchet-candidate,20000,18,6730,6730,0.3334,0,0,0,0000010101100011000111010,3,6666,64,3;6;9;12;15;18;21;24;27;30;33;36,12;13;14;15;16;17;18;19;20;21;22;23,linear(r2=1.000),18|378|1730|3378|6730,0.0000,4,4,
010001011010100001100000011100101101010,39,blowup,72,19,1062921,1062921,0.3333,1,0,0,,0,0,0,,,n/a,19|0|0|0|0,0.9167,2,0,
010001011010100001100001011000100111010,39,head-recurrent-other,20000,19,83740,83782,0.0352,0,0,0,0010,49,12751,1,488;511,71;10,linear(r2=1.000),19|4444|21342|41908|83740,0.0000,680,680,argsz71->10/statesz2337->2276
010001011010100001100001011000001111010,39,ratchet-candidate,20000,18,2522,2858,0.5026,0,0,0,000101100000000101100000000101100000000101100000000101100000000101100000000101100000000101100000000101100000000101100000000101100000000101100000000101100000000101100000000101100000000101100000000101100000000101100000000101100000000101100000000101100000000101100000000101100000000101100000000101100000000101100000000101100000000101100000000101100000000101100000000101100000000110000101100000111101010101010101010101010101010101010101010101010101010101010101010,2,69,64,1893;2022;2155;2292;2433;2578;2727;2880;3037;3198;3363;3532,235;242;249;256;263;270;277;284;291;298;305;312,linear(r2=0.714),18|259|658|553|2522,0.0000,4,4,
010001011010100001100001010110001011010,39,ratchet-candidate,20000,19,287,590,0.0262,0,0,0,0001100001010110001011010,2,23,23,1;2;20;64;143;266;442;680;989;1378;1856;2432,12;20;28;36;44;52;60;68;76;84;92;100,linear(r2=0.457),19|230|324|404|287,0.0000,7,7,
010001011010100001100110000001100111010,39,head-recurrent-other,3654,19,500323,500323,0.5060,1,0,0,000001100111010,69,1805,3,335;345,7;108,linear(r2=0.967),19|69205|0|0|0,0.0000,845,844,argsz7->108/statesz12943->13371
010001011010100001001000011100101101010,39,blowup,72,19,1062921,1062921,0.3333,1,0,0,,0,0,0,,,n/a,19|0|0|0|0,0.9167,2,0,
010001011010100001011000100001100111010,39,head-recurrent-other,6069,19,500033,500033,0.2974,1,0,0,0010,59,3403,3,397;436,89;97,linear(r2=0.973),19|33814|371012|0|0,0.0000,863,862,argsz89->97/statesz9391->9771
010001011010100001000001110010110101010,39,blowup,72,19,1062921,1062921,0.3333,1,0,0,,0,0,0,,,n/a,19|0|0|0|0,0.9167,2,0,
010001011010100001011000000110011101010,39,head-recurrent-other,5554,19,500217,500217,0.5061,1,0,0,000001100111010,61,2743,3,324;334,7;68,linear(r2=0.972),19|38225|427988|0|0,0.0000,1078,1077,argsz7->68/statesz7185->7453
010001011010100100100000011100101101010,39,blowup,72,19,1062921,1062921,0.3333,1,0,0,,0,0,0,,,n/a,19|0|0|0|0,0.9167,3,0,
010001011010100100011010000001100111010,39,head-recurrent-other,3499,19,500083,500083,0.5061,1,0,0,000001100111010,3,1728,3,2;9,7;20,linear(r2=0.971),19|77299|0|0|0,0.0000,845,844,argsz7->20/statesz41->83
010001011010100100011010000001110011010,39,ratchet-candidate,81,19,851993,851993,0.6049,1,0,0,00010101000110100000011100110100100011010000001110011010011010,1,16,16,5;10;15;20;25;30;35;40;45;50;55;60,12;25;51;103;207;415;831;1663;3327;6655;13311;26623,n/a,19|0|0|0|0,0.0000,3,1,
010001100001011101000110000110011000110,39,head-recurrent-other,20000,18,19176,23010,0.5719,0,0,0,000110011000110,15,5719,2,3825;19957,29;15,linear(r2=0.827),18|2165|9637|8490|19176,0.0000,18,17,argsz29->15/statesz9577->18761
010001100110000110001110000110011000110,39,ratchet-candidate,20000,18,119504,134399,0.2502,0,0,0,000110011000110,1,12,12,1;8;23;54;117;244;499;1010;2033;4080;8175;16366,19;40;82;166;334;670;1342;2686;5374;10750;21502;43006,linear(r2=0.787),18|2728|29882|59721|119504,0.0000,14,8,
010001011010011010000001110011001110110,39,opaque,20000,18,400042,400045,0.5000,0,0,0,,0,0,0,,,linear(r2=1.000),18|20042|100042|200042|400042,0.9998,2,0,
010001011010011010000001110011100110110,39,opaque,20000,18,331250,331250,0.6894,0,0,0,,0,0,0,,,linear(r2=0.999),18|31642|94798|173478|331250,0.9998,2,0,
010001011010011010000001110011100111010,39,opaque,20000,18,52898,52898,0.1941,0,0,0,,0,0,0,,,linear(r2=0.940),18|17734|25198|34446|52898,0.9998,2,0,
010001011010011010000001110010110110110,39,opaque,20000,18,300062,300065,0.5000,0,0,0,,0,0,0,,,linear(r2=1.000),18|15062|75062|150062|300062,0.9998,2,0,
010001011010011010000001110010111010110,39,opaque,20000,18,300202,300205,0.5000,0,0,0,,0,0,0,,,linear(r2=1.000),18|15202|75202|150202|300202,0.9998,2,0,
010010000100011010000110000111100111010,39,opaque,20000,18,41126,41417,0.0100,0,0,0,,0,0,0,,,linear(r2=1.000),18|2336|10576|20504|41126,1.0000,1,0,
010010010001101000011000000110011110110,39,opaque,20000,18,61227,61518,0.0100,0,0,0,,0,0,0,,,linear(r2=1.000),18|3372|15627|30516|61227,0.9998,1,0,
010010010001011010100000011100101101010,39,blowup,49,19,1062912,1062912,0.4898,1,0,0,,0,0,0,,,n/a,19|0|0|0|0,0.8980,2,0,
010001100110100000011001110011100111010,39,opaque,20000,18,73240,73243,0.2861,0,0,0,,0,0,0,,,linear(r2=1.000),18|3884|19006|36946|73240,0.9999,1,0,
010001100110100000011001011101100110110,39,monotone-growth,109,18,532257,532257,1.0000,1,0,0,,0,0,0,,,n/a,18|0|0|0|0,0.9817,1,0,
010001100110100000011001011101100111010,39,monotone-growth,573,18,501105,501105,1.0000,1,0,0,,0,0,0,,,n/a,18|0|0|0|0,0.9965,1,0,
010001100110100000011100110011100111010,39,opaque,20000,18,82342,82349,0.2979,0,0,0,,0,0,0,,,linear(r2=1.000),18|6436|22578|42280|82342,0.9999,1,0,
010001100110100000011100111001100110110,39,monotone-growth,15657,18,500025,500025,1.0000,1,0,0,,0,0,0,,,linear(r2=1.000),18|41924|166412|323280|0,0.9999,1,0,
010001100110100000011100111001100111010,39,opaque,20000,18,168996,168996,0.3246,0,0,0,,0,0,0,,,linear(r2=0.997),18|12098|51702|90714|168996,0.9999,1,0,
010001100110100000011100111001011101010,39,opaque,20000,18,81326,81338,0.2078,0,0,0,,0,0,0,,,linear(r2=0.999),18|6484|23078|42972|81326,0.9999,1,0,
010001100110100000011100101110011101010,39,opaque,20000,18,75258,75261,0.2832,0,0,0,,0,0,0,,,linear(r2=1.000),18|5780|20452|38722|75258,0.9999,1,0,
010001100110100000010101110001011000110,39,opaque,20000,18,2038,2060,0.2001,0,0,0,,0,0,0,,,linear(r2=1.000),18|138|538|1038|2038,0.9999,1,0,
010001100110100000010111001011010110110,39,monotone-growth,56,18,573306,573306,1.0000,1,0,0,,0,0,0,,,n/a,18|0|0|0|0,0.9643,1,0,
010001100110100000010111001110011101010,39,opaque,20000,18,74670,74670,0.2862,0,0,0,,0,0,0,,,linear(r2=1.000),18|5344|19960|38082|74670,0.9999,1,0,
010001100110100001100000011100101101010,39,blowup,51,19,1062912,1062912,0.4706,1,0,0,,0,0,0,,,n/a,19|0|0|0|0,0.8627,2,0,
010001100110100001100001011000100111010,39,head-recurrent-other,20000,19,83763,83803,0.0353,0,0,0,0010,49,12750,1,489;512,71;10,linear(r2=1.000),19|4467|21366|41931|83763,0.0000,680,679,argsz71->10/statesz2358->2297
010001100110100001100001011000001111010,39,ratchet-candidate,20000,18,2007,2877,0.5026,0,0,0,000101100000000101100000000101100000000101100000000101100000000101100000000101100000000101100000000101100000000101100000000101100000000101100000000101100000000101100000000101100000000101100000000101100000000101100000000101100000000101100000000101100000000101100000000101100000000101100000000101100000000101100000000101100000000101100000000101100000000101100000000101100000000110000101100000111101010101010101010101010101010101010101010101010101010101010101010,2,69,64,1894;2023;2156;2293;2434;2579;2728;2881;3038;3199;3364;3533,235;242;249;256;263;270;277;284;291;298;305;312,linear(r2=0.399),18|356|958|608|2007,0.0000,4,3,
010001100110100001100001010110001011010,39,ratchet-candidate,20000,19,310,611,0.0262,0,0,0,0001100001010110001011010,2,23,23,2;3;21;65;144;267;443;681;990;1379;1857;2433,12;20;28;36;44;52;60;68;76;84;92;100,linear(r2=0.452),19|254|348|427|310,0.0000,7,5,
010001100110100001100110000001100111010,39,head-recurrent-other,3655,19,500344,500344,0.5062,1,0,0,000001100111010,69,1805,3,336;346,7;108,linear(r2=0.967),19|69042|0|0|0,0.0000,845,844,argsz7->108/statesz12964->13392
010001100110100001011000100001100111010,39,head-recurrent-other,6070,19,500054,500054,0.2975,1,0,0,0010,60,3403,3,398;437,89;97,linear(r2=0.973),19|33838|371036|0|0,0.0000,864,863,argsz89->97/statesz9412->9792
010001100110100001011000000110011101010,39,head-recurrent-other,5555,19,500238,500238,0.5062,1,0,0,000001100111010,62,2743,3,325;335,7;68,linear(r2=0.972),19|38126|428012|0|0,0.0000,1079,1078,argsz7->68/statesz7206->7474
010001100110100100011010000001100111010,39,head-recurrent-other,3502,19,500104,500104,0.5063,1,0,0,000001100111010,3,1729,3,5;12,7;20,linear(r2=0.971),19|76758|0|0|0,0.0000,845,844,argsz7->20/statesz62->104
010001100110100100011010000001110011010,39,blowup,80,19,851998,851998,0.6000,1,0,0,,0,0,0,,,n/a,19|0|0|0|0,0.9375,2,0,
010001100001011011010000110011000001110,39,ratchet-candidate,20000,18,90374,98310,0.3360,0,0,0,000110011000001110,1,12,12,1;17;42;85;164;315;610;1193;2352;4663;9278;18501,13;29;61;125;253;509;1021;2045;4093;8189;16381;32765,linear(r2=0.766),18|3055|22779|45318|90374,0.0000,14,6,
010001100001011101010000110011000001110,39,head-recurrent-other,20000,18,313095,344007,0.5007,0,0,0,000110011000001110,18,5007,2,1007;19935,15;15,linear(r2=0.829),18|8173|78539|156453|313095,0.0000,26,20,argsz15->15/statesz20438->313326
010001100001011101010000110010110001010,39,head-recurrent-other,20000,19,169526,184244,0.0012,0,0,0,0010,23,14269,2,858;19978,8;2,linear(r2=0.860),19|11087|42242|84665|169526,0.0000,36,24,argsz8->2/statesz11453->169583
000100011000000111001111010000101101010,39,opaque,20000,18,28023,28035,0.2001,0,0,0,,0,0,0,,,linear(r2=1.000),18|1423|7023|14023|28023,1.0000,0,0,
000100011000011100111000110000101101010,39,opaque,20000,18,95175,96864,0.3375,0,0,0,,0,0,0,,,linear(r2=1.000),18|5839|24760|48723|95175,1.0000,0,0,
010001011010011000100000011001100110110,39,head-recurrent-other,20000,19,851,1227,0.0811,0,0,0,0010,13,11594,2,3824;20000,8;5,exp(r2=0.069),19|749|1057|843|851,0.0000,14,13,argsz8->5/statesz1223->851
010001011010010010100000011100101101010,39,blowup,70,19,1062921,1062921,0.3429,1,0,0,,0,0,0,,,n/a,19|0|0|0|0,0.9429,2,0,
010000011100111000000110011101000011010,39,blowup,3500,18,500071,500071,0.5060,1,0,0,,0,0,0,,,linear(r2=0.971),18|77095|0|0|0,0.9997,1,0,
010000011100111000000111001101000011010,39,blowup,91,18,524315,524315,0.5824,1,0,0,,0,0,0,,,n/a,18|0|0|0|0,0.9890,1,0,
010001100000111000010101101010000110110,39,ratchet-candidate,20000,18,1384,1738,0.0071,0,0,0,00010101101010000110110,1,141,64,1;4;9;16;25;36;49;64;81;100;121;144,13;16;19;22;25;28;31;34;37;40;43;46,linear(r2=0.762),18|304|589|322|1384,0.0000,3,3,
010001100100101000011000000110011110110,39,opaque,20000,18,60621,60918,0.0100,0,0,0,,0,0,0,,,linear(r2=1.000),18|3231|15321|30087|60621,0.9998,2,0,
010001011001100000011001110101000011010,39,head-recurrent-other,3500,19,500075,500075,0.5063,1,0,0,000001100111010,3,1728,3,3;10,7;20,linear(r2=0.971),19|77099|0|0|0,0.0000,845,844,argsz7->20/statesz33->75
010001011001100000011100110101000011010,39,ratchet-candidate,87,19,655385,655385,0.5977,1,0,0,00010101000110100000011100110100100011010000001110011010011010,1,17,17,6;11;16;21;26;31;36;41;46;51;56;61,4;9;19;39;79;159;319;639;1279;2559;5119;10239,n/a,19|0|0|0|0,0.0000,3,1,
000101000101101010000001110010110101010,39,blowup,49,19,1062912,1062912,0.4898,1,0,0,,0,0,0,,,n/a,19|0|0|0|0,1.0000,0,0,
010001000110101000011000000110011110110,39,opaque,20000,18,61227,61518,0.0100,0,0,0,,0,0,0,,,linear(r2=1.000),18|3372|15627|30516|61227,0.9998,1,0,
010001011000101000000110011100101101010,39,blowup,35,19,531476,531476,0.4857,1,0,0,,0,0,0,,,n/a,19|0|0|0|0,0.8857,2,0,
010001011000101000000110010110011011010,39,opaque,20000,19,140009,140015,0.3333,0,0,0,,0,0,0,,,linear(r2=1.000),19|7019|35009|70019|140009,0.9998,2,0,
010001011000101000000110010110011101010,39,opaque,20000,19,90029,90035,0.2500,0,0,0,,0,0,0,,,linear(r2=1.000),19|4529|22529|45029|90029,0.9998,2,0,
010001011000101000000110010101101101010,39,opaque,20000,19,179999,180005,0.4000,0,0,0,,0,0,0,,,linear(r2=1.000),19|8999|44999|89999|179999,0.9998,2,0,
010001011000101000000110010101110101010,39,opaque,20000,19,239699,239702,0.4995,0,0,0,,0,0,0,,,linear(r2=1.000),19|11789|59729|119699|239699,0.9998,2,0,
010001011000101000000111001100101101010,39,blowup,29,19,524324,524324,0.4828,1,0,0,,0,0,0,,,n/a,19|0|0|0|0,0.8276,2,0,
010001011000101000011000010110011011010,39,head-recurrent-other,20000,19,499,755,0.0669,0,0,0,0010,18,12894,2,671;19999,17;14,linear(r2=0.319),19|399|506|611|499,0.0000,22,18,argsz17->14/statesz551->502
010001010010101000011000000110011110110,39,opaque,20000,18,61227,61518,0.0100,0,0,0,,0,0,0,,,linear(r2=1.000),18|3372|15627|30516|61227,0.9998,2,0,
010001000110001110100001011010000110110,39,ratchet-candidate,20000,18,524,1295,0.0071,0,0,0,0001011010000110110,1,141,64,2;4;8;14;22;32;44;58;74;92;112;134,10;13;16;19;22;25;28;31;34;37;40;43,linear(r2=0.317),18|299|584|635|524,0.0000,2,2,
010001000111000110100001011010000110110,39,ratchet-candidate,20000,18,524,1295,0.0071,0,0,0,0001011010000110110,1,141,64,2;4;8;14;22;32;44;58;74;92;112;134,10;13;16;19;22;25;28;31;34;37;40;43,linear(r2=0.317),18|299|584|635|524,0.0000,2,2,
010001000101101010100000011100101101010,39,blowup,49,19,1062912,1062912,0.4898,1,0,0,,0,0,0,,,n/a,19|0|0|0|0,0.8980,2,0,
010001011000011010100000011100101101010,39,ratchet-candidate,40,19,590519,590519,0.5250,1,0,0,000101010000011100101101010000001110010110101000000111001011010100101101010,1,9,9,7;11;15;19;23;27;31;35;39,29;89;269;809;2429;7289;21869;65609;196829,n/a,19|0|0|0|0,0.0000,3,1,
010001011001100010100000011001011101010,39,opaque,20000,19,99779,99782,0.4993,0,0,0,,0,0,0,,,linear(r2=1.000),19|4859|24811|49795|99779,0.9998,2,0,
010001011001100010100000011100101101010,39,ratchet-candidate,42,19,590549,590549,0.5000,1,0,0,000101010000011100101101010000001110010110101000000111001011010100101101010,2,9,9,9;13;17;21;25;29;33;37;41,29;89;269;809;2429;7289;21869;65609;196829,n/a,19|0|0|0|0,0.0000,4,2,
010001011001001010100000011100101101010,39,blowup,49,19,1062912,1062912,0.4898,1,0,0,,0,0,0,,,n/a,19|0|0|0|0,0.8980,2,0,
010001010010011010100000011100101101010,39,blowup,49,19,1062912,1062912,0.4898,1,0,0,,0,0,0,,,n/a,19|0|0|0|0,0.8980,2,0,
010001010110100010100000011100101101010,39,head-recurrent-other,55,19,1062912,1062912,0.4545,1,0,0,0000011100101101010,2,4,1,3;8,8;9,n/a,19|0|0|0|0,0.8000,3,0,argsz8->9/statesz28->29
010001010001101010100000011100101101010,39,blowup,49,19,1062912,1062912,0.5102,1,0,0,,0,0,0,,,n/a,19|0|0|0|0,0.8980,2,0,
010001010110001010100000011001011101010,39,opaque,20000,19,99795,99798,0.4993,0,0,0,,0,0,0,,,linear(r2=1.000),19|4875|24827|49811|99795,0.9997,3,0,
010001010110001010100000011100101101010,39,ratchet-candidate,44,19,590519,590519,0.5000,1,0,0,000101010000011100101101010000001110010110101000000111001011010100101101010,1,10,10,7;11;15;19;23;27;31;35;39;43,9;29;89;269;809;2429;7289;21869;65609;196829,n/a,19|0|0|0|0,0.0000,3,1,
010001010100101010100000011100101101010,39,blowup,49,19,1062912,1062912,0.4898,1,0,0,,0,0,0,,,n/a,19|0|0|0|0,0.8980,3,0,
010001001001011010100000011100101101010,39,blowup,49,19,1062912,1062912,0.4898,1,0,0,,0,0,0,,,n/a,19|0|0|0|0,0.8980,2,0,
010001000110100101101010000001100111010,39,head-recurrent-other,3510,19,500143,500143,0.5003,1,0,0,000001100111010,3,1754,3,2;16,7;23,linear(r2=0.970),19|76911|0|0|0,0.0000,837,836,argsz7->23/statesz47->135
010001011000100101101010000001100111010,39,head-recurrent-other,3522,19,500523,500523,0.4943,1,0,0,000001100111010,3,1740,3,3;19,7;26,linear(r2=0.971),19|76420|0|0|0,0.0000,829,828,argsz7->26/statesz50->144
010001100110001100001011001100011000110,39,head-recurrent-other,20000,18,13800,18412,0.4003,0,0,0,0001011001100011000110,14,8006,2,2728;19995,23;12,linear(r2=0.734),18|3817|7402|14617|13800,0.0000,18,16,argsz23->12/statesz7641->13728
000100011000110000001011101100001101110,39,opaque,20000,17,666,1440,0.0071,0,0,0,,0,0,0,,,linear(r2=0.418),17|332|656|736|666,1.0000,0,0,
000100011000110000111001011010000110110,39,opaque,20000,18,810,1584,0.0071,0,0,0,,0,0,0,,,linear(r2=0.502),18|367|730|839|810,1.0000,0,0,
000100011000110000101011010000110110110,39,opaque,20000,18,810,1584,0.0071,0,0,0,,0,0,0,,,linear(r2=0.502),18|367|730|839|810,1.0000,0,0,
010000010111011011000000111001011010110,39,monotone-growth,56,17,524289,524289,1.0000,1,0,0,,0,0,0,,,n/a,17|0|0|0|0,0.9821,1,0,
010000010111011011000000111001011011010,39,monotone-growth,56,17,524289,524289,1.0000,1,0,0,,0,0,0,,,n/a,17|0|0|0|0,0.9821,1,0,
010000010111011011000000111001011101010,39,monotone-growth,56,17,524289,524289,1.0000,1,0,0,,0,0,0,,,n/a,17|0|0|0|0,0.9821,1,0,
010000010111011011000000101110100111010,39,monotone-growth,2135,17,500010,500010,1.0000,1,0,0,,0,0,0,,,linear(r2=0.972),17|160325|0|0|0,0.9995,1,0,
000100010110100010000001110011001110110,39,opaque,20000,18,400054,400054,0.5000,0,0,0,,0,0,0,,,linear(r2=1.000),18|20054|100054|200054|400054,1.0000,0,0,
000100010110001010000001011010000110110,39,opaque,20000,19,525,1296,0.0071,0,0,0,,0,0,0,,,linear(r2=0.317),19|300|585|636|525,1.0000,0,0,
010001001001101000011000000110011110110,39,opaque,20000,18,61227,61518,0.0100,0,0,0,,0,0,0,,,linear(r2=1.000),18|3372|15627|30516|61227,0.9998,1,0,
000100011000011100101100000101000011010,39,opaque,20000,19,50452,73726,0.1676,0,0,0,,0,0,0,,,linear(r2=0.745),19|3808|12520|25156|50452,1.0000,0,0,
000100011001100000011100111101000011010,39,opaque,20000,18,16706,16706,0.3335,0,0,0,,0,0,0,,,linear(r2=1.000),18|865|4206|8365|16706,1.0000,0,0,
000100011001100000011110011101000011010,39,blowup,3094,18,500583,500583,0.3432,1,0,0,,0,0,0,,,linear(r2=0.968),18|89099|0|0|0,1.0000,0,0,
010001011010001100000010101101000111010,39,ratchet-candidate,20000,18,6696,6712,0.3333,0,0,0,0000010101101000111010,2,6667,64,1;4;7;10;13;16;19;22;25;28;31;34,10;11;12;13;14;15;16;17;18;19;20;21,linear(r2=1.000),18|366|1696|3366|6696,0.0000,3,1,
000101000110100001100000011001111011010,39,opaque,20000,18,61227,61518,0.0100,0,0,0,,0,0,0,,,linear(r2=1.000),18|3372|15627|30516|61227,1.0000,0,0,
010001011000110100000011001011000111010,39,opaque,20000,18,60024,60030,0.3333,0,0,0,,0,0,0,,,linear(r2=1.000),18|3030|15024|30030|60024,0.9998,2,0,
000100010110100101101010000001100111010,39,blowup,3501,19,500088,500088,0.5001,1,0,0,,0,0,0,,,linear(r2=0.971),19|77661|0|0|0,1.0000,0,0,
000100010110110100000011001011000111010,39,opaque,20000,18,60015,60021,0.3333,0,0,0,,0,0,0,,,linear(r2=1.000),18|3021|15015|30021|60015,1.0000,0,0,
000001000101101110100000011100101101010,39,blowup,50,18,1062916,1062916,0.5000,1,0,0,,0,0,0,,,n/a,18|0|0|0|0,1.0000,0,0,
000001000101100010100000011100101101010,39,blowup,51,19,1062914,1062914,0.4902,1,0,0,,0,0,0,,,n/a,19|0|0|0|0,1.0000,0,0,
010001100001100000011001111011000011010,39,opaque,20000,18,61227,61518,0.0100,0,0,0,,0,0,0,,,linear(r2=1.000),18|3372|15627|30516|61227,0.9998,1,0,
010001100001110000110011000111000011010,39,ratchet-candidate,2277,18,590484,590484,0.5582,1,0,0,00011010,1,10,10,1;3;9;24;57;126;267;552;1125;2274,13;19;55;163;487;1459;4375;13123;39367;118099,linear(r2=0.964),18|40112|0|0|0,0.0000,9,1,
010001100001110010110000000101000011010,39,ratchet-candidate,20000,19,72689,81919,0.1260,0,0,0,00011010,1,12,12,1;3;13;39;97;219;469;975;1993;4035;8125;16311,14;34;74;154;314;634;1274;2554;5114;10234;20474;40954,linear(r2=0.707),19|5049|18067|36279|72689,0.0000,25,11,
010001100001110010110011000101000011010,39,ratchet-candidate,20000,19,4154,5375,0.1255,0,0,0,00011010,1,5,5,1;3;69;647;5321,14;47;146;443;1334,linear(r2=0.670),19|914|710|4553|4154,0.0000,23,14,
010001100001011100101100010101000011010,39,head-recurrent-other,20000,19,107234,110537,0.1121,0,0,0,0010,20,15537,2,531;19498,8;2,linear(r2=0.689),19|2471|26678|53522|107234,0.0000,37,24,argsz8->2/statesz3410->108236
010001100110000001100110011101000011010,39,head-recurrent-other,1753,19,500104,500104,0.5071,1,0,0,0000011001100111010,96,863,2,305;307,34;104,n/a,19|218331|0|0|0,0.0000,568,567,argsz34->104/statesz38664->38884
010001100110000001011001110101000011010,39,head-recurrent-other,1879,19,501044,501044,0.5082,1,0,0,0000010110011101010,176,923,1,253;253,114;114,n/a,19|195721|0|0|0,0.0000,1369,1368,argsz114->114/statesz25884->25884
010001100110011000000110011101000011010,39,head-recurrent-other,3501,19,500088,500088,0.5064,1,0,0,000001100111010,3,1728,3,4;11,7;20,linear(r2=0.971),19|77115|0|0|0,0.0000,845,844,argsz7->20/statesz46->88
010001100110011000000111001101000011010,39,ratchet-candidate,78,19,589849,589849,0.6154,1,0,0,00010101000110100000011100110100100011010000001110011010011010,1,15,15,7;12;17;22;27;32;37;42;47;52;57;62,17;35;71;143;287;575;1151;2303;4607;9215;18431;36863,n/a,19|0|0|0|0,0.0000,3,1,
000100000111011000011000000110011110110,39,opaque,20000,17,61226,61520,0.0100,0,0,0,,0,0,0,,,linear(r2=1.000),17|3371|15626|30515|61226,1.0000,0,0,
000100011001101000000110010111011000110,39,opaque,20000,18,6491,8009,0.6706,0,0,0,,0,0,0,,,linear(r2=0.675),18|884|1988|2925|6491,1.0000,0,0,
000100011001101000011000000110011110110,39,opaque,20000,18,1256,2429,0.0101,0,0,0,,0,0,0,,,linear(r2=0.678),18|506|656|1154|1256,1.0000,0,0,
000100011001101000011000000101101101110,39,opaque,20000,18,1445,2162,0.0073,0,0,0,,0,0,0,,,linear(r2=0.736),18|365|1085|1310|1445,1.0000,0,0,
000100010110101000000110011100101101010,39,blowup,34,19,531489,531489,0.5000,1,0,0,,0,0,0,,,n/a,19|0|0|0|0,1.0000,0,0,
000100010110101000000110010110011011010,39,opaque,20000,19,140019,140025,0.3333,0,0,0,,0,0,0,,,linear(r2=1.000),19|7029|35019|70029|140019,1.0000,0,0,
000100010110101000000110010110011101010,39,opaque,20000,19,90039,90045,0.2500,0,0,0,,0,0,0,,,linear(r2=1.000),19|4539|22539|45039|90039,1.0000,0,0,
000100010110101000000110010101101101010,39,opaque,20000,19,180009,180015,0.4000,0,0,0,,0,0,0,,,linear(r2=1.000),19|9009|45009|90009|180009,1.0000,0,0,
000100010110101000000110010101110101010,39,opaque,20000,19,239769,239769,0.4996,0,0,0,,0,0,0,,,linear(r2=1.000),19|11859|59799|119769|239769,1.0000,0,0,
000100010110101000000111001100101101010,39,blowup,28,19,524337,524337,0.5000,1,0,0,,0,0,0,,,n/a,19|0|0|0|0,1.0000,0,0,
000100010110101000000101110100110001110,39,opaque,20000,18,141593,146487,0.5892,0,0,0,,0,0,0,,,linear(r2=0.972),18|9168|28804|58942|141593,1.0000,0,0,
000100010110101000000101011011000111010,39,opaque,20000,18,13388,13388,0.6667,0,0,0,,0,0,0,,,linear(r2=0.802),18|715|3388|6715|13388,1.0000,0,0,
000100010110101000011000000110011110110,39,opaque,20000,18,1853,2429,0.0100,0,0,0,,0,0,0,,,linear(r2=0.778),18|494|953|1142|1853,1.0000,0,0,
000100010110101000011000000101101101110,39,opaque,20000,18,1380,2151,0.0072,0,0,0,,0,0,0,,,linear(r2=0.701),18|501|1020|1245|1380,1.0000,0,0,
010001100000011100101101010000101101010,39,blowup,49,19,1062912,1062912,0.4898,1,0,0,,0,0,0,,,n/a,19|0|0|0|0,0.8980,2,0,
010001100000011110000110110000101101010,39,ratchet-candidate,20000,18,947,1301,0.0071,0,0,0,0001000101101010000110110,1,140,64,3;8;15;24;35;48;63;80;99;120;143;168,13;16;19;22;25;28;31;34;37;40;43;46,linear(r2=0.708),18|197|365|317|947,0.0000,2,2,
010001100001110010110001010000101101010,39,head-recurrent-other,20000,19,59225,73679,0.0920,0,0,0,0010,23,16345,2,643;19997,2;14,linear(r2=0.801),19|3980|14675|29525|59225,0.0000,35,25,argsz2->14/statesz4571->59219
010001100110000001100111010000110011010,39,head-recurrent-other,3584,19,500121,500121,0.5064,1,0,0,000001100111010,70,1769,3,308;312,7;102,linear(r2=0.969),19|72650|0|0|0,0.0000,865,864,argsz7->102/statesz12080->12278
010001100110000001100111010000101101010,39,head-recurrent-other,3667,19,500090,500090,0.5061,1,0,0,000001100111010,4,1811,2,3;19,7;14,linear(r2=0.967),19|68671|0|0|0,0.0000,865,864,argsz7->14/statesz53->123
010100100001101000011000000110011110110,39,opaque,20000,18,61227,61518,0.0100,0,0,0,,0,0,0,,,linear(r2=1.000),18|3372|15627|30516|61227,0.9998,2,0,
000100000101110101100000011100101101010,39,blowup,50,18,1062916,1062916,0.5000,1,0,0,,0,0,0,,,n/a,18|0|0|0|0,1.0000,0,0,
000100011001011010100000011100101101010,39,blowup,46,19,1062913,1062913,0.5000,1,0,0,,0,0,0,,,n/a,19|0|0|0|0,1.0000,0,0,
000100011100110001100001011010000110110,39,opaque,20000,18,524,1298,0.0071,0,0,0,,0,0,0,,,linear(r2=0.317),18|299|584|635|524,1.0000,0,0,
000100010110001101100001011010000110110,39,opaque,20000,18,524,1298,0.0071,0,0,0,,0,0,0,,,linear(r2=0.317),18|299|584|635|524,1.0000,0,0,
000100010110011010100000011001011101010,39,opaque,20000,19,99819,99819,0.4994,0,0,0,,0,0,0,,,linear(r2=1.000),19|4899|24851|49835|99819,1.0000,0,0,
000100010110011010100000011100101101010,39,blowup,42,19,590557,590557,0.5000,1,0,0,,0,0,0,,,n/a,19|0|0|0|0,1.0000,0,0,
000100010101101010100000011001011101010,39,opaque,20000,19,99835,99835,0.4994,0,0,0,,0,0,0,,,linear(r2=1.000),19|4915|24867|49851|99835,1.0000,0,0,
000100010101101010100000011100101101010,39,blowup,41,19,590520,590520,0.5122,1,0,0,,0,0,0,,,n/a,19|0|0|0|0,1.0000,0,0,
010100100001011010100000011100101101010,39,blowup,49,19,1062912,1062912,0.4898,1,0,0,,0,0,0,,,n/a,19|0|0|0|0,0.8980,2,0,
010000011101100000011001011101100110110,39,monotone-growth,577,17,500012,500012,1.0000,1,0,0,,0,0,0,,,n/a,17|0|0|0|0,0.9983,1,0,
010000011101100000011001011101100111010,39,monotone-growth,577,17,502280,502280,0.9983,1,0,0,,0,0,0,,,n/a,17|0|0|0|0,0.9983,1,0,
010000011101100000010111001011010110110,39,monotone-growth,51,17,573078,573078,1.0000,1,0,0,,0,0,0,,,n/a,17|0|0|0|0,0.9804,1,0,
010000011101100001100001011000100111010,39,opaque,20000,18,83728,83770,0.0352,0,0,0,,0,0,0,,,linear(r2=1.000),18|4432|21330|41896|83728,1.0000,1,0,
010000011101100001100001011000001111010,39,opaque,20000,17,2511,2847,0.5026,0,0,0,,0,0,0,,,linear(r2=0.714),17|248|647|542|2511,1.0000,1,0,
010000011101100001100001010110001011010,39,opaque,20000,18,275,578,0.0262,0,0,0,,0,0,0,,,linear(r2=0.459),18|218|312|392|275,1.0000,1,0,
010000011101100001100110000001100111010,39,blowup,3654,18,500311,500311,0.5060,1,0,0,,0,0,0,,,linear(r2=0.967),18|69193|0|0|0,0.9997,1,0,
010000011101100001011000100001100111010,39,blowup,6069,18,500021,500021,0.2974,1,0,0,,0,0,0,,,linear(r2=0.973),18|33802|371000|0|0,0.9998,1,0,
010000011101100001011000000110011101010,39,blowup,5554,18,500205,500205,0.5061,1,0,0,,0,0,0,,,linear(r2=0.972),18|38213|427976|0|0,0.9998,1,0,
010000011101100100011010000001100111010,39,blowup,3499,18,500071,500071,0.5061,1,0,0,,0,0,0,,,linear(r2=0.971),18|77287|0|0|0,0.9997,1,0,
010000011101100100011010000001110011010,39,blowup,90,18,524315,524315,0.5889,1,0,0,,0,0,0,,,n/a,18|0|0|0|0,0.9889,1,0,
000001000110011010000001110011001110110,39,opaque,20000,18,400114,400117,0.5001,0,0,0,,0,0,0,,,linear(r2=1.000),18|20114|100114|200114|400114,1.0000,0,0,
000001000101101010000001110011001110110,39,opaque,20000,18,400414,400417,0.5001,0,0,0,,0,0,0,,,linear(r2=1.000),18|20414|100414|200414|400414,1.0000,0,0,
000001000101101010000001110011100110110,39,opaque,20000,18,316610,316613,0.6912,0,0,0,,0,0,0,,,linear(r2=1.000),18|16882|80258|159094|316610,1.0000,0,0,
000001000101101010000001110011100111010,39,opaque,20000,18,39998,40020,0.1915,0,0,0,,0,0,0,,,linear(r2=0.997),18|4926|12278|21506|39998,1.0000,0,0,
000001000101101010000001110010110110110,39,opaque,20000,18,300034,300037,0.5000,0,0,0,,0,0,0,,,linear(r2=1.000),18|15034|75034|150034|300034,1.0000,0,0,
000001000101101010000001110010111010110,39,opaque,20000,18,300034,300037,0.5000,0,0,0,,0,0,0,,,linear(r2=1.000),18|15034|75034|150034|300034,1.0000,0,0,
000001000101101010000001011010000110110,39,opaque,20000,19,526,1297,0.0071,0,0,0,,0,0,0,,,linear(r2=0.317),19|301|586|637|526,1.0000,0,0,
000001000110100000011001011101100110110,39,monotone-growth,577,18,500013,500013,1.0000,1,0,0,,0,0,0,,,n/a,18|0|0|0|0,1.0000,0,0,
000001000110100000011001011101100111010,39,monotone-growth,577,18,502281,502281,0.9983,1,0,0,,0,0,0,,,n/a,18|0|0|0|0,1.0000,0,0,
000001000110100000010111001011010110110,39,monotone-growth,51,18,573079,573079,1.0000,1,0,0,,0,0,0,,,n/a,18|0|0|0|0,1.0000,0,0,
000001000110100001100001011011100111010,39,opaque,20000,18,82562,82649,0.0375,0,0,0,,0,0,0,,,linear(r2=1.000),18|4437|21092|41781|82562,1.0000,0,0,
000001000110100001100001011000100111010,39,opaque,20000,19,83729,83771,0.0352,0,0,0,,0,0,0,,,linear(r2=1.000),19|4433|21331|41897|83729,1.0000,0,0,
000001000110100001100001011000001111010,39,opaque,20000,18,2512,2848,0.5026,0,0,0,,0,0,0,,,linear(r2=0.714),18|249|648|543|2512,1.0000,0,0,
000001000110100001100001011110011101010,39,monotone-growth,1763,18,500112,500112,1.0000,1,0,0,,0,0,0,,,n/a,18|215128|0|0|0,1.0000,0,0,
000001000110100001100001010110001011010,39,opaque,20000,19,276,579,0.0262,0,0,0,,0,0,0,,,linear(r2=0.459),19|219|313|393|276,1.0000,0,0,
000001000110100001100110000001100111010,39,blowup,3654,19,500312,500312,0.5060,1,0,0,,0,0,0,,,linear(r2=0.967),19|69194|0|0|0,1.0000,0,0,
000001000110100001011000100001100111010,39,blowup,6069,19,500022,500022,0.2974,1,0,0,,0,0,0,,,linear(r2=0.973),19|33803|371001|0|0,1.0000,0,0,
000001000110100001011000000110011101010,39,blowup,5554,19,500206,500206,0.5061,1,0,0,,0,0,0,,,linear(r2=0.972),19|38214|427977|0|0,1.0000,0,0,
000001000110100100011010000001100111010,39,blowup,3499,19,500072,500072,0.5061,1,0,0,,0,0,0,,,linear(r2=0.971),19|77288|0|0|0,1.0000,0,0,
000001000110100100011010000001110011010,39,blowup,90,19,524316,524316,0.5889,1,0,0,,0,0,0,,,n/a,19|0|0|0|0,1.0000,0,0,
000101000110100000011100110011101100010,39,opaque,20000,18,400054,400054,0.5000,0,0,0,,0,0,0,,,linear(r2=1.000),18|20054|100054|200054|400054,1.0000,0,0,
010000010111000101100000011100101101010,39,blowup,51,18,1062913,1062913,0.4902,1,0,0,,0,0,0,,,n/a,18|0|0|0|0,0.9804,1,0,
000100011010000001100111000000111110110,39,opaque,20000,17,21627,21921,0.0100,0,0,0,,0,0,0,,,linear(r2=0.999),17|1437|5827|10917|21627,1.0000,0,0,
000100011010000001100101110110000110110,39,blowup,1732,18,501450,501450,0.6669,1,0,0,,0,0,0,,,n/a,18|167536|0|0|0,1.0000,0,0,
000100011010000001100101110110011000110,39,monotone-growth,34,18,786438,786438,1.0000,1,0,0,,0,0,0,,,n/a,18|0|0|0|0,1.0000,0,0,
000100011010000001110000001100111110110,39,opaque,20000,17,61427,61721,0.0100,0,0,0,,0,0,0,,,linear(r2=1.000),17|3417|15727|30657|61427,1.0000,0,0,
000100011010000001110011001011101100010,39,opaque,20000,18,268109,268109,0.4002,0,0,0,,0,0,0,,,linear(r2=1.000),18|13509|67109|134109|268109,1.0000,0,0,
000100011010000001011010010111000110110,39,opaque,20000,18,437618,491468,0.0027,0,0,0,,0,0,0,,,linear(r2=0.728),18|8238|109602|218950|437618,1.0000,0,0,
000100011010000001000110011011001110110,39,opaque,20000,18,173350,173353,0.6667,0,0,0,,0,0,0,,,linear(r2=1.000),18|8695|43350|86695|173350,1.0000,0,0,
000100011010000001000110011101001110110,39,opaque,20000,18,173350,173353,0.6667,0,0,0,,0,0,0,,,linear(r2=1.000),18|8695|43350|86695|173350,1.0000,0,0,
000100011010000001011100001110011010110,39,opaque,20000,18,273327,273327,0.6667,0,0,0,,0,0,0,,,linear(r2=1.000),18|13661|68327|136661|273327,1.0000,0,0,
000100011010000110000000011001111101110,39,opaque,20000,17,81327,81621,0.0100,0,0,0,,0,0,0,,,linear(r2=1.000),17|4407|20677|40527|81327,1.0000,0,0,
000100011010000110000001100001111101110,39,opaque,20000,17,81327,81621,0.0100,0,0,0,,0,0,0,,,linear(r2=1.000),17|4407|20677|40527|81327,1.0000,0,0,
000100011010000110000001100110011110110,39,opaque,20000,18,101429,101723,0.0100,0,0,0,,0,0,0,,,linear(r2=1.000),18|5444|25729|50540|101429,1.0000,0,0,
000100011010000110000001100101111011010,39,opaque,20000,18,21679,22033,0.0072,0,0,0,,0,0,0,,,linear(r2=0.999),18|1349|5690|10729|21679,1.0000,0,0,
000100011010000110000001011010011110110,39,opaque,20000,18,101429,101723,0.0100,0,0,0,,0,0,0,,,linear(r2=1.000),18|5444|25729|50540|101429,1.0000,0,0,
000100011010000110000001011001111011010,39,opaque,20000,18,101429,101723,0.0100,0,0,0,,0,0,0,,,linear(r2=1.000),18|5444|25729|50540|101429,1.0000,0,0,
000100011010000110000110011100111000110,39,blowup,754,18,507683,507683,0.5424,1,0,0,,0,0,0,,,n/a,18|0|0|0|0,1.0000,0,0,
000100011010000110000110010111000111010,39,blowup,172,18,503877,503877,0.7674,1,0,0,,0,0,0,,,n/a,18|0|0|0|0,1.0000,0,0,
000100011010000110000111001100111000110,39,blowup,75,18,539379,539379,0.7067,1,0,0,,0,0,0,,,n/a,18|0|0|0|0,1.0000,0,0,
000100011010000110000111001011000001010,39,blowup,19733,19,684451,684451,0.1471,1,0,0,,0,0,0,,,exp(r2=0.177),19|3333|76854|65349|0,1.0000,0,0,
000100011010000110000111001011100011010,39,blowup,131,18,776380,776380,0.6183,1,0,0,,0,0,0,,,n/a,18|0|0|0|0,1.0000,0,0,
000100011010000110000101100000100111010,39,opaque,20000,19,594,757,0.0184,0,0,0,,0,0,0,,,linear(r2=0.696),19|207|316|342|594,1.0000,0,0,
000100011010000110000101110001100111010,39,blowup,832,18,500125,500125,0.5565,1,0,0,,0,0,0,,,n/a,18|0|0|0|0,1.0000,0,0,
000100011010000110000101111001110101110,39,opaque,20000,17,81327,81621,0.0100,0,0,0,,0,0,0,,,linear(r2=1.000),17|4407|20677|40527|81327,1.0000,0,0,
000100011010000110000101111001110100010,39,opaque,20000,18,101429,101723,0.0100,0,0,0,,0,0,0,,,linear(r2=1.000),18|5444|25729|50540|101429,1.0000,0,0,
000100011010000110000101110011100011010,39,blowup,10792,18,501394,501394,0.5191,1,0,0,,0,0,0,,,linear(r2=0.998),18|57490|230234|444449|0,1.0000,0,0,
000100011010000110000101011000001011010,39,opaque,20000,19,594,757,0.0184,0,0,0,,0,0,0,,,linear(r2=0.696),19|207|316|342|594,1.0000,0,0,
000100011010000110011000000110011110110,39,opaque,20000,18,64977,65124,0.0106,0,0,0,,0,0,0,,,linear(r2=0.999),18|4057|17253|32817|64977,1.0000,0,0,
000100011010000110011000000111001111010,39,blowup,4390,18,500025,500025,0.2513,1,0,0,,0,0,0,,,linear(r2=0.989),18|72485|0|0|0,1.0000,0,0,
000100011010000110011000000111100111010,39,blowup,384,18,510239,510239,0.2604,1,0,0,,0,0,0,,,n/a,18|0|0|0|0,1.0000,0,0,
000100011010000110011000000101101101110,39,opaque,20000,18,115525,116272,0.0097,0,0,0,,0,0,0,,,linear(r2=1.000),18|5435|27725|57539|115525,1.0000,0,0,
000100011010000110010001100011001001010,39,opaque,20000,19,337,842,0.4004,0,0,0,,0,0,0,,,linear(r2=0.314),19|244|157|247|337,1.0000,0,0,
000100011010000110010001011011101000110,39,opaque,20000,18,488,835,0.5003,0,0,0,,0,0,0,,,linear(r2=0.616),18|224|370|449|488,1.0000,0,0,
000100011010000101101100110011000001110,39,blowup,1883,18,19295,19298,0.3356,1,0,0,,0,0,0,,,n/a,18|6440|0|0|0,1.0000,0,0,step-alloc-cap
000100011010000101101100101100011000110,39,blowup,710,18,50897,50897,0.2606,1,0,0,,0,0,0,,,n/a,18|0|0|0|0,1.0000,0,0,step-alloc-cap
000100011010000101100011001011011000110,39,blowup,2513,18,29842,32145,0.2547,1,0,0,,0,0,0,,,linear(r2=0.757),18|13654|0|0|0,1.0000,0,0,step-alloc-cap
000100011010000101100110000011100110110,39,blowup,2283,18,46067,46067,0.3368,1,0,0,,0,0,0,,,linear(r2=1.000),18|17936|0|0|0,1.0000,0,0,step-alloc-cap
000100011010000101100110000011100111010,39,blowup,2283,18,46067,46067,0.3368,1,0,0,,0,0,0,,,linear(r2=1.000),18|17936|0|0|0,1.0000,0,0,step-alloc-cap
000100011010000100011100101101101000110,39,blowup,2028,18,826689,826689,0.5049,1,0,0,,0,0,0,,,linear(r2=0.964),18|92023|0|0|0,1.0000,0,0,
000100011010000100011100101110101000110,39,opaque,20000,18,320003,428653,0.6670,0,0,0,,0,0,0,,,linear(r2=0.759),18|10624|114420|366644|320003,1.0000,0,0,
000100011010000100010110110011101000110,39,opaque,20000,18,159332,229374,0.5003,0,0,0,,0,0,0,,,linear(r2=0.787),18|3752|39845|79674|159332,1.0000,0,0,
000100011010000100010111001110101000110,39,opaque,20000,18,17902,21491,0.5719,0,0,0,,0,0,0,,,linear(r2=0.827),18|2025|8985|7997|17902,1.0000,0,0,
000100011010000101100000011001111011010,39,opaque,20000,18,64153,64723,0.0106,0,0,0,,0,0,0,,,linear(r2=0.999),18|3893|17291|33469|64153,1.0000,0,0,
000100011010000101100000011100111101010,39,opaque,20000,18,76051,76057,0.2001,0,0,0,,0,0,0,,,linear(r2=1.000),18|3851|19051|38051|76051,1.0000,0,0,
000100011010000101100000011110011101010,39,blowup,508,18,505735,505735,0.2087,1,0,0,,0,0,0,,,n/a,18|0|0|0|0,1.0000,0,0,
000100011010000101100000010110110111010,39,opaque,20000,18,2851,3145,0.0051,0,0,0,,0,0,0,,,linear(r2=0.833),18|571|1451|1411|2851,1.0000,0,0,
000100011010000101100001110011100011010,39,opaque,20000,18,438840,440940,0.3354,0,0,0,,0,0,0,,,linear(r2=0.999),18|26763|116155|224247|438840,1.0000,0,0,
010001000111010001100001011010000110110,39,ratchet-candidate,20000,18,524,1295,0.0071,0,0,0,0001011010000110110,1,141,64,2;4;8;14;22;32;44;58;74;92;112;134,10;13;16;19;22;25;28;31;34;37;40;43,linear(r2=0.317),18|299|584|635|524,0.0000,2,2,
010001011000110001100001011010000110110,39,ratchet-candidate,20000,18,532,1306,0.0071,0,0,0,0001011010000110110,2,141,64,1;3;7;13;21;31;43;57;73;91;111;133,10;13;16;19;22;25;28;31;34;37;40;43,linear(r2=0.318),18|307|592|643|532,0.0000,3,3,
010001010011010001100001011010000110110,39,ratchet-candidate,20000,18,524,1295,0.0071,0,0,0,0001011010000110110,1,141,64,2;4;8;14;22;32;44;58;74;92;112;134,10;13;16;19;22;25;28;31;34;37;40;43,linear(r2=0.317),18|299|584|635|524,0.0000,2,2,
000110000100011010000110000111100111010,39,opaque,20000,18,41126,41420,0.0100,0,0,0,,0,0,0,,,linear(r2=1.000),18|2336|10576|20504|41126,1.0000,0,0,
000110010001101000011000000110011110110,39,opaque,20000,18,61227,61521,0.0100,0,0,0,,0,0,0,,,linear(r2=1.000),18|3372|15627|30516|61227,1.0000,0,0,
000110010001011010100000011100101101010,39,blowup,48,19,1062915,1062915,0.5000,1,0,0,,0,0,0,,,n/a,19|0|0|0|0,1.0000,0,0,
010000010111010110000001011010000110110,39,opaque,20000,18,525,1296,0.0071,0,0,0,,0,0,0,,,linear(r2=0.317),18|300|585|636|525,1.0000,1,0,
0000000001000110001100001011010000110110,40,opaque,20000,19,525,1299,0.0071,0,0,0,,0,0,0,,,linear(r2=0.317),19|300|585|636|525,1.0000,0,0,
0000000100011010000001100101110110011010,40,monotone-growth,34,19,524313,524313,1.0000,1,0,0,,0,0,0,,,n/a,19|0|0|0|0,1.0000,0,0,
0000000100011010000001110000111001111010,40,opaque,20000,18,41327,41621,0.0100,0,0,0,,0,0,0,,,linear(r2=1.000),18|2382|10677|20646|41327,1.0000,0,0,
0000000100011010000001011010010111010110,40,monotone-growth,54,19,573091,573091,0.9815,1,0,0,,0,0,0,,,n/a,19|0|0|0|0,1.0000,0,0,
0000000100010110101000000111001011010110,40,monotone-growth,56,19,524291,524291,1.0000,1,0,0,,0,0,0,,,n/a,19|0|0|0|0,1.0000,0,0,
0000000100010110101000000111001011011010,40,monotone-growth,56,19,524291,524291,1.0000,1,0,0,,0,0,0,,,n/a,19|0|0|0|0,1.0000,0,0,
0000000100010110101000000111001011101010,40,monotone-growth,56,19,524291,524291,1.0000,1,0,0,,0,0,0,,,n/a,19|0|0|0|0,1.0000,0,0,
0000000100010110101000000101110100111010,40,monotone-growth,2135,19,500012,500012,1.0000,1,0,0,,0,0,0,,,linear(r2=0.972),19|160327|0|0|0,1.0000,0,0,
0000000100010110110100000011100101101010,40,blowup,50,19,1062917,1062917,0.5000,1,0,0,,0,0,0,,,n/a,19|0|0|0|0,1.0000,0,0,
0000000100010110011010100000011100110110,40,opaque,20000,19,106701,106704,0.5000,0,0,0,,0,0,0,,,linear(r2=1.000),19|5357|26701|53357|106701,1.0000,0,0,
0000000100010101101010100000011100110110,40,opaque,20000,19,106693,106696,0.5000,0,0,0,,0,0,0,,,linear(r2=1.000),19|5357|26693|53357|106693,1.0000,0,0,
0100010001100011000010110100001101100010,40,ratchet-candidate,20000,19,524,1295,0.0071,0,0,0,0001011010000110110,1,141,64,2;4;8;14;22;32;44;58;74;92;112;134,10;13;16;19;22;25;28;31;34;37;40;43,linear(r2=0.317),19|299|584|635|524,0.0000,2,2,
0001100001000110001100001011010000110110,40,opaque,20000,19,525,1299,0.0071,0,0,0,,0,0,0,,,linear(r2=0.317),19|300|585|636|525,1.0000,0,0,
0001100100011010000001100101110110011010,40,monotone-growth,34,19,524313,524313,1.0000,1,0,0,,0,0,0,,,n/a,19|0|0|0|0,1.0000,0,0,
0001100100011010000001110000111001111010,40,opaque,20000,18,41327,41621,0.0100,0,0,0,,0,0,0,,,linear(r2=1.000),18|2382|10677|20646|41327,1.0000,0,0,
0001100100011010000001011010010111010110,40,monotone-growth,54,19,573091,573091,0.9815,1,0,0,,0,0,0,,,n/a,19|0|0|0|0,1.0000,0,0,
0001100100010110101000000111001011010110,40,monotone-growth,56,19,524291,524291,1.0000,1,0,0,,0,0,0,,,n/a,19|0|0|0|0,1.0000,0,0,
0001100100010110101000000111001011011010,40,monotone-growth,56,19,524291,524291,1.0000,1,0,0,,0,0,0,,,n/a,19|0|0|0|0,1.0000,0,0,
0001100100010110101000000111001011101010,40,monotone-growth,56,19,524291,524291,1.0000,1,0,0,,0,0,0,,,n/a,19|0|0|0|0,1.0000,0,0,
0001100100010110101000000101110100111010,40,monotone-growth,2135,19,500012,500012,1.0000,1,0,0,,0,0,0,,,linear(r2=0.972),19|160327|0|0|0,1.0000,0,0,
0001100100010110110100000011100101101010,40,blowup,50,19,1062917,1062917,0.5000,1,0,0,,0,0,0,,,n/a,19|0|0|0|0,1.0000,0,0,
0001100100010110011010100000011100110110,40,opaque,20000,19,106701,106704,0.5000,0,0,0,,0,0,0,,,linear(r2=1.000),19|5357|26701|53357|106701,1.0000,0,0,
0001100100010101101010100000011100110110,40,opaque,20000,19,106693,106696,0.5000,0,0,0,,0,0,0,,,linear(r2=1.000),19|5357|26693|53357|106693,1.0000,0,0,
0100010001101101000011000000110011110110,40,opaque,20000,18,61227,61518,0.0100,0,0,0,,0,0,0,,,linear(r2=1.000),18|3372|15627|30516|61227,0.9998,1,0,
0100010001110101000011000000110011110110,40,opaque,20000,18,61227,61518,0.0100,0,0,0,,0,0,0,,,linear(r2=1.000),18|3372|15627|30516|61227,0.9998,1,0,
0100010110001101000000110010110011011010,40,opaque,20000,19,140019,140025,0.3333,0,0,0,,0,0,0,,,linear(r2=1.000),19|7029|35019|70029|140019,0.9998,2,0,
0100010110001101000000110010110011101010,40,opaque,20000,19,90039,90045,0.2500,0,0,0,,0,0,0,,,linear(r2=1.000),19|4539|22539|45039|90039,0.9998,2,0,
0100010110001101000000110010101101101010,40,opaque,20000,19,180009,180015,0.4000,0,0,0,,0,0,0,,,linear(r2=1.000),19|9009|45009|90009|180009,0.9998,2,0,
0100010110001101000000110010101110101010,40,opaque,20000,19,239699,239702,0.4995,0,0,0,,0,0,0,,,linear(r2=1.000),19|11789|59729|119699|239699,0.9998,2,0,
0100010110001101000011000000110011110110,40,opaque,20000,18,61230,61518,0.0101,0,0,0,,0,0,0,,,linear(r2=1.000),18|3375|15630|30519|61230,0.9997,2,0,
0100010110001101000010101101000011011010,40,head-recurrent-other,20000,19,31982,32756,0.0071,0,0,0,0001100000010101101000011011010,24,278,1,460;461,15;12,linear(r2=0.999),19|2218|8977|16800|31982,0.0000,144,144,argsz15->12/statesz1022->1019
0100010100110101000011000000110011110110,40,opaque,20000,18,61227,61518,0.0100,0,0,0,,0,0,0,,,linear(r2=1.000),18|3372|15627|30516|61227,0.9998,2,0,
0001010001011010100000011100101101011010,40,monotone-growth,57,19,524288,524288,0.9825,1,0,0,,0,0,0,,,n/a,19|0|0|0|0,1.0000,0,0,
0001010001011010100000011100101101101010,40,monotone-growth,57,19,524288,524288,0.9825,1,0,0,,0,0,0,,,n/a,19|0|0|0|0,1.0000,0,0,
0001010001011010100000011100101110101010,40,monotone-growth,57,19,524288,524288,0.9825,1,0,0,,0,0,0,,,n/a,19|0|0|0|0,1.0000,0,0,
0001010001011010100000010111010011101010,40,monotone-growth,2135,19,500012,500012,1.0000,1,0,0,,0,0,0,,,linear(r2=0.972),19|160327|0|0|0,1.0000,0,0,
0001000001011101101100000011100101101010,40,blowup,48,18,1062914,1062914,0.5000,1,0,0,,0,0,0,,,n/a,18|0|0|0|0,1.0000,0,0,
0001000110000100101100001011010000110110,40,opaque,20000,19,951,1305,0.0071,0,0,0,,0,0,0,,,linear(r2=0.708),19|201|369|321|951,1.0000,0,0,
0001000110010010001100001011010000110110,40,opaque,20000,19,951,1305,0.0071,0,0,0,,0,0,0,,,linear(r2=0.708),19|201|369|321|951,1.0000,0,0,
0001000110010000110100001011010000110110,40,opaque,20000,19,951,1305,0.0071,0,0,0,,0,0,0,,,linear(r2=0.708),19|201|369|321|951,1.0000,0,0,
0001000110010110110100000011100101101010,40,blowup,51,19,1062922,1062922,0.4902,1,0,0,,0,0,0,,,n/a,19|0|0|0|0,1.0000,0,0,
0001000111001011010100000011100101101010,40,blowup,48,19,1062915,1062915,0.5000,1,0,0,,0,0,0,,,n/a,19|0|0|0|0,1.0000,0,0,
0001000100100110001100001011010000110110,40,opaque,20000,19,525,1296,0.0071,0,0,0,,0,0,0,,,linear(r2=0.317),19|300|585|636|525,1.0000,0,0,
0001000101001010001100001011010000110110,40,opaque,20000,19,525,1296,0.0071,0,0,0,,0,0,0,,,linear(r2=0.317),19|300|585|636|525,1.0000,0,0,
0001000101100011000100001011010000110110,40,opaque,20000,19,525,1299,0.0071,0,0,0,,0,0,0,,,linear(r2=0.317),19|300|585|636|525,1.0000,0,0,
0001000101011010101100000011100101101010,40,blowup,49,19,1062912,1062912,0.4898,1,0,0,,0,0,0,,,n/a,19|0|0|0|0,1.0000,0,0,
0001000100011000110100001011010000110110,40,opaque,20000,19,525,1296,0.0071,0,0,0,,0,0,0,,,linear(r2=0.317),19|300|585|636|525,1.0000,0,0,
0001000101100000110100000011100101101010,40,blowup,51,19,1062914,1062914,0.4902,1,0,0,,0,0,0,,,n/a,19|0|0|0|0,1.0000,0,0,
0001000101100110110100000011100101101010,40,blowup,41,19,590552,590552,0.5122,1,0,0,,0,0,0,,,n/a,19|0|0|0|0,1.0000,0,0,
0001000101100111010100000011100101101010,40,blowup,50,19,1062925,1062925,0.5000,1,0,0,,0,0,0,,,n/a,19|0|0|0|0,1.0000,0,0,
0001000101011010110100000011100101101010,40,blowup,52,19,1062919,1062919,0.4808,1,0,0,,0,0,0,,,n/a,19|0|0|0|0,1.0000,0,0,
0001000101011011010100000011100101101010,40,blowup,50,19,1062925,1062925,0.5000,1,0,0,,0,0,0,,,n/a,19|0|0|0|0,1.0000,0,0,
0100010001100110110011010000001100111010,40,head-recurrent-other,3502,19,500087,500087,0.5003,1,0,0,000001100111010,80,1750,3,356;366,7;119,linear(r2=0.971),19|77663|0|0|0,0.0000,836,835,argsz7->119/statesz16951->17423
0100010110000110110011010000001100111010,40,head-recurrent-other,3513,19,500464,500464,0.4944,1,0,0,000001100111010,68,1736,3,316;326,7;114,linear(r2=0.971),19|77280|0|0|0,0.0000,828,827,argsz7->114/statesz14013->14465
0100010110011000110011010000001100110110,40,ratchet-candidate,20000,19,87203,87206,0.3517,0,0,0,000001100110110,3,6,5,5;7;11;33;52,7;8;16;50;58,linear(r2=1.000),19|4597|22105|43232|87203,0.0000,114,112,
0100010110011000110011010000001100111010,40,ratchet-candidate,2644,19,500167,500167,0.3480,1,0,0,000001100111010,57,5,4,375;383;386;389,7;24;240;265,linear(r2=0.966),19|109955|0|0|0,0.0000,419,417,
0100010101100011010011010000001100110110,40,ratchet-candidate,20000,19,87203,87206,0.3517,0,0,0,000001100110110,3,7,5,7;9;13;35;54,7;8;16;50;58,linear(r2=1.000),19|4596|22104|43262|87203,0.0000,114,113,
0001000110100000000110010111101110001110,40,opaque,20000,17,40027,40030,0.5000,0,0,0,,0,0,0,,,linear(r2=1.000),17|2027|10027|20027|40027,1.0000,0,0,
0001000110100000000111100001110011111010,40,opaque,20000,17,41527,41821,0.0100,0,0,0,,0,0,0,,,linear(r2=1.000),17|2427|10777|20787|41527,1.0000,0,0,
0001000110100000011001100101110110011010,40,monotone-growth,34,19,786457,786457,1.0000,1,0,0,,0,0,0,,,n/a,19|0|0|0|0,1.0000,0,0,
0001000110100000011001110000111001111010,40,opaque,20000,18,41729,42023,0.0100,0,0,0,,0,0,0,,,linear(r2=1.000),18|2474|10879|20930|41729,1.0000,0,0,
0001000110100000011001110000101111010110,40,opaque,20000,18,40723,41026,0.0100,0,0,0,,0,0,0,,,linear(r2=1.000),18|2243|10373|20219|40723,1.0000,0,0,
0001000110100000011001011010010111010110,40,monotone-growth,62,19,589489,589489,0.9839,1,0,0,,0,0,0,,,n/a,19|0|0|0|0,1.0000,0,0,
0001000110100000011001011101100110001110,40,monotone-growth,534,18,501455,501455,1.0000,1,0,0,,0,0,0,,,n/a,18|0|0|0|0,1.0000,0,0,
0001000110100000011001011101100110000010,40,monotone-growth,998,19,500029,500029,1.0000,1,0,0,,0,0,0,,,n/a,19|0|0|0|0,1.0000,0,0,
0001000110100000011001011101100110011010,40,monotone-growth,22,19,531469,531469,1.0000,1,0,0,,0,0,0,,,n/a,19|0|0|0|0,1.0000,0,0,
0001000110100000011001011101100111000110,40,monotone-growth,533,18,500354,500354,0.9981,1,0,0,,0,0,0,,,n/a,18|0|0|0|0,1.0000,0,0,
0001000110100000011001011101100101101010,40,monotone-growth,22,19,531469,531469,1.0000,1,0,0,,0,0,0,,,n/a,19|0|0|0|0,1.0000,0,0,
0001000110100000011001011100011001110110,40,blowup,397,18,62345,74623,0.0730,1,0,0,,0,0,0,,,n/a,18|0|0|0|0,1.0000,0,0,step-alloc-cap
0001000110100000011001011001011101011010,40,blowup,54,19,524521,524521,0.7593,1,0,0,,0,0,0,,,n/a,19|0|0|0|0,1.0000,0,0,
0001000110100000011001010111011001101010,40,monotone-growth,34,19,786457,786457,1.0000,1,0,0,,0,0,0,,,n/a,19|0|0|0|0,1.0000,0,0,
0001000110100000011100001100111001111010,40,monotone-growth,1869,18,500429,500429,1.0000,1,0,0,,0,0,0,,,n/a,18|200077|0|0|0,1.0000,0,0,
0001000110100000011100001110000111110110,40,opaque,20000,17,61427,61721,0.0100,0,0,0,,0,0,0,,,linear(r2=1.000),17|3417|15727|30657|61427,1.0000,0,0,
0001000110100000011100001110011001111010,40,blowup,209,18,129730,129730,0.7368,1,0,0,,0,0,0,,,n/a,18|0|0|0|0,1.0000,0,0,step-alloc-cap
0001000110100000011100001110010111101010,40,blowup,44,18,27991,27991,0.8182,1,0,0,,0,0,0,,,n/a,18|0|0|0|0,1.0000,0,0,step-alloc-cap
0001000110100000011100001011011001111010,40,opaque,20000,18,83312,83399,0.0375,0,0,0,,0,0,0,,,linear(r2=1.000),18|4537|21387|42252|83312,1.0000,0,0,
0001000110100000011100001011101001111010,40,opaque,20000,18,88424,88478,0.0384,0,0,0,,0,0,0,,,linear(r2=1.000),18|5082|23384|45216|88424,1.0000,0,0,
0001000110100000011100001011100111101010,40,monotone-growth,1759,18,500191,500191,1.0000,1,0,0,,0,0,0,,,n/a,18|216128|0|0|0,1.0000,0,0,
0001000110100000011100101011100010110110,40,blowup,3525,18,1141621,1141621,0.0031,1,0,0,,0,0,0,,,linear(r2=0.786),18|124163|0|0|0,1.0000,0,0,
0001000110100000010110100101110110011010,40,monotone-growth,34,19,786457,786457,1.0000,1,0,0,,0,0,0,,,n/a,19|0|0|0|0,1.0000,0,0,
0001000110100000010110100101011101011010,40,monotone-growth,50,19,858979,858979,0.9800,1,0,0,,0,0,0,,,n/a,19|0|0|0|0,1.0000,0,0,
0001000110100000010110011010010111010110,40,monotone-growth,72,19,654559,654559,0.9861,1,0,0,,0,0,0,,,n/a,19|0|0|0|0,1.0000,0,0,
0001000110100000010111001011010001110110,40,blowup,76,18,70100,70100,0.5263,1,0,0,,0,0,0,,,n/a,18|0|0|0|0,1.0000,0,0,step-alloc-cap
0001000110100000010110010111011001101010,40,monotone-growth,34,19,786457,786457,1.0000,1,0,0,,0,0,0,,,n/a,19|0|0|0|0,1.0000,0,0,
0001000110100000010111000011100111101010,40,opaque,20000,18,41729,42020,0.0100,0,0,0,,0,0,0,,,linear(r2=1.000),18|2474|10879|20930|41729,1.0000,0,0,
0001000110100000010101101001011101011010,40,monotone-growth,51,19,523858,523858,0.9804,1,0,0,,0,0,0,,,n/a,19|0|0|0|0,1.0000,0,0,
0001000110100000010101110001110011101010,40,blowup,87,18,50896,50896,0.3563,1,0,0,,0,0,0,,,n/a,18|0|0|0|0,1.0000,0,0,step-alloc-cap
0001000110100001100000000111001111101110,40,opaque,20000,17,81327,81621,0.0100,0,0,0,,0,0,0,,,linear(r2=1.000),17|4407|20677|40527|81327,1.0000,0,0,
0001000110100001100000011001110011110110,40,blowup,7354,18,500036,500036,0.5159,1,0,0,,0,0,0,,,linear(r2=0.989),18|38962|302184|0|0,1.0000,0,0,
0001000110100001100000011001011110110110,40,blowup,5189,18,500063,500063,0.5188,1,0,0,,0,0,0,,,linear(r2=0.991),18|63846|475053|0|0,1.0000,0,0,
0001000110100001100000011100110011110110,40,monotone-growth,1714,18,500159,500159,1.0000,1,0,0,,0,0,0,,,n/a,18|226479|0|0|0,1.0000,0,0,
0001000110100001100000010110110011110110,40,opaque,20000,18,108418,108472,0.0384,0,0,0,,0,0,0,,,linear(r2=1.000),18|6069|28384|55198|108418,1.0000,0,0,
0001000110100001100000010111010011110110,40,blowup,4778,18,500068,500068,0.3416,1,0,0,,0,0,0,,,linear(r2=0.973),18|50290|0|0|0,1.0000,0,0,
0001000110100001100000010110011110110110,40,monotone-growth,1612,18,500226,500226,1.0000,1,0,0,,0,0,0,,,n/a,18|245858|0|0|0,1.0000,0,0,
0001000110100001100001110011100111000110,40,blowup,189,18,501018,501018,0.5238,1,0,0,,0,0,0,,,n/a,18|0|0|0|0,1.0000,0,0,
0001000110100001100001000001101100111010,40,opaque,20000,19,31834,32185,0.0072,0,0,0,,0,0,0,,,linear(r2=0.999),19|1879|8248|15781|31834,1.0000,0,0,
0001000110100001100001000110001100111010,40,blowup,2237,19,500051,500051,0.5110,1,0,0,,0,0,0,,,linear(r2=0.975),19|152839|0|0|0,1.0000,0,0,
0001000110100001100001011000111100111010,40,opaque,20000,18,20084,20180,0.0239,0,0,0,,0,0,0,,,linear(r2=1.000),18|1102|5058|9942|20084,1.0000,0,0,
0001000110100001100001011000001100111010,40,opaque,20000,19,5030,6374,0.2036,0,0,0,,0,0,0,,,linear(r2=0.959),19|741|2256|2852|5030,1.0000,0,0,
0001000110100001100001011110011101000110,40,monotone-growth,1612,18,500226,500226,1.0000,1,0,0,,0,0,0,,,n/a,18|245858|0|0|0,1.0000,0,0,
0001000110100001100001010110001000111010,40,opaque,20000,19,341,698,0.4986,0,0,0,,0,0,0,,,linear(r2=0.323),19|241|373|623|341,1.0000,0,0,
0001000110100001100110000001110011000110,40,blowup,370,19,569378,569378,0.3973,1,0,0,,0,0,0,,,n/a,19|0|0|0|0,1.0000,0,0,
0001000110100001100110000001111001111010,40,blowup,362,18,506779,506779,0.5083,1,0,0,,0,0,0,,,n/a,18|0|0|0|0,1.0000,0,0,
0001000110100001100110010110000110001010,40,opaque,20000,20,218973,225300,0.0919,0,0,0,,0,0,0,,,linear(r2=0.932),20|13593|54201|109107|218973,1.0000,0,0,
0001000110100001100100011000110010011010,40,opaque,20000,19,89644,215004,0.4004,0,0,0,,0,0,0,,,linear(r2=0.568),19|7447|22156|44644|89644,1.0000,0,0,
0001000110100001110011000000110011110110,40,opaque,20000,18,61629,61923,0.0100,0,0,0,,0,0,0,,,linear(r2=1.000),18|3464|15829|30800|61629,1.0000,0,0,
0001000110100001011011001100001100111010,40,blowup,3482,19,500345,500345,0.6623,1,0,0,,0,0,0,,,linear(r2=0.972),19|80128|0|0|0,1.0000,0,0,
0001000110100001011011001100001011101010,40,blowup,4380,19,500009,500009,0.4952,1,0,0,,0,0,0,,,linear(r2=0.973),19|57939|0|0|0,1.0000,0,0,
0001000110100001000110100001100110001110,40,blowup,2276,19,590485,590485,0.5584,1,0,0,,0,0,0,,,linear(r2=0.964),19|40145|0|0|0,1.0000,0,0,
0001000110100001000110100101100000001010,40,opaque,20000,20,72690,81920,0.1260,0,0,0,,0,0,0,,,linear(r2=0.707),20|5050|18065|36274|72690,1.0000,0,0,
0001000110100001000110100101100110001010,40,opaque,20000,20,4152,5376,0.1255,0,0,0,,0,0,0,,,linear(r2=0.669),20|912|708|4551|4152,1.0000,0,0,
0001000110100001011000100101100011000110,40,blowup,3548,19,523220,523220,0.2500,1,0,0,,0,0,0,,,linear(r2=0.967),19|36730|0|0|0,1.0000,0,0,
0001000110100001011000110000101101100010,40,opaque,20000,19,950,2574,0.0071,0,0,0,,0,0,0,,,linear(r2=0.569),19|398|800|938|950,1.0000,0,0,
0001000110100001011000110010110001000110,40,opaque,20000,19,227233,266084,0.2507,0,0,0,,0,0,0,,,linear(r2=0.903),19|15165|56537|113458|227233,1.0000,0,0,
0001000110100001000101101010010110001010,40,opaque,20000,20,59208,73665,0.0919,0,0,0,,0,0,0,,,linear(r2=0.801),20|3963|14658|29508|59208,1.0000,0,0,
0001000110100001011000001110011000001110,40,opaque,20000,18,84362,184322,0.3338,0,0,0,,0,0,0,,,linear(r2=0.745),18|6602|20966|42122|84362,1.0000,0,0,
0001000110100001010110001010010110001010,40,opaque,20000,20,58974,73722,0.0006,0,0,0,,0,0,0,,,linear(r2=0.763),20|4212|14631|29406|58974,1.0000,0,0,
0001000110100001000111001011011101000110,40,blowup,1006,18,8704,8704,0.5089,1,0,0,,0,0,0,,,n/a,18|4445|0|0|0,1.0000,0,0,step-alloc-cap
0001000110100001000111001011000101000110,40,opaque,20000,19,216203,243180,0.5006,0,0,0,,0,0,0,,,linear(r2=0.787),19|4966|53968|108034|216203,1.0000,0,0,
0001000110100001000101101110011101000110,40,blowup,1014,18,7174,7174,0.5049,1,0,0,,0,0,0,,,n/a,18|3752|0|0|0,1.0000,0,0,step-alloc-cap
0001000110100001000101100010011101000110,40,opaque,20000,19,170713,192004,0.5003,0,0,0,,0,0,0,,,linear(r2=0.787),19|4020|42679|85365|170713,1.0000,0,0,
0001000110100001011000000110011110110110,40,opaque,20000,18,60424,60724,0.0100,0,0,0,,0,0,0,,,linear(r2=1.000),18|3189|15224|29949|60424,1.0000,0,0,
0001000110100001011000011001100000111010,40,opaque,20000,19,90631,98311,0.3362,0,0,0,,0,0,0,,,linear(r2=0.766),19|3120|22844|45383|90631,1.0000,0,0,
0001000110100001011100110000001111011010,40,opaque,20000,18,103629,103923,0.0100,0,0,0,,0,0,0,,,linear(r2=1.000),18|5939|26829|52091|103629,1.0000,0,0,
0001000110100001011100110000110011101010,40,monotone-growth,2293,19,500225,500225,1.0000,1,0,0,,0,0,0,,,linear(r2=0.977),19|150655|0|0|0,1.0000,0,0,
0001000110100001011100110000101110101010,40,monotone-growth,2150,19,500201,500201,1.0000,1,0,0,,0,0,0,,,linear(r2=0.976),19|163159|0|0|0,1.0000,0,0,
0001000110100001010001101001011000101010,40,opaque,20000,20,107232,110538,0.1121,0,0,0,,0,0,0,,,linear(r2=0.689),20|2469|26676|53520|107232,1.0000,0,0,
0001000110100100011000110000110011000110,40,opaque,20000,19,62851,107520,0.6004,0,0,0,,0,0,0,,,linear(r2=0.700),19|4677|15750|31408|62851,1.0000,0,0,
0100000111000111000010101101000011011010,40,opaque,20000,18,31971,32745,0.0071,0,0,0,,0,0,0,,,linear(r2=0.999),18|2207|8966|16789|31971,1.0000,1,0,
0001000110000111011000000101110100111010,40,monotone-growth,2161,18,500149,500149,0.9792,1,0,0,,0,0,0,,,linear(r2=0.972),18|156991|0|0|0,1.0000,0,0,
0001000110010110101000000111001011010110,40,monotone-growth,54,19,524289,524289,1.0000,1,0,0,,0,0,0,,,n/a,19|0|0|0|0,1.0000,0,0,
0001000110010110101000000111001011011010,40,monotone-growth,54,19,524289,524289,1.0000,1,0,0,,0,0,0,,,n/a,19|0|0|0|0,1.0000,0,0,
0001000110010110101000000111001011101010,40,monotone-growth,54,19,524289,524289,1.0000,1,0,0,,0,0,0,,,n/a,19|0|0|0|0,1.0000,0,0,
0001000110010110101000000101110100111010,40,monotone-growth,2136,19,500045,500045,1.0000,1,0,0,,0,0,0,,,linear(r2=0.972),19|160065|0|0|0,1.0000,0,0,
0001000101101001101000000110011100111010,40,monotone-growth,1797,19,500370,500370,1.0000,1,0,0,,0,0,0,,,n/a,19|213735|0|0|0,1.0000,0,0,
0001000101101001101000000111001100111010,40,monotone-growth,391,19,552632,552632,1.0000,1,0,0,,0,0,0,,,n/a,19|0|0|0|0,1.0000,0,0,
0001000101101001101000000111001110011010,40,monotone-growth,42,19,797349,797349,1.0000,1,0,0,,0,0,0,,,n/a,19|0|0|0|0,1.0000,0,0,
0001000101101001101000000111001011011010,40,monotone-growth,60,19,819255,819255,1.0000,1,0,0,,0,0,0,,,n/a,19|0|0|0|0,1.0000,0,0,
0001000101101001101000000101110100111010,40,monotone-growth,2133,19,500010,500010,1.0000,1,0,0,,0,0,0,,,linear(r2=0.973),19|160935|0|0|0,1.0000,0,0,
0001000101101001101000000101100111010110,40,monotone-growth,2141,19,500050,500050,1.0000,1,0,0,,0,0,0,,,linear(r2=0.976),19|164255|0|0|0,1.0000,0,0,
0001000101100110101000000110011100111010,40,monotone-growth,1945,19,500180,500180,1.0000,1,0,0,,0,0,0,,,n/a,19|185125|0|0|0,1.0000,0,0,
0001000101100110101000000111001100111010,40,monotone-growth,412,19,505479,505479,1.0000,1,0,0,,0,0,0,,,n/a,19|0|0|0|0,1.0000,0,0,
0001000101100110101000000111001110011010,40,monotone-growth,48,19,710249,710249,1.0000,1,0,0,,0,0,0,,,n/a,19|0|0|0|0,1.0000,0,0,
0001000101100110101000000111001011101010,40,monotone-growth,64,19,655575,655575,1.0000,1,0,0,,0,0,0,,,n/a,19|0|0|0|0,1.0000,0,0,
0001000101100110101000000101110100111010,40,monotone-growth,2137,19,500040,500040,1.0000,1,0,0,,0,0,0,,,linear(r2=0.972),19|159735|0|0|0,1.0000,0,0,
0001000101011010101000000110011100111010,40,monotone-growth,1961,19,500070,500070,1.0000,1,0,0,,0,0,0,,,n/a,19|183045|0|0|0,1.0000,0,0,
0001000101011010101000000111001100111010,40,monotone-growth,424,19,506575,506575,1.0000,1,0,0,,0,0,0,,,n/a,19|0|0|0|0,1.0000,0,0,
0001000101011010101000000111001110011010,40,monotone-growth,72,19,713009,713009,1.0000,1,0,0,,0,0,0,,,n/a,19|0|0|0|0,1.0000,0,0,
0001000101011010101000000111001011010110,40,monotone-growth,57,19,655360,655360,1.0000,1,0,0,,0,0,0,,,n/a,19|0|0|0|0,1.0000,0,0,
0001000101011010101000000111001011011010,40,monotone-growth,57,19,655360,655360,1.0000,1,0,0,,0,0,0,,,n/a,19|0|0|0|0,1.0000,0,0,
0001000101011010101000000111001011101010,40,monotone-growth,57,19,655360,655360,1.0000,1,0,0,,0,0,0,,,n/a,19|0|0|0|0,1.0000,0,0,
0001000101011010101000000101110100111010,40,monotone-growth,2135,19,500020,500020,1.0000,1,0,0,,0,0,0,,,linear(r2=0.972),19|160335|0|0|0,1.0000,0,0,
0001010001011001101010000001110011011010,40,opaque,20000,19,106701,106701,0.5000,0,0,0,,0,0,0,,,linear(r2=1.000),19|5357|26701|53357|106701,1.0000,0,0,
0001010001010110101010000001110011011010,40,opaque,20000,19,106693,106693,0.5000,0,0,0,,0,0,0,,,linear(r2=1.000),19|5357|26693|53357|106693,1.0000,0,0,
0001000110000111001011101101000011000110,40,opaque,20000,18,1733,3512,0.5991,0,0,0,,0,0,0,,,linear(r2=0.644),18|544|719|1411|1733,1.0000,0,0,
0001000110000101101000011011000011000110,40,opaque,20000,19,525,1296,0.0071,0,0,0,,0,0,0,,,linear(r2=0.317),19|300|585|636|525,1.0000,0,0,
0000010001011011010000001011010000110110,40,opaque,20000,19,526,1297,0.0071,0,0,0,,0,0,0,,,linear(r2=0.317),19|301|586|637|526,1.0000,0,0,
0101000001100011000100001011010000110110,40,ratchet-candidate,20000,19,524,1295,0.0071,0,0,0,0001011010000110110,1,141,64,2;4;8;14;22;32;44;58;74;92;112;134,10;13;16;19;22;25;28;31;34;37;40;43,linear(r2=0.317),19|299|584|635|524,0.0000,2,2,
0001010001101000000110010111011001101010,40,monotone-growth,35,19,524310,524310,0.9714,1,0,0,,0,0,0,,,n/a,19|0|0|0|0,1.0000,0,0,
0001010001101000000111000011100111101010,40,opaque,20000,18,41327,41618,0.0100,0,0,0,,0,0,0,,,linear(r2=1.000),18|2382|10677|20646|41327,1.0000,0,0,
0001010001101000000101101001011101011010,40,monotone-growth,55,19,573088,573088,0.9636,1,0,0,,0,0,0,,,n/a,19|0|0|0|0,1.0000,0,0,
0001010000011000110100001011010000110110,40,opaque,20000,19,525,1296,0.0071,0,0,0,,0,0,0,,,linear(r2=0.317),19|300|585|636|525,1.0000,0,0,
0100000101110011101101100000011100110110,40,opaque,20000,17,106699,106702,0.5000,0,0,0,,0,0,0,,,linear(r2=1.000),17|5355|26699|53355|106699,1.0000,1,0,
0100000101011101101101100000011100110110,40,opaque,20000,17,106691,106694,0.5000,0,0,0,,0,0,0,,,linear(r2=1.000),17|5355|26691|53355|106691,1.0000,1,0,
0101001000011010000001100101110110011010,40,monotone-growth,35,19,524310,524310,0.9714,1,0,0,,0,0,0,,,n/a,19|0|0|0|0,0.9143,2,0,
0101001000011010000001110000111001111010,40,opaque,20000,18,41327,41618,0.0100,0,0,0,,0,0,0,,,linear(r2=1.000),18|2382|10677|20646|41327,0.9999,2,0,
0101001000011010000001011010010111010110,40,monotone-growth,55,19,573088,573088,0.9636,1,0,0,,0,0,0,,,n/a,19|0|0|0|0,0.9455,2,0,
0100000111011000000110010111011001100010,40,monotone-growth,1154,18,501442,501442,0.9991,1,0,0,,0,0,0,,,n/a,18|376779|0|0|0,0.9991,1,0,
0100000111011000000111001100101110110110,40,blowup,11903,17,500034,500034,0.5002,1,0,0,,0,0,0,,,linear(r2=1.000),17|42015|210075|420015|0,0.9999,1,0,
0100000111011000000101110011011001110110,40,blowup,663,17,502014,502014,0.5023,1,0,0,,0,0,0,,,n/a,17|0|0|0|0,0.9985,1,0,
0100000111011000000101011100010110011010,40,blowup,121,18,524318,524318,0.4298,1,0,0,,0,0,0,,,n/a,18|0|0|0|0,0.9917,1,0,
0100000111011000011000011001110011000110,40,blowup,138,18,555035,555035,0.6087,1,0,0,,0,0,0,,,n/a,18|0|0|0|0,0.9928,1,0,
0100000111011000011000011001011000111010,40,blowup,1866,18,501098,501098,0.7546,1,0,0,,0,0,0,,,n/a,18|202666|0|0|0,0.9995,1,0,
0100000111011000011000010110011000111010,40,blowup,478,18,630480,630480,0.5397,1,0,0,,0,0,0,,,n/a,18|0|0|0|0,0.9979,1,0,
0100000111011000011001100000011001111010,40,blowup,1089,18,500087,500087,0.5464,1,0,0,,0,0,0,,,n/a,18|407445|0|0|0,0.9991,1,0,
0100000111011000011001100000011100110110,40,opaque,20000,18,106712,106715,0.5001,0,0,0,,0,0,0,,,linear(r2=1.000),18|5392|26712|53392|106712,1.0000,1,0,
0100000111011000011001100000011100111010,40,opaque,20000,18,44246,44259,0.3408,0,0,0,,0,0,0,,,linear(r2=0.555),18|28451|34232|37464|44246,1.0000,1,0,
0100000111011000011001100110000110001110,40,opaque,20000,18,13156,15484,0.3004,0,0,0,,0,0,0,,,linear(r2=0.736),18|3327|6464|14254|13156,1.0000,1,0,
0100000111011000011001011001011000101010,40,opaque,20000,19,368239,382316,0.1438,0,0,0,,0,0,0,,,linear(r2=0.937),19|22963|91455|183695|368239,1.0000,1,0,
0100000111011000010001101001011000001010,40,opaque,20000,19,50447,73726,0.1676,0,0,0,,0,0,0,,,linear(r2=0.745),19|3807|12519|25155|50447,1.0000,1,0,
0100000111011000010110001100101101000110,40,blowup,2002,18,639627,639627,0.2557,1,0,0,,0,0,0,,,linear(r2=0.893),18|196712|0|0|0,0.9995,1,0,
0100000111011000010001110011010011000110,40,blowup,12261,18,515804,515804,0.6679,1,0,0,,0,0,0,,,linear(r2=0.945),18|31039|148360|296989|0,0.9999,1,0,
0100000111011000010110011000110000110110,40,opaque,20000,18,623,1829,0.0072,0,0,0,,0,0,0,,,linear(r2=0.324),18|398|683|734|623,1.0000,1,0,
0100000111011000010000011100110110011010,40,opaque,20000,18,173374,173374,0.6667,0,0,0,,0,0,0,,,linear(r2=1.000),18|8695|43374|86695|173374,1.0000,1,0,
0100000111011000010000011100111010011010,40,opaque,20000,18,173374,173374,0.6667,0,0,0,,0,0,0,,,linear(r2=1.000),18|8695|43374|86695|173374,1.0000,1,0,
0100000111011000010001110010110101000110,40,blowup,2028,18,570812,570812,0.5049,1,0,0,,0,0,0,,,linear(r2=0.964),18|95308|0|0|0,0.9995,1,0,
0100000111011000010001011010011101000110,40,opaque,20000,18,159332,229375,0.5003,0,0,0,,0,0,0,,,linear(r2=0.787),18|3752|39846|79674|159332,1.0000,1,0,
0100000111011000010110011001100011000110,40,opaque,20000,18,63440,66970,0.4006,0,0,0,,0,0,0,,,linear(r2=0.935),18|7675|25249|31141|63440,1.0000,1,0,
0100000111011000010110000001110011011010,40,opaque,20000,18,106715,106715,0.5001,0,0,0,,0,0,0,,,linear(r2=1.000),18|5395|26715|53395|106715,1.0000,1,0,
0100000111011000010110000110011000111010,40,opaque,20000,18,275905,368292,0.5009,0,0,0,,0,0,0,,,linear(r2=0.843),18|18643|68747|137815|275905,1.0000,1,0,
0100000111011000010110011001100000111010,40,blowup,12240,18,552581,552581,0.3346,1,0,0,,0,0,0,,,linear(r2=0.950),18|32925|220202|440926|0,0.9999,1,0,
0100000111011000010110011001011000101010,40,opaque,20000,19,298795,312872,0.1438,0,0,0,,0,0,0,,,linear(r2=0.945),19|18751|74211|149055|298795,1.0000,1,0,
0101001000010110011010100000011100110110,40,opaque,20000,19,106701,106701,0.5000,0,0,0,,0,0,0,,,linear(r2=1.000),19|5357|26701|53357|106701,0.9997,2,0,
0101001000010101101010100000011100110110,40,head-recurrent-other,20000,19,106693,106693,0.5000,0,0,0,0000011100110110,2,4,1,4;6,15;7,linear(r2=1.000),19|5357|26693|53357|106693,0.9996,3,0,argsz15->7/statesz31->39
0100010001101100110100000011100101101010,40,blowup,49,19,1062912,1062912,0.4898,1,0,0,,0,0,0,,,n/a,19|0|0|0|0,0.8980,2,0,
0100010110001100000100001011010000110110,40,ratchet-candidate,20000,19,525,1299,0.0071,0,0,0,0001011010000110110,2,141,64,1;3;7;13;21;31;43;57;73;91;111;133,10;13;16;19;22;25;28;31;34;37;40;43,linear(r2=0.317),19|300|585|636|525,0.0000,3,3,
0100010110001100110100000011001100111010,40,head-recurrent-other,1374,19,500215,500215,0.3464,1,0,0,0000011001100111010,3,475,2,5;15,9;50,n/a,19|304677|0|0|0,0.0000,302,300,argsz9->50/statesz162->550
0100010110001100110100001011010000110110,40,ratchet-candidate,20000,19,541,1315,0.0071,0,0,0,0001011010000110110,2,141,64,1;3;7;13;21;31;43;57;73;91;111;133,10;13;16;19;22;25;28;31;34;37;40;43,linear(r2=0.318),19|316|601|652|541,0.0000,3,3,
0101001000010110101000000111001011010110,40,monotone-growth,57,19,524288,524288,0.9825,1,0,0,,0,0,0,,,n/a,19|0|0|0|0,0.9123,2,0,
0101001000010110101000000111001011011010,40,monotone-growth,57,19,524288,524288,0.9825,1,0,0,,0,0,0,,,n/a,19|0|0|0|0,0.9123,2,0,
0101001000010110101000000111001011101010,40,monotone-growth,57,19,524288,524288,0.9825,1,0,0,,0,0,0,,,n/a,19|0|0|0|0,0.9123,2,0,
0101001000010110101000000101110100111010,40,head-recurrent-other,2136,19,500009,500009,0.9995,1,0,0,00000101110100111010,2,1067,2,2;6,9;19,linear(r2=0.972),19|160029|0|0|0,0.0000,1022,1021,argsz9->19/statesz29->59
0000010001100011000010101101000011011010,40,opaque,20000,19,31972,32746,0.0071,0,0,0,,0,0,0,,,linear(r2=0.999),19|2208|8967|16790|31972,1.0000,0,0,
0100000111000011000011110011101000011010,40,opaque,20000,18,41126,41417,0.0100,0,0,0,,0,0,0,,,linear(r2=1.000),18|2336|10576|20504|41126,1.0000,1,0,
0100000001111000111100001011010000110110,40,opaque,20000,17,523,1297,0.0071,0,0,0,,0,0,0,,,linear(r2=0.317),17|298|583|634|523,1.0000,1,0,
0100000110011100011100001011010000110110,40,opaque,20000,18,524,1298,0.0071,0,0,0,,0,0,0,,,linear(r2=0.317),18|299|584|635|524,1.0000,1,0,
0100000101110001110100001011010000110110,40,opaque,20000,18,524,1298,0.0071,0,0,0,,0,0,0,,,linear(r2=0.317),18|299|584|635|524,1.0000,1,0,
0001000110010001100011010000110011000110,40,opaque,20000,19,62865,107520,0.6004,0,0,0,,0,0,0,,,linear(r2=0.700),19|4648|15702|31402|62865,1.0000,0,0,
0001000110010110011010100000011100110110,40,opaque,20000,19,106723,106726,0.5000,0,0,0,,0,0,0,,,linear(r2=1.000),19|5387|26723|53387|106723,1.0000,0,0,
0001000110010110011010100000011100111010,40,opaque,20000,19,15129,15141,0.3311,0,0,0,,0,0,0,,,linear(r2=0.994),19|2367|4953|8377|15129,1.0000,0,0,
0001000110010101101010100000011100110110,40,opaque,20000,19,106699,106702,0.5000,0,0,0,,0,0,0,,,linear(r2=1.000),19|5379|26699|53379|106699,1.0000,0,0,
0001000110010101101010100000011100111010,40,opaque,20000,19,15119,15141,0.3311,0,0,0,,0,0,0,,,linear(r2=0.994),19|2363|4951|8359|15119,1.0000,0,0,
0001000101101001100110100000011100110110,40,opaque,20000,19,106699,106702,0.5000,0,0,0,,0,0,0,,,linear(r2=1.000),19|5379|26699|53379|106699,1.0000,0,0,
0001000101101001011010100000011100110110,40,opaque,20000,19,106699,106702,0.5000,0,0,0,,0,0,0,,,linear(r2=1.000),19|5355|26699|53355|106699,1.0000,0,0,
0001000101100110100110100000011100110110,40,opaque,20000,19,106731,106734,0.5000,0,0,0,,0,0,0,,,linear(r2=1.000),19|5411|26731|53411|106731,1.0000,0,0,
0001000101100110100110100000011100111010,40,opaque,20000,19,15821,15843,0.3234,0,0,0,,0,0,0,,,linear(r2=0.994),19|2497|5261|8733|15821,1.0000,0,0,
0001000101011010100110100000011100110110,40,opaque,20000,19,106731,106734,0.5000,0,0,0,,0,0,0,,,linear(r2=1.000),19|5387|26731|53387|106731,1.0000,0,0,
0001000101011010100110100000011100111010,40,opaque,20000,19,15827,15843,0.3235,0,0,0,,0,0,0,,,linear(r2=0.994),19|2503|5259|8733|15827,1.0000,0,0,
0001000101100110011010100000011100110110,40,opaque,20000,19,106779,106782,0.5000,0,0,0,,0,0,0,,,linear(r2=1.000),19|5443|26779|53443|106779,1.0000,0,0,
0001000101100110011010100000011100111010,40,opaque,20000,19,45775,45795,0.3402,0,0,0,,0,0,0,,,linear(r2=0.538),19|30127|35761|39029|45775,1.0000,0,0,
0001000101100101101010100000011100110110,40,opaque,20000,19,106747,106750,0.5000,0,0,0,,0,0,0,,,linear(r2=1.000),19|5411|26747|53411|106747,1.0000,0,0,
0001000101100101101010100000011100111010,40,opaque,20000,19,45765,45789,0.3405,0,0,0,,0,0,0,,,linear(r2=0.543),19|29457|35715|39007|45765,1.0000,0,0,
0001000101011010011010100000011100110110,40,opaque,20000,19,106723,106726,0.5000,0,0,0,,0,0,0,,,linear(r2=1.000),19|5403|26723|53403|106723,1.0000,0,0,
0001000101011010011010100000011100111010,40,opaque,20000,19,45773,45795,0.3402,0,0,0,,0,0,0,,,linear(r2=0.539),19|30053|35759|39035|45773,1.0000,0,0,
0001000101011001101010100000011100110110,40,opaque,20000,19,106707,106707,0.5000,0,0,0,,0,0,0,,,linear(r2=1.000),19|5363|26707|53363|106707,1.0000,0,0,
0001000101011001101010100000011100111010,40,blowup,4072,19,500207,500207,0.5005,1,0,0,,0,0,0,,,linear(r2=1.000),19|127225|0|0|0,1.0000,0,0,
0001000101010110101010100000011100110110,40,opaque,20000,19,106699,106699,0.5000,0,0,0,,0,0,0,,,linear(r2=1.000),19|5363|26699|53363|106699,1.0000,0,0,
0001000101010110101010100000011100111010,40,blowup,4074,19,500207,500207,0.5005,1,0,0,,0,0,0,,,linear(r2=1.000),19|127225|0|0|0,1.0000,0,0,
0001000111001101000011000000110011110110,40,opaque,20000,18,61227,61521,0.0100,0,0,0,,0,0,0,,,linear(r2=1.000),18|3372|15627|30516|61227,1.0000,0,0,
0001000101101011000011000000110011110110,40,opaque,20000,18,61227,61518,0.0100,0,0,0,,0,0,0,,,linear(r2=1.000),18|3372|15627|30516|61227,1.0000,0,0,
0001000101101101000000110011100101101010,40,blowup,37,19,531500,531500,0.4865,1,0,0,,0,0,0,,,n/a,19|0|0|0|0,1.0000,0,0,
0001000101101101000000110010110011011010,40,opaque,20000,19,140009,140015,0.3333,0,0,0,,0,0,0,,,linear(r2=1.000),19|7019|35009|70019|140009,1.0000,0,0,
0001000101101101000000110010110011101010,40,opaque,20000,19,90029,90035,0.2500,0,0,0,,0,0,0,,,linear(r2=1.000),19|4529|22529|45029|90029,1.0000,0,0,
0001000101101101000000110010101101101010,40,opaque,20000,19,179999,180005,0.4000,0,0,0,,0,0,0,,,linear(r2=1.000),19|8999|44999|89999|179999,1.0000,0,0,
0001000101101101000000111001100101101010,40,blowup,28,19,524327,524327,0.5000,1,0,0,,0,0,0,,,n/a,19|0|0|0|0,1.0000,0,0,
0001010001100011000010110100001101100010,40,opaque,20000,19,525,1299,0.0071,0,0,0,,0,0,0,,,linear(r2=0.317),19|300|585|636|525,1.0000,0,0,
0100010001110001110100001011010000110110,40,ratchet-candidate,20000,18,524,1295,0.0071,0,0,0,0001011010000110110,1,141,64,2;4;8;14;22;32;44;58;74;92;112;134,10;13;16;19;22;25;28;31;34;37;40;43,linear(r2=0.317),18|299|584|635|524,0.0000,2,2,
0100010001011010110100000011100101101010,40,blowup,49,19,1062912,1062912,0.5102,1,0,0,,0,0,0,,,n/a,19|0|0|0|0,0.8980,2,0,
0100010001011011010100000011100101101010,40,blowup,49,19,1062912,1062912,0.5102,1,0,0,,0,0,0,,,n/a,19|0|0|0|0,0.8980,2,0,
0100010001011101010100000011100101101010,40,blowup,49,19,1062912,1062912,0.5102,1,0,0,,0,0,0,,,n/a,19|0|0|0|0,0.8980,2,0,
0100010110000110110100000011100101101010,40,ratchet-candidate,44,19,590519,590519,0.5000,1,0,0,000101010000011100101101010000001110010110101000000111001011010100101101010,1,10,10,7;11;15;19;23;27;31;35;39;43,9;29;89;269;809;2429;7289;21869;65609;196829,n/a,19|0|0|0|0,0.0000,3,1,
0100010110000111010100000011100101101010,40,blowup,49,19,1062912,1062912,0.4898,1,0,0,,0,0,0,,,n/a,19|0|0|0|0,0.8980,2,0,
0100010110011000110100000011001011101010,40,opaque,20000,19,99779,99782,0.4993,0,0,0,,0,0,0,,,linear(r2=1.000),19|4859|24811|49795|99779,0.9998,2,0,
0100010110011000110100001011010000110110,40,ratchet-candidate,20000,19,579,1350,0.0072,0,0,0,0001011010000110110,4,141,64,2;4;8;14;22;32;44;58;74;92;112;134,10;13;16;19;22;25;28;31;34;37;40;43,linear(r2=0.321),19|354|639|690|579,0.0000,5,5,
0100010110010011010100000011100101101010,40,blowup,49,19,1062912,1062912,0.4898,1,0,0,,0,0,0,,,n/a,19|0|0|0|0,0.8980,2,0,
0100010100011011010100000011100101101010,40,blowup,49,19,1062912,1062912,0.4898,1,0,0,,0,0,0,,,n/a,19|0|0|0|0,0.8980,2,0,
0100010100011101010100000011100101101010,40,blowup,49,19,1062912,1062912,0.4898,1,0,0,,0,0,0,,,n/a,19|0|0|0|0,0.8980,2,0,
0100010101100011010100000011001011101010,40,opaque,20000,19,99795,99798,0.4993,0,0,0,,0,0,0,,,linear(r2=1.000),19|4875|24827|49811|99795,0.9997,3,0,
0100010101100011010100001011010000110110,40,ratchet-candidate,20000,19,541,1315,0.0071,0,0,0,0001011010000110110,3,141,64,1;3;7;13;21;31;43;57;73;91;111;133,10;13;16;19;22;25;28;31;34;37;40;43,linear(r2=0.318),19|316|601|652|541,0.0000,4,4,
0100010101001101010100000011100101101010,40,blowup,49,19,1062912,1062912,0.4898,1,0,0,,0,0,0,,,n/a,19|0|0|0|0,0.8980,3,0,
0000010000011100011100001011010000110110,40,opaque,20000,18,524,1298,0.0071,0,0,0,,0,0,0,,,linear(r2=0.317),18|299|584|635|524,1.0000,0,0,
0000010001100110001100001011010000110110,40,opaque,20000,19,571,1342,0.0072,0,0,0,,0,0,0,,,linear(r2=0.321),19|346|631|682|571,1.0000,0,0,
0000010001011000110100001011010000110110,40,opaque,20000,19,533,1307,0.0071,0,0,0,,0,0,0,,,linear(r2=0.318),19|308|593|644|533,1.0000,0,0,
0001000001110110000001100101110110011010,40,monotone-growth,34,18,524312,524312,1.0000,1,0,0,,0,0,0,,,n/a,18|0|0|0|0,1.0000,0,0,
0001000001110110000001110000111001111010,40,opaque,20000,17,41326,41620,0.0100,0,0,0,,0,0,0,,,linear(r2=1.000),17|2381|10676|20645|41326,1.0000,0,0,
0001000001110110000001011010010111010110,40,monotone-growth,54,18,573090,573090,0.9815,1,0,0,,0,0,0,,,n/a,18|0|0|0|0,1.0000,0,0,
0001000110011010000000010111100110101110,40,blowup,120,18,525980,525980,0.6500,1,0,0,,0,0,0,,,n/a,18|0|0|0|0,1.0000,0,0,
0001000110011010000001100110000111101110,40,opaque,20000,18,4628,5387,0.6706,0,0,0,,0,0,0,,,linear(r2=0.826),18|884|1988|2925|4628,1.0000,0,0,
0001000110011010000001110000111001111010,40,blowup,305,18,81902,81902,0.3148,1,0,0,,0,0,0,,,n/a,18|0|0|0|0,1.0000,0,0,step-alloc-cap
0001000110011010000001011010010111010110,40,monotone-growth,56,19,573117,573117,0.9643,1,0,0,,0,0,0,,,n/a,19|0|0|0|0,1.0000,0,0,
0001000110011010000001011100011100110110,40,opaque,20000,18,256679,257956,0.0198,0,0,0,,0,0,0,,,linear(r2=1.000),18|12639|63379|126135|256679,1.0000,0,0,
0001000110011010000110000001111001111010,40,blowup,569,18,504567,504567,0.5536,1,0,0,,0,0,0,,,n/a,18|0|0|0|0,1.0000,0,0,
0001000101101010000001100110000111101110,40,opaque,20000,18,3721,5497,0.6630,0,0,0,,0,0,0,,,linear(r2=0.803),18|732|1565|2318|3721,1.0000,0,0,
0001000101101010000001100110011100111010,40,opaque,20000,19,74387,74405,0.3215,0,0,0,,0,0,0,,,linear(r2=1.000),19|4145|19011|37375|74387,1.0000,0,0,
0001000101101010000001100111001110011010,40,monotone-growth,18726,19,500025,500025,1.0000,1,0,0,,0,0,0,,,linear(r2=1.000),19|27645|133553|267891|0,1.0000,0,0,
0001000101101010000001100101110100111010,40,monotone-growth,1084,19,501427,501427,1.0000,1,0,0,,0,0,0,,,n/a,19|444283|0|0|0,1.0000,0,0,
0001000101101010000001100101100111011010,40,monotone-growth,120,19,630007,630007,1.0000,1,0,0,,0,0,0,,,n/a,19|0|0|0|0,1.0000,0,0,
0001000101101010000001110000111001111010,40,blowup,636,18,414906,414906,0.3082,1,0,0,,0,0,0,,,n/a,18|0|0|0|0,1.0000,0,0,step-alloc-cap
0001000101101010000001110011001100111010,40,opaque,20000,19,154583,154589,0.4753,0,0,0,,0,0,0,,,linear(r2=1.000),19|11821|41701|79531|154583,1.0000,0,0,
0001000101101010000001110011001110011010,40,monotone-growth,14757,19,500014,500014,1.0000,1,0,0,,0,0,0,,,linear(r2=1.000),19|37689|171391|338489|0,1.0000,0,0,
0001000101101010000001110011001011010110,40,monotone-growth,30,19,1446715,1446715,1.0000,1,0,0,,0,0,0,,,n/a,19|0|0|0|0,1.0000,0,0,
0001000101101010000001110011001011011010,40,monotone-growth,30,19,1446715,1446715,1.0000,1,0,0,,0,0,0,,,n/a,19|0|0|0|0,1.0000,0,0,
0001000101101010000001110011001011101010,40,monotone-growth,30,19,1446715,1446715,1.0000,1,0,0,,0,0,0,,,n/a,19|0|0|0|0,1.0000,0,0,
0001000101101010000001110011100110011010,40,monotone-growth,1423,19,500618,500618,1.0000,1,0,0,,0,0,0,,,n/a,19|365229|0|0|0,1.0000,0,0,
0001000101101010000001110011100101101010,40,monotone-growth,30,19,1446715,1446715,1.0000,1,0,0,,0,0,0,,,n/a,19|0|0|0|0,1.0000,0,0,
0001000101101010000001110010110011011010,40,monotone-growth,86,19,689671,689671,1.0000,1,0,0,,0,0,0,,,n/a,19|0|0|0|0,1.0000,0,0,
0001000101101010000001011101001100111010,40,monotone-growth,1283,19,500592,500592,1.0000,1,0,0,,0,0,0,,,n/a,19|348031|0|0|0,1.0000,0,0,
0001000101101010000001011001110100110110,40,monotone-growth,1349,19,500016,500016,1.0000,1,0,0,,0,0,0,,,n/a,19|323575|0|0|0,1.0000,0,0,
0001000101101010000001011001110100111010,40,monotone-growth,1349,19,500016,500016,1.0000,1,0,0,,0,0,0,,,n/a,19|323575|0|0|0,1.0000,0,0,
0001000101101010000001011100011100110110,40,opaque,20000,18,256594,257910,0.0198,0,0,0,,0,0,0,,,linear(r2=1.000),18|12554|63294|126050|256594,1.0000,0,0,
0001000101101010000001011100111010001110,40,opaque,20000,18,29184,29258,0.3640,0,0,0,,0,0,0,,,linear(r2=0.760),18|3974|11156|15263|29184,1.0000,0,0,
0001000101101010000001010111010011101010,40,monotone-growth,1339,19,500904,500904,1.0000,1,0,0,,0,0,0,,,n/a,19|324139|0|0|0,1.0000,0,0,
0001000101101010000001010110111000111010,40,opaque,20000,18,6705,6705,0.3334,0,0,0,,0,0,0,,,linear(r2=1.000),18|365|1705|3365|6705,1.0000,0,0,
0001000101101010000001010110001000111010,40,opaque,20000,19,6710,6710,0.3334,0,0,0,,0,0,0,,,linear(r2=1.000),19|369|1710|3369|6710,1.0000,0,0,
0001000101101010000110000001111001111010,40,blowup,573,18,504567,504567,0.5532,1,0,0,,0,0,0,,,n/a,18|0|0|0|0,1.0000,0,0,
0101000110001100001011010000110110000010,40,ratchet-candidate,20000,19,525,1299,0.0071,0,0,0,0001011010000110110,2,141,64,1;3;7;13;21;31;43;57;73;91;111;133,10;13;16;19;22;25;28;31;34;37;40;43,linear(r2=0.317),19|300|585|636|525,0.0000,3,3,
0100000101110101100000011001011000111010,40,opaque,20000,18,60015,60021,0.3333,0,0,0,,0,0,0,,,linear(r2=1.000),18|3021|15015|30021|60015,1.0000,1,0,
0000011001000110001100001011010000110110,40,opaque,20000,19,525,1299,0.0071,0,0,0,,0,0,0,,,linear(r2=0.317),19|300|585|636|525,1.0000,0,0,
0100010001101010000001100101110110011010,40,monotone-growth,35,19,524310,524310,0.9714,1,0,0,,0,0,0,,,n/a,19|0|0|0|0,0.9143,1,0,
0100010001101010000001110000111001111010,40,opaque,20000,18,41327,41618,0.0100,0,0,0,,0,0,0,,,linear(r2=1.000),18|2382|10677|20646|41327,0.9999,1,0,
0100010001101010000001011010010111010110,40,monotone-growth,55,19,573088,573088,0.9636,1,0,0,,0,0,0,,,n/a,19|0|0|0|0,0.9455,1,0,
0100010110001010000001100101110011010110,40,opaque,20000,19,202736,213344,0.0040,0,0,0,,0,0,0,,,linear(r2=0.902),19|7116|51044|101622|202736,0.9998,2,0,
0100010110001010000001110011001011011010,40,blowup,50,19,915273,915273,0.6000,1,0,0,,0,0,0,,,n/a,19|0|0|0|0,0.9000,2,0,
0100010110001010000001110011100101101010,40,monotone-growth,34,19,1446714,1446714,0.9118,1,0,0,,0,0,0,,,n/a,19|0|0|0|0,0.7647,2,0,
0100010110001010000001110010110011011010,40,head-recurrent-other,91,19,500813,500813,0.8242,1,0,0,000001110010110011011010,44,41,1,64;78,86;2,n/a,19|0|0|0|0,0.0000,58,57,argsz86->2/statesz142337->257060
0100010110001010000001011001110100111010,40,head-recurrent-other,1742,19,500669,500669,0.6670,1,0,0,000001011001110100111010,2,581,3,1;6,2;29,n/a,19|223416|0|0|0,0.0000,858,856,argsz2->29/statesz26->71
0100010110001010000001011100110011011010,40,head-recurrent-other,20000,19,1568,2024,0.0742,0,0,0,0010,28,12829,3,79;19977,8;2,exp(r2=0.115),19|1724|1583|1637|1568,0.0000,36,30,argsz8->2/statesz1691->1571
0100010110001010000001010111010011101010,40,head-recurrent-other,1365,19,500357,500357,0.9729,1,0,0,000001010111010011101010,2,664,2,1;4,2;14,n/a,19|313787|0|0|0,0.0000,1290,1289,argsz2->14/statesz26->38
0100010100101010000001100101110110011010,40,monotone-growth,35,19,524310,524310,0.9714,1,0,0,,0,0,0,,,n/a,19|0|0|0|0,0.9143,2,0,
0100010100101010000001110000111001111010,40,opaque,20000,18,41327,41618,0.0100,0,0,0,,0,0,0,,,linear(r2=1.000),18|2382|10677|20646|41327,0.9999,2,0,
0100010100101010000001011010010111010110,40,monotone-growth,55,19,573088,573088,0.9636,1,0,0,,0,0,0,,,n/a,19|0|0|0|0,0.9455,2,0,
0100010110100001100110110000001100111010,40,head-recurrent-other,3810,19,500301,500301,0.5055,1,0,0,000001100111010,5,1884,2,15;38,12;36,linear(r2=0.964),19|61889|0|0|0,0.0000,844,843,argsz12->36/statesz157->350
0100010110100001011011010000001100111010,40,head-recurrent-other,5547,19,500167,500167,0.5059,1,0,0,000001100111010,58,2741,3,317;327,7;68,linear(r2=0.972),19|38733|428913|0|0,0.0000,1075,1074,argsz7->68/statesz7135->7403
0100010110100110000110110000001100111010,40,ratchet-candidate,3829,19,500418,500418,0.4847,1,0,0,000001100111010,2,4,4,1;3;5;10,7;10;18;26,linear(r2=0.964),19|61165|0|0|0,0.0000,812,811,
0100010110100110011000110000001100111010,40,ratchet-candidate,2012,19,500382,500382,0.3529,1,0,0,000001100111010,2,4,4,1;3;5;12,7;16;24;66,linear(r2=0.947),19|145980|0|0|0,0.0000,258,256,
0001001001000110001100001011010000110110,40,opaque,20000,19,525,1296,0.0071,0,0,0,,0,0,0,,,linear(r2=0.317),19|300|585|636|525,1.0000,0,0,
0100010110000001110010110110101000011010,40,blowup,75,19,720896,720896,0.7867,1,0,0,,0,0,0,,,n/a,19|0|0|0|0,0.9333,2,0,
0100010110011000000111001101101000011010,40,head-recurrent-other,20000,19,106721,106724,0.5002,0,0,0,0000011100110110,2,6,1,5;12,20;7,linear(r2=1.000),19|5385|26721|53385|106721,0.9993,3,0,argsz20->7/statesz33->57
0100010110011000000111001110101000011010,40,head-recurrent-other,20000,19,45826,45834,0.3605,0,0,0,0000011100111010,2,5,1,5;10,20;7,linear(r2=0.713),19|26641|30889|35894|45826,0.9994,3,0,argsz20->7/statesz33->54
0100010101100000011100110110101000011010,40,head-recurrent-other,20000,19,106678,106678,0.5002,0,0,0,0000011100110110,2,4,1,4;7,12;7,linear(r2=1.000),19|5334|26678|53334|106678,0.9995,3,0,argsz12->7/statesz25->33
0100010110000001110011011010000110011010,40,opaque,20000,19,106737,106740,0.5001,0,0,0,,0,0,0,,,linear(r2=1.000),19|5417|26737|53417|106737,0.9997,2,0,
0100010110000001110011011010000101101010,40,head-recurrent-other,20000,19,106697,106700,0.5001,0,0,0,0000011100110110,2,4,1,4;6,15;7,linear(r2=1.000),19|5377|26697|53377|106697,0.9996,3,0,argsz15->7/statesz30->38
0100010110000001110011101010000110011010,40,opaque,20000,19,50879,50882,0.3964,0,0,0,,0,0,0,,,linear(r2=1.000),19|3488|13391|25887|50879,0.9997,2,0,
0100010110000001110011101010000101101010,40,head-recurrent-other,20000,19,50871,50881,0.3964,0,0,0,0000011100111010,2,4,1,4;6,15;7,linear(r2=1.000),19|3480|13397|25893|50871,0.9996,3,0,argsz15->7/statesz30->38
0001010001011011010000001110010110101010,40,blowup,50,19,1062917,1062917,0.5000,1,0,0,,0,0,0,,,n/a,19|0|0|0|0,1.0000,0,0,
0100010001011001101010100000011100110110,40,opaque,20000,19,106701,106701,0.5000,0,0,0,,0,0,0,,,linear(r2=1.000),19|5357|26701|53357|106701,0.9997,2,0,
0100010001010110101010100000011100110110,40,head-recurrent-other,20000,19,106693,106693,0.5000,0,0,0,0000011100110110,2,4,1,4;6,15;7,linear(r2=1.000),19|5357|26693|53357|106693,0.9996,3,0,argsz15->7/statesz31->39
0100010110000110011010100000011100111010,40,head-recurrent-other,20000,19,166249,166252,0.3815,0,0,0,0000011100111010,2,4,1,1;7,6;7,linear(r2=0.502),19|46527|155867|159262|166249,0.9995,2,0,argsz6->7/statesz22->61
0100010110000101101010100000011100111010,40,head-recurrent-other,798,19,503776,503776,0.5301,1,0,0,0000011100111010,2,13,2,1;26,6;7,n/a,19|0|0|0|0,0.9637,4,0,argsz6->7/statesz22->154
0100010110011000011010100000011100111010,40,head-recurrent-other,11108,19,881403,881403,0.5503,1,0,0,0000011100111010,2,25,2,1;58,12;7,linear(r2=0.991),19|56702|235756|417117|0,0.9945,4,0,argsz12->7/statesz28->411
0100010110011001001010100000011100110110,40,opaque,20000,19,102551,102551,0.3751,0,0,0,,0,0,0,,,linear(r2=1.000),19|5176|25676|51301|102551,0.9997,2,0,
0100010110010010011010100000011100110110,40,opaque,20000,19,100046,100046,0.4286,0,0,0,,0,0,0,,,linear(r2=1.000),19|5045|25038|50028|100046,0.9997,2,0,
0100010110010110100010100000011100110110,40,head-recurrent-other,20000,19,82051,82051,0.4001,0,0,0,0000011100110110,2,4,1,1;5,18;10,linear(r2=1.000),19|4151|20551|41051|82051,0.9996,3,0,argsz18->10/statesz34->45
0100010110010001101010100000011100110110,40,opaque,20000,19,82892,82892,0.5715,0,0,0,,0,0,0,,,linear(r2=1.000),19|4181|20742|41454|82892,0.9997,2,0,
0100010110010100101010100000011100110110,40,opaque,20000,19,100046,100046,0.4286,0,0,0,,0,0,0,,,linear(r2=1.000),19|5045|25038|50028|100046,0.9997,3,0,
0100010100100110011010100000011100110110,40,opaque,20000,19,106701,106701,0.5000,0,0,0,,0,0,0,,,linear(r2=1.000),19|5357|26701|53357|106701,0.9997,2,0,
0100010100100101101010100000011100110110,40,head-recurrent-other,20000,19,106693,106693,0.5000,0,0,0,0000011100110110,2,4,1,4;6,15;7,linear(r2=1.000),19|5357|26693|53357|106693,0.9996,3,0,argsz15->7/statesz31->39
0100010101101000011010100000011100110110,40,head-recurrent-other,20000,19,82887,82887,0.5715,0,0,0,0000011100110110,2,4,1,3;6,12;7,linear(r2=1.000),19|4160|20737|41448|82887,0.9996,3,0,argsz12->7/statesz28->36
0100010101101000011010100000011100111010,40,head-recurrent-other,11110,19,881403,881403,0.5503,1,0,0,0000011100111010,2,26,2,3;60,12;7,linear(r2=0.991),19|56419|235750|416973|0,0.9943,4,0,argsz12->7/statesz28->411
0100010101101001001010100000011100110110,40,head-recurrent-other,20000,19,100035,100035,0.4286,0,0,0,0000011100110110,2,4,1,3;6,18;7,linear(r2=1.000),19|5018|25027|50028|100035,0.9996,3,0,argsz18->7/statesz34->42
0100010100011010011010100000011100110110,40,head-recurrent-other,20000,19,106725,106725,0.5001,0,0,0,0000011100110110,2,6,1,4;10,23;7,linear(r2=1.000),19|5405|26725|53405|106725,0.9994,3,0,argsz23->7/statesz39->63
0100010100011010011010100000011100111010,40,head-recurrent-other,20000,19,45769,45794,0.3402,0,0,0,0000011100111010,2,5,1,4;8,23;7,linear(r2=0.539),19|30049|35755|39029|45769,0.9995,3,0,argsz23->7/statesz39->63
0100010101001010011010100000011100110110,40,opaque,20000,19,106701,106701,0.5000,0,0,0,,0,0,0,,,linear(r2=1.000),19|5357|26701|53357|106701,0.9997,3,0,
0100010101100110100010100000011100110110,40,head-recurrent-other,20000,19,106726,106726,0.5000,0,0,0,0000011100110110,3,7,1,1;8,15;7,linear(r2=1.000),19|5390|26726|53390|106726,0.9993,3,0,argsz15->7/statesz34->58
0100010101011010100010100000011100110110,40,head-recurrent-other,20000,19,106702,106702,0.5000,0,0,0,0000011100110110,3,8,1,3;10,15;7,linear(r2=1.000),19|5382|26702|53382|106702,0.9992,4,0,argsz15->7/statesz34->58
0100010100011001101010100000011100110110,40,opaque,20000,19,106701,106701,0.5001,0,0,0,,0,0,0,,,linear(r2=1.000),19|5357|26701|53357|106701,0.9997,2,0,
0100010100010110101010100000011100110110,40,head-recurrent-other,20000,19,106693,106693,0.5001,0,0,0,0000011100110110,2,4,1,4;6,15;7,linear(r2=1.000),19|5357|26693|53357|106693,0.9996,3,0,argsz15->7/statesz31->39
0100010101100001101010100000011100111010,40,head-recurrent-other,20000,19,42472,42492,0.3570,0,0,0,0000011100111010,2,6,1,7;12,20;7,linear(r2=0.575),19|25700|32528|35812|42472,0.9993,3,0,argsz20->7/statesz36->57
0100010101100100101010100000011100110110,40,head-recurrent-other,20000,19,102543,102543,0.3751,0,0,0,0000011100110110,2,4,1,4;6,18;10,linear(r2=1.000),19|5168|25668|51293|102543,0.9995,3,0,argsz18->10/statesz34->45
0100010101001001101010100000011100110110,40,head-recurrent-other,20000,19,106693,106693,0.5000,0,0,0,0000011100110110,2,4,1,4;6,15;7,linear(r2=1.000),19|5357|26693|53357|106693,0.9996,3,0,argsz15->7/statesz31->39
0100010101011010001010100000011100110110,40,head-recurrent-other,20000,19,102510,102513,0.3751,0,0,0,0000011100110110,2,5,1,6;8,18;10,linear(r2=1.000),19|5135|25635|51260|102510,0.9994,4,0,argsz18->10/statesz34->45
0100010101000110101010100000011100110110,40,head-recurrent-other,20000,19,106693,106693,0.5001,0,0,0,0000011100110110,2,4,1,4;6,15;7,linear(r2=1.000),19|5357|26693|53357|106693,0.9996,3,0,argsz15->7/statesz31->39
0100010101010010101010100000011100110110,40,head-recurrent-other,20000,19,106693,106693,0.5000,0,0,0,0000011100110110,2,4,1,4;6,15;7,linear(r2=1.000),19|5357|26693|53357|106693,0.9996,4,0,argsz15->7/statesz31->39
0100010001011010101000000111001011010110,40,monotone-growth,57,19,524288,524288,0.9825,1,0,0,,0,0,0,,,n/a,19|0|0|0|0,0.9123,2,0,
0100010001011010101000000111001011011010,40,monotone-growth,57,19,524288,524288,0.9825,1,0,0,,0,0,0,,,n/a,19|0|0|0|0,0.9123,2,0,
0100010001011010101000000111001011101010,40,monotone-growth,57,19,524288,524288,0.9825,1,0,0,,0,0,0,,,n/a,19|0|0|0|0,0.9123,2,0,
0100010001011010101000000101110100111010,40,head-recurrent-other,2136,19,500009,500009,0.9995,1,0,0,00000101110100111010,2,1067,2,2;6,9;19,linear(r2=0.972),19|160029|0|0|0,0.0000,1022,1021,argsz9->19/statesz29->59
0100010110000110101000000110011100111010,40,monotone-growth,1873,19,500169,500169,0.9995,1,0,0,,0,0,0,,,n/a,19|195014|0|0|0,0.9979,2,0,
0100010110000110101000000111001100111010,40,head-recurrent-other,442,19,507734,507734,0.9977,1,0,0,00000111001100111010,2,4,2,1;7,4;9,n/a,19|0|0|0|0,0.9774,2,0,argsz4->9/statesz24->84
0100010110000110101000000111001110011010,40,ratchet-candidate,45,19,587099,587099,0.9778,1,0,0,000101000001110011100110100101000001110011100110100000011100111001101001000001110011100110100000011100111001101001010000011100111001101001010000011100111001101000000111001110011010010000011100111001101000000111001110011010011010,1,7,7,8;14;20;26;32;38;44,24;239;1099;4539;18299;73339;293499,n/a,19|0|0|0|0,0.0000,3,1,
0100010110000110101000000111001011101010,40,ratchet-candidate,61,19,901119,901119,0.9836,1,0,0,00010101000001110010111010100000011100101110101000000111001011101010010101010000011100101110101000000111001011101010000001110010111010101010,1,14,14,8;12;16;20;24;28;32;36;40;44;48;52,24;79;189;409;849;1729;3489;7009;14049;28129;56289;112609,n/a,19|0|0|0|0,0.0000,3,1,
0100010110000110101000000101110100111010,40,head-recurrent-other,2216,19,500039,500039,0.9995,1,0,0,00000101110100111010,2,1085,2,1;6,4;14,linear(r2=0.970),19|149399|0|0|0,0.0000,1039,1039,argsz4->14/statesz24->49
0100010110011000101000000110011100111010,40,blowup,2696,19,500980,500980,0.5011,1,0,0,,0,0,0,,,linear(r2=0.978),19|118652|0|0|0,0.9985,2,0,
0100010110011000101000000111001100111010,40,head-recurrent-other,644,19,500844,500844,0.6475,1,0,0,00000111001100111010,2,6,2,1;11,12;12,n/a,19|0|0|0|0,0.9767,3,0,argsz12->12/statesz32->117
0100010110011000101000000111001110011010,40,ratchet-candidate,51,19,652635,652635,0.8824,1,0,0,000101000001110011100110100101000001110011100110100000011100111001101001000001110011100110100000011100111001101001010000011100111001101001010000011100111001101000000111001110011010010000011100111001101000000111001110011010011010,1,7,7,14;20;26;32;38;44;50,32;271;1227;5051;20347;81531;326267,n/a,19|0|0|0|0,0.0000,3,1,
0100010110011000101000000111001011101010,40,ratchet-candidate,63,19,516095,516095,0.9048,1,0,0,00010101000001110010111010100000011100101110101000000111001011101010010101010000011100101110101000000111001011101010000001110010111010101010,1,13,13,14;18;22;26;30;34;38;42;46;50;54;58,32;95;221;473;977;1985;4001;8033;16097;32225;64481;128993,n/a,19|0|0|0|0,0.0000,4,1,
0100010110011000101000000101110100111010,40,head-recurrent-other,2798,19,500204,500204,0.6619,1,0,0,00000101110100111010,3,947,3,3;17,2;35,linear(r2=0.970),19|104630|0|0|0,0.0000,864,863,argsz2->35/statesz45->153
0100010110010010101000000111001011010110,40,blowup,69,19,589826,589826,0.8116,1,0,0,,0,0,0,,,n/a,19|0|0|0|0,0.9275,2,0,
0100010110010010101000000111001011011010,40,blowup,70,19,573440,573440,0.8000,1,0,0,,0,0,0,,,n/a,19|0|0|0|0,0.9286,2,0,
0100010110010010101000000111001011101010,40,monotone-growth,58,19,548864,548864,0.9655,1,0,0,,0,0,0,,,n/a,19|0|0|0|0,0.9138,2,0,
0100010110010010101000000101110100111010,40,head-recurrent-other,2162,19,500147,500147,0.9792,1,0,0,00000101110100111010,2,1058,2,1;6,12;22,linear(r2=0.972),19|156671|0|0|0,0.0000,1013,1012,argsz12->22/statesz32->65
0100010100100110101000000111001011010110,40,monotone-growth,57,19,524288,524288,0.9825,1,0,0,,0,0,0,,,n/a,19|0|0|0|0,0.9123,2,0,
0100010100100110101000000111001011011010,40,monotone-growth,57,19,524288,524288,0.9825,1,0,0,,0,0,0,,,n/a,19|0|0|0|0,0.9123,2,0,
0100010100100110101000000111001011101010,40,monotone-growth,57,19,524288,524288,0.9825,1,0,0,,0,0,0,,,n/a,19|0|0|0|0,0.9123,2,0,
0100010100100110101000000101110100111010,40,head-recurrent-other,2136,19,500009,500009,0.9995,1,0,0,00000101110100111010,2,1067,2,2;6,9;19,linear(r2=0.972),19|160029|0|0|0,0.0000,1022,1021,argsz9->19/statesz29->59
0100010101101000101000000110011100111010,40,blowup,2699,19,500980,500980,0.5009,1,0,0,,0,0,0,,,linear(r2=0.977),19|117509|0|0|0,0.9974,3,0,
0100010101101000101000000111001100111010,40,head-recurrent-other,660,19,515498,515498,0.6091,1,0,0,00000111001100111010,2,7,2,3;15,15;12,n/a,19|0|0|0|0,0.9712,3,0,argsz15->12/statesz35->126
0100010101101000101000000111001110011010,40,ratchet-candidate,57,19,677211,677211,0.8421,1,0,0,000101000001110011100110100101000001110011100110100000011100111001101001000001110011100110100000011100111001101001010000011100111001101001010000011100111001101000000111001110011010010000011100111001101000000111001110011010011010,1,7,7,20;26;32;38;44;50;56,35;283;1275;5243;21115;84603;338555,n/a,19|0|0|0|0,0.0000,3,1,
0100010101101000101000000111001011010110,40,blowup,84,19,655364,655364,0.6786,1,0,0,,0,0,0,,,n/a,19|0|0|0|0,0.9048,3,0,
0100010100011010101000000111001011010110,40,monotone-growth,57,19,524288,524288,1.0000,1,0,0,,0,0,0,,,n/a,19|0|0|0|0,0.9123,2,0,
0100010100011010101000000111001011011010,40,monotone-growth,57,19,524288,524288,1.0000,1,0,0,,0,0,0,,,n/a,19|0|0|0|0,0.9123,2,0,
0100010100011010101000000111001011101010,40,monotone-growth,57,19,524288,524288,1.0000,1,0,0,,0,0,0,,,n/a,19|0|0|0|0,0.9123,2,0,
0100010100011010101000000101110100111010,40,head-recurrent-other,2136,19,500009,500009,1.0000,1,0,0,00000101110100111010,2,1067,2,2;6,9;19,linear(r2=0.972),19|160029|0|0|0,0.0000,1022,1021,argsz9->19/statesz29->59
0100010101100010101000000111001011010110,40,head-recurrent-other,87,19,655364,655364,0.6667,1,0,0,00000111001011010110,3,4,1,1;4,2;9,n/a,19|0|0|0|0,0.8736,3,0,argsz2->9/statesz32->32
0100010101100010101000000111001011101010,40,monotone-growth,60,19,524288,524288,0.9500,1,0,0,,0,0,0,,,n/a,19|0|0|0|0,0.8667,3,0,
0100010101100010101000000101110100111010,40,head-recurrent-other,2165,19,500147,500147,0.9783,1,0,0,00000101110100111010,3,1059,2,1;14,2;32,linear(r2=0.972),19|156087|0|0|0,0.0000,1013,1012,argsz2->32/statesz32->141
0100010101001010101000000111001011010110,40,monotone-growth,57,19,524288,524288,0.9825,1,0,0,,0,0,0,,,n/a,19|0|0|0|0,0.9123,3,0,
0100010101001010101000000111001011011010,40,monotone-growth,57,19,524288,524288,0.9825,1,0,0,,0,0,0,,,n/a,19|0|0|0|0,0.9123,3,0,
0100010101001010101000000111001011101010,40,monotone-growth,57,19,524288,524288,0.9825,1,0,0,,0,0,0,,,n/a,19|0|0|0|0,0.9123,3,0,
0100010101001010101000000101110100111010,40,head-recurrent-other,2136,19,500009,500009,0.9995,1,0,0,00000101110100111010,2,1067,2,2;6,9;19,linear(r2=0.972),19|160029|0|0|0,0.0000,1022,1021,argsz9->19/statesz29->59
0100010001101001100110100000011100110110,40,opaque,20000,19,106757,106757,0.5001,0,0,0,,0,0,0,,,linear(r2=1.000),19|5437|26757|53437|106757,0.9997,2,0,
0100010001101001100110100000011100111010,40,opaque,20000,19,19315,19318,0.3241,0,0,0,,0,0,0,,,linear(r2=0.954),19|5977|8701|12229|19315,0.9997,2,0,
0100010001101001011010100000011100110110,40,head-recurrent-other,20000,19,106749,106749,0.5001,0,0,0,0000011100110110,2,4,1,4;6,15;7,linear(r2=1.000),19|5413|26749|53413|106749,0.9996,3,0,argsz15->7/statesz47->55
0100010001101001011010100000011100111010,40,head-recurrent-other,20000,19,18693,18708,0.3324,0,0,0,0000011100111010,2,4,1,4;6,15;7,linear(r2=0.951),19|5831|8571|11841|18693,0.9996,3,0,argsz15->7/statesz47->55
0101000110100000011100101101101000011010,40,blowup,74,19,720896,720896,0.7973,1,0,0,,0,0,0,,,n/a,19|0|0|0|0,0.9459,2,0,
0100010010010110101000000111001011010110,40,monotone-growth,57,19,524288,524288,0.9825,1,0,0,,0,0,0,,,n/a,19|0|0|0|0,0.9123,2,0,
0100010010010110101000000111001011011010,40,monotone-growth,57,19,524288,524288,0.9825,1,0,0,,0,0,0,,,n/a,19|0|0|0|0,0.9123,2,0,
0100010010010110101000000111001011101010,40,monotone-growth,57,19,524288,524288,0.9825,1,0,0,,0,0,0,,,n/a,19|0|0|0|0,0.9123,2,0,
0100010010010110101000000101110100111010,40,head-recurrent-other,2136,19,500009,500009,0.9995,1,0,0,00000101110100111010,2,1067,2,2;6,9;19,linear(r2=0.972),19|160029|0|0|0,0.0000,1022,1021,argsz9->19/statesz29->59
0101000110100000011001011100110101100010,40,opaque,20000,19,169923,180546,0.0039,0,0,0,,0,0,0,,,linear(r2=0.904),19|6047|42807|85193|169923,0.9997,2,0,
0101000110100000011100001110011110100010,40,opaque,20000,18,40521,40818,0.0100,0,0,0,,0,0,0,,,linear(r2=1.000),18|2196|10271|20076|40521,0.9998,2,0,
0101000110100000010111000111001101100010,40,opaque,20000,18,254660,256067,0.0196,0,0,0,,0,0,0,,,linear(r2=1.000),18|12015|62260|124697|254660,0.9997,2,0,
0001000110011000110000001000110100111010,40,blowup,3559,19,500215,500215,0.2532,1,0,0,,0,0,0,,,linear(r2=0.966),19|71139|0|0|0,1.0000,0,0,
0001000101100011010000001011010000110110,40,opaque,20000,19,525,1296,0.0071,0,0,0,,0,0,0,,,linear(r2=0.317),19|300|585|636|525,1.0000,0,0,
0100011000011011000011000000110011110110,40,opaque,20000,18,61239,61521,0.0101,0,0,0,,0,0,0,,,linear(r2=1.000),18|3384|15639|30528|61239,0.9998,1,0,
0100011000011101000011000000110011110110,40,opaque,20000,18,60621,60918,0.0100,0,0,0,,0,0,0,,,linear(r2=1.000),18|3231|15321|30087|60621,0.9998,1,0,
0100011001100011000000101110001110011010,40,blowup,162,18,851970,851970,0.3457,1,0,0,,0,0,0,,,n/a,18|0|0|0|0,0.9877,1,0,
0100011001100011000011000000110011110110,40,opaque,20000,18,60030,60333,0.0198,0,0,0,,0,0,0,,,linear(r2=1.000),18|3105|15030|29673|60030,0.9997,2,0,
0100011001100011000010101101000011011010,40,head-recurrent-other,20000,19,32051,32822,0.0072,0,0,0,0001100000010101101000011011010,26,278,1,461;462,15;12,linear(r2=0.999),19|2287|9046|16869|32051,0.0000,146,146,argsz15->12/statesz1088->1085
0100011001001101000011000000110011110110,40,opaque,20000,18,60639,60936,0.0100,0,0,0,,0,0,0,,,linear(r2=1.000),18|3249|15339|30105|60639,0.9998,2,0,
0100010010010110011010100000011100110110,40,opaque,20000,19,106701,106701,0.5000,0,0,0,,0,0,0,,,linear(r2=1.000),19|5357|26701|53357|106701,0.9997,2,0,
0100010010010101101010100000011100110110,40,head-recurrent-other,20000,19,106693,106693,0.5000,0,0,0,0000011100110110,2,4,1,4;6,15;7,linear(r2=1.000),19|5357|26693|53357|106693,0.9996,3,0,argsz15->7/statesz31->39
0101000110011001101000000111001101100010,40,head-recurrent-other,20000,19,106760,106760,0.5000,0,0,0,0000011100110110,2,4,1,1;5,23;7,linear(r2=1.000),19|5416|26760|53416|106760,0.9996,2,0,argsz23->7/statesz34->58
0101000110010110101000000111001101100010,40,head-recurrent-other,20000,19,106728,106728,0.5000,0,0,0,0000011100110110,2,5,1,1;7,23;7,linear(r2=1.000),19|5408|26728|53408|106728,0.9995,3,0,argsz23->7/statesz34->58
0101000101101001101000000111001101100010,40,head-recurrent-other,20000,19,106728,106728,0.5000,0,0,0,0000011100110110,2,6,1,3;9,23;7,linear(r2=1.000),19|5384|26728|53384|106728,0.9994,3,0,argsz23->7/statesz34->58
0101000101100110101000000111001101100010,40,ratchet-candidate,20000,19,106701,106701,0.5000,0,0,0,0001010100000111001101100100000111001101100000011100110110000001110011011001100101000001110011011001000001110011011000000111001101100000011100110110,1,3333,64,6;12;18;24;30;36;42;48;54;60;66;72,2;34;66;98;130;162;194;226;258;290;322;354,linear(r2=1.000),19|5357|26701|53357|106701,0.0000,3,2,
0101000101011010101000000111001101100010,40,ratchet-candidate,20000,19,106693,106693,0.5000,0,0,0,0001010100000111001101100100000111001101100000011100110110000001110011011001100101000001110011011001000001110011011000000111001101100000011100110110,1,3333,64,8;14;20;26;32;38;44;50;56;62;68;74,2;34;66;98;130;162;194;226;258;290;322;354,linear(r2=1.000),19|5357|26693|53357|106693,0.0000,4,1,
0001000100011000110000101101000011011010,40,opaque,20000,19,525,1296,0.0071,0,0,0,,0,0,0,,,linear(r2=0.317),19|300|585|636|525,1.0000,0,0,
0100010001100110100110100000011100110110,40,opaque,20000,19,106757,106757,0.5001,0,0,0,,0,0,0,,,linear(r2=1.000),19|5421|26757|53421|106757,0.9998,2,0,
0100010001100110100110100000011100111010,40,opaque,20000,19,15817,15842,0.3234,0,0,0,,0,0,0,,,linear(r2=0.994),19|2493|5257|8729|15817,0.9998,2,0,
0100010001011010100110100000011100110110,40,head-recurrent-other,20000,19,106725,106725,0.5001,0,0,0,0000011100110110,2,6,1,4;10,23;7,linear(r2=1.000),19|5381|26725|53381|106725,0.9994,3,0,argsz23->7/statesz47->71
0100010001011010100110100000011100111010,40,head-recurrent-other,20000,19,97399,97414,0.3423,0,0,0,0000011100111010,2,5,1,4;8,23;7,linear(r2=0.409),19|46805|86745|90305|97399,0.9995,3,0,argsz23->7/statesz47->71
0100010110000110100110100000011100110110,40,head-recurrent-other,20000,19,106672,106672,0.5002,0,0,0,0000011100110110,2,5,2,1;9,4;7,linear(r2=1.000),19|5352|26672|53352|106672,0.9994,3,0,argsz4->7/statesz28->49
0100010110000110100110100000011100111010,40,head-recurrent-other,20000,19,429423,429442,0.4106,0,0,0,0000011100111010,2,6,1,1;11,4;7,linear(r2=0.727),19|67504|270156|422392|429423,0.9993,3,0,argsz4->7/statesz28->76
0100000111001110110000001110011001110110,40,opaque,20000,17,400113,400116,0.5001,0,0,0,,0,0,0,,,linear(r2=1.000),17|20113|100113|200113|400113,1.0000,1,0,
0100000101110110110000001110011001110110,40,opaque,20000,17,400413,400416,0.5001,0,0,0,,0,0,0,,,linear(r2=1.000),17|20413|100413|200413|400413,1.0000,1,0,
0100000101110110110000001110011100110110,40,opaque,20000,17,316609,316612,0.6912,0,0,0,,0,0,0,,,linear(r2=1.000),17|16881|80257|159093|316609,1.0000,1,0,
0100000101110110110000001110011100111010,40,opaque,20000,17,39997,40019,0.1915,0,0,0,,0,0,0,,,linear(r2=0.997),17|4925|12277|21505|39997,1.0000,1,0,
0100000101110110110000001110010110110110,40,opaque,20000,17,300033,300036,0.5000,0,0,0,,0,0,0,,,linear(r2=1.000),17|15033|75033|150033|300033,1.0000,1,0,
0100000101110110110000001110010111010110,40,opaque,20000,17,300033,300036,0.5000,0,0,0,,0,0,0,,,linear(r2=1.000),17|15033|75033|150033|300033,1.0000,1,0,
0100000101110110110000001011010000110110,40,opaque,20000,18,525,1296,0.0071,0,0,0,,0,0,0,,,linear(r2=0.317),18|300|585|636|525,1.0000,1,0,
0100010001101001101000000110011100111010,40,head-recurrent-other,1798,19,500369,500369,1.0000,1,0,0,00000110011100111010,2,898,3,2;8,9;49,n/a,19|213529|0|0|0,0.0000,588,587,argsz9->49/statesz39->179
0100010001101001101000000111001100111010,40,monotone-growth,392,19,552631,552631,1.0000,1,0,0,,0,0,0,,,n/a,19|0|0|0|0,0.9872,2,0,
0100010001101001101000000111001110011010,40,monotone-growth,43,19,797348,797348,1.0000,1,0,0,,0,0,0,,,n/a,19|0|0|0|0,0.8837,2,0,
0100010001101001101000000111001011011010,40,monotone-growth,61,19,819254,819254,1.0000,1,0,0,,0,0,0,,,n/a,19|0|0|0|0,0.9180,2,0,
0100010001101001101000000101110100111010,40,head-recurrent-other,2134,19,500009,500009,1.0000,1,0,0,00000101110100111010,107,1066,2,240;242,9;159,linear(r2=0.973),19|160649|0|0|0,0.0000,1022,1021,argsz9->159/statesz19079->19239
0100010001101001101000000101100111010110,40,head-recurrent-other,2142,19,500049,500049,1.0000,1,0,0,00000101100111010110,185,1070,1,254;254,99;99,linear(r2=0.975),19|164099|0|0|0,0.0000,1589,1588,argsz99->99/statesz22529->22529
0100010110001001101000000110011100111010,40,head-recurrent-other,1825,19,500309,500309,0.9633,1,0,0,00000110011100111010,2,879,3,1;11,2;55,n/a,19|205556|0|0|0,0.0000,574,573,argsz2->55/statesz32->203
0100010110001001101000000111001100111010,40,monotone-growth,431,19,518772,518772,0.9072,1,0,0,,0,0,0,,,n/a,19|0|0|0|0,0.9838,2,0,
0100010110001001101000000111001110011010,40,monotone-growth,46,19,797348,797348,0.9348,1,0,0,,0,0,0,,,n/a,19|0|0|0|0,0.8261,2,0,
0100010110001001101000000101110100111010,40,head-recurrent-other,2162,19,500147,500147,0.9787,1,0,0,00000101110100111010,2,1058,2,1;6,2;22,linear(r2=0.972),19|156671|0|0|0,0.0000,1013,1012,argsz2->22/statesz32->65
0100010110001001101000000101100111010110,40,head-recurrent-other,2152,19,500282,500282,0.9847,1,0,0,00000101100111010110,177,1060,1,253;253,122;122,linear(r2=0.974),19|161146|0|0|0,0.0000,1573,1573,argsz122->122/statesz21724->21724
0100010110100011000000101011010011101010,40,ratchet-candidate,20000,19,86691,86708,0.3333,0,0,0,00000101011010011101010,2,6667,64,1;4;7;10;13;16;19;22;25;28;31;34,11;24;37;50;63;76;89;102;115;128;141;154,linear(r2=1.000),19|4365|21691|43365|86691,0.0000,3,1,
0100010110100011000000101011011000111010,40,ratchet-candidate,20000,18,13371,13376,0.6667,0,0,0,0000000101011011000111010,3,6666,64,3;6;9;12;15;18;21;24;27;30;33;36,10;11;12;13;14;15;16;17;18;19;20;21,linear(r2=0.772),18|366|3371|3366|13371,0.0000,3,1,
0100010010011010000001100101110110011010,40,monotone-growth,35,19,524310,524310,0.9714,1,0,0,,0,0,0,,,n/a,19|0|0|0|0,0.9143,1,0,
0100010010011010000001110000111001111010,40,opaque,20000,18,41327,41618,0.0100,0,0,0,,0,0,0,,,linear(r2=1.000),18|2382|10677|20646|41327,0.9999,1,0,
0100010010011010000001011010010111010110,40,monotone-growth,55,19,573088,573088,0.9636,1,0,0,,0,0,0,,,n/a,19|0|0|0|0,0.9455,1,0,
0100011000011100111000110000101101000110,40,ratchet-candidate,20000,18,2463,5862,0.3335,0,0,0,000101101000110,4,115,64,4;7;13;22;34;49;67;88;112;139;169;202,20;30;40;50;60;70;80;90;100;110;120;130,linear(r2=0.603),18|1028|1733|3188|2463,0.0000,7,6,
0100011000011100111000110000101100011010,40,head-recurrent-other,20000,18,72657,73677,0.3353,0,0,0,000101100011010,18,6706,2,347;443,161;189,linear(r2=0.999),18|4150|18550|36563|72657,0.0000,119,119,argsz161->189/statesz1860->1897
0100010110100110100000011001100110001110,40,ratchet-candidate,20000,19,376128,376128,0.3699,0,0,0,0000011001100110001110,13,319,5,18091;18135;18186;18489;19578,10;11;80;2587;4781,linear(r2=0.989),19|19946|97216|180164|376128,0.0000,29,28,
0100010110100110100000011001110011000110,40,head-recurrent-other,111,19,607901,607901,0.3964,1,0,0,0000011001110011000110,8,43,3,49;109,112;65582,n/a,19|0|0|0|0,0.0000,11,7,argsz112->65582/statesz38321->337359
0100010110100110100000011001011000110110,40,ratchet-candidate,9505,19,508965,508965,0.3846,1,0,0,0000011001011000110110,13,141,4,1628;1641;1673;1732,11;34;153;740,linear(r2=0.930),19|23680|184065|0|0,0.0000,30,10,
0100010110100110100000011001011000111010,40,head-recurrent-other,1446,19,502562,502562,0.3485,1,0,0,0000011001011000111010,29,503,3,576;1444,10;4339,n/a,19|209445|0|0|0,0.0000,46,28,argsz10->4339/statesz76214->467758
0100010110100110100000010110110000110110,40,head-recurrent-other,20000,19,960,1542,0.0100,0,0,0,0000010110110000110110,3,200,2,3;19804,10;304,linear(r2=0.702),19|300|510|945|960,0.0000,3,3,argsz10->304/statesz57->945
0100010110100110100000010110011000111010,40,ratchet-candidate,20000,19,100205,100205,0.3335,0,0,0,0000010110011000111010,5,1667,64,5;16;28;40;52;64;76;88;100;112;124;136,10;11;71;131;191;251;311;371;431;491;551;611,linear(r2=1.000),19|5103|25205|50103|100205,0.0000,9,9,
0100010110100110100001100000011001111010,40,ratchet-candidate,20000,19,120622,123344,0.6754,0,0,0,0001100000011001111010,24,11,7,536;576;613;647;678;706;731,21;32;43;54;65;76;87,linear(r2=1.000),19|6255|30981|61593|120622,0.0000,273,255,
0100010110011010011010000001110011000110,40,blowup,199,19,679939,679939,0.2663,1,0,0,,0,0,0,,,n/a,19|0|0|0|0,0.9698,2,0,
0100011000000111001101100001011001101010,40,opaque,20000,19,106701,106701,0.5000,0,0,0,,0,0,0,,,linear(r2=1.000),19|5357|26701|53357|106701,0.9997,2,0,
0100011000000111001101100001010110101010,40,head-recurrent-other,20000,19,106693,106693,0.5000,0,0,0,0000011100110110,2,4,1,4;6,15;7,linear(r2=1.000),19|5357|26693|53357|106693,0.9996,3,0,argsz15->7/statesz31->39
0100011001101000000111001100100011010110,40,opaque,20000,19,164101,164101,0.6001,0,0,0,,0,0,0,,,linear(r2=1.000),19|8301|41101|82101|164101,0.9999,1,0,
0100011001101000000111001100101110110110,40,blowup,11898,18,500078,500078,0.5002,1,0,0,,0,0,0,,,linear(r2=1.000),18|42350|210302|420350|0,0.9998,1,0,
0100011001101000000111001110011001110110,40,blowup,9249,18,500039,500039,0.5003,1,0,0,,0,0,0,,,linear(r2=1.000),18|54536|270476|0|0,0.9998,1,0,
0100011001101000000111001110011100110110,40,opaque,20000,18,495344,495347,0.5936,0,0,0,,0,0,0,,,linear(r2=1.000),18|26162|125006|248492|495344,0.9999,1,0,
0100011001101000000111001110011100111010,40,opaque,20000,18,61466,61484,0.1300,0,0,0,,0,0,0,,,linear(r2=0.999),18|5366|17132|31874|61466,0.9999,1,0,
0100011001101000000101100110001001110110,40,opaque,20000,19,2798,2944,0.2073,0,0,0,,0,0,0,,,linear(r2=0.911),19|733|1394|2041|2798,0.9999,1,0,
0100011001101000000101110011011001110110,40,blowup,668,18,502214,502214,0.5030,1,0,0,,0,0,0,,,n/a,18|0|0|0|0,0.9970,1,0,
0100011001101000000100011001110011010110,40,opaque,20000,19,346771,346774,0.3334,0,0,0,,0,0,0,,,linear(r2=1.000),19|17419|86771|173419|346771,0.9999,1,0,
0100011001101000011000000111001011010110,40,monotone-growth,59,19,524288,524288,0.9492,1,0,0,,0,0,0,,,n/a,19|0|0|0|0,0.8814,2,0,
0100011001101000011000000111001011011010,40,monotone-growth,59,19,524288,524288,0.9492,1,0,0,,0,0,0,,,n/a,19|0|0|0|0,0.8814,2,0,
0100011001101000011000000111001011101010,40,monotone-growth,59,19,524288,524288,0.9492,1,0,0,,0,0,0,,,n/a,19|0|0|0|0,0.8814,2,0,
0100011001101000011000000101110100111010,40,head-recurrent-other,2138,19,500009,500009,0.9986,1,0,0,00000101110100111010,2,1067,2,4;8,9;19,linear(r2=0.972),19|159399|0|0|0,0.0000,1022,1021,argsz9->19/statesz29->59
0100011001101000011000000101111010011010,40,head-recurrent-other,212,19,508991,508991,0.6179,1,0,0,00011000000101111010011010,73,49,2,205;209,12;10735,n/a,19|0|0|0|0,0.0000,74,73,argsz12->10735/statesz460689->482148
0100011001101000011000011001110011000110,40,head-recurrent-other,139,19,555068,555068,0.6115,1,0,0,BIG:2246,14,31,2,76;116,2247;2247,n/a,19|0|0|0|0,0.0000,16,13,argsz2247->2247/statesz134358->199561
0100011001101000011000011001011000111010,40,head-recurrent-other,1867,19,501131,501131,0.7547,1,0,0,,0,59,0,,,n/a,19|203062|0|0|0,0.0000,461,460,head-not-lam
0100011001101000011000010110011000111010,40,head-recurrent-other,479,19,630513,630513,0.5407,1,0,0,00011000010110011000111010,25,157,2,408;475,13;21,n/a,19|0|0|0|0,0.0000,27,25,argsz13->21/statesz270109->270125
0100011001101000011001100000011001111010,40,head-recurrent-other,1090,19,500144,500144,0.5468,1,0,0,00011001100000011001111010,23,101,2,249;387,18;2425,n/a,19|407725|0|0|0,0.0000,56,47,argsz18->2425/statesz19212->40992
0100011001101000011001100000011100110110,40,ratchet-candidate,20000,19,106742,106745,0.5001,0,0,0,0001010100000111001101100100000111001101100000011100110110000001110011011001100101000001110011011001000001110011011000000111001101100000011100110110,3,3331,64,17;23;29;35;41;47;53;59;65;71;77;83,15;47;79;111;143;175;207;239;271;303;335;367,linear(r2=1.000),19|5398|26742|53398|106742,0.0000,5,5,
0100011001101000011001100000011100111010,40,head-recurrent-other,2509,19,512396,512396,0.5086,1,0,0,0000011100111010,2,15,1,9;32,52;7,linear(r2=0.997),19|34893|0|0|0,0.9861,3,0,argsz52->7/statesz94->285
0100011001101000011001100110000110001110,40,head-recurrent-other,20000,19,13256,15565,0.3005,0,0,0,00011001100110000110001110,14,6009,2,845;19977,13;13,linear(r2=0.735),19|3427|6643|14338|13256,0.0000,21,13,argsz13->13/statesz3603->13299
0100011001101000011001011001011000101010,40,head-recurrent-other,20000,20,368356,382430,0.1439,0,0,0,0010,31,17124,2,1699;19991,8;2,linear(r2=0.937),20|23080|91572|183812|368356,0.0000,44,27,argsz8->2/statesz47431->368379
0100011001101000010001101001011000001010,40,ratchet-candidate,20000,20,50536,73817,0.1677,0,0,0,00010001101001011000001010,4,11,11,3;11;31;75;167;355;735;1499;3031;6099;12239,13;31;67;139;283;571;1147;2299;4603;9211;18427,linear(r2=0.745),20|3902|12614|25250|50536,0.0000,28,16,
0100011001101000010110001100101101000110,40,head-recurrent-other,2003,19,639732,639732,0.2561,1,0,0,00010110001100101101000110,14,512,2,231;1977,14;14,linear(r2=0.893),19|196864|0|0|0,0.0000,19,11,argsz14->14/statesz21927->246286
0100011001101000010001110011010011000110,40,head-recurrent-other,12263,19,515909,515909,0.6679,1,0,0,00010001110011010011000110,16,4095,2,751;12216,13;13,linear(r2=0.945),19|30931|148420|297157|0,0.0000,22,12,argsz13->13/statesz32093->286762
0100011001101000010110011000110000110110,40,ratchet-candidate,20000,19,707,1910,0.0072,0,0,0,00010110011000110000110110,6,140,64,4;6;12;20;30;42;56;72;90;110;132;156,13;16;19;22;25;28;31;34;37;40;43;46,linear(r2=0.327),19|482|767|818|707,0.0000,8,7,
0100011001101000010000011100110110011010,40,opaque,20000,19,173425,173425,0.6667,0,0,0,,0,0,0,,,linear(r2=1.000),19|8746|43425|86746|173425,0.9999,1,0,
0100011001101000010000011100111010011010,40,opaque,20000,19,173425,173425,0.6667,0,0,0,,0,0,0,,,linear(r2=1.000),19|8746|43425|86746|173425,0.9999,1,0,
0100011001101000010001110010110101000110,40,ratchet-candidate,2030,19,570892,570892,0.5054,1,0,0,00010001110010110101000110,2,10,10,3;5;11;25;55;117;243;497;1007;2029,12;41;128;389;1172;3521;10568;31709;95132;285401,linear(r2=0.964),19|95269|0|0|0,0.0000,11,2,
0100011001101000010001011010011101000110,40,ratchet-candidate,20000,19,159407,229427,0.5004,0,0,0,00010001011010011101000110,2,13,13,4;7;14;29;60;123;250;505;1016;2039;4086;8181,12;26;54;110;222;446;894;1790;3582;7166;14334;28670,linear(r2=0.786),19|3704|39980|79710|159407,0.0000,15,9,
0100011001101000010110011001100011000110,40,head-recurrent-other,20000,19,63604,67075,0.4006,0,0,0,00010110011001100011000110,31,8011,2,5452;19998,27;56,linear(r2=0.935),19|7731|25305|31293|63604,0.0000,37,31,argsz27->56/statesz32120->63560
0100011001101000010110000001110011011010,40,ratchet-candidate,20000,19,106745,106745,0.5001,0,0,0,0001010100000111001101100100000111001101100000011100110110000001110011011001100101000001110011011001000001110011011000000111001101100000011100110110,6,3325,64,54;60;66;72;78;84;90;96;102;108;114;120,47;79;111;143;175;207;239;271;303;335;367;399,linear(r2=1.000),19|5401|26745|53401|106745,0.0000,9,7,
0100011001101000010110000001110011101010,40,head-recurrent-other,3046,19,500293,500293,0.5276,1,0,0,0000011100111010,30,1440,2,80;3043,100;7,linear(r2=1.000),19|160776|0|0|0,0.0000,33,29,argsz100->7/statesz1145->499433
0100011001101000010110000110011000111010,40,head-recurrent-other,20000,19,275997,368349,0.5010,0,0,0,00010110000110011000111010,21,3340,2,1556;19973,19;619,linear(r2=0.843),19|18735|68951|137863|275997,0.0000,28,24,argsz19->619/statesz40599->275516
0100011001101000010110011001100000111010,40,head-recurrent-other,12241,19,552686,552686,0.3347,1,0,0,00010110011001100000111010,36,4096,2,1501;12240,14;30717,linear(r2=0.950),19|33151|220355|441079|0,0.0000,47,36,argsz14->30717/statesz68894->429825
0100011001101000010110011001011000101010,40,head-recurrent-other,20000,20,298912,312986,0.1439,0,0,0,0010,42,17124,2,2588;19997,11;2,linear(r2=0.945),20|18868|74328|149172|298912,0.0000,56,39,argsz11->2/statesz62800->298921
0100011001101001000110100000011100110110,40,opaque,20000,19,106718,106718,0.5002,0,0,0,,0,0,0,,,linear(r2=1.000),19|5374|26718|53374|106718,0.9998,2,0,
0100011001101001000110100000011100111010,40,opaque,20000,19,14115,14121,0.3961,0,0,0,,0,0,0,,,linear(r2=0.994),19|2195|4689|7790|14115,0.9998,2,0,
0001010010000110001100001011010000110110,40,opaque,20000,19,525,1296,0.0071,0,0,0,,0,0,0,,,linear(r2=0.317),19|300|585|636|525,1.0000,0,0,
0100100001000110001100001011010000110110,40,opaque,20000,19,525,1296,0.0071,0,0,0,,0,0,0,,,linear(r2=0.317),19|300|585|636|525,1.0000,1,0,
0100100100011010000001100101110110011010,40,monotone-growth,35,19,524310,524310,0.9714,1,0,0,,0,0,0,,,n/a,19|0|0|0|0,0.9143,1,0,
0100100100011010000001110000111001111010,40,opaque,20000,18,41327,41618,0.0100,0,0,0,,0,0,0,,,linear(r2=1.000),18|2382|10677|20646|41327,0.9999,1,0,
0100100100011010000001011010010111010110,40,monotone-growth,55,19,573088,573088,0.9636,1,0,0,,0,0,0,,,n/a,19|0|0|0|0,0.9455,1,0,
0100100100010110101000000111001011010110,40,monotone-growth,57,19,524288,524288,0.9825,1,0,0,,0,0,0,,,n/a,19|0|0|0|0,0.9123,2,0,
0100100100010110101000000111001011011010,40,monotone-growth,57,19,524288,524288,0.9825,1,0,0,,0,0,0,,,n/a,19|0|0|0|0,0.9123,2,0,
0100100100010110101000000111001011101010,40,monotone-growth,57,19,524288,524288,0.9825,1,0,0,,0,0,0,,,n/a,19|0|0|0|0,0.9123,2,0,
0100100100010110101000000101110100111010,40,head-recurrent-other,2136,19,500009,500009,0.9995,1,0,0,00000101110100111010,2,1067,2,2;6,9;19,linear(r2=0.972),19|160029|0|0|0,0.0000,1022,1021,argsz9->19/statesz29->59
0100100100010110011010100000011100110110,40,opaque,20000,19,106701,106701,0.5000,0,0,0,,0,0,0,,,linear(r2=1.000),19|5357|26701|53357|106701,0.9997,2,0,
0100100100010101101010100000011100110110,40,head-recurrent-other,20000,19,106693,106693,0.5000,0,0,0,0000011100110110,2,4,1,4;6,15;7,linear(r2=1.000),19|5357|26693|53357|106693,0.9996,3,0,argsz15->7/statesz31->39
0000010001011010100000011001011000111010,40,opaque,20000,19,60025,60031,0.3333,0,0,0,,0,0,0,,,linear(r2=1.000),19|3031|15025|30031|60025,1.0000,0,0,
0000010001011010100000010110110000110110,40,opaque,20000,19,931,1519,0.0100,0,0,0,,0,0,0,,,linear(r2=0.706),19|271|481|916|931,1.0000,0,0,
0000010001011010100000010111010000110110,40,opaque,20000,19,931,1522,0.0100,0,0,0,,0,0,0,,,linear(r2=0.706),19|271|481|916|931,1.0000,0,0,
0000010001011010100000010101101000111010,40,opaque,20000,19,6725,6725,0.3334,0,0,0,,0,0,0,,,linear(r2=1.000),19|375|1725|3375|6725,1.0000,0,0,
0100011000000110010111011001101000011010,40,monotone-growth,35,19,524310,524310,0.9714,1,0,0,,0,0,0,,,n/a,19|0|0|0|0,0.9143,1,0,
0100011000000111000011100111101000011010,40,opaque,20000,18,41327,41618,0.0100,0,0,0,,0,0,0,,,linear(r2=1.000),18|2382|10677|20646|41327,0.9999,1,0,
0100011000000101101001011101011000011010,40,monotone-growth,55,19,573088,573088,0.9636,1,0,0,,0,0,0,,,n/a,19|0|0|0|0,0.9455,1,0,
0100011000011100000011001111011000011010,40,opaque,20000,18,60615,60912,0.0100,0,0,0,,0,0,0,,,linear(r2=1.000),18|3225|15315|30081|60615,0.9998,1,0,
0100011000011100111000011000111000011010,40,ratchet-candidate,20000,18,924,2713,0.2525,0,0,0,0001000110100100011010000110001110,1,100,64,2;8;18;32;50;72;98;128;162;200;242;288,16;25;34;43;52;61;70;79;88;97;106;115,linear(r2=0.540),18|505|474|1045|924,0.0000,2,1,
0100011000011100101100011100011000011010,40,ratchet-candidate,20000,18,87225,98304,0.5006,0,0,0,00011010,1,12,12,1;3;13;39;97;219;469;975;1993;4035;8125;16311,16;40;88;184;376;760;1528;3064;6136;12280;24568;49144,linear(r2=0.707),18|6057|21691|43536|87225,0.0000,25,11,
0100011001100000000111001111011000011010,40,opaque,20000,18,6225,8898,0.4036,0,0,0,,0,0,0,,,linear(r2=0.891),18|624|2019|5386|6225,0.9998,2,0,
0100011001100000011001110011101000011010,40,head-recurrent-other,1870,19,500144,500144,0.9995,1,0,0,00000110011100111010,2,917,3,3;10,9;44,n/a,19|196084|0|0|0,0.0000,600,599,argsz9->44/statesz34->159
0100011001100000011100110011101000011010,40,monotone-growth,431,19,507091,507091,0.9977,1,0,0,,0,0,0,,,n/a,19|0|0|0|0,0.9861,2,0,
0100011001100000011100111001101000011010,40,monotone-growth,50,19,633508,633508,0.9800,1,0,0,,0,0,0,,,n/a,19|0|0|0|0,0.8800,2,0,
0100011001100000011100101101101000011010,40,monotone-growth,63,19,737324,737324,0.9841,1,0,0,,0,0,0,,,n/a,19|0|0|0|0,0.9048,2,0,
0100011001100000011110011000111000011010,40,ratchet-candidate,889,18,516078,516078,0.1507,1,0,0,00011010,1,15,15,1;5;13;26;45;71;105;148;201;265;341;430,16;29;56;111;222;445;892;1787;3578;7161;14328;28663,n/a,18|0|0|0|0,0.0000,16,4,
0100011001100000010111010011101000011010,40,head-recurrent-other,2215,19,500039,500039,0.9995,1,0,0,00000101110100111010,107,1084,2,255;257,9;154,linear(r2=0.970),19|149709|0|0|0,0.0000,1039,1039,argsz9->154/statesz18024->18179
0100011001100000010110011101011000011010,40,head-recurrent-other,2221,19,500264,500264,0.9995,1,0,0,00000101100111010110,176,1093,1,253;253,114;114,linear(r2=0.972),19|151839|0|0|0,0.0000,1623,1623,argsz114->114/statesz19529->19529
0100011001100110000001110011011000011010,40,head-recurrent-other,20000,19,106739,106739,0.5003,0,0,0,0000011100110110,2,6,1,6;13,20;7,linear(r2=1.000),19|5419|26739|53419|106739,0.9992,3,0,argsz20->7/statesz46->70
0100011001100110000001110011101000011010,40,head-recurrent-other,20000,19,372453,372453,0.4910,0,0,0,0000011100111010,2,5,1,6;11,20;7,linear(r2=0.788),19|51939|207719|359114|372453,0.9993,3,0,argsz20->7/statesz46->67
0100011001011000000111001101101000011010,40,head-recurrent-other,20000,19,106669,106669,0.5003,0,0,0,0000011100110110,2,4,1,5;8,12;7,linear(r2=1.000),19|5349|26669|53349|106669,0.9995,3,0,argsz12->7/statesz38->46
0100010110011010000110100000011100110110,40,opaque,20000,19,106722,106722,0.5001,0,0,0,,0,0,0,,,linear(r2=1.000),19|5402|26722|53402|106722,0.9997,2,0,
0100010110011010010010100000011100110110,40,opaque,20000,19,106704,106704,0.5000,0,0,0,,0,0,0,,,linear(r2=1.000),19|5360|26704|53360|106704,0.9997,2,0,
0100010101101010000110100000011100110110,40,head-recurrent-other,20000,19,106722,106722,0.5001,0,0,0,0000011100110110,2,4,1,3;5,15;7,linear(r2=1.000),19|5378|26722|53378|106722,0.9996,3,0,argsz15->7/statesz28->36
0100010101101010010010100000011100110110,40,head-recurrent-other,20000,19,106696,106696,0.5000,0,0,0,0000011100110110,2,4,1,3;5,15;7,linear(r2=1.000),19|5360|26696|53360|106696,0.9996,3,0,argsz15->7/statesz34->42
0100011000011100011100001011010000110110,40,ratchet-candidate,20000,18,552,1320,0.0072,0,0,0,0001011010000110110,2,141,64,3;5;9;15;23;33;45;59;75;93;113;135,10;13;16;19;22;25;28;31;34;37;40;43,linear(r2=0.319),18|327|612|663|552,0.0000,3,3,
0100011000010011101100001011010000110110,40,ratchet-candidate,20000,18,974,1328,0.0071,0,0,0,0001011010000110110,1,141,64,1;4;9;16;25;36;49;64;81;100;121;144,21;24;27;30;33;36;39;42;45;48;51;54,linear(r2=0.705),18|224|392|328|974,0.0000,2,2,
0100011001100110001100001011010000110110,40,ratchet-candidate,20000,19,637,1405,0.0072,0,0,0,0001011010000110110,5,141,64,3;5;9;15;23;33;45;59;75;93;113;135,10;13;16;19;22;25;28;31;34;37;40;43,linear(r2=0.324),19|412|697|748|637,0.0000,6,6,
0100011001011000110100001011010000110110,40,ratchet-candidate,20000,19,599,1370,0.0072,0,0,0,0001011010000110110,4,141,64,2;4;8;14;22;32;44;58;74;92;112;134,10;13;16;19;22;25;28;31;34;37;40;43,linear(r2=0.322),19|374|659|710|599,0.0000,5,5,
0100010110100001101000000111001011011010,40,blowup,74,19,720896,720896,0.7973,1,0,0,,0,0,0,,,n/a,19|0|0|0|0,0.9459,2,0,
0100010110100100101000000111001011010110,40,blowup,70,19,606206,606206,0.8000,1,0,0,,0,0,0,,,n/a,19|0|0|0|0,0.9429,2,0,
0100010110100100101000000111001011011010,40,blowup,69,19,622592,622592,0.8116,1,0,0,,0,0,0,,,n/a,19|0|0|0|0,0.9420,2,0,
0100010110100100101000000111001011101010,40,blowup,81,19,647168,647168,0.6914,1,0,0,,0,0,0,,,n/a,19|0|0|0|0,0.9506,2,0,
0100010110100100101000000101110100111010,40,head-recurrent-other,2672,19,500204,500204,0.6774,1,0,0,00000101110100111010,2,905,3,1;6,9;22,linear(r2=0.974),19|116912|0|0|0,0.0000,864,863,argsz9->22/statesz32->68
0100011001001010000001100101110110011010,40,blowup,50,19,524316,524316,0.6800,1,0,0,,0,0,0,,,n/a,19|0|0|0|0,0.9600,1,0,
0100011001001010000001110000111001111010,40,opaque,20000,18,40920,41217,0.0100,0,0,0,,0,0,0,,,linear(r2=1.000),18|2285|10470|20357|40920,0.9999,1,0,
0100011001001010000001011010010111010110,40,blowup,16436,19,646813,646813,0.0032,1,0,0,,0,0,0,,,linear(r2=0.854),19|18621|158905|317973|0,0.9999,1,0,
0000010001101000000110010111011001101110,40,monotone-growth,1412,18,500582,500582,0.9993,1,0,0,,0,0,0,,,n/a,18|251528|0|0|0,1.0000,0,0,
0000010001101000000110010111011001100010,40,monotone-growth,1154,19,501443,501443,0.9991,1,0,0,,0,0,0,,,n/a,19|376780|0|0|0,1.0000,0,0,
0000010001101000000110010111011001111010,40,monotone-growth,1412,18,500582,500582,0.9993,1,0,0,,0,0,0,,,n/a,18|251528|0|0|0,1.0000,0,0,
0000010001101000000111001100101110110110,40,blowup,11903,18,500035,500035,0.5002,1,0,0,,0,0,0,,,linear(r2=1.000),18|42016|210076|420016|0,1.0000,0,0,
0000010001101000000101110011011001110110,40,blowup,663,18,502015,502015,0.5023,1,0,0,,0,0,0,,,n/a,18|0|0|0|0,1.0000,0,0,
0000010001101000000101011100010110011010,40,blowup,121,19,524319,524319,0.4298,1,0,0,,0,0,0,,,n/a,19|0|0|0|0,1.0000,0,0,
0000010001101000011000011001110011000110,40,blowup,138,19,555036,555036,0.6087,1,0,0,,0,0,0,,,n/a,19|0|0|0|0,1.0000,0,0,
0000010001101000011000011001011000111010,40,blowup,1866,19,501099,501099,0.7546,1,0,0,,0,0,0,,,n/a,19|202667|0|0|0,1.0000,0,0,
0000010001101000011000010110111100111010,40,opaque,20000,18,82562,82649,0.0375,0,0,0,,0,0,0,,,linear(r2=1.000),18|4437|21092|41781|82562,1.0000,0,0,
0000010001101000011000010111011100111010,40,blowup,249,18,7839,7839,0.0361,1,0,0,,0,0,0,,,n/a,18|0|0|0|0,1.0000,0,0,step-alloc-cap
0000010001101000011000010111100111010110,40,blowup,30,18,8496,8496,0.3000,1,0,0,,0,0,0,,,n/a,18|0|0|0|0,1.0000,0,0,step-alloc-cap
0000010001101000011000010110011000111010,40,blowup,478,19,630481,630481,0.5397,1,0,0,,0,0,0,,,n/a,19|0|0|0|0,1.0000,0,0,
0000010001101000011000010111110011101010,40,monotone-growth,1763,18,500112,500112,1.0000,1,0,0,,0,0,0,,,n/a,18|215128|0|0|0,1.0000,0,0,
0000010001101000011001100000011001111010,40,blowup,1089,19,500088,500088,0.5464,1,0,0,,0,0,0,,,n/a,19|407446|0|0|0,1.0000,0,0,
0000010001101000011001100000011100110110,40,opaque,20000,19,106713,106716,0.5001,0,0,0,,0,0,0,,,linear(r2=1.000),19|5393|26713|53393|106713,1.0000,0,0,
0000010001101000011001100000011100111010,40,opaque,20000,19,44247,44260,0.3408,0,0,0,,0,0,0,,,linear(r2=0.555),19|28452|34233|37465|44247,1.0000,0,0,
0000010001101000011001100110000110001110,40,opaque,20000,19,13157,15485,0.3004,0,0,0,,0,0,0,,,linear(r2=0.736),19|3328|6465|14255|13157,1.0000,0,0,
0000010001101000011001011001011000101010,40,opaque,20000,20,368240,382317,0.1438,0,0,0,,0,0,0,,,linear(r2=0.937),20|22964|91456|183696|368240,1.0000,0,0,
0000010001101000010001101001011000001010,40,opaque,20000,20,50448,73727,0.1676,0,0,0,,0,0,0,,,linear(r2=0.745),20|3808|12520|25156|50448,1.0000,0,0,
0000010001101000010110001100101101000110,40,blowup,2002,19,639628,639628,0.2557,1,0,0,,0,0,0,,,linear(r2=0.893),19|196713|0|0|0,1.0000,0,0,
0000010001101000010001110011010011000110,40,blowup,12261,19,515805,515805,0.6679,1,0,0,,0,0,0,,,linear(r2=0.945),19|31040|148361|296990|0,1.0000,0,0,
0000010001101000010110011000110000110110,40,opaque,20000,19,624,1830,0.0072,0,0,0,,0,0,0,,,linear(r2=0.324),19|399|684|735|624,1.0000,0,0,
0000010001101000010000011100110110011010,40,opaque,20000,19,173375,173375,0.6667,0,0,0,,0,0,0,,,linear(r2=1.000),19|8696|43375|86696|173375,1.0000,0,0,
0000010001101000010000011100111010011010,40,opaque,20000,19,173375,173375,0.6667,0,0,0,,0,0,0,,,linear(r2=1.000),19|8696|43375|86696|173375,1.0000,0,0,
0000010001101000010001110010110101000110,40,blowup,2028,19,570813,570813,0.5049,1,0,0,,0,0,0,,,linear(r2=0.964),19|95309|0|0|0,1.0000,0,0,
0000010001101000010001011010011101000110,40,opaque,20000,19,159333,229376,0.5003,0,0,0,,0,0,0,,,linear(r2=0.787),19|3753|39847|79675|159333,1.0000,0,0,
0000010001101000010110011001100011000110,40,opaque,20000,19,63441,66971,0.4006,0,0,0,,0,0,0,,,linear(r2=0.935),19|7676|25250|31142|63441,1.0000,0,0,
0000010001101000010110000001110011011010,40,opaque,20000,19,106716,106716,0.5001,0,0,0,,0,0,0,,,linear(r2=1.000),19|5396|26716|53396|106716,1.0000,0,0,
0000010001101000010110000110011000111010,40,opaque,20000,19,275906,368293,0.5009,0,0,0,,0,0,0,,,linear(r2=0.843),19|18644|68748|137816|275906,1.0000,0,0,
0000010001101000010110011001100000111010,40,blowup,12240,19,552582,552582,0.3346,1,0,0,,0,0,0,,,linear(r2=0.950),19|32926|220203|440927|0,1.0000,0,0,
0000010001101000010110011001011000101010,40,opaque,20000,20,298796,312873,0.1438,0,0,0,,0,0,0,,,linear(r2=0.945),20|18752|74212|149056|298796,1.0000,0,0,
0100011000110000001000110011011100111010,40,blowup,102,18,573395,573395,0.5196,1,0,0,,0,0,0,,,n/a,18|0|0|0|0,0.9804,1,0,
0100011000110000001010111010000110110110,40,opaque,20000,18,914,1217,0.0197,0,0,0,,0,0,0,,,linear(r2=0.777),18|254|464|470|914,0.9999,1,0,
0100011000110000101101000000101110111010,40,ratchet-candidate,20000,18,641,1829,0.0050,0,0,0,00010100000101110000001011100000010111000000101110000001011100000010111000000101110000001011100000010111000000101110000001011100000010111000000101110000001011100000010111000000101110000001011100000010111000000101110000001011010000001011101110101010101010101010101010101010101010101000000101110000001011100000010111000000101110000001011100000010111000000101110000001011100000010111000000101110000001011100000010111000000101110000001011100000010111000000101110000001011100000010111000000101101000000101110111010101...TRUNC,1,81,64,725;807;893;983;1077;1175;1277;1383;1493;1607;1725;1847,133;139;145;151;157;163;169;175;181;187;193;199,linear(r2=0.503),18|353|341|713|641,0.0000,2,2,
0100011000110000101101000011000011101110,40,ratchet-candidate,20000,18,1814,3026,0.6667,0,0,0,000101101000011000011101110,1,83,64,1;3;9;21;39;63;93;129;171;219;273;333,13;19;25;31;37;43;49;55;61;67;73;79,exp(r2=0.294),18|215|812|935|1814,0.0000,2,2,
0100011000110000101101000011000011110110,40,ratchet-candidate,20000,18,2612,4214,0.6648,0,0,0,00011000010001100001000110000100011000010001100001000110000100011000010001100001000110000100000101101000011000011110110110110110110110110110110110,2,115,64,160;195;233;274;318;365;415;468;524;583;645;710,73;79;85;91;97;103;109;115;121;127;133;139,linear(r2=0.662),18|401|881|2534|2612,0.0000,2,2,
0100011000110000101101000011001001110110,40,ratchet-candidate,328,18,589811,589811,0.0457,1,0,0,000101101000011001001110110,1,14,14,1;3;8;17;30;47;68;93;122;155;192;233,13;31;67;139;283;571;1147;2299;4603;9211;18427;36859,n/a,18|0|0|0|0,0.0000,3,1,
0100011000110000101101000010110110001110,40,ratchet-candidate,5228,18,589811,589811,0.0580,1,0,0,000101101000010110110001110,1,14,14,1;3;13;47;121;251;453;743;1137;1651;2301;3103,13;31;67;139;283;571;1147;2299;4603;9211;18427;36859,linear(r2=0.806),18|8185|248899|0|0,0.0000,26,1,
0100011000110000101101000010111010001110,40,ratchet-candidate,20000,18,204829,294899,0.2503,0,0,0,000101101000010111010001110,1,13,13,1;3;9;23;53;115;241;495;1005;2027;4073;8167,13;31;67;139;283;571;1147;2299;4603;9211;18427;36859,linear(r2=0.786),18|4705|51131|102353|204829,0.0000,14,8,
0100011000110000101101000010110000010110,40,ratchet-candidate,20000,19,744,2130,0.0050,0,0,0,000101101000010110000010110,1,100,64,1;3;9;19;33;51;73;99;129;163;201;243,14;21;28;35;42;49;56;63;70;77;84;91,linear(r2=0.503),19|409|394|829|744,0.0000,4,2,
0100011000110000101101000010100110110110,40,ratchet-candidate,340,18,589811,589811,0.0441,1,0,0,000101101000010100110110110,1,14,14,1;3;9;19;33;51;73;99;129;163;201;243,13;31;67;139;283;571;1147;2299;4603;9211;18427;36859,n/a,18|0|0|0|0,0.0000,3,1,
0100011000110000101101000010001110111010,40,ratchet-candidate,20000,18,641,2432,0.5000,0,0,0,000101101000010001110111010,1,100,64,1;3;9;19;33;51;73;99;129;163;201;243,13;19;25;31;37;43;49;55;61;67;73;79,linear(r2=0.503),18|353|341|713|641,0.0000,2,2,
0100011000110000101101001011010000110110,40,head-recurrent-other,20000,19,194909,195503,0.0100,0,0,0,00011000000101101001011010000110110,42,394,2,838;881,17;14,linear(r2=0.999),19|12752|52409|101543|194909,0.0000,200,200,argsz17->14/statesz10850->11000
0100011000110000101100010000101101100010,40,ratchet-candidate,20000,19,944,1718,0.0071,0,0,0,000101100010000101101100010,1,141,64,1;3;7;13;21;31;43;57;73;91;111;133,14;20;26;32;38;44;50;56;62;68;74;80,linear(r2=0.570),19|392|794|932|944,0.0000,3,2,
0100011000110000100010111011010000110110,40,ratchet-candidate,20000,18,953,1307,0.0071,0,0,0,000100010111011010000110110,1,141,64,1;4;9;16;25;36;49;64;81;100;121;144,13;16;19;22;25;28;31;34;37;40;43;46,linear(r2=0.708),18|203|371|323|953,0.0000,2,2,
0100011000110000101100001110110000110110,40,ratchet-candidate,20000,18,515,1727,0.0070,0,0,0,000101100001110110000110110,1,140,64,1;3;9;17;27;39;53;69;87;107;129;153,13;16;19;22;25;28;31;34;37;40;43;46,linear(r2=0.336),18|290|575|626|515,0.0000,2,2,
0100011000110000101000111011010000110110,40,ratchet-candidate,20000,18,953,1739,0.0071,0,0,0,000101000111011010000110110,1,141,64,1;4;9;16;25;36;49;64;81;100;121;144,13;16;19;22;25;28;31;34;37;40;43;46,linear(r2=0.708),18|203|371|323|953,0.0000,2,2,
0100011000110000101011010000110110000010,40,head-recurrent-other,20000,19,1097,1871,0.0071,0,0,0,00011000000101011010000110110000010,23,278,1,460;461,17;14,linear(r2=0.623),19|436|877|1044|1097,0.0000,143,143,argsz17->14/statesz197->194
0100011000110000101011010000110110011010,40,head-recurrent-other,20000,19,63983,64757,0.0071,0,0,0,00011000000101011010000110110011010,23,278,1,460;461,17;14,linear(r2=0.999),19|4244|17633|33344|63983,0.0000,143,143,argsz17->14/statesz2003->2000
0100011000110000100010110110000110111010,40,ratchet-candidate,20000,18,953,1307,0.0071,0,0,0,000100010110110000110111010,1,141,64,1;4;9;16;25;36;49;64;81;100;121;144,13;16;19;22;25;28;31;34;37;40;43;46,linear(r2=0.708),18|203|371|323|953,0.0000,2,2,
0100011000110000100010111010000110111010,40,ratchet-candidate,20000,18,953,1307,0.0071,0,0,0,000100010111010000110111010,1,141,64,1;4;9;16;25;36;49;64;81;100;121;144,13;16;19;22;25;28;31;34;37;40;43;46,linear(r2=0.708),18|203|371|323|953,0.0000,2,2,
0100011000110000100010111011000011011010,40,ratchet-candidate,20000,18,953,1307,0.0071,0,0,0,000100010111011000011011010,1,141,64,1;4;9;16;25;36;49;64;81;100;121;144,13;16;19;22;25;28;31;34;37;40;43;46,linear(r2=0.708),18|203|371|323|953,0.0000,2,2,
0100011000110000101010110100001101101010,40,head-recurrent-other,20000,19,63983,64757,0.0071,0,0,0,00011000000101010110100001101101010,44,278,1,460;461,17;14,linear(r2=0.999),19|4244|17633|33344|63983,0.0000,284,284,argsz17->14/statesz2003->2000
0100011000110010000010110100001101100010,40,ratchet-candidate,20000,19,956,1307,0.0071,0,0,0,0001011010000110110,1,141,64,2;5;10;17;26;37;50;65;82;101;122;145,14;17;20;23;26;29;32;35;38;41;44;47,linear(r2=0.708),19|206|374|325|956,0.0000,2,2,
0100010110000010100000011001011000111010,40,opaque,20000,19,60016,60022,0.3333,0,0,0,,0,0,0,,,linear(r2=1.000),19|3022|15016|30022|60016,0.9998,2,0,
0100010110011010100000011001011000111010,40,opaque,20000,19,60034,60040,0.3333,0,0,0,,0,0,0,,,linear(r2=1.000),19|3040|15034|30040|60034,0.9998,2,0,
0100010110011010100000011100110010010110,40,opaque,20000,19,67250,67613,0.0290,0,0,0,,0,0,0,,,linear(r2=0.999),19|4435|18450|35538|67250,0.9997,2,0,
0100010110011010100000011100100100110110,40,opaque,20000,19,132546,132555,0.3750,0,0,0,,0,0,0,,,linear(r2=1.000),19|6671|33171|66296|132546,0.9997,2,0,
0100010110011010100000011100101001010110,40,opaque,20000,19,132546,132555,0.3750,0,0,0,,0,0,0,,,linear(r2=1.000),19|6671|33171|66296|132546,0.9997,2,0,
0100010110011010100000010010011100110110,40,opaque,20000,19,97828,97831,0.3334,0,0,0,,0,0,0,,,linear(r2=1.000),19|4947|24480|48947|97828,0.9996,2,0,
0100010110011010100000010110110000110110,40,head-recurrent-other,20000,19,961,1534,0.0101,0,0,0,0000010110110000110110,3,201,2,6;19807,10;304,linear(r2=0.702),19|301|511|946|961,0.0000,3,3,argsz10->304/statesz49->937
0100010110011010100000010111010000110110,40,head-recurrent-other,20000,19,949,1534,0.0100,0,0,0,0000010111010000110110,3,200,2,3;19803,10;307,linear(r2=0.704),19|289|499|934|949,0.0000,3,3,argsz10->307/statesz46->937
0100010110011010100000010100101100110110,40,opaque,20000,19,97828,97831,0.3334,0,0,0,,0,0,0,,,linear(r2=1.000),19|4947|24480|48947|97828,0.9996,2,0,
0100010110011010100000010001100111010110,40,opaque,20000,19,97808,97814,0.3333,0,0,0,,0,0,0,,,linear(r2=1.000),19|4927|24471|48927|97808,0.9996,2,0,
0100010110011010100000010101101000111010,40,ratchet-candidate,20000,19,6745,6745,0.3334,0,0,0,0000010101101000111010,4,6665,64,6;9;12;15;18;21;24;27;30;33;36;39,10;11;12;13;14;15;16;17;18;19;20;21,linear(r2=1.000),19|395|1745|3395|6745,0.0000,5,5,
0100010110011010100001100000011100110110,40,head-recurrent-other,20000,19,106661,106664,0.5000,0,0,0,0000011100110110,2,4,1,6;8,15;7,linear(r2=1.000),19|5325|26661|53325|106661,0.9995,3,0,argsz15->7/statesz34->42
0100010110011010100001001000011100110110,40,opaque,20000,19,97828,97831,0.3334,0,0,0,,0,0,0,,,linear(r2=1.000),19|4947|24480|48947|97828,0.9996,2,0,
0100010110011010100001000001110011011010,40,opaque,20000,19,97828,97828,0.3334,0,0,0,,0,0,0,,,linear(r2=1.000),19|4927|24480|48927|97828,0.9996,2,0,
0100010110011010100100100000011100110110,40,opaque,20000,19,97828,97828,0.3334,0,0,0,,0,0,0,,,linear(r2=1.000),19|4927|24480|48927|97828,0.9996,3,0,
0100010101101010100000011001011000111010,40,opaque,20000,19,60052,60052,0.3334,0,0,0,,0,0,0,,,linear(r2=1.000),19|3040|15052|30040|60052,0.9997,3,0,
0100010101101010100000011100110010010110,40,head-recurrent-other,20000,19,67660,68065,0.0288,0,0,0,0000011100110010010110,2,4,1,3;5,24;13,linear(r2=0.999),19|4694|18560|35774|67660,0.9996,3,0,argsz24->13/statesz46->63
0100010101101010100000011100100100110110,40,head-recurrent-other,20000,19,124481,124490,0.3334,0,0,0,0000011100100100110110,2,4,1,3;6,24;10,linear(r2=1.000),19|6268|31143|62268|124481,0.9996,3,0,argsz24->10/statesz46->60
0100010101101010100000011100101001010110,40,head-recurrent-other,20000,19,124481,124490,0.3334,0,0,0,0000011100101001010110,2,4,1,3;6,24;10,linear(r2=1.000),19|6268|31143|62268|124481,0.9996,3,0,argsz24->10/statesz46->60
0100010101101010100000010010011100110110,40,head-recurrent-other,20000,19,97817,97820,0.3334,0,0,0,0000010010011100110110,2,4,1,4;7,21;10,linear(r2=1.000),19|4936|24480|48936|97817,0.9995,3,0,argsz21->10/statesz43->54
0100010101101010100000010110110000110110,40,head-recurrent-other,20000,19,940,1528,0.0100,0,0,0,0000010110110000110110,3,199,2,1;19802,10;304,linear(r2=0.705),19|280|490|925|940,0.0000,3,3,argsz10->304/statesz43->931
0100010101101010100000010111010000110110,40,head-recurrent-other,20000,19,940,1531,0.0100,0,0,0,0000010111010000110110,3,199,2,1;19801,10;307,linear(r2=0.705),19|280|490|925|940,0.0000,3,3,argsz10->307/statesz43->934
0100010101101010100000010100101100110110,40,head-recurrent-other,20000,19,97817,97820,0.3334,0,0,0,0000010100101100110110,2,4,1,4;7,21;10,linear(r2=1.000),19|4936|24480|48936|97817,0.9995,3,0,argsz21->10/statesz43->54
0100010101101010100000010001100111010110,40,head-recurrent-other,20000,19,97775,97781,0.3333,0,0,0,0000010001100111010110,2,4,1,4;7,21;10,linear(r2=1.000),19|4894|24460|48894|97775,0.9995,3,0,argsz21->10/statesz43->54
0100010101101010100000010101101000111010,40,ratchet-candidate,20000,19,6734,6734,0.3334,0,0,0,0000010101101000111010,4,6666,64,3;6;9;12;15;18;21;24;27;30;33;36,10;11;12;13;14;15;16;17;18;19;20;21,linear(r2=1.000),19|384|1734|3384|6734,0.0000,5,5,
0100010101101010100001100000011100110110,40,head-recurrent-other,20000,19,106667,106667,0.5000,0,0,0,0000011100110110,2,4,1,5;8,18;7,linear(r2=1.000),19|5331|26667|53331|106667,0.9995,3,0,argsz18->7/statesz37->45
0100010101101010100001100000011100111010,40,head-recurrent-other,4089,19,500206,500206,0.4996,1,0,0,0000011100111010,2,13,1,5;30,18;7,linear(r2=1.000),19|126041|0|0|0,0.9919,4,0,argsz18->7/statesz37->95
0100010101101010100001001000011100110110,40,head-recurrent-other,20000,19,97817,97820,0.3334,0,0,0,0010,2,4,1,5;8,46;24,linear(r2=1.000),19|4936|24480|48936|97817,0.9994,3,0,argsz46->24/statesz60->60
0100010101101010100001000001110011011010,40,head-recurrent-other,20000,19,97817,97817,0.3334,0,0,0,0000011100110110,2,4,1,5;8,21;10,linear(r2=1.000),19|4894|24480|48894|97817,0.9994,3,0,argsz21->10/statesz40->51
0100010101101010100100100000011100110110,40,head-recurrent-other,20000,19,97817,97817,0.3334,0,0,0,0010,3,4,1,4;7,7;7,linear(r2=1.000),19|4894|24480|48894|97817,0.9994,4,0,argsz7->7/statesz43->54
0100011000011100011000010110100101101010,40,ratchet-candidate,1263,19,541324,541324,0.2043,1,0,0,00010110100101101010,2,9,9,3;6;14;32;70;148;306;624;1262,15;48;147;444;1335;4008;12027;36084;108255,n/a,19|113823|0|0|0,0.0000,10,2,
0100010110101000000001011101100001101110,40,opaque,20000,18,668,1439,0.0071,0,0,0,,0,0,0,,,linear(r2=0.418),18|334|658|738|668,0.9999,2,0,
0100010110101000000001011110110011110110,40,opaque,20000,17,5413,7784,0.6706,0,0,0,,0,0,0,,,linear(r2=0.726),17|862|1950|4285|5413,0.9999,2,0,
0100010110101000000110011001011000111010,40,opaque,20000,19,105041,105044,0.2500,0,0,0,,0,0,0,,,linear(r2=1.000),19|5291|26291|52541|105041,0.9998,2,0,
0100010110101000000110010110110000110110,40,opaque,20000,19,61415,62009,0.0100,0,0,0,,0,0,0,,,linear(r2=1.000),19|3405|15715|31501|61415,0.9998,2,0,
0100010110101000000110010111010000110110,40,opaque,20000,19,61415,62009,0.0100,0,0,0,,0,0,0,,,linear(r2=1.000),19|3405|15715|31501|61415,0.9998,2,0,
0100010110101000000110010111010011000110,40,blowup,119,19,613987,613987,0.3529,1,0,0,,0,0,0,,,n/a,19|0|0|0|0,0.9664,2,0,
0100010110101000000110010101100011010110,40,blowup,12112,19,503937,503937,0.4001,1,0,0,,0,0,0,,,linear(r2=0.879),19|21300|123745|372102|0,0.9997,2,0,
0100010110101000000110010110000110111010,40,opaque,20000,19,86693,86699,0.3333,0,0,0,,0,0,0,,,linear(r2=1.000),19|4367|21693|43367|86693,0.9998,2,0,
0100010110101000000110010110011000111010,40,opaque,20000,19,160019,160025,0.3333,0,0,0,,0,0,0,,,linear(r2=1.000),19|8030|40019|80030|160019,0.9998,2,0,
0100010110101000000110010111000011011010,40,blowup,2451,19,502302,502302,0.3337,1,0,0,,0,0,0,,,linear(r2=0.923),19|83881|0|0|0,0.9984,2,0,
0100010110101000000110010111001100011010,40,blowup,70,19,517674,517674,0.3429,1,0,0,,0,0,0,,,n/a,19|0|0|0|0,0.9429,2,0,
0100010110101000000110010101100011101010,40,opaque,20000,19,204008,204014,0.4000,0,0,0,,0,0,0,,,linear(r2=1.000),19|10208|51008|102008|204008,0.9998,2,0,
0100010110101000000111001100100011010110,40,opaque,20000,19,164169,164172,0.6001,0,0,0,,0,0,0,,,linear(r2=1.000),19|8369|41169|82169|164169,0.9998,2,0,
0100010110101000000111001100101110110110,40,blowup,11903,18,500009,500009,0.5001,1,0,0,,0,0,0,,,linear(r2=1.000),18|42026|209978|420026|0,0.9997,2,0,
0100010110101000000111001110011001110110,40,blowup,8847,18,500039,500039,0.5003,1,0,0,,0,0,0,,,linear(r2=0.998),18|76244|292184|0|0,0.9995,2,0,
0100010110101000000111001110011100110110,40,blowup,17620,18,500102,500102,0.5921,1,0,0,,0,0,0,,,linear(r2=0.990),18|89714|188384|312080|0,0.9998,2,0,
0100010110101000000111001110011100111010,40,opaque,20000,18,196544,196556,0.1418,0,0,0,,0,0,0,,,linear(r2=0.527),18|140552|152420|167198|196544,0.9998,2,0,
0100010110101000000111001110010110110110,40,blowup,11903,18,500009,500009,0.5001,1,0,0,,0,0,0,,,linear(r2=1.000),18|42026|209978|420026|0,0.9997,2,0,
0100010110101000000111001110010111010110,40,blowup,11903,18,500009,500009,0.5001,1,0,0,,0,0,0,,,linear(r2=1.000),18|42026|209978|420026|0,0.9997,2,0,
0100010110101000000111001001001011010110,40,blowup,69,19,770045,770045,0.8116,1,0,0,,0,0,0,,,n/a,19|0|0|0|0,0.9420,2,0,
0100010110101000000111001001001011011010,40,blowup,69,19,770045,770045,0.8116,1,0,0,,0,0,0,,,n/a,19|0|0|0|0,0.9420,2,0,
0100010110101000000111001001001011101010,40,blowup,69,19,770045,770045,0.8116,1,0,0,,0,0,0,,,n/a,19|0|0|0|0,0.9420,2,0,
0100010110101000000111001011010000110110,40,blowup,134,19,620145,620145,0.1642,1,0,0,,0,0,0,,,n/a,19|0|0|0|0,0.9701,2,0,
0100010110101000000111001011010000111010,40,blowup,134,19,620145,620145,0.1642,1,0,0,,0,0,0,,,n/a,19|0|0|0|0,0.9701,2,0,
0100010110101000000111001011010010010110,40,blowup,140,19,851957,851957,0.4000,1,0,0,,0,0,0,,,n/a,19|0|0|0|0,0.9714,2,0,
0100010110101000000111001011010010011010,40,blowup,92,19,626002,626002,0.1957,1,0,0,,0,0,0,,,n/a,19|0|0|0|0,0.9565,2,0,
0100010110101000000111001011011000011010,40,opaque,20000,19,112049,112049,0.6000,0,0,0,,0,0,0,,,linear(r2=1.000),19|5649|28049|56049|112049,0.9998,2,0,
0100010110101000000111001011011001001010,40,blowup,134,19,868337,868337,0.4179,1,0,0,,0,0,0,,,n/a,19|0|0|0|0,0.9701,2,0,
0100010110101000000111001011101001001010,40,blowup,200,19,892907,892907,0.2800,1,0,0,,0,0,0,,,n/a,19|0|0|0|0,0.9800,2,0,
0100010110101000000111001000110100111010,40,blowup,3351,19,500170,500170,0.6001,1,0,0,,0,0,0,,,linear(r2=0.988),19|103526|0|0|0,0.9988,2,0,
0100010110101000000111001000110110011010,40,blowup,54,19,620055,620055,0.4074,1,0,0,,0,0,0,,,n/a,19|0|0|0|0,0.9259,2,0,
0100010110101000000111001011001001010110,40,blowup,141,19,835571,835571,0.3972,1,0,0,,0,0,0,,,n/a,19|0|0|0|0,0.9716,2,0,
0100010110101000000111001010010011010110,40,blowup,69,19,770045,770045,0.8116,1,0,0,,0,0,0,,,n/a,19|0|0|0|0,0.9420,2,0,
0100010110101000000111001010110100010110,40,blowup,445,19,966623,966623,0.1551,1,0,0,,0,0,0,,,n/a,19|0|0|0|0,0.9910,2,0,
0100010110101000000111001010001101010110,40,opaque,20000,19,144041,144041,0.6000,0,0,0,,0,0,0,,,linear(r2=1.000),19|7241|36041|72041|144041,0.9998,2,0,
0100010110101000000111001010100101010110,40,blowup,69,19,770045,770045,0.8116,1,0,0,,0,0,0,,,n/a,19|0|0|0|0,0.9420,2,0,
0100010110101000000111001000101101011010,40,blowup,84,19,917530,917530,0.5952,1,0,0,,0,0,0,,,n/a,19|0|0|0|0,0.9524,2,0,
0100010110101000000111001000101101101010,40,blowup,84,19,917530,917530,0.5952,1,0,0,,0,0,0,,,n/a,19|0|0|0|0,0.9524,2,0,
0100010110101000000111001000101110101010,40,blowup,84,19,917530,917530,0.5952,1,0,0,,0,0,0,,,n/a,19|0|0|0|0,0.9524,2,0,
0100010110101000000111001011000011101010,40,blowup,54,19,620055,620055,0.4074,1,0,0,,0,0,0,,,n/a,19|0|0|0|0,0.9259,2,0,
0100010110101000000111001011001001011010,40,blowup,147,19,819191,819191,0.3810,1,0,0,,0,0,0,,,n/a,19|0|0|0|0,0.9728,2,0,
0100010110101000000111001011001001101010,40,blowup,44,19,611722,611722,0.4091,1,0,0,,0,0,0,,,n/a,19|0|0|0|0,0.9091,2,0,
0100010110101000000111001011100100101010,40,blowup,81,19,794621,794621,0.6914,1,0,0,,0,0,0,,,n/a,19|0|0|0|0,0.9506,2,0,
0100010110101000000111001010010011011010,40,blowup,69,19,770045,770045,0.8116,1,0,0,,0,0,0,,,n/a,19|0|0|0|0,0.9420,2,0,
0100010110101000000111001010010011101010,40,blowup,69,19,770045,770045,0.8116,1,0,0,,0,0,0,,,n/a,19|0|0|0|0,0.9420,2,0,
0100010110101000000111001010100101011010,40,blowup,69,19,770045,770045,0.8116,1,0,0,,0,0,0,,,n/a,19|0|0|0|0,0.9420,2,0,
0100010110101000000111001010001101101010,40,blowup,54,19,620055,620055,0.4074,1,0,0,,0,0,0,,,n/a,19|0|0|0|0,0.9259,2,0,
0100010110101000000111001010001110101010,40,blowup,54,19,620055,620055,0.4074,1,0,0,,0,0,0,,,n/a,19|0|0|0|0,0.9259,2,0,
0100010110101000000111001010111000101010,40,blowup,121,19,770045,770045,0.5702,1,0,0,,0,0,0,,,n/a,19|0|0|0|0,0.9669,2,0,
0100010110101000000111001010100101101010,40,blowup,69,19,770045,770045,0.8116,1,0,0,,0,0,0,,,n/a,19|0|0|0|0,0.9420,2,0,
0100010110101000000111001010100110101010,40,blowup,44,19,611722,611722,0.4091,1,0,0,,0,0,0,,,n/a,19|0|0|0|0,0.9091,2,0,
0100010110101000000100100111001011010110,40,blowup,83,19,671747,671747,0.6747,1,0,0,,0,0,0,,,n/a,19|0|0|0|0,0.9398,2,0,
0100010110101000000100100111001011011010,40,blowup,83,19,671747,671747,0.6747,1,0,0,,0,0,0,,,n/a,19|0|0|0|0,0.9398,2,0,
0100010110101000000100100111001011101010,40,blowup,83,19,671747,671747,0.6747,1,0,0,,0,0,0,,,n/a,19|0|0|0|0,0.9398,2,0,
0100010110101000000100100101110100111010,40,head-recurrent-other,2690,19,500091,500091,0.6669,1,0,0,00000100100101110100111010,2,897,2,1;7,12;25,linear(r2=0.974),19|114360|0|0|0,0.0000,856,856,argsz12->25/statesz38->77
0100010110101000000101101100001110011010,40,ratchet-candidate,31,19,852053,852053,0.7742,1,0,0,00000101101100001110011010,2,7,6,3;6;10;15;21;28,12;25;103;831;13311;425983,n/a,19|0|0|0|0,0.0000,2,2,
0100010110101000000101101100101101000110,40,head-recurrent-other,3386,19,524551,524551,0.1772,1,0,0,00000101101100101101000110,19,599,1,908;3368,14;14,linear(r2=0.986),19|92682|0|0|0,0.0000,25,16,argsz14->14/statesz85365->426334
0100010110101000000101110100111001001010,40,head-recurrent-other,2682,19,500495,500495,0.5280,1,0,0,0010,83,1266,2,324;327,12;215,linear(r2=0.976),19|118952|0|0|0,0.0000,672,671,argsz12->215/statesz23859->24338
0100010110101000000101110100100100111010,40,head-recurrent-other,2311,19,500169,500169,0.6785,1,0,0,00000101110100100100111010,2,784,2,1;5,12;28,linear(r2=0.974),19|145701|0|0|0,0.0000,745,745,argsz12->28/statesz38->86
0100010110101000000101110100101001011010,40,head-recurrent-other,2311,19,500169,500169,0.6785,1,0,0,00000101110100101001011010,2,784,2,1;5,12;28,linear(r2=0.974),19|145701|0|0|0,0.0000,746,745,argsz12->28/statesz38->86
0100010110101000000100011010011100111010,40,head-recurrent-other,1601,19,500052,500052,0.6671,1,0,0,00000100011010011100111010,95,534,2,289;292,12;181,n/a,19|305135|0|0|0,0.0000,530,530,argsz12->181/statesz58993->59188
0100010110101000000101001011001011010110,40,blowup,83,19,671747,671747,0.6747,1,0,0,,0,0,0,,,n/a,19|0|0|0|0,0.9398,2,0,
0100010110101000000101001011001011011010,40,blowup,83,19,671747,671747,0.6747,1,0,0,,0,0,0,,,n/a,19|0|0|0|0,0.9398,2,0,
0100010110101000000101001011001011101010,40,blowup,83,19,671747,671747,0.6747,1,0,0,,0,0,0,,,n/a,19|0|0|0|0,0.9398,2,0,
0100010110101000000100011110100101101010,40,blowup,71,19,1062924,1062924,0.3380,1,0,0,,0,0,0,,,n/a,19|0|0|0|0,0.9296,2,0,
0100010110101000000101001110100101101010,40,blowup,71,19,1417216,1417216,0.3380,1,0,0,,0,0,0,,,n/a,19|0|0|0|0,0.9296,2,0,
0100010110101000000101100110110000111010,40,ratchet-candidate,20000,19,62625,62919,0.0100,0,0,0,00010001000100010001000100010001000100010001000100010001000100010001000100010001000100010001000100010001000100010001000100010001000100010001000100010001000100010001000100010001000100010001000100010001000100010001000100010001000100010001000100010001000100010001000100010001000100010001000100010001000100010001000100010001000100010001000100010001000100010001000100010001000100010001000100010001000100010001000100000101100110110000111010101010101010101010101010101010101010101010101010101010101010101010101010101010...TRUNC,2,97,64,5358;5463;5569;5676;5784;5893;6003;6114;6226;6339;6453;6568,17110;17432;17757;18085;18416;18750;19087;19427;19770;20116;20465;20817,linear(r2=1.000),19|3685|16325|31501|62625,0.0000,2,2,
0100010110101000000101100111010000111010,40,ratchet-candidate,20000,19,62625,62919,0.0100,0,0,0,00010001000100010001000100010001000100010001000100010001000100010001000100010001000100000101100111010000111010101010101010101010101010101010101010101010,2,177,64,255;279;304;330;357;385;414;444;475;507;540;574,991;1070;1152;1237;1325;1416;1510;1607;1707;1810;1916;2025,linear(r2=1.000),19|3685|16325|31501|62625,0.0000,2,2,
0100010110101000000101110001110011000110,40,blowup,149,18,675845,675845,0.3826,1,0,0,,0,0,0,,,n/a,18|0|0|0|0,0.9530,2,0,
0100010110101000000101100110001001110110,40,head-recurrent-other,20000,19,2799,2942,0.2074,0,0,0,0010,87,11890,2,4396;18022,5;25,linear(r2=0.918),19|723|1395|2042|2799,0.0000,181,134,argsz5->25/statesz1436->2525
0100010110101000000101110010010100111010,40,head-recurrent-other,4577,19,500210,500210,0.1899,1,0,0,0010,81,3708,1,497;509,418;382,linear(r2=0.989),19|70868|0|0|0,0.0000,406,405,argsz418->382/statesz30414->30378
0100010110101000000101001001110100111010,40,head-recurrent-other,2690,19,500091,500091,0.6669,1,0,0,00000101001001110100111010,2,897,2,1;7,12;25,linear(r2=0.974),19|114360|0|0|0,0.0000,856,856,argsz12->25/statesz38->77
0100010110101000000101010010110100111010,40,head-recurrent-other,2690,19,500091,500091,0.6669,1,0,0,00000101010010110100111010,2,897,2,1;7,12;25,linear(r2=0.974),19|114360|0|0|0,0.0000,856,856,argsz12->25/statesz38->77
0100010110101000000101011100010110011010,40,ratchet-candidate,108,19,851996,851996,0.4444,1,0,0,0001010100000101011100010110011010001000000101011100010110011010011010,1,16,16,2;9;16;23;30;37;44;51;58;65;72;79,12;25;51;103;207;415;831;1663;3327;6655;13311;26623,n/a,19|0|0|0|0,0.0000,4,1,
0100010110101000000101011101001110100010,40,head-recurrent-other,1786,19,500089,500089,1.0000,1,0,0,00000101011101001110100010,240,893,1,255;255,129;129,n/a,19|209920|0|0|0,0.0000,1744,1744,argsz129->129/statesz27693->27693
0100010110101000000100011001100110110110,40,opaque,20000,19,28473,28500,0.1280,0,0,0,,0,0,0,,,linear(r2=0.990),19|5225|10183|16161|28473,0.9998,2,0,
0100010110101000000100011001100111010110,40,opaque,20000,19,109851,109851,0.2364,0,0,0,,0,0,0,,,linear(r2=1.000),19|7593|28895|55853|109851,0.9998,2,0,
0100010110101000000100011001110011010110,40,opaque,20000,19,347161,347164,0.3334,0,0,0,,0,0,0,,,linear(r2=1.000),19|17809|87161|173809|347161,0.9998,2,0,
0100010110101000000100011001011011010110,40,opaque,20000,19,260009,260015,0.3333,0,0,0,,0,0,0,,,linear(r2=1.000),19|12999|65009|129999|260009,0.9998,2,0,
0100010110101000000100011001011101010110,40,opaque,20000,19,260009,260015,0.3333,0,0,0,,0,0,0,,,linear(r2=1.000),19|12999|65009|129999|260009,0.9998,2,0,
0100010110101000000101100101110100010110,40,ratchet-candidate,20000,19,17577,19518,0.1013,0,0,0,00000101100101110100010110,2,13,13,1;3;5;17;39;91;193;405;827;1679;3381;6793,12;28;44;76;124;204;332;540;876;1420;2300;3724,linear(r2=0.876),19|2702|6671|10837|17577,0.0000,26,9,
0100010110101000000101100101110001010110,40,ratchet-candidate,20000,19,7029,7466,0.1261,0,0,0,00000101100101110001010110,2,11,11,1;3;5;23;57;155;365;879;2033;4739;10917,12;28;44;76;124;204;332;540;876;1420;2300,linear(r2=0.812),19|1723|4533|4001|7029,0.0000,23,13,
0100010110101000000101011010000110110110,40,head-recurrent-other,20000,19,2363,3134,0.0071,0,0,0,00011000000101011010000110110110,23,278,1,461;462,15;12,linear(r2=0.825),19|721|1513|1941|2363,0.0000,143,143,argsz15->12/statesz380->377
0100010110101000000101000110100111010110,40,head-recurrent-other,2206,19,500005,500005,0.6668,1,0,0,00000101000110100111010110,157,735,1,253;253,103;103,linear(r2=0.974),19|154491|0|0|0,0.0000,1432,1432,argsz103->103/statesz20253->20253
0100010110101000000101011001110100010110,40,head-recurrent-other,1815,19,500507,500507,0.9774,1,0,0,00000101011001110100010110,5,889,1,6;18,12;12,n/a,19|205838|0|0|0,0.0000,2197,2196,argsz12->12/statesz70->73
0100010110101000000100011110010110101010,40,blowup,72,19,1062921,1062921,0.3333,1,0,0,,0,0,0,,,n/a,19|0|0|0|0,0.9306,2,0,
0100010110101000000101110011001110001010,40,ratchet-candidate,20000,19,939,1166,0.0362,0,0,0,00000101110011001110001010,2,178,64,1;3;142;168;195;223;252;282;313;345;378;412,12;28;31;34;37;40;43;46;49;52;55;58,linear(r2=0.724),19|251|498|750|939,0.0000,182,119,
0100010110101000000101110010110001011010,40,ratchet-candidate,20000,19,394,1127,0.1011,0,0,0,00000101110010110001011010,2,11,11,1;3;15;47;119;271;583;1215;2487;5039;10151,12;28;44;60;76;92;108;124;140;156;172,linear(r2=0.198),19|331|239|265|394,0.0000,33,9,
0100010110101000000101110010111000101010,40,head-recurrent-other,20000,19,10027,10351,0.1168,0,0,0,0010,22,12286,2,727;19971,2;2,linear(r2=0.924),19|1767|4235|5627|10027,0.0000,35,31,argsz2->2/statesz1672->9910
0100010110101000000101011011000011011010,40,head-recurrent-other,20000,19,62625,63213,0.0100,0,0,0,00000101011011000011011010,23,199,1,243;243,42;42,linear(r2=1.000),19|3685|16325|32363|62625,0.0000,201,201,argsz42->42/statesz1034->1034
0100010110101000000101011101000011011010,40,head-recurrent-other,20000,19,62625,63216,0.0100,0,0,0,00000101011101000011011010,23,199,1,243;243,42;42,linear(r2=1.000),19|3685|16325|32363|62625,0.0000,201,201,argsz42->42/statesz1034->1034
0100010110101000000101011000111000111010,40,ratchet-candidate,20000,18,13395,13395,0.6667,0,0,0,00000101011000111000111010,3,6666,64,3;6;9;12;15;18;21;24;27;30;33;36,12;13;14;15;16;17;18;19;20;21;22;23,linear(r2=0.802),18|721|3395|6721|13395,0.0000,4,4,
0100010110101000000101011000001000111010,40,ratchet-candidate,20000,19,6714,6714,0.3334,0,0,0,00000101011000001000111010,3,6666,64,3;6;9;12;15;18;21;24;27;30;33;36,3;4;5;6;7;8;9;10;11;12;13;14,linear(r2=1.000),19|372|1714|3372|6714,0.0000,4,4,
0100010110101000000101011001101000111010,40,ratchet-candidate,20000,19,6760,6760,0.3334,0,0,0,00000101011001101000111010,3,6666,64,3;6;9;12;15;18;21;24;27;30;33;36,25;26;27;28;29;30;31;32;33;34;35;36,linear(r2=1.000),19|394|1760|3394|6760,0.0000,4,4,
0100010110101000000101010110100011101010,40,head-recurrent-other,20000,19,100070,100070,0.3334,0,0,0,00000101010110100011101010,88,6667,1,255;255,96;96,linear(r2=1.000),19|5042|25070|50042|100070,0.0000,6671,6671,argsz96->96/statesz1325->1325
0100010110101000011000000110011100111010,40,monotone-growth,2055,19,500024,500024,0.9888,1,0,0,,0,0,0,,,linear(r2=0.958),19|154719|0|0|0,0.9956,2,0,
0100010110101000011000000111001100111010,40,monotone-growth,430,19,504781,504781,0.9326,1,0,0,,0,0,0,,,n/a,19|0|0|0|0,0.9860,2,0,
0100010110101000011000000111001011010110,40,monotone-growth,60,19,573440,573440,0.9333,1,0,0,,0,0,0,,,n/a,19|0|0|0|0,0.9000,2,0,
0100010110101000011000000111001011011010,40,blowup,71,19,622592,622592,0.7887,1,0,0,,0,0,0,,,n/a,19|0|0|0|0,0.9155,2,0,
0100010110101000011000000101110100111010,40,head-recurrent-other,2169,19,500183,500183,0.9779,1,0,0,00000101110100111010,3,1060,2,8;13,12;22,linear(r2=0.971),19|155181|0|0|0,0.0000,1014,1013,argsz12->22/statesz68->101
0100010110101000011000000101111010011010,40,head-recurrent-other,220,19,509043,509043,0.6227,1,0,0,00011000000101111010011010,2,53,2,1;9,12;25,n/a,19|0|0|0|0,0.0000,75,74,argsz12->25/statesz38->90
0100010110101000011000011001110011000110,40,head-recurrent-other,138,19,555047,555047,0.6087,1,0,0,BIG:2246,14,31,2,75;115,2247;2247,n/a,19|0|0|0|0,0.0000,16,13,argsz2247->2247/statesz134337->199540
0100010110101000011000011001011000111010,40,head-recurrent-other,1866,19,501110,501110,0.7546,1,0,0,,0,59,0,,,n/a,19|202678|0|0|0,0.0000,461,460,head-not-lam
0100010110101000011000010110011000111010,40,head-recurrent-other,478,19,630492,630492,0.5397,1,0,0,00011000010110011000111010,25,156,2,407;474,13;21,n/a,19|0|0|0|0,0.0000,27,25,argsz13->21/statesz270088->270104
0100010110101000011001100000011001111010,40,head-recurrent-other,1089,19,500099,500099,0.5464,1,0,0,00011001100000011001111010,23,100,2,248;386,18;2425,n/a,19|407457|0|0|0,0.0000,56,47,argsz18->2425/statesz19167->40947
0100010110101000011001100000011100110110,40,ratchet-candidate,20000,19,106724,106724,0.5001,0,0,0,0001010100000111001101100100000111001101100000011100110110000001110011011001100101000001110011011001000001110011011000000111001101100000011100110110,3,3331,64,16;22;28;34;40;46;52;58;64;70;76;82,15;47;79;111;143;175;207;239;271;303;335;367,linear(r2=1.000),19|5404|26724|53404|106724,0.0000,5,4,
0100010110101000011001100000011100111010,40,head-recurrent-other,1285,19,517850,517850,0.5136,1,0,0,0000011100111010,2,15,1,8;31,52;7,n/a,19|30606|0|0|0,0.9735,3,0,argsz52->7/statesz73->264
0100010110101000011001100110000110001110,40,head-recurrent-other,20000,19,13168,15496,0.3004,0,0,0,00011001100110000110001110,14,6009,2,844;19976,13;13,linear(r2=0.735),19|3339|6476|14266|13168,0.0000,21,12,argsz13->13/statesz3534->13230
0100010110101000011001011001011000101010,40,head-recurrent-other,20000,20,368252,382329,0.1438,0,0,0,0010,31,17124,2,1698;19990,8;2,linear(r2=0.937),20|22976|91468|183708|368252,0.0000,44,30,argsz8->2/statesz47330->368278
0100010110101000010010000111001011010110,40,blowup,84,19,671744,671744,0.6667,1,0,0,,0,0,0,,,n/a,19|0|0|0|0,0.9286,2,0,
0100010110101000010010000111001011011010,40,blowup,84,19,671744,671744,0.6667,1,0,0,,0,0,0,,,n/a,19|0|0|0|0,0.9286,2,0,
0100010110101000010010000111001011101010,40,blowup,84,19,671744,671744,0.6667,1,0,0,,0,0,0,,,n/a,19|0|0|0|0,0.9286,2,0,
0100010110101000010010000101110100111010,40,head-recurrent-other,2690,19,500091,500091,0.6669,1,0,0,00010010000101110100111010,2,897,2,1;7,12;25,linear(r2=0.974),19|114360|0|0|0,0.0000,856,856,argsz12->25/statesz38->77
0100010110101000010001101001011000001010,40,ratchet-candidate,20000,20,50460,73739,0.1676,0,0,0,00010001101001011000001010,2,11,11,1;9;29;73;165;353;733;1497;3029;6097;12237,13;31;67;139;283;571;1147;2299;4603;9211;18427,linear(r2=0.745),20|3820|12532|25168|50460,0.0000,26,15,
0100010110101000010110001100101101000110,40,head-recurrent-other,2002,19,639639,639639,0.2557,1,0,0,00010110001100101101000110,13,511,2,230;1976,14;14,linear(r2=0.893),19|196724|0|0|0,0.0000,18,10,argsz14->14/statesz21834->246193
0100010110101000010001110011010011000110,40,head-recurrent-other,12261,19,515816,515816,0.6679,1,0,0,00010001110011010011000110,16,4094,2,749;12214,13;13,linear(r2=0.945),19|31051|148372|297001|0,0.0000,22,12,argsz13->13/statesz32000->286669
0100010110101000010110011000110000110110,40,ratchet-candidate,20000,19,635,1841,0.0072,0,0,0,00010110011000110000110110,5,140,64,3;5;11;19;29;41;55;71;89;109;131;155,13;16;19;22;25;28;31;34;37;40;43;46,linear(r2=0.324),19|410|695|746|635,0.0000,7,6,
0100010110101000010000011100110110011010,40,ratchet-candidate,20000,19,173362,173362,0.6667,0,0,0,00010100010000011100110110011010000100000111001101100110100110010001000001110011011001101000010000011100110110011010,1,6666,64,3;6;9;12;15;18;21;24;27;30;33;36,12;38;64;90;116;142;168;194;220;246;272;298,linear(r2=1.000),19|8696|43362|86696|173362,0.0000,2,2,
0100010110101000010000011100111010011010,40,ratchet-candidate,20000,19,173362,173362,0.6667,0,0,0,00010100010000011100111010011010000100000111001110100110100101000100000111001110100110100001000001110011101001101010,1,6666,64,3;6;9;12;15;18;21;24;27;30;33;36,12;38;64;90;116;142;168;194;220;246;272;298,linear(r2=1.000),19|8696|43362|86696|173362,0.0000,2,2,
0100010110101000010001110010110101000110,40,ratchet-candidate,2028,19,570824,570824,0.5049,1,0,0,00010001110010110101000110,2,10,10,1;3;9;23;53;115;241;495;1005;2027,12;41;128;389;1172;3521;10568;31709;95132;285401,linear(r2=0.964),19|95320|0|0|0,0.0000,11,2,
0100010110101000010001011010011101000110,40,ratchet-candidate,20000,19,159344,229387,0.5003,0,0,0,00010001011010011101000110,2,13,13,1;4;11;26;57;120;247;502;1013;2036;4083;8178,12;26;54;110;222;446;894;1790;3582;7166;14334;28670,linear(r2=0.787),19|3764|39858|79686|159344,0.0000,15,8,
0100010110101000010110011001100011000110,40,head-recurrent-other,20000,19,63452,66982,0.4006,0,0,0,00010110011001100011000110,30,8011,2,5451;19997,27;56,linear(r2=0.935),19|7687|25261|31153|63452,0.0000,36,31,argsz27->56/statesz32027->63467
0100010110101000010000011100101101011010,40,blowup,84,19,671744,671744,0.6667,1,0,0,,0,0,0,,,n/a,19|0|0|0|0,0.9286,2,0,
0100010110101000010000011100101101101010,40,blowup,84,19,671744,671744,0.6667,1,0,0,,0,0,0,,,n/a,19|0|0|0|0,0.9286,2,0,
0100010110101000010000011100101110101010,40,blowup,84,19,671744,671744,0.6667,1,0,0,,0,0,0,,,n/a,19|0|0|0|0,0.9286,2,0,
0100010110101000010000011110010110101010,40,blowup,72,19,1062921,1062921,0.6667,1,0,0,,0,0,0,,,n/a,19|0|0|0|0,0.9167,2,0,
0100010110101000010000010111010011101010,40,head-recurrent-other,2691,19,500088,500088,0.6667,1,0,0,00010000010111010011101010,2,897,2,1;7,12;25,linear(r2=0.974),19|114360|0|0|0,0.0000,856,856,argsz12->25/statesz38->77
0100010110101000010110000001110011011010,40,ratchet-candidate,20000,19,106721,106724,0.5001,0,0,0,0001010100000111001101100100000111001101100000011100110110000001110011011001100101000001110011011001000001110011011000000111001101100000011100110110,5,3325,64,53;59;65;71;77;83;89;95;101;107;113;119,47;79;111;143;175;207;239;271;303;335;367;399,linear(r2=1.000),19|5377|26721|53377|106721,0.0000,8,7,
0100010110101000010110000001110011101010,40,head-recurrent-other,3095,19,500493,500493,0.5296,1,0,0,0000011100111010,58,1457,2,140;3090,100;7,linear(r2=0.999),19|149770|0|0|0,0.0000,61,57,argsz100->7/statesz2226->498800
0100010110101000010110000110011000111010,40,head-recurrent-other,20000,19,275917,368304,0.5009,0,0,0,00010110000110011000111010,20,3339,2,1555;19972,19;619,linear(r2=0.843),19|18655|68759|137827|275917,0.0000,27,22,argsz19->619/statesz40554->275471
0100010110101000010110011001100000111010,40,head-recurrent-other,12240,19,552593,552593,0.3346,1,0,0,00010110011001100000111010,35,4095,2,1500;12239,14;30717,linear(r2=0.950),19|32937|220214|440938|0,0.0000,46,35,argsz14->30717/statesz68801->429732
0100010110101000010110011001011000101010,40,head-recurrent-other,20000,20,298808,312885,0.1438,0,0,0,0010,41,17124,2,2587;19996,11;2,linear(r2=0.945),20|18764|74224|149068|298808,0.0000,55,41,argsz11->2/statesz62699->298820
0100010110101001001000000111001011010110,40,blowup,84,19,671744,671744,0.6667,1,0,0,,0,0,0,,,n/a,19|0|0|0|0,0.9286,3,0,
0100010110101001001000000111001011011010,40,blowup,84,19,671744,671744,0.6667,1,0,0,,0,0,0,,,n/a,19|0|0|0|0,0.9286,3,0,
0100010110101001001000000111001011101010,40,blowup,84,19,671744,671744,0.6667,1,0,0,,0,0,0,,,n/a,19|0|0|0|0,0.9286,3,0,
0100010110101001001000000101110100111010,40,head-recurrent-other,2691,19,500088,500088,0.6667,1,0,0,0010,3,897,1,1;7,9;9,linear(r2=0.974),19|114360|0|0|0,0.0000,857,856,argsz9->9/statesz38->77
0100010110101001000110100000011100110110,40,head-recurrent-other,20000,19,106681,106684,0.5001,0,0,0,0000011100110110,2,6,1,4;11,20;7,linear(r2=1.000),19|5361|26681|53361|106681,0.9993,3,0,argsz20->7/statesz41->65
0100010110101001000110100000011100111010,40,head-recurrent-other,20000,19,83551,83573,0.4168,0,0,0,0000011100111010,2,5,1,4;9,20;7,linear(r2=0.443),19|35596|74175|77284|83551,0.9994,3,0,argsz20->7/statesz41->62
0001000110001100000011001011101100111010,40,blowup,775,18,500309,500309,0.6658,1,0,0,,0,0,0,,,n/a,18|0|0|0|0,1.0000,0,0,
0001000110001100001001001011010000110110,40,opaque,20000,19,954,1308,0.0071,0,0,0,,0,0,0,,,linear(r2=0.708),19|204|372|324|954,1.0000,0,0,
0001000110001100001011010000110010010110,40,opaque,20000,19,1557,1848,0.0051,0,0,0,,0,0,0,,,linear(r2=0.608),19|291|807|507|1557,1.0000,0,0,
0001000110001100001011010000100100110110,40,opaque,20000,19,642,1830,0.0050,0,0,0,,0,0,0,,,linear(r2=0.503),19|354|342|714|642,1.0000,0,0,
0001000110001100001011010000101100010110,40,opaque,20000,19,642,1830,0.0050,0,0,0,,0,0,0,,,linear(r2=0.503),19|354|342|714|642,1.0000,0,0,
0001000110001100001011010000101001010110,40,opaque,20000,19,642,1830,0.0050,0,0,0,,0,0,0,,,linear(r2=0.503),19|354|342|714|642,1.0000,0,0,
0001000110001100001011010010010000110110,40,opaque,20000,19,642,1830,0.0050,0,0,0,,0,0,0,,,linear(r2=0.503),19|354|342|714|642,1.0000,0,0,
0001000110001100001011010010000011011010,40,opaque,20000,19,642,1830,0.0050,0,0,0,,0,0,0,,,linear(r2=0.503),19|354|342|714|642,1.0000,0,0,
0001000110001100001011000100001100111010,40,opaque,20000,19,791,1436,0.0071,0,0,0,,0,0,0,,,linear(r2=0.570),19|331|666|781|791,1.0000,0,0,
0001000110001100001011000100001011011010,40,opaque,20000,19,791,1436,0.0071,0,0,0,,0,0,0,,,linear(r2=0.570),19|331|666|781|791,1.0000,0,0,
0001000110001100001000101101010000110110,40,opaque,20000,19,942,1302,0.0070,0,0,0,,0,0,0,,,linear(r2=0.688),19|192|360|930|942,1.0000,0,0,
0001000110001100001011000011010000110110,40,opaque,20000,19,531,1299,0.0141,0,0,0,,0,0,0,,,linear(r2=0.317),19|306|591|642|531,1.0000,0,0,
0001000110001100001011001100010000110110,40,opaque,20000,19,951,1308,0.0071,0,0,0,,0,0,0,,,linear(r2=0.689),19|201|369|939|951,1.0000,0,0,
0001000110001100001011001001010000110110,40,opaque,20000,19,951,1308,0.0071,0,0,0,,0,0,0,,,linear(r2=0.689),19|201|369|939|951,1.0000,0,0,
0001000110001100001010010011010000110110,40,opaque,20000,19,954,1308,0.0071,0,0,0,,0,0,0,,,linear(r2=0.708),19|204|372|324|954,1.0000,0,0,
0001000110001100001010001101010000110110,40,opaque,20000,19,954,1305,0.0141,0,0,0,,0,0,0,,,linear(r2=0.708),19|204|372|324|954,1.0000,0,0,
0001000110001100001010100101010000110110,40,opaque,20000,19,954,1308,0.0071,0,0,0,,0,0,0,,,linear(r2=0.708),19|204|372|324|954,1.0000,0,0,
0001000110001100001010110100001101100010,40,opaque,20000,19,954,1728,0.0071,0,0,0,,0,0,0,,,linear(r2=0.569),19|402|804|942|954,1.0000,0,0,
0001000110001100001000101101000011011010,40,opaque,20000,19,954,1305,0.0071,0,0,0,,0,0,0,,,linear(r2=0.708),19|204|372|324|954,1.0000,0,0,
0001000110001100100100001011010000110110,40,opaque,20000,19,954,1305,0.0071,0,0,0,,0,0,0,,,linear(r2=0.708),19|204|372|324|954,1.0000,0,0,
0001000110001100100000101101000011011010,40,opaque,20000,19,954,1305,0.0071,0,0,0,,0,0,0,,,linear(r2=0.708),19|204|372|324|954,1.0000,0,0,
0100010110000011010000001011010000110110,40,ratchet-candidate,20000,19,524,1295,0.0071,0,0,0,0001011010000110110,1,141,64,2;4;8;14;22;32;44;58;74;92;112;134,10;13;16;19;22;25;28;31;34;37;40;43,linear(r2=0.317),19|299|584|635|524,0.0000,2,2,
0100011010000000011001111001011110111010,40,blowup,1633,17,505145,505145,0.5848,1,0,0,,0,0,0,,,n/a,17|191759|0|0|0,0.9988,1,0,
0100011010000000011001011110111001110110,40,monotone-growth,36,17,524368,524368,0.9722,1,0,0,,0,0,0,,,n/a,17|0|0|0|0,0.9444,1,0,
0100011010000000011100101111011100110110,40,monotone-growth,1412,17,501288,501288,0.9993,1,0,0,,0,0,0,,,n/a,17|252028|0|0|0,0.9986,1,0,
0100011010000000011100101111011100111010,40,monotone-growth,1412,17,501288,501288,0.9993,1,0,0,,0,0,0,,,n/a,17|252028|0|0|0,0.9986,1,0,
0100011010000001100001011110111001110110,40,monotone-growth,34,17,524329,524329,1.0000,1,0,0,,0,0,0,,,n/a,17|0|0|0|0,0.9412,1,0,
0100011010000001100001011110111001111010,40,blowup,55,17,620061,620061,0.4182,1,0,0,,0,0,0,,,n/a,17|0|0|0|0,0.9636,1,0,
0100011010000001100110010111011001100010,40,monotone-growth,816,19,501056,501056,1.0000,1,0,0,,0,0,0,,,n/a,19|0|0|0|0,0.9975,1,0,
0100011010000001100111001110011100111010,40,opaque,20000,18,96252,96263,0.2672,0,0,0,,0,0,0,,,linear(r2=1.000),18|5958|24746|48856|96252,0.9999,1,0,
0100011010000001100111001011101100110110,40,monotone-growth,396,18,504402,504402,1.0000,1,0,0,,0,0,0,,,n/a,18|0|0|0|0,0.9949,1,0,
0100011010000001100111001011101100111010,40,opaque,20000,18,149748,149748,0.3475,0,0,0,,0,0,0,,,linear(r2=0.999),18|9924|42026|77774|149748,0.9999,1,0,
0100011010000001100100100101110110011010,40,blowup,50,19,524319,524319,0.6800,1,0,0,,0,0,0,,,n/a,19|0|0|0|0,0.9600,1,0,
0100011010000001100101110110000110001110,40,blowup,1225,18,335007,335007,0.6678,1,0,0,,0,0,0,,,n/a,18|223482|0|0|0,0.9984,1,0,step-alloc-cap
0100011010000001100101110110000111000110,40,opaque,20000,18,21222,21519,0.0199,0,0,0,,0,0,0,,,linear(r2=1.000),18|1342|5622|10630|21222,0.9999,1,0,
0100011010000001100101110110011000001110,40,monotone-growth,32,18,524278,524278,1.0000,1,0,0,,0,0,0,,,n/a,18|0|0|0|0,0.9375,1,0,
0100011010000001100101110110011000000010,40,monotone-growth,894,19,501566,501566,1.0000,1,0,0,,0,0,0,,,n/a,19|0|0|0|0,0.9978,1,0,
0100011010000001100101110110011000011010,40,monotone-growth,894,19,501566,501566,1.0000,1,0,0,,0,0,0,,,n/a,19|0|0|0|0,0.9978,1,0,
0100011010000001100101110110011001100010,40,monotone-growth,32,19,655334,655334,1.0000,1,0,0,,0,0,0,,,n/a,19|0|0|0|0,0.9375,1,0,
0100011010000001100101110110011001001010,40,opaque,20000,19,267747,278550,0.0015,0,0,0,,0,0,0,,,linear(r2=0.837),19|7292|66981|133904|267747,0.9999,1,0,
0100011010000001100101110110011100110110,40,monotone-growth,337,18,500647,500647,1.0000,1,0,0,,0,0,0,,,n/a,18|0|0|0|0,0.9941,1,0,
0100011010000001100101110110011100111010,40,monotone-growth,337,18,500647,500647,1.0000,1,0,0,,0,0,0,,,n/a,18|0|0|0|0,0.9941,1,0,
0100011010000001100101110110010010011010,40,opaque,20000,19,267747,278550,0.0015,0,0,0,,0,0,0,,,linear(r2=0.837),19|7292|66981|133904|267747,0.9999,1,0,
0100011010000001100101110110010110100010,40,monotone-growth,32,19,655334,655334,1.0000,1,0,0,,0,0,0,,,n/a,19|0|0|0|0,0.9375,1,0,
0100011010000001100101110110010110110110,40,monotone-growth,378,18,503148,503148,1.0000,1,0,0,,0,0,0,,,n/a,18|0|0|0|0,0.9947,1,0,
0100011010000001100101110110010111010110,40,monotone-growth,277,18,500671,500671,0.9964,1,0,0,,0,0,0,,,n/a,18|0|0|0|0,0.9928,1,0,
0100011010000001100101110110010001101010,40,opaque,20000,19,40372,40373,0.5007,0,0,0,,0,0,0,,,linear(r2=1.000),19|2097|10226|20229|40372,0.9999,1,0,
0100011010000001100101110110010110001010,40,monotone-growth,32,19,655334,655334,1.0000,1,0,0,,0,0,0,,,n/a,19|0|0|0|0,0.9375,1,0,
0100011010000001100101110110010100101010,40,opaque,20000,19,267747,278550,0.0015,0,0,0,,0,0,0,,,linear(r2=0.837),19|7292|66981|133904|267747,0.9999,1,0,
0100011010000001100101110011011001110110,40,monotone-growth,560,18,500214,500214,1.0000,1,0,0,,0,0,0,,,n/a,18|0|0|0|0,0.9964,1,0,
0100011010000001100101000110101100110110,40,opaque,20000,19,237712,238015,0.0296,0,0,0,,0,0,0,,,linear(r2=1.000),19|11682|58862|117498|237712,0.9999,1,0,
0100011010000001100101000110101100111010,40,monotone-growth,742,19,500797,500797,0.9987,1,0,0,,0,0,0,,,n/a,19|0|0|0|0,0.9973,1,0,
0100011010000001100101110010010110011010,40,blowup,154,19,524415,524415,0.2208,1,0,0,,0,0,0,,,n/a,19|0|0|0|0,0.9870,1,0,
0100011010000001100101001001110110011010,40,blowup,50,19,524319,524319,0.6800,1,0,0,,0,0,0,,,n/a,19|0|0|0|0,0.9600,1,0,
0100011010000001100101010010110110011010,40,blowup,50,19,524319,524319,0.6800,1,0,0,,0,0,0,,,n/a,19|0|0|0|0,0.9600,1,0,
0100011010000001100101011101100110100010,40,monotone-growth,34,19,524367,524367,1.0000,1,0,0,,0,0,0,,,n/a,19|0|0|0|0,0.9412,1,0,
0100011010000001100100010110100110110110,40,blowup,907,19,500129,500129,0.5998,1,0,0,,0,0,0,,,n/a,19|0|0|0|0,0.9978,1,0,
0100011010000001100100010110100111010110,40,opaque,20000,19,237699,238002,0.0198,0,0,0,,0,0,0,,,linear(r2=1.000),19|11669|58849|117485|237699,0.9999,1,0,
0100011010000001100101011101100110110110,40,monotone-growth,532,18,501440,501440,1.0000,1,0,0,,0,0,0,,,n/a,18|0|0|0|0,0.9962,1,0,
0100011010000001100101011101100111010110,40,monotone-growth,477,18,502663,502663,0.9979,1,0,0,,0,0,0,,,n/a,18|0|0|0|0,0.9958,1,0,
0100011010000001100101011101100110001010,40,monotone-growth,816,19,501056,501056,1.0000,1,0,0,,0,0,0,,,n/a,19|0|0|0|0,0.9975,1,0,
0100011010000001110000110000111100111010,40,opaque,20000,18,41130,41418,0.0100,0,0,0,,0,0,0,,,linear(r2=1.000),18|2340|10580|20508|41130,0.9999,1,0,
0100011010000001110000110011110011000110,40,blowup,143,18,562795,562795,0.5944,1,0,0,,0,0,0,,,n/a,18|0|0|0|0,0.9860,1,0,
0100011010000001110000110010110001111010,40,blowup,1945,18,501009,501009,0.7429,1,0,0,,0,0,0,,,n/a,18|186885|0|0|0,0.9990,1,0,
0100011010000001110000111001111001111010,40,blowup,72,17,77298,77298,0.4306,1,0,0,,0,0,0,,,n/a,17|0|0|0|0,0.9726,1,0,step-alloc-cap
0100011010000001110000111001111001001010,40,opaque,20000,18,9230,10277,0.0026,0,0,0,,0,0,0,,,linear(r2=0.915),18|1533|4262|6390|9230,0.9999,1,0,
0100011010000001110000111001001001111010,40,opaque,20000,18,21822,22173,0.0072,0,0,0,,0,0,0,,,linear(r2=0.999),18|1382|5762|10830|21822,0.9999,1,0,
0100011010000001110000111001011110101110,40,blowup,91,17,292761,292764,0.3516,1,0,0,,0,0,0,,,n/a,17|0|0|0|0,0.9783,1,0,step-alloc-cap
0100011010000001110000111001011110100010,40,opaque,20000,18,31552,32323,0.0072,0,0,0,,0,0,0,,,linear(r2=0.999),18|2115|8757|16493|31552,0.9999,1,0,
0100011010000001110000111001011110111010,40,blowup,239,17,95503,95503,0.3640,1,0,0,,0,0,0,,,n/a,17|0|0|0|0,0.9917,1,0,step-alloc-cap
0100011010000001110000111001010010111010,40,opaque,20000,18,21822,22173,0.0072,0,0,0,,0,0,0,,,linear(r2=0.999),18|1382|5762|10830|21822,0.9999,1,0,
0100011010000001110000111100111001111010,40,blowup,258,17,512210,512210,0.5078,1,0,0,,0,0,0,,,n/a,17|0|0|0|0,0.9922,1,0,
0100011010000001110000100100111001111010,40,opaque,20000,18,21822,22173,0.0072,0,0,0,,0,0,0,,,linear(r2=0.999),18|1382|5762|10830|21822,0.9999,1,0,
0100011010000001110000101110111001111010,40,blowup,513,17,35177,35177,0.0214,1,0,0,,0,0,0,,,n/a,17|0|0|0|0,0.9961,1,0,step-alloc-cap
0100011010000001110000101110001001111010,40,opaque,20000,18,101630,101924,0.0100,0,0,0,,0,0,0,,,linear(r2=1.000),18|5490|25830|50682|101630,0.9999,1,0,
0100011010000001110000101111011001111010,40,blowup,1270,17,32906,32906,0.0087,1,0,0,,0,0,0,,,n/a,17|15298|0|0|0,0.9984,1,0,step-alloc-cap
0100011010000001110000101001011001111010,40,opaque,20000,18,21822,22173,0.0072,0,0,0,,0,0,0,,,linear(r2=0.999),18|1382|5762|10830|21822,0.9999,1,0,
0100011010000001110000101110011110101110,40,blowup,47,17,36575,36575,0.2340,1,0,0,,0,0,0,,,n/a,17|0|0|0|0,0.9583,1,0,step-alloc-cap
0100011010000001110000101110011110100010,40,opaque,20000,18,101630,101924,0.0100,0,0,0,,0,0,0,,,linear(r2=1.000),18|5490|25830|50682|101630,0.9999,1,0,
0100011010000001110011001100101110110110,40,monotone-growth,34,18,770052,770052,1.0000,1,0,0,,0,0,0,,,n/a,18|0|0|0|0,0.9412,1,0,
0100011010000001110011001011101100110110,40,monotone-growth,300,18,501030,501030,1.0000,1,0,0,,0,0,0,,,n/a,18|0|0|0|0,0.9933,1,0,
0100011010000001110011001011101100111010,40,monotone-growth,148,18,567232,567232,0.9392,1,0,0,,0,0,0,,,n/a,18|0|0|0|0,0.9865,1,0,
0100011010000001110011001000101101010110,40,opaque,20000,19,208625,208625,0.5716,0,0,0,,0,0,0,,,linear(r2=1.000),19|10489|52183|104338|208625,0.9999,1,0,
0100011010000001110011100111001110011010,40,monotone-growth,20000,18,332804,332804,1.0000,0,0,0,,0,0,0,,,linear(r2=0.997),18|43332|104272|180440|332804,0.9999,1,0,
0100011010000001110010010000111001111010,40,opaque,20000,18,21822,22173,0.0072,0,0,0,,0,0,0,,,linear(r2=0.999),18|1382|5762|10830|21822,0.9999,1,0,
0100011010000001110010111001011010110110,40,monotone-growth,58,18,655284,655284,1.0000,1,0,0,,0,0,0,,,n/a,18|0|0|0|0,0.9655,1,0,
0100011010000001001001100101110110011010,40,blowup,50,19,524319,524319,0.6800,1,0,0,,0,0,0,,,n/a,19|0|0|0|0,0.9600,1,0,
0100011010000001001001110000111001111010,40,opaque,20000,18,40923,41220,0.0100,0,0,0,,0,0,0,,,linear(r2=1.000),18|2288|10473|20360|40923,0.9999,1,0,
0100011010000001001001011010010111010110,40,blowup,16436,19,646816,646816,0.0032,1,0,0,,0,0,0,,,linear(r2=0.854),19|18624|158908|317976|0,0.9999,1,0,
0100011010000001011010010010010111010110,40,opaque,20000,19,349293,360111,0.0024,0,0,0,,0,0,0,,,linear(r2=0.848),19|9598|87135|174514|349293,0.9999,1,0,
0100011010000001011010010111010010010110,40,opaque,20000,19,205759,216724,0.0022,0,0,0,,0,0,0,,,linear(r2=0.817),19|13303|51151|102675|205759,0.9999,1,0,
0100011010000001011010010111011001100010,40,monotone-growth,816,19,501056,501056,1.0000,1,0,0,,0,0,0,,,n/a,19|0|0|0|0,0.9975,1,0,
0100011010000001011010010101110101100010,40,monotone-growth,54,19,818710,818710,0.9815,1,0,0,,0,0,0,,,n/a,19|0|0|0|0,0.9630,1,0,
0100011010000001011010010001011011010110,40,opaque,20000,19,140920,140920,0.2507,0,0,0,,0,0,0,,,linear(r2=1.000),19|7085|35422|70821|140920,0.9999,1,0,
0100011010000001011010010111001100010110,40,opaque,20000,19,481938,490983,0.0024,0,0,0,,0,0,0,,,linear(r2=0.863),19|13788|120154|240736|481938,0.9999,1,0,
0100011010000001011010010111001001010110,40,opaque,20000,19,205759,216757,0.0022,0,0,0,,0,0,0,,,linear(r2=0.817),19|13303|51151|102675|205759,0.9999,1,0,
0100011010000001011010010100100111010110,40,opaque,20000,19,349293,360111,0.0024,0,0,0,,0,0,0,,,linear(r2=0.848),19|9598|87135|174514|349293,0.9999,1,0,
0100011010000001011010010101001011010110,40,opaque,20000,19,349293,360111,0.0024,0,0,0,,0,0,0,,,linear(r2=0.848),19|9598|87135|174514|349293,0.9999,1,0,
0100011010000001011011001011101100110110,40,monotone-growth,532,18,501440,501440,1.0000,1,0,0,,0,0,0,,,n/a,18|0|0|0|0,0.9962,1,0,
0100011010000001011011001011101100111010,40,opaque,20000,18,112712,112724,0.3056,0,0,0,,0,0,0,,,linear(r2=1.000),18|6454|29198|57374|112712,0.9999,1,0,
0100011010000001011101001011101100110110,40,monotone-growth,478,18,501050,501050,0.9979,1,0,0,,0,0,0,,,n/a,18|0|0|0|0,0.9958,1,0,
0100011010000001011101001011101100111010,40,monotone-growth,1273,18,501163,501163,0.9733,1,0,0,,0,0,0,,,n/a,18|345472|0|0|0,0.9984,1,0,
0100011010000001011000100101110110011010,40,monotone-growth,34,19,524367,524367,1.0000,1,0,0,,0,0,0,,,n/a,19|0|0|0|0,0.9412,1,0,
0100011010000001010010100101110110011010,40,blowup,50,19,524319,524319,0.6800,1,0,0,,0,0,0,,,n/a,19|0|0|0|0,0.9600,1,0,
0100011010000001011100010010111011000110,40,opaque,20000,18,5030,5049,0.1250,0,0,0,,0,0,0,,,linear(r2=1.000),18|280|1280|2530|5030,0.9999,1,0,
0100011010000001010010110000111001111010,40,opaque,20000,18,40923,41220,0.0100,0,0,0,,0,0,0,,,linear(r2=1.000),18|2288|10473|20360|40923,0.9999,1,0,
0100011010000001011001001010010111010110,40,opaque,20000,19,349257,360075,0.0024,0,0,0,,0,0,0,,,linear(r2=0.848),19|9577|87105|174481|349257,0.9999,1,0,
0100011010000001010010011010010111010110,40,blowup,16436,19,646816,646816,0.0032,1,0,0,,0,0,0,,,linear(r2=0.854),19|18624|158908|317976|0,0.9999,1,0,
0100011010000001010001101010010111010110,40,blowup,16436,19,507569,507569,0.0047,1,0,0,,0,0,0,,,linear(r2=0.854),19|18624|158908|317976|0,0.9999,1,0,
0100011010000001010100101010010111010110,40,blowup,16436,19,646816,646816,0.0032,1,0,0,,0,0,0,,,linear(r2=0.854),19|18624|158908|317976|0,0.9999,1,0,
0100011010000001000110011000111001110110,40,opaque,20000,18,193350,193353,0.6667,0,0,0,,0,0,0,,,linear(r2=1.000),18|9696|48350|96696|193350,0.9999,1,0,
0100011010000001000110011100011001110110,40,opaque,20000,18,193350,193353,0.6667,0,0,0,,0,0,0,,,linear(r2=1.000),18|9696|48350|96696|193350,0.9999,1,0,
0100011010000001000101100011101001110110,40,opaque,20000,18,193350,193353,0.6667,0,0,0,,0,0,0,,,linear(r2=1.000),18|9696|48350|96696|193350,0.9999,1,0,
0100011010000001011100110011011001110110,40,monotone-growth,87,18,689647,689647,1.0000,1,0,0,,0,0,0,,,n/a,18|0|0|0|0,0.9770,1,0,
0100011010000001011100101101101001110110,40,monotone-growth,50,18,524052,524052,1.0000,1,0,0,,0,0,0,,,n/a,18|0|0|0|0,0.9600,1,0,
0100011010000001010111000000010110011010,40,blowup,121,19,524323,524323,0.4298,1,0,0,,0,0,0,,,n/a,19|0|0|0|0,0.9835,1,0,
0100011010000001011001011101100110100010,40,monotone-growth,34,19,524367,524367,1.0000,1,0,0,,0,0,0,,,n/a,19|0|0|0|0,0.9412,1,0,
0100011010000001011100001110011110100010,40,opaque,20000,18,41120,41420,0.0100,0,0,0,,0,0,0,,,linear(r2=1.000),18|2330|10570|20498|41120,0.9999,1,0,
0100011010000001010110100101110101100010,40,monotone-growth,54,19,695962,695962,0.9815,1,0,0,,0,0,0,,,n/a,19|0|0|0|0,0.9630,1,0,
0100011010000001000110000111100111010110,40,opaque,20000,18,40923,41217,0.0100,0,0,0,,0,0,0,,,linear(r2=1.000),18|2288|10473|20360|40923,0.9999,1,0,
0100011010000001000110011100101101010110,40,blowup,14287,19,500099,500099,0.3334,1,0,0,,0,0,0,,,linear(r2=1.000),19|35039|175016|350039|0,0.9999,1,0,
0100011010000001000101100111010011010110,40,blowup,12705,19,504998,504998,0.0243,1,0,0,,0,0,0,,,linear(r2=1.000),19|33653|189623|394556|0,0.9998,1,0,
0100011010000001011001011101100110110110,40,monotone-growth,532,18,501440,501440,1.0000,1,0,0,,0,0,0,,,n/a,18|0|0|0|0,0.9962,1,0,
0100011010000001011001011101100111010110,40,monotone-growth,477,18,501011,501011,0.9979,1,0,0,,0,0,0,,,n/a,18|0|0|0|0,0.9958,1,0,
0100011010000001011100101011010110110110,40,monotone-growth,47,18,858963,858963,1.0000,1,0,0,,0,0,0,,,n/a,18|0|0|0|0,0.9574,1,0,
0100011010000001010111001011010110110110,40,monotone-growth,50,18,523884,523884,1.0000,1,0,0,,0,0,0,,,n/a,18|0|0|0|0,0.9600,1,0,
0100011010000001011001011101100110001010,40,monotone-growth,816,19,501056,501056,1.0000,1,0,0,,0,0,0,,,n/a,19|0|0|0|0,0.9975,1,0,
0100011010000001011100111001110011101010,40,opaque,20000,18,105322,105322,0.2693,0,0,0,,0,0,0,,,linear(r2=0.995),18|15026|34056|57942|105322,0.9999,1,0,
0100011010000001010111001101100111011010,40,monotone-growth,531,18,503811,503811,1.0000,1,0,0,,0,0,0,,,n/a,18|0|0|0|0,0.9962,1,0,
0100011010000110000001100111100001111010,40,opaque,20000,18,10455,11502,0.0026,0,0,0,,0,0,0,,,linear(r2=0.928),18|1704|4758|7170|10455,0.9998,1,0,
0100011010000110000001100111100100111010,40,blowup,6614,18,5598,5697,0.0054,1,0,0,,0,0,0,,,linear(r2=0.799),18|1704|4758|0|0,0.9994,1,0,step-alloc-cap
0100011010000110000001100101110110011010,40,monotone-growth,36,19,524310,524310,0.9444,1,0,0,,0,0,0,,,n/a,19|0|0|0|0,0.8889,1,0,
0100011010000110000001100100011011101110,40,opaque,20000,18,31833,32184,0.0072,0,0,0,,0,0,0,,,linear(r2=0.999),18|1878|8247|15780|31833,0.9998,1,0,
0100011010000110000001100100011111010110,40,opaque,20000,18,31833,32184,0.0072,0,0,0,,0,0,0,,,linear(r2=0.999),18|1878|8247|15780|31833,0.9998,1,0,
0100011010000110000001100101001111010110,40,opaque,20000,18,31833,32184,0.0072,0,0,0,,0,0,0,,,linear(r2=0.999),18|1878|8247|15780|31833,0.9998,1,0,
0100011010000110000001110000111001111010,40,opaque,20000,18,41330,41618,0.0100,0,0,0,,0,0,0,,,linear(r2=1.000),18|2385|10680|20649|41330,0.9998,1,0,
0100011010000110000001011010010111010110,40,monotone-growth,56,19,573088,573088,0.9464,1,0,0,,0,0,0,,,n/a,19|0|0|0|0,0.9286,1,0,
0100011010000110000001000111010011110110,40,opaque,20000,18,31833,32184,0.0072,0,0,0,,0,0,0,,,linear(r2=0.999),18|1878|8247|15780|31833,0.9998,1,0,
0100011010000110000001011000110011110110,40,opaque,20000,18,121530,121824,0.0100,0,0,0,,0,0,0,,,linear(r2=1.000),18|6480|30780|60552|121530,0.9998,1,0,
0100011010000110000001010011010011110110,40,opaque,20000,18,31833,32184,0.0072,0,0,0,,0,0,0,,,linear(r2=0.999),18|1878|8247|15780|31833,0.9998,1,0,
0100011010000110000001011001111011000110,40,opaque,20000,18,121530,121824,0.0100,0,0,0,,0,0,0,,,linear(r2=1.000),18|6480|30780|60552|121530,0.9998,1,0,
0100011010000110000110000001100111110110,40,opaque,20000,18,60015,60324,0.0100,0,0,0,,0,0,0,,,linear(r2=1.000),18|3090|15015|29658|60015,0.9997,1,0,
0100011010000110000110011001110011000110,40,head-recurrent-other,117,19,609974,609974,0.6496,1,0,0,BIG:2712,20,22,2,94;114,2713;2713,n/a,19|0|0|0|0,0.0000,22,19,argsz2713->2713/statesz311353->417250
0100011010000110000110011001011000111010,40,head-recurrent-other,872,19,501839,501839,0.8050,1,0,0,,0,52,0,,,n/a,19|0|0|0|0,0.0000,342,341,head-not-lam
0100011010000110000110011100001100011110,40,ratchet-candidate,20000,18,221904,249596,0.2502,0,0,0,000110000110011100001100011110,1,13,13,1;2;9;24;55;118;245;500;1011;2034;4081;8176,13;34;73;151;307;619;1243;2491;4987;9979;19963;39931,linear(r2=0.787),18|5087|55428|111224|221904,0.0000,13,7,
0100011010000110000110011100111001100010,40,head-recurrent-other,20000,19,754,1909,0.1336,0,0,0,0010,13,17004,2,403;19957,2;2,exp(r2=0.052),19|1235|1530|1298|754,0.0000,18,15,argsz2->2/statesz1120->804
0100011010000110000110010110001100111010,40,head-recurrent-other,978,19,500410,500410,0.8047,1,0,0,,0,58,0,,,n/a,19|0|0|0|0,0.0000,383,383,head-not-lam
0100011010000110000110010101110001010110,40,ratchet-candidate,20000,19,8543,9205,0.0269,0,0,0,00011001010100100010100010,22,134,4,18260;18341;18371;18416,2;46;119;243,linear(r2=0.685),19|2426|3722|3526|8543,0.0000,31,26,
0100011010000110000110010111001100011010,40,head-recurrent-other,91,19,534147,534147,0.6484,1,0,0,00011001010101000110010101000110010100011001010001100001100101110011000110100110001101001100011010000001100101000110010100011000011001011100110001101001100011010011000110100110001101000000110010101000110010100011001010001100001100101110011000110100110001101001100011010000001100101000110010100011000011001011100110001101001100011010011000110100110001101000010001100101010001100101000110010100011000011001011100110001101001100011010011000110100000011001010001100101000110000110010111001100011010011000110100110001...TRUNC,15,15,1,40;46,675;337,n/a,19|0|0|0|0,0.0000,22,21,argsz675->337/statesz33167->32153
0100011010000110000110010101100011101010,40,head-recurrent-other,966,19,500139,500139,0.7567,1,0,0,,0,43,0,,,n/a,19|0|0|0|0,0.0000,472,471,head-not-lam
0100011010000110000111000000110011110110,40,opaque,20000,18,69255,70302,0.0026,0,0,0,,0,0,0,,,linear(r2=0.997),18|4611|19638|36810|69255,0.9997,1,0,
0100011010000110000111000011100111000110,40,ratchet-candidate,113,18,546459,546459,0.5133,1,0,0,000110000111000011100111000110,1,6,6,1;2;4;8;21;108,13;22;67;451;6535;198751,n/a,18|0|0|0|0,0.0000,4,2,
0100011010000110000111001100001100011110,40,ratchet-candidate,5408,18,527355,527355,0.2023,1,0,0,000110000111001100001100011110,6,53,4,1366;1771;2982;4194,14;20814;41636;104099,linear(r2=0.900),18|45004|366048|0|0,0.0000,13,7,
0100011010000110000111001100111001100010,40,head-recurrent-other,20000,19,2950,3844,0.1200,0,0,0,0010,16,17297,2,517;19984,2;2,exp(r2=0.119),19|2757|3550|3773|2950,0.0000,20,13,argsz2->2/statesz2729->2994
0100011010000110000111001110000110001110,40,head-recurrent-other,20000,18,54962,59847,0.1128,0,0,0,000110000111001110000110001110,11,2256,1,635;1724,285;494,linear(r2=0.976),18|5009|15615|28592|54962,0.0000,39,37,argsz285->494/statesz4238->6078
0100011010000110000111001110000111000110,40,head-recurrent-other,524,18,503117,503117,0.2824,1,0,0,000110000111001110000111000110,40,147,2,233;273,1856;5397,n/a,18|0|0|0|0,0.0000,79,79,argsz1856->5397/statesz123015->133638
0100011010000110000111001110011001100010,40,head-recurrent-other,20000,19,6329,6764,0.0766,0,0,0,0010,18,18262,2,93;19831,11;171,linear(r2=0.371),19|5367|5687|6020|6329,0.0000,24,20,argsz11->171/statesz5529->6492
0100011010000110000111001110010110001010,40,head-recurrent-other,20000,19,1940,2958,0.0825,0,0,0,0010,15,18194,2,61;19999,2;2,exp(r2=0.083),19|2833|2581|2103|1940,0.0000,27,14,argsz2->2/statesz1502->1943
0100011010000110000111001011000100111010,40,head-recurrent-other,20000,19,4036,4449,0.0589,0,0,0,0010,22,15310,2,3137;19996,2;26,linear(r2=0.565),19|1259|2772|4117|4036,0.0000,30,23,argsz2->26/statesz3199->4046
0100011010000110000111001011001110001010,40,head-recurrent-other,20000,19,10309,10824,0.0757,0,0,0,0010,19,14397,2,6978;19998,87;2,linear(r2=0.650),19|1011|2268|10639|10309,0.0000,23,17,argsz87->2/statesz10788->10315
0100011010000110000111001010110001011010,40,head-recurrent-other,20000,19,4036,4449,0.0589,0,0,0,0010,31,15310,2,3136;19973,23;117,linear(r2=0.565),19|1259|2772|4117|4036,0.0000,45,34,argsz23->117/statesz3202->4078
0100011010000110000101100010011100111010,40,head-recurrent-other,20000,19,945,1149,0.0799,0,0,0,0010,13,13755,2,222;19929,13;79,linear(r2=0.424),19|510|781|631|945,0.0000,24,16,argsz13->79/statesz586->918
0100011010000110000101110001001011101010,40,head-recurrent-other,12589,19,541218,541218,0.0451,1,0,0,0010,54,8534,2,6224;12587,13;47102,linear(r2=0.950),19|24206|131466|287022|0,0.0000,55,55,argsz13->47102/statesz270413->494140
0100011010000110000101100011100111000110,40,head-recurrent-other,186,18,505692,505692,0.4355,1,0,0,000110000101100011100111000110,8,16,2,162;184,40454;80916,n/a,18|0|0|0|0,0.0000,10,8,argsz40454->80916/statesz141567->182029
0100011010000110000101100000111100110110,40,ratchet-candidate,327,18,688071,688071,0.5229,1,0,0,000110000101100000111100110110,1,14,14,1;2;7;16;29;46;67;92;121;154;191;232,13;34;90;202;426;874;1770;3562;7146;14314;28650;57322,n/a,18|0|0|0|0,0.0000,3,1,
0100011010000110000101100000111100111010,40,head-recurrent-other,238,18,535986,535986,0.6218,1,0,0,000110000101100000111100111010,1,20,3,1;7,13;90,n/a,18|0|0|0|0,0.0000,83,82,argsz13->90/statesz27->104
0100011010000110000101100111000100111010,40,head-recurrent-other,20000,19,4858,5449,0.1320,0,0,0,0010,15,13768,2,554;16747,13;13,linear(r2=0.808),19|620|1635|1477|4858,0.0000,34,27,argsz13->13/statesz825->3644
0100011010000110000101110011000100110110,40,head-recurrent-other,20000,19,54738,62615,0.1233,0,0,0,0010,18,15899,2,1295;19905,2;2,linear(r2=0.842),19|3371|13383|27153|54738,0.0000,29,23,argsz2->2/statesz7720->54839
0100011010000110000101110011000100111010,40,head-recurrent-other,20000,19,4202,4964,0.1464,0,0,0,0010,23,15339,2,4686;19986,37;2,linear(r2=0.599),19|1434|3695|2794|4202,0.0000,29,24,argsz37->2/statesz3850->4191
0100011010000110000101011000101100111010,40,head-recurrent-other,20000,19,945,1149,0.0799,0,0,0,0010,21,13755,2,584;19931,5;13,linear(r2=0.424),19|510|781|631|945,0.0000,37,25,argsz5->13/statesz662->914
0100011010000110000101100111000111000110,40,head-recurrent-other,20000,18,41698,46339,0.4009,0,0,0,00010110010001100001011001110001110001100000011000010110011100011100011000110,23,7992,2,8243;19994,143;71,linear(r2=0.731),18|11632|22540|44284|41698,0.0000,26,24,argsz143->71/statesz46191->41658
0100011010000110000101110011100011000110,40,head-recurrent-other,891,18,501247,501247,0.5780,1,0,0,000110000101110011100011000110,55,315,1,309;348,2261;77,n/a,18|0|0|0|0,0.0000,129,128,argsz2261->77/statesz104134->95838
0100011010000110000101011100011101000110,40,ratchet-candidate,20000,18,9956,11069,0.5499,0,0,0,000110000101011100011101000110,24,487,5,7670;7790;9011;9344;9455,14;161;162;163;164,linear(r2=0.399),18|3614|9130|10528|9956,0.0000,31,25,
0100011010000110000100000110011101110110,40,opaque,20000,18,31833,32184,0.0072,0,0,0,,0,0,0,,,linear(r2=0.999),18|1878|8247|15780|31833,0.9998,1,0,
0100011010000110000101100111001100010110,40,head-recurrent-other,20000,19,19305,21953,0.0777,0,0,0,0010,33,15716,2,2083;19993,2;2,linear(r2=0.811),19|2651|10802|9489|19305,0.0000,43,31,argsz2->2/statesz5491->19320
0100011010000110000101110011001100010110,40,head-recurrent-other,20000,19,3050,4055,0.0917,0,0,0,0010,18,14801,2,41;19992,5;2,linear(r2=0.499),19|1695|1459|1131|3050,0.0000,26,12,argsz5->2/statesz1684->3072
0100011010000110000100000110011111011010,40,opaque,20000,18,31833,32184,0.0072,0,0,0,,0,0,0,,,linear(r2=0.999),18|1878|8247|15780|31833,0.9998,1,0,
0100011010000110000101100110011000111010,40,head-recurrent-other,392,19,583944,583944,0.5638,1,0,0,000110000101100110011000111010,47,128,2,333;388,15;25,n/a,19|0|0|0|0,0.0000,49,47,argsz15->25/statesz344447->344467
0100011010000110000101100111000001111010,40,head-recurrent-other,12385,18,647860,647860,0.3371,1,0,0,000101100100010110010001100001011001110000011110100000000110000101100111000001111010100000000101100100011000010110011100000111101000000001100001011001110000011110101010,23,4094,2,829;12370,78;78,linear(r2=0.918),18|36337|194773|386902|0,0.0000,33,23,argsz78->78/statesz40840->324492
0100011010000110000101110010111000101010,40,head-recurrent-other,20000,19,123819,124876,0.0403,0,0,0,0010,65,13912,2,5315;6489,13;2,linear(r2=0.997),19|9648|35766|69000|123819,0.0000,118,117,argsz13->2/statesz39654->42509
0100011010000110000101011000111000111010,40,ratchet-candidate,20000,18,14374,14885,0.5008,0,0,0,000110000101011000111000111010,1,8,8,1;2;16;83;351;1372;5222;19761,13;34;76;160;328;664;1336;2680,linear(r2=0.300),18|1383|1599|5124|14374,0.0000,17,11,
0100011010000110000101011000111000001010,40,ratchet-candidate,20000,19,2380,2740,0.2265,0,0,0,000101011000000101011000000101011000000110000101011000111000001010000010100000101000001010,1,64,64,28;63;107;160;222;293;373;462;560;667;783;908,54;64;74;84;94;104;114;124;134;144;154;164,linear(r2=0.545),19|353|397|634|2380,0.0000,6,5,
0100011010000110000101011000001000111010,40,ratchet-candidate,20000,19,374,764,0.4986,0,0,0,000110000101011000001000111010,1,8,8,1;2;14;57;203;716;2576;9455,14;24;34;44;54;64;74;84,linear(r2=0.325),19|263|407|682|374,0.0000,16,5,
0100011010000110000101011001110001011010,40,ratchet-candidate,20000,19,1098,2186,0.1480,0,0,0,000110000101011001110001011010,1,5,5,1;2;194;1277;5927,14;37;83;175;359,linear(r2=0.288),19|328|844|1112|1098,0.0000,22,8,
0100011010000110000101011100110001011010,40,ratchet-candidate,20000,19,1466,2373,0.1764,0,0,0,000101010001100001010111001100010110100110001000011000010101110011000101101010,18,13,4,5480;5545;5720;6234,2;5;8;11,exp(r2=0.174),19|637|2300|1377|1466,0.0000,26,14,
0100011010000110000101011001100011101010,40,head-recurrent-other,535,19,585095,585095,0.5327,1,0,0,000110000101011001100011101010,43,197,1,448;529,15;15,n/a,19|0|0|0|0,0.0000,45,43,argsz15->15/statesz265691->265711
0100011010000110011000000001100111110110,40,opaque,20000,18,11546,17258,0.2884,0,0,0,,0,0,0,,,linear(r2=0.945),18|1097|3975|6666|11546,0.9997,2,0,
0100011010000110011000000110000111110110,40,ratchet-candidate,1980,18,516063,516063,0.5207,1,0,0,000110011000000110000111110110,1,13,13,1;2;12;37;83;156;262;407;597;838;1136;1497,13;34;76;160;328;664;1336;2680;5368;10744;21496;43000,n/a,18|22330|0|0|0,0.0000,14,1,
0100011010000110011000000110011001111010,40,head-recurrent-other,916,19,512320,512320,0.5502,1,0,0,000110011000000110011001111010,29,91,1,283;342,22;22,n/a,19|0|0|0|0,0.0000,63,55,argsz22->22/statesz49235->67735
0100011010000110011000000110011100111010,40,head-recurrent-other,1962,19,500349,500349,1.0000,1,0,0,00000110011100111010,90,978,3,308;312,9;159,n/a,19|182939|0|0|0,0.0000,618,617,argsz9->159/statesz29539->29989
0100011010000110011000000110010111101010,40,head-recurrent-other,621,19,506043,506043,0.5556,1,0,0,000110011000000110010111101010,40,68,1,287;326,22;22,n/a,19|0|0|0|0,0.0000,66,59,argsz22->22/statesz93703->121007
0100011010000110011000000111001100111010,40,monotone-growth,422,19,505984,505984,1.0000,1,0,0,,0,0,0,,,n/a,19|0|0|0|0,0.9787,2,0,
0100011010000110011000000111001110011010,40,monotone-growth,66,19,711818,711818,1.0000,1,0,0,,0,0,0,,,n/a,19|0|0|0|0,0.8636,2,0,
0100011010000110011000000111001011101010,40,monotone-growth,82,19,656394,656394,1.0000,1,0,0,,0,0,0,,,n/a,19|0|0|0|0,0.8902,2,0,
0100011010000110011000000101110100111010,40,head-recurrent-other,2147,19,500219,500219,1.0000,1,0,0,00000101110100111010,6,1071,2,13;17,9;19,linear(r2=0.972),19|157664|0|0|0,0.0000,1026,1025,argsz9->19/statesz239->269
0100011010000110011000000101111010011010,40,head-recurrent-other,231,19,524039,524039,0.5974,1,0,0,000110011000000101111010011010,92,44,2,223;226,22;6895,n/a,19|0|0|0|0,0.0000,94,93,argsz22->6895/statesz446469->460238
0100011010000110011000011001110011000110,40,head-recurrent-other,181,19,602593,602593,0.5967,1,0,0,BIG:2374,18,47,2,102;177,2375;2375,n/a,19|0|0|0|0,0.0000,21,17,argsz2375->2375/statesz153500->372109
0100011010000110011000011001011000111010,40,head-recurrent-other,1825,19,500581,500581,0.7589,1,0,0,,0,60,0,,,n/a,19|211352|0|0|0,0.0000,473,472,head-not-lam
0100011010000110011000010110011000111010,40,head-recurrent-other,685,19,588649,588649,0.5328,1,0,0,000110011000010110011000111010,39,223,2,505;560,15;23,n/a,19|0|0|0|0,0.0000,45,42,argsz15->23/statesz171059->195626
0100011010000110011001100000011001111010,40,head-recurrent-other,1083,19,504359,504359,0.5476,1,0,0,000110011001100000011001111010,29,102,2,297;435,20;2681,n/a,19|427762|0|0|0,0.0000,61,51,argsz20->2681/statesz30512->54596
0100011010000110011001100000011100110110,40,ratchet-candidate,20000,19,107019,107019,0.5002,0,0,0,0001010100000111001101100100000111001101100000011100110110000001110011011001100101000001110011011001000001110011011000000111001101100000011100110110,10,3327,64,42;48;54;60;66;72;78;84;90;96;102;108,15;47;79;111;143;175;207;239;271;303;335;367,linear(r2=1.000),19|5675|27019|53675|107019,0.0000,12,11,
0100011010000110011001100000011100111010,40,head-recurrent-other,1960,19,501218,501218,0.5026,1,0,0,0000011100111010,2,46,1,11;95,101;7,n/a,19|249582|0|0|0,0.9500,3,0,argsz101->7/statesz193->1411
0100011010000110011001100110000110001110,40,ratchet-candidate,20000,19,28882,29201,0.3082,0,0,0,000110000100011001100110011000011000111000011000000110011001100110000110001110,10,11,4,143;221;299;463,41;79;117;155,linear(r2=0.793),19|6512|13775|19704|28882,0.0000,27,19,
0100011010000110011001000101101101000110,40,head-recurrent-other,16312,19,558566,558566,0.5007,1,0,0,000110011001000101101101000110,16,4095,2,1499;16259,15;15,linear(r2=0.941),19|34422|134248|269233|0,0.0000,23,12,argsz15->15/statesz55971->429864
0100011010000110011001000101110101000110,40,head-recurrent-other,20000,19,70869,76137,0.6004,0,0,0,000110011001000101110101000110,15,8010,2,599;19996,15;15,linear(r2=0.924),19|8306|27325|33275|70869,0.0000,25,13,argsz15->15/statesz8963->70901
0100011010000110011001011001011000101010,40,head-recurrent-other,12077,20,504048,504048,0.1271,1,0,0,0010,33,10542,2,1392;12057,2;2,linear(r2=0.976),20|44494|229194|363144|0,0.0000,46,28,argsz2->2/statesz61723->455483
0100011010000110010110001000011100111010,40,head-recurrent-other,20000,19,45545,46748,0.0332,0,0,0,0010,20,13131,2,882;19992,14;2,linear(r2=0.134),19|44600|46241|46112|45545,0.0000,28,17,argsz14->2/statesz44411->45566
0100011010000110010110001100001100111010,40,head-recurrent-other,2366,19,500250,500250,0.9797,1,0,0,000110010110001100001100111010,1,50,2,1;2,14;50,linear(r2=0.974),19|140363|0|0|0,0.0000,1135,1135,argsz14->50/statesz29->65
0100011010000110010001100011001001100010,40,ratchet-candidate,20000,19,373,934,0.4004,0,0,0,000110010001100011001001100010,1,12,12,1;2;8;24;60;136;292;608;1244;2520;5076;10192,14;24;34;44;54;64;74;84;94;104;114;124,linear(r2=0.314),19|269|173|273|373,0.0000,13,6,
0100011010000110010001011000101001001010,40,ratchet-candidate,20000,20,499,870,0.1825,0,0,0,000110010001011000101001001010,1,11,11,1;2;14;48;126;292;634;1328;2726;5532;11154,15;26;37;48;59;70;81;92;103;114;125,linear(r2=0.335),20|324|293|387|499,0.0000,23,11,
0100011010000110010110010110001010011010,40,head-recurrent-other,12141,20,553346,553346,0.1265,1,0,0,0010,27,10605,2,929;12087,2;2,linear(r2=0.924),20|39049|157034|315304|0,0.0000,39,19,argsz2->2/statesz39217->310348
0100011010000110010000000110011111011010,40,blowup,171,18,516315,516315,0.0877,1,0,0,,0,0,0,,,n/a,18|0|0|0|0,0.9708,2,0,
0100011010000110010110000001110011011010,40,ratchet-candidate,20000,19,106869,106869,0.5001,0,0,0,0001010100000111001101100100000111001101100000011100110110000001110011011001100101000001110011011001000001110011011000000111001101100000011100110110,6,3329,64,30;36;42;48;54;60;66;72;78;84;90;96,23;55;87;119;151;183;215;247;279;311;343;375,linear(r2=1.000),19|5525|26869|53525|106869,0.0000,9,7,
0100011010000110010110000001110011101010,40,head-recurrent-other,3346,19,525836,525836,0.5777,1,0,0,0000011100111010,2,1414,1,12;36,62;14,linear(r2=0.942),19|124186|0|0|0,0.0000,515,511,argsz62->14/statesz154->403
0100011010000110010110011001011000101010,40,head-recurrent-other,16166,20,689056,689056,0.1266,1,0,0,0010,35,14119,2,1897;16114,2;2,linear(r2=0.953),20|41624|205089|339039|0,0.0000,48,28,argsz2->2/statesz84958->446052
0100011010000110010110010110011000101010,40,head-recurrent-other,20000,20,28244,29464,0.1406,0,0,0,0010,21,17190,2,1195;19952,5;56,linear(r2=0.766),20|6359|19954|26934|28244,0.0000,30,25,argsz5->56/statesz8834->28273
0100011010000110010101100101100010101010,40,head-recurrent-other,12141,20,553346,553346,0.1265,1,0,0,0010,36,10605,2,1433;12088,8;2,linear(r2=0.924),20|39049|157034|315304|0,0.0000,49,28,argsz8->2/statesz68350->310345
0100011010000100100001100101110110011010,40,blowup,51,19,524316,524316,0.6667,1,0,0,,0,0,0,,,n/a,19|0|0|0|0,0.9412,1,0,
0100011010000100100001110000111001111010,40,opaque,20000,18,40923,41220,0.0100,0,0,0,,0,0,0,,,linear(r2=1.000),18|2288|10473|20360|40923,0.9999,1,0,
0100011010000100100001011010010111010110,40,blowup,16437,19,646813,646813,0.0032,1,0,0,,0,0,0,,,linear(r2=0.854),19|18624|158908|317976|0,0.9998,1,0,
0100011010000100011010010110000000001010,40,ratchet-candidate,20000,20,61660,90113,0.3342,0,0,0,00011010,1,12,12,0;2;10;30;74;166;354;734;1498;3030;6098;12238,15;37;81;169;345;697;1401;2809;5625;11257;22521;45049,linear(r2=0.745),20|4652|15300|30744|61660,0.0000,25,14,
0100011010000100011010010110000110001010,40,ratchet-candidate,20000,20,35936,45057,0.1438,0,0,0,00011010,1,11,11,0;2;18;62;162;374;810;1694;3474;7046;14202,15;37;81;169;345;697;1401;2809;5625;11257;22521,linear(r2=0.763),20|2516|8856|17876|35936,0.0000,23,9,
0100011010000100011010010110011000001010,40,ratchet-candidate,20000,20,16878,17567,0.3341,0,0,0,00011010,1,6,6,0;2;34;246;1538;9310,15;51;159;483;1455;4371,linear(r2=0.740),20|1236|4470|9226|16878,0.0000,28,26,
0100011010000101100010000111001011101010,40,head-recurrent-other,20000,19,16649,17276,0.0522,0,0,0,0010,48,13737,2,688;19996,2;46,linear(r2=0.123),19|16863|16696|16963|16649,0.0000,57,49,argsz2->46/statesz17074->16658
0100011010000101100010011000011100111010,40,head-recurrent-other,20000,19,3266,3785,0.0408,0,0,0,0010,17,12868,2,946;19998,110;2,exp(r2=0.119),19|3602|3512|3398|3266,0.0000,25,16,argsz110->2/statesz3545->3272
0100011010000101100010011000010111010110,40,head-recurrent-other,20000,19,169526,183965,0.0006,0,0,0,0010,42,11392,2,1926;3555,11;2,linear(r2=0.860),19|11099|42251|84671|169526,0.0000,80,75,argsz11->2/statesz22526->18338
0100011010000101100010011001011000001010,40,ratchet-candidate,20000,20,42774,81913,0.1998,0,0,0,000101100010011001011000001010,1,11,11,1;9;27;65;143;301;619;1257;2535;5093;10211,15;35;75;155;315;635;1275;2555;5115;10235;20475,linear(r2=0.568),20|3607|10630|21334|42774,0.0000,23,10,
0100011010000100011101000000110011110110,40,opaque,20000,18,60624,60921,0.0100,0,0,0,,0,0,0,,,linear(r2=1.000),18|3234|15324|30090|60624,0.9997,1,0,
0100011010000101100011000000111100110110,40,ratchet-candidate,108,18,708699,708699,0.1296,1,0,0,000101100011000000111100110110,1,11,11,1;8;11;16;23;32;43;56;71;88;107,13;19;46;121;340;991;2938;8773;26272;78763;236230,n/a,18|0|0|0|0,0.0000,3,1,
0100011010000101100011000000101111010110,40,head-recurrent-other,20000,18,10425,11730,0.0100,0,0,0,000101100011000000101111010110,2,5,3,2;8,14;21,linear(r2=0.997),18|660|2725|5596|10425,0.9991,3,0,argsz14->21/statesz48->55
0100011010000101100011000011000011110110,40,ratchet-candidate,20000,18,753,3492,0.6666,0,0,0,000110000100011000010001100001000110000100011000010001100001000110000100011000010001100001000101100011000011000011110110110110110110110110110110110,1,114,64,146;179;215;254;296;341;389;440;494;551;611;674,73;79;85;91;97;103;109;115;121;127;133;139,linear(r2=0.321),18|774|657|2406|753,0.0000,3,1,
0100011010000101100011000011001011101010,40,head-recurrent-other,1012,19,500176,500176,0.9407,1,0,0,000101100011000011001011101010,2,32,2,2;4,15;22,n/a,19|489706|0|0|0,0.0000,861,861,argsz15->22/statesz52->59
0100011010000101100011000010110110001110,40,ratchet-candidate,341,18,622612,622612,0.0469,1,0,0,000101100011000010110110001110,2,14,14,2;4;10;20;34;52;74;100;130;164;202;244,14;33;71;147;299;603;1211;2427;4859;9723;19451;38907,n/a,18|0|0|0|0,0.0000,4,2,
0100011010000101100011000010111010001110,40,ratchet-candidate,20000,18,216260,311316,0.2504,0,0,0,000101100011000010111010001110,2,13,13,2;4;10;24;54;116;242;496;1006;2028;4074;8168,14;33;71;147;299;603;1211;2427;4859;9723;19451;38907,linear(r2=0.786),18|5036|54080|108376|216260,0.0000,15,10,
0100011010000101100011000010101110101010,40,head-recurrent-other,3997,19,500251,500251,0.5059,1,0,0,000101100011000010101110101010,2,89,2,2;4,15;22,linear(r2=0.973),19|65633|0|0|0,0.0000,1978,1977,argsz15->22/statesz52->59
0100011010000101100011001011010000110110,40,head-recurrent-other,20000,19,32200,32991,0.0072,0,0,0,00011000000101100011001011010000110110,22,278,1,394;395,18;15,linear(r2=0.999),19|2135|8543|17018|32200,0.0000,144,144,argsz18->15/statesz1043->1040
0100011010000101100011001011000001000110,40,head-recurrent-other,20000,19,249949,292686,0.2507,0,0,0,000101100011001011000001000110,17,5014,2,2013;19971,38;346,linear(r2=0.903),19|16675|62185|124796|249949,0.0000,25,18,argsz38->346/statesz33596->250108
0100011010000101100011001011001101000110,40,head-recurrent-other,476,19,500557,500557,0.2689,1,0,0,000101100011001011001101000110,9,127,2,109;465,66;16,n/a,19|0|0|0|0,0.0000,13,7,argsz66->16/statesz28386->159329
0100011010000101001101000000110011110110,40,opaque,20000,18,60624,62121,0.0100,0,0,0,,0,0,0,,,linear(r2=1.000),18|3234|15324|30090|60624,0.9997,2,0,
0100011010000101100000100110011000001110,40,ratchet-candidate,20000,19,95747,174085,0.3334,0,0,0,000101100000100110011000001110,1,12,12,1;7;19;43;91;187;379;763;1531;3067;6139;12283,14;31;65;133;269;541;1085;2173;4349;8701;17405;34813,linear(r2=0.746),19|7412|24075|47765|95747,0.0000,14,9,
0100011010000100011001101001011000001010,40,head-recurrent-other,20000,20,444342,449887,0.1684,0,0,0,000010,38,6653,2,2233;18245,3;3,linear(r2=0.890),20|15110|110430|221730|444342,0.0000,53,44,argsz3->3/statesz55731->245431
0100011010000101011000101000011100111010,40,head-recurrent-other,20000,19,3266,3785,0.0408,0,0,0,0010,24,12868,2,1476;19999,254;2,exp(r2=0.119),19|3602|3512|3398|3266,0.0000,38,23,argsz254->2/statesz3470->3269
0100011010000101011000101001011000001010,40,ratchet-candidate,20000,20,42774,81913,0.1998,0,0,0,000101011000101001011000001010,1,11,11,1;9;27;65;143;301;619;1257;2535;5093;10211,15;35;75;155;315;635;1275;2555;5115;10235;20475,linear(r2=0.568),20|3607|10630|21334|42774,0.0000,25,11,
0100011010000100011100110100110011000110,40,head-recurrent-other,4585,19,515245,515245,0.6696,1,0,0,000100011100110100110011000110,23,1535,2,1137;4539,31;15,linear(r2=0.983),19|92082|0|0|0,0.0000,28,19,argsz31->15/statesz165053->368050
0100011010000101100110001100101101000110,40,head-recurrent-other,1724,19,501673,501673,0.2593,1,0,0,000101100110001100101101000110,25,446,2,719;1720,50;16,n/a,19|259562|0|0|0,0.0000,31,24,argsz50->16/statesz148478->439738
0100011010000101011000001010010110001010,40,ratchet-candidate,20000,20,62197,77818,0.0011,0,0,0,000101011000001010010110001010,1,11,11,1;7;27;75;179;395;835;1723;3507;7083;14243,15;34;72;148;300;604;1212;2428;4860;9724;19452,linear(r2=0.763),20|4414|15403|30992|62197,0.0000,25,12,
0100011010000100011100001110110011000110,40,head-recurrent-other,20000,18,145700,307197,0.6671,0,0,0,000100011100001110110011000110,6,6671,2,182;19927,14;14,linear(r2=0.551),18|2675|36841|72856|145700,0.0000,12,10,argsz14->14/statesz957->146037
0100011010000100011100110011010011000110,40,head-recurrent-other,6106,19,506725,506725,0.6697,1,0,0,000100011100110011010011000110,21,2044,2,1121;6083,15;15,linear(r2=0.975),19|67380|414333|0|0,0.0000,27,18,argsz15->15/statesz103325->408557
0100011010000100011100101101010011000110,40,head-recurrent-other,6119,19,654589,654589,0.6689,1,0,0,000100011100101101010011000110,23,2046,2,1524;6072,63;15,linear(r2=0.950),19|80241|365759|0|0,0.0000,28,19,argsz63->15/statesz163053->359947
0100011010000100011100101110101000001110,40,ratchet-candidate,2028,18,944784,944784,0.5049,1,0,0,000100011100101110101000001110,1,10,10,1;3;9;23;53;115;241;495;1005;2027,13;45;141;429;1293;3885;11661;34989;104973;314925,linear(r2=0.964),18|105068|0|0|0,0.0000,17,1,
0100011010000100010110110011011001100010,40,ratchet-candidate,20000,19,65422,73721,0.1260,0,0,0,000100010110110011011001100010,1,11,11,1;11;37;95;217;467;973;1991;4033;8123;16309,14;32;68;140;284;572;1148;2300;4604;9212;18428,linear(r2=0.707),19|4546|16256|32642|65422,0.0000,25,11,
0100011010000100010111010011101000001110,40,ratchet-candidate,20000,18,116526,147457,0.5007,0,0,0,000100010111010011101000001110,1,12,12,1;7;21;51;113;239;493;1003;2025;4071;8165;16355,13;29;61;125;253;509;1021;2045;4093;8189;16381;32765,linear(r2=0.727),18|2100|29310|58228|116526,0.0000,14,7,
0100011010000100010111001110101000001110,40,head-recurrent-other,20000,18,313124,344049,0.5007,0,0,0,000100010111001110101000001110,18,5007,2,1007;19935,15;15,linear(r2=0.830),18|8238|78452|156526|313124,0.0000,27,20,argsz15->15/statesz20459->313355
0100011010000100000111000011110110011010,40,opaque,20000,18,193376,193376,0.6667,0,0,0,,0,0,0,,,linear(r2=1.000),18|9696|48376|96696|193376,0.9999,1,0,
0100011010000100000111001100110110011010,40,monotone-growth,42,19,524288,524288,1.0000,1,0,0,,0,0,0,,,n/a,19|0|0|0|0,0.9286,1,0,
0100011010000100000111001100111010011010,40,monotone-growth,42,19,524288,524288,1.0000,1,0,0,,0,0,0,,,n/a,19|0|0|0|0,0.9286,1,0,
0100011010000100000111001110011010011010,40,monotone-growth,42,19,524288,524288,1.0000,1,0,0,,0,0,0,,,n/a,19|0|0|0|0,0.9286,1,0,
0100011010000100000111001011010110011010,40,monotone-growth,42,19,524288,524288,1.0000,1,0,0,,0,0,0,,,n/a,19|0|0|0|0,0.9286,1,0,
0100011010000100000111001011011010011010,40,monotone-growth,42,19,524288,524288,1.0000,1,0,0,,0,0,0,,,n/a,19|0|0|0|0,0.9286,1,0,
0100011010000100000111001011101010011010,40,monotone-growth,42,19,524288,524288,1.0000,1,0,0,,0,0,0,,,n/a,19|0|0|0|0,0.9286,1,0,
0100011010000100000101110011010110011010,40,monotone-growth,54,19,524858,524858,0.9815,1,0,0,,0,0,0,,,n/a,19|0|0|0|0,0.9444,1,0,
0100011010000100000101110011011010011010,40,monotone-growth,548,19,500021,500021,1.0000,1,0,0,,0,0,0,,,n/a,19|0|0|0|0,0.9945,1,0,
0100011010000100000101110011101010011010,40,monotone-growth,548,19,500021,500021,1.0000,1,0,0,,0,0,0,,,n/a,19|0|0|0|0,0.9945,1,0,
0100011010000101100000000111110110011010,40,head-recurrent-other,379,18,786552,786552,0.0739,1,0,0,000101100000000111110110011010,1,4,3,1;10,13;42,n/a,18|0|0|0|0,0.9657,3,0,argsz13->42/statesz27->56
0100011010000101100000011100111010011010,40,head-recurrent-other,20000,19,254104,254107,0.5295,0,0,0,0000011100111010,2,5,1,5;9,23;7,linear(r2=1.000),19|12748|63568|127072|254104,0.9994,3,0,argsz23->7/statesz61->85
0100011010000101100000010111101010011010,40,head-recurrent-other,200,19,510500,510500,0.5500,1,0,0,000101100000010111101010011010,91,19,1,181;181,13811;13811,n/a,19|0|0|0|0,0.0000,101,100,argsz13811->13811/statesz358508->358508
0100011010000101100001110000011110011010,40,head-recurrent-other,975,18,830081,830081,0.2615,1,0,0,000101100001110000011110011010,10,254,2,162;964,15;15,n/a,18|0|0|0|0,0.0000,15,8,argsz15->15/statesz20456->305888
0100011010000101100001011100010110011010,40,head-recurrent-other,1695,19,916541,916541,0.1504,1,0,0,0010,12,960,2,117;1679,9;2,n/a,19|138952|0|0|0,0.0000,21,8,argsz9->2/statesz5629->337733
0100011010000101100110011000001110011010,40,head-recurrent-other,9170,19,643560,643560,0.3350,1,0,0,000101100110011000001110011010,34,3071,2,1500;9160,16;16,linear(r2=0.945),19|48098|319104|0|0,0.0000,43,32,argsz16->16/statesz99620->382524
0100011010000101100110010110001010011010,40,head-recurrent-other,20000,20,437869,446821,0.1260,0,0,0,0010,40,17481,2,2954;19996,11;2,linear(r2=0.962),20|27259|108824|218484|437869,0.0000,54,39,argsz11->2/statesz89392->437876
0100011010000100011100101100011101000110,40,ratchet-candidate,2028,18,915261,915261,0.5049,1,0,0,000100011100101100011101000110,1,10,10,1;3;9;23;53;115;241;495;1005;2027,13;44;137;416;1253;3764;11297;33896;101693;305084,linear(r2=0.964),18|101880|0|0|0,0.0000,10,1,
0100011010000100011100101100000101000110,40,ratchet-candidate,20000,19,238955,268774,0.5006,0,0,0,000100011100101100000101000110,1,13,13,1;3;9;23;53;115;241;495;1005;2027;4073;8167,14;35;77;161;329;665;1337;2681;5369;10745;21497;43001,linear(r2=0.787),19|5486|59644|119400|238955,0.0000,14,8,
0100011010000100011100101100110101000110,40,ratchet-candidate,496,19,535217,535217,0.5161,1,0,0,000100011100101100110101000110,1,8,8,1;3;9;23;53;115;241;495,14;63;259;1043;4179;16723;66899;267603,n/a,19|0|0|0|0,0.0000,8,1,
0100011010000100011100101110001101000110,40,ratchet-candidate,2028,18,915261,915261,0.5049,1,0,0,000100011100101110001101000110,1,10,10,1;3;9;23;53;115;241;495;1005;2027,13;44;137;416;1253;3764;11297;33896;101693;305084,linear(r2=0.964),18|101785|0|0|0,0.0000,17,1,
0100011010000100011100101011010101000110,40,ratchet-candidate,3817,19,535217,535217,0.5732,1,0,0,000100011100101011010101000110,1,8,8,1;3;12;42;135;417;1266;3816,14;63;259;1043;4179;16723;66899;267603,linear(r2=0.839),19|69623|0|0|0,0.0000,14,1,
0100011010000100010110100101101101000110,40,ratchet-candidate,1262,19,524878,524878,0.4065,1,0,0,000100010110100101101101000110,1,9,9,1;4;12;30;68;146;304;622;1260,14;46;142;430;1294;3886;11662;34990;104974,n/a,19|110344|0|0|0,0.0000,9,1,
0100011010000100010110100101110101000110,40,ratchet-candidate,13115,19,524878,524878,0.5004,1,0,0,000100010110100101110101000110,1,9,9,1;4;15;50;157;480;1451;4366;13113,14;46;142;430;1294;3886;11662;34990;104974,linear(r2=0.557),19|13496|137488|117488|0,0.0000,16,1,
0100011010000100010110110010110101000110,40,ratchet-candidate,1262,19,541278,541278,0.4065,1,0,0,000100010110110010110101000110,1,9,9,1;4;12;30;68;146;304;622;1260,14;47;146;443;1334;4007;12026;36083;108254,n/a,19|113789|0|0|0,0.0000,9,1,
0100011010000100010110001110011101000110,40,ratchet-candidate,20000,18,170712,245758,0.5003,0,0,0,000100010110001110011101000110,1,13,13,1;4;11;26;57;120;247;502;1013;2036;4083;8178,13;28;58;118;238;478;958;1918;3838;7678;15358;30718,linear(r2=0.787),18|4019|42691|85364|170712,0.0000,14,7,
0100011010000100010110000010011101000110,40,ratchet-candidate,20000,19,182093,204804,0.5003,0,0,0,000100010110000010011101000110,1,13,13,1;4;11;26;57;120;247;502;1013;2036;4083;8178,14;30;62;126;254;510;1022;2046;4094;8190;16382;32766,linear(r2=0.787),19|4287|45524|91055|182093,0.0000,14,7,
0100011010000100010110011010011101000110,40,ratchet-candidate,20000,19,182093,327678,0.5003,0,0,0,000100010110011010011101000110,1,13,13,1;4;11;26;57;120;247;502;1013;2036;4083;8178,14;30;62;126;254;510;1022;2046;4094;8190;16382;32766,linear(r2=0.787),19|4287|45554|91055|182093,0.0000,14,7,
0100011010000100010111001110001101000110,40,head-recurrent-other,20000,18,313111,344035,0.5007,0,0,0,000100010111001110001101000110,18,5007,2,1007;19935,15;15,linear(r2=0.830),18|8229|78441|156513|313111,0.0000,27,20,argsz15->15/statesz20450->313342
0100011010000100010111001011010101000110,40,head-recurrent-other,13107,19,595394,595394,0.5007,1,0,0,000100010111001011010101000110,13,3281,2,1460;12945,48;16,linear(r2=0.667),19|19896|179775|175247|0,0.0000,17,9,argsz48->16/statesz60116->163047
0100011010000100010101101001110101000110,40,head-recurrent-other,20000,19,20279,24558,0.4449,0,0,0,000100010101101001110101000110,14,4448,2,1633;19971,15;127,linear(r2=0.815),19|2490|10196|10000|20279,0.0000,20,17,argsz15->127/statesz5101->20095
0100011010000101100001110011000111000110,40,head-recurrent-other,3260,18,668958,668958,0.3356,1,0,0,000101100001110011000111000110,26,1093,2,1086;3256,63;15,linear(r2=0.967),18|117369|0|0|0,0.0000,31,25,argsz63->15/statesz156029->468286
0100011010000101100001110011100011000110,40,head-recurrent-other,20000,18,329928,339982,0.2880,0,0,0,000101100001110011100011000110,28,5760,1,374;518,386;85,linear(r2=0.999),18|21056|86155|172016|329928,0.0000,159,158,argsz386->85/statesz10645->10580
0100011010000101100110011001100011000110,40,head-recurrent-other,20000,19,152858,154904,0.4008,0,0,0,000101100110011001100011000110,42,8016,2,6347;19065,15;16,linear(r2=0.936),19|20822|61491|85363|152858,0.0000,49,48,argsz15->16/statesz76074->122271
0100011010000101100101100110001101000110,40,head-recurrent-other,20000,19,113260,118318,0.4006,0,0,0,000101100101100110001101000110,35,8011,2,3625;16366,15;16,linear(r2=0.929),19|13726|47109|55873|113260,0.0000,43,38,argsz15->16/statesz47675->93807
0100011010000100000110010111011001101010,40,blowup,51,19,524316,524316,0.6667,1,0,0,,0,0,0,,,n/a,19|0|0|0|0,0.9412,1,0,
0100011010000100000111000011100111101010,40,opaque,20000,18,40923,41217,0.0100,0,0,0,,0,0,0,,,linear(r2=1.000),18|2288|10473|20360|40923,0.9999,1,0,
0100011010000100000101101001011101011010,40,blowup,16437,19,646813,646813,0.0032,1,0,0,,0,0,0,,,linear(r2=0.854),19|18624|158908|317976|0,0.9998,1,0,
0100011010000100011000000110011111011010,40,opaque,20000,18,60624,60921,0.0100,0,0,0,,0,0,0,,,linear(r2=1.000),18|3234|15324|30090|60624,0.9997,1,0,
0100011010000100011100000011001111011010,40,opaque,20000,18,60624,60921,0.0100,0,0,0,,0,0,0,,,linear(r2=1.000),18|3234|15324|30090|60624,0.9997,1,0,
0100011010000101100000011001100000111010,40,ratchet-candidate,20000,19,95615,104455,0.3346,0,0,0,000110011000001110,1,12,12,6;15;33;69;141;285;573;1149;2301;4605;9213;18429,14;31;65;133;269;541;1085;2173;4349;8701;17405;34813,linear(r2=0.765),19|3032|23943|47765|95615,0.0000,14,9,
0100011010000101100000011001110011101010,40,head-recurrent-other,2004,19,500059,500059,1.0000,1,0,0,00000110011100111010,82,997,3,279;283,9;139,linear(r2=0.969),19|172519|0|0|0,0.0000,632,632,argsz9->139/statesz20394->20784
0100011010000101100000011100110011101010,40,head-recurrent-other,468,19,508829,508829,1.0000,1,0,0,00000111001100111010,2,5,1,5;9,29;9,n/a,19|0|0|0|0,0.9744,3,0,argsz29->9/statesz54->159
0100011010000101100000011100101101011010,40,ratchet-candidate,59,19,737279,737279,1.0000,1,0,0,00010101000001110010110101100000011100101101011000000111001011010110010110100101000001110010110101100000011100101101011000000111001011010110,1,14,14,6;10;14;18;22;26;30;34;38;42;46;50,14;59;149;329;689;1409;2849;5729;11489;23009;46049;92129,n/a,19|0|0|0|0,0.0000,3,1,
0100011010000101100000011100101101101010,40,ratchet-candidate,59,19,737279,737279,1.0000,1,0,0,00010101000001110010110110100000011100101101101000000111001011011010010110010100000111001011011010000001110010110110100000011100101101101010,1,14,14,6;10;14;18;22;26;30;34;38;42;46;50,14;59;149;329;689;1409;2849;5729;11489;23009;46049;92129,n/a,19|0|0|0|0,0.0000,3,1,
0100011010000101100000011100101110101010,40,ratchet-candidate,59,19,737279,737279,1.0000,1,0,0,00010101000001110010111010100000011100101110101000000111001011101010010101010000011100101110101000000111001011101010000001110010111010101010,1,14,14,6;10;14;18;22;26;30;34;38;42;46;50,14;59;149;329;689;1409;2849;5729;11489;23009;46049;92129,n/a,19|0|0|0|0,0.0000,3,1,
0100011010000101100000010111010011101010,40,head-recurrent-other,2137,19,500024,500024,1.0000,1,0,0,00000101110100111010,3,1067,2,3;7,9;19,linear(r2=0.972),19|159719|0|0|0,0.0000,1023,1022,argsz9->19/statesz44->74
0100011010000101100001100110011000111010,40,head-recurrent-other,6165,19,538837,538837,0.5041,1,0,0,000101100001100110011000111010,38,1033,2,812;3095,23;24550,linear(r2=0.887),19|88940|351634|0|0,0.0000,49,40,argsz23->24550/statesz90452->317755
0100011010000101100001100111000001111010,40,head-recurrent-other,20000,18,155683,172003,0.3326,0,0,0,000101100001100111000001111010,16,6651,2,1169;19999,15;15,linear(r2=0.668),18|5089|39009|77887|155683,0.0000,25,17,argsz15->15/statesz10212->155644
0100011010000101100001100111001100011010,40,head-recurrent-other,138,19,627434,627434,0.6087,1,0,0,BIG:2374,19,31,2,97;115,9503;2375,n/a,19|0|0|0|0,0.0000,21,18,argsz9503->2375/statesz273071->251687
0100011010000101100001100101100011101010,40,head-recurrent-other,1835,19,500091,500091,0.7548,1,0,0,,0,59,0,,,n/a,19|208454|0|0|0,0.0000,484,484,head-not-lam
0100011010000101100110000001100111101010,40,head-recurrent-other,1190,19,504320,504320,0.5403,1,0,0,0001100100010110011000000110011110101010,29,170,2,310;450,20;20,n/a,19|321800|0|0|0,0.0000,63,53,argsz20->20/statesz23830->43900
0100011010000101100110000001110011011010,40,ratchet-candidate,20000,19,106732,106735,0.5001,0,0,0,0001010100000111001101100100000111001101100000011100110110000001110011011001100101000001110011011001000001110011011000000111001101100000011100110110,3,3332,64,9;15;21;27;33;39;45;51;57;63;69;75,30;62;94;126;158;190;222;254;286;318;350;382,linear(r2=1.000),19|5412|26732|53412|106732,0.0000,5,4,
0100011010000101100110000001110011101010,40,head-recurrent-other,1508,19,501147,501147,0.5020,1,0,0,0000011100111010,3,752,2,18;1505,110;7,n/a,19|322392|0|0|0,0.0000,5,2,argsz110->7/statesz156->499321
0100011010000101100110000110011000111010,40,head-recurrent-other,20000,19,347908,404884,0.5011,0,0,0,000110011000000101100110000110011000111010,27,3340,2,2277;18348,21;21,linear(r2=0.930),19|17338|86378|173557|347908,0.0000,37,33,argsz21->21/statesz44482->269908
0100011010000101100110011001100000111010,40,head-recurrent-other,6081,19,529863,529863,0.3366,1,0,0,000101100110011001100000111010,42,2046,2,913;3014,16;17401,linear(r2=0.944),19|80154|361946|0|0,0.0000,57,47,argsz16->17401/statesz80647->177442
0100011010000101100110011001011000101010,40,head-recurrent-other,16166,20,592021,592021,0.1266,1,0,0,0010,53,14119,2,2907;16145,2;2,linear(r2=0.959),20|35729|180984|290629|0,0.0000,67,47,argsz2->2/statesz100933->397569
0100011010000101100110010110000000101010,40,head-recurrent-other,12219,20,622892,622892,0.2514,1,0,0,000101100110010110000000101010,42,3071,1,1994;12094,4;4,linear(r2=0.942),20|47684|187821|376538|0,0.0000,53,32,argsz4->4/statesz96154->365546
0100011010000101100110010110011000101010,40,head-recurrent-other,20000,20,24774,25994,0.1406,0,0,0,0010,26,17190,3,1530;19894,5;164,linear(r2=0.785),20|5244|16484|23464|24774,0.0000,35,31,argsz5->164/statesz8469->24857
0100011010000101100101100110000011101010,40,head-recurrent-other,6866,19,504131,504131,0.3356,1,0,0,000101100101100110000011101010,40,2303,2,1118;4556,16;16,linear(r2=0.963),19|58823|405942|0|0,0.0000,53,44,argsz16->16/statesz101637->234403
0100011010000101100101100101100010101010,40,head-recurrent-other,16230,20,543854,543854,0.1262,1,0,0,0010,48,14182,2,2954;16208,14;2,linear(r2=0.935),20|33154|132929|266894|0,0.0000,62,41,argsz14->2/statesz113497->446655
0100011010000101011001100011000011011010,40,head-recurrent-other,20000,19,32118,33326,0.0072,0,0,0,00011000000101011001100011000011011010,10,277,1,7;17,19;15,linear(r2=0.999),19|2354|9113|16936|32118,0.0000,148,147,argsz19->15/statesz272->277
0100011010000101011000000111001101101010,40,ratchet-candidate,20000,19,106696,106696,0.5001,0,0,0,0001010100000111001101100100000111001101100000011100110110000001110011011001100101000001110011011001000001110011011000000111001101100000011100110110,2,3332,64,10;16;22;28;34;40;46;52;58;64;70;76,14;46;78;110;142;174;206;238;270;302;334;366,linear(r2=1.000),19|5376|26696|53376|106696,0.0000,5,3,
0100011010000101011000000111001110101010,40,head-recurrent-other,1376,19,500153,500153,0.6228,1,0,0,0000011100111010,2,519,1,19;77,94;14,n/a,19|360590|0|0|0,0.0000,1004,1003,argsz94->14/statesz117->902
0100011010000101011000011001100011101010,40,head-recurrent-other,20000,19,70828,78276,0.5007,0,0,0,000110011000000101011000011001100011101010,26,4993,2,1503;19937,65;21,linear(r2=0.807),19|7853|36955|31191|70828,0.0000,38,31,argsz65->21/statesz18873->69865
0100011010000101011001100101100010101010,40,head-recurrent-other,20000,20,437869,446821,0.1260,0,0,0,0010,58,17481,2,2956;19941,2;300,linear(r2=0.962),20|27259|108824|218484|437869,0.0000,76,61,argsz2->300/statesz89386->438006
0100011010010010000001100101110110011010,40,blowup,51,19,524316,524316,0.6667,1,0,0,,0,0,0,,,n/a,19|0|0|0|0,0.9412,2,0,
0100011010010010000001110000111001111010,40,opaque,20000,18,40923,41217,0.0100,0,0,0,,0,0,0,,,linear(r2=1.000),18|2288|10473|20360|40923,0.9999,2,0,
0100011010010010000001011010010111010110,40,blowup,16437,19,646813,646813,0.0032,1,0,0,,0,0,0,,,linear(r2=0.854),19|18624|158908|317976|0,0.9998,2,0,
0100011010010001101000000001110011110110,40,opaque,20000,18,7589,8898,0.4037,0,0,0,,0,0,0,,,linear(r2=0.963),18|845|2600|3705|7589,0.9998,2,0,
0100011010010001101000000110011100111010,40,head-recurrent-other,1869,19,500144,500144,1.0000,1,0,0,00000110011100111010,2,917,3,2;9,9;44,n/a,19|196364|0|0|0,0.0000,600,599,argsz9->44/statesz34->159
0100011010010001101000000111001100111010,40,monotone-growth,430,19,507091,507091,1.0000,1,0,0,,0,0,0,,,n/a,19|0|0|0|0,0.9884,2,0,
0100011010010001101000000111001110011010,40,monotone-growth,49,19,633508,633508,1.0000,1,0,0,,0,0,0,,,n/a,19|0|0|0|0,0.8980,2,0,
0100011010010001101000000111001011011010,40,monotone-growth,62,19,737324,737324,1.0000,1,0,0,,0,0,0,,,n/a,19|0|0|0|0,0.9194,2,0,
0100011010010001101000000101110100111010,40,head-recurrent-other,2214,19,500039,500039,1.0000,1,0,0,00000101110100111010,107,1084,2,254;256,9;154,linear(r2=0.970),19|149819|0|0|0,0.0000,1039,1039,argsz9->154/statesz18024->18179
0100011010010001101000000101100111010110,40,head-recurrent-other,2220,19,500264,500264,1.0000,1,0,0,00000101100111010110,178,1093,1,255;255,9;9,linear(r2=0.972),19|152079|0|0|0,0.0000,1623,1623,argsz9->9/statesz19779->19779
0100011010010001100110100000011100110110,40,opaque,20000,19,106745,106748,0.5001,0,0,0,,0,0,0,,,linear(r2=1.000),19|5401|26745|53401|106745,0.9997,2,0,
0100011010010001100110100000011100111010,40,opaque,20000,19,17866,17881,0.3401,0,0,0,,0,0,0,,,linear(r2=0.970),19|4803|7507|10943|17866,0.9997,2,0,
0100011010010001011010100000011100110110,40,head-recurrent-other,20000,19,106713,106716,0.5001,0,0,0,0000011100110110,2,4,1,4;6,15;7,linear(r2=1.000),19|5393|26713|53393|106713,0.9996,3,0,argsz15->7/statesz38->46
0100011010010001011010100000011100111010,40,head-recurrent-other,20000,19,17262,17282,0.3475,0,0,0,0000011100111010,2,4,1,4;6,15;7,linear(r2=0.967),19|4686|7347|10633|17262,0.9996,3,0,argsz15->7/statesz38->46
0100011010010000011001010110110110100010,40,ratchet-candidate,20000,19,119333,129011,0.0006,0,0,0,000110010101100010001010,1,12,12,2;4;14;40;98;220;470;976;1994;4036;8126;16312,14;35;77;161;329;665;1337;2681;5369;10745;21497;43001,linear(r2=0.771),19|7991|29717|59583|119333,0.0000,36,17,
0100011010010000010110010110110101100010,40,head-recurrent-other,20000,19,95906,110621,0.0006,0,0,0,0010,24,14268,2,859;19979,8;2,linear(r2=0.821),19|6563|23906|47903|95906,0.0000,37,26,argsz8->2/statesz6926->95960
0100011000000111001011010110000101101010,40,monotone-growth,57,19,524288,524288,0.9825,1,0,0,,0,0,0,,,n/a,19|0|0|0|0,0.9123,2,0,
0100011000000111001011011010000101101010,40,monotone-growth,57,19,524288,524288,0.9825,1,0,0,,0,0,0,,,n/a,19|0|0|0|0,0.9123,2,0,
0100011000000111001011101010000101101010,40,monotone-growth,57,19,524288,524288,0.9825,1,0,0,,0,0,0,,,n/a,19|0|0|0|0,0.9123,2,0,
0100011000000111100110001110000101101010,40,ratchet-candidate,720,18,557113,557113,0.1306,1,0,0,000101101010,14,7,7,120;179;253;343;450;575;719,31;133;541;2173;8701;34813;139262,n/a,18|0|0|0|0,0.0000,28,14,
0100011000000101110100111010000101101010,40,head-recurrent-other,2136,19,500009,500009,0.9995,1,0,0,00000101110100111010,2,1067,2,2;6,9;19,linear(r2=0.972),19|160029|0|0|0,0.0000,1022,1021,argsz9->19/statesz29->59
0100011000011001100111000110000101101010,40,head-recurrent-other,20000,19,3224,3568,0.5007,0,0,0,00011001100100010110101000110,17,5015,2,1500;19997,15;39,linear(r2=0.731),19|1736|2304|2756|3224,0.0000,25,18,argsz15->39/statesz1956->3183
0100011000011100111000001110000101101010,40,head-recurrent-other,20000,18,65510,66428,0.3353,0,0,0,000101101010,18,6706,2,347;443,146;171,linear(r2=0.999),18|3762|16754|32991|65510,0.0000,119,119,argsz146->171/statesz1691->1725
0100011000011100101110001010000101101010,40,head-recurrent-other,20000,19,52529,53519,0.0050,0,0,0,0010,88,14850,2,13781;14791,2;19,linear(r2=0.999),19|3395|13779|27215|52529,0.0000,104,101,argsz2->19/statesz38238->39162
0100011001100000011100110110000110011010,40,opaque,20000,19,106783,106786,0.5001,0,0,0,,0,0,0,,,linear(r2=1.000),19|5447|26783|53447|106783,0.9996,2,0,
0100011001100000011100110110000101101010,40,ratchet-candidate,20000,19,106725,106728,0.5001,0,0,0,0001010100000111001101100100000111001101100000011100110110000001110011011001100101000001110011011001000001110011011000000111001101100000011100110110,5,3325,64,53;59;65;71;77;83;89;95;101;107;113;119,47;79;111;143;175;207;239;271;303;335;367;399,linear(r2=1.000),19|5381|26725|53381|106725,0.0000,8,7,
0100011001100000011100111010000110011010,40,opaque,20000,19,166258,166261,0.3815,0,0,0,,0,0,0,,,linear(r2=0.502),19|46527|155869|159256|166258,0.9996,2,0,
0100011001100000011100111010000101101010,40,head-recurrent-other,796,19,503776,503776,0.5302,1,0,0,0000011100111010,2,12,1,9;24,38;7,n/a,19|0|0|0|0,0.9661,4,0,argsz38->7/statesz61->154
0001000101100010100000011001011000111010,40,opaque,20000,19,60016,60022,0.3333,0,0,0,,0,0,0,,,linear(r2=1.000),19|3022|15016|30022|60016,1.0000,0,0,
0100010110011001101000100000011100110110,40,head-recurrent-other,20000,19,106760,106760,0.5000,0,0,0,0000011100110110,2,4,1,1;5,23;7,linear(r2=1.000),19|5416|26760|53416|106760,0.9996,2,0,argsz23->7/statesz34->58
0100010110010110101000100000011100110110,40,head-recurrent-other,20000,19,106728,106728,0.5000,0,0,0,0000011100110110,2,5,1,1;7,23;7,linear(r2=1.000),19|5408|26728|53408|106728,0.9995,3,0,argsz23->7/statesz34->58
0100010101101001101000100000011100110110,40,head-recurrent-other,20000,19,106728,106728,0.5000,0,0,0,0000011100110110,2,6,1,3;9,23;7,linear(r2=1.000),19|5384|26728|53384|106728,0.9994,3,0,argsz23->7/statesz34->58
0100010101100110101000100000011100110110,40,ratchet-candidate,20000,19,106701,106701,0.5000,0,0,0,0001010100000111001101100100000111001101100000011100110110000001110011011001100101000001110011011001000001110011011000000111001101100000011100110110,1,3333,64,6;12;18;24;30;36;42;48;54;60;66;72,2;34;66;98;130;162;194;226;258;290;322;354,linear(r2=1.000),19|5357|26701|53357|106701,0.0000,3,2,
0100010101011010101000100000011100110110,40,ratchet-candidate,20000,19,106693,106693,0.5000,0,0,0,0001010100000111001101100100000111001101100000011100110110000001110011011001100101000001110011011001000001110011011000000111001101100000011100110110,1,3333,64,8;14;20;26;32;38;44;50;56;62;68;74,2;34;66;98;130;162;194;226;258;290;322;354,linear(r2=1.000),19|5357|26693|53357|106693,0.0000,4,1,
0100010110100001101100000011100101101010,40,blowup,70,19,1062921,1062921,0.3429,1,0,0,,0,0,0,,,n/a,19|0|0|0|0,0.9429,2,0,
0100010110100001110100000011100101101010,40,blowup,70,19,1062921,1062921,0.3429,1,0,0,,0,0,0,,,n/a,19|0|0|0|0,0.9429,2,0,
0100010110100110001100000011001100110110,40,head-recurrent-other,9055,19,506572,506572,0.3553,1,0,0,0000011001100110110,57,3216,2,736;1121,10;10,linear(r2=1.000),19|49026|270206|0|0,0.0000,230,182,argsz10->10/statesz35834->55978
0100010110100110001100000011001100111010,40,head-recurrent-other,1097,19,500396,500396,0.3437,1,0,0,0000011001100111010,12,376,3,74;102,20;156,n/a,19|437483|0|0|0,0.0000,204,202,argsz20->156/statesz5994->8229
0100010110100100110100000011100101101010,40,blowup,70,19,1062945,1062945,0.3429,1,0,0,,0,0,0,,,n/a,19|0|0|0|0,0.9429,2,0,
0101000101101010000001110010110101100010,40,ratchet-candidate,57,19,540671,540671,0.9825,1,0,0,00010101000001110010110101100000011100101101011000000111001011010110010110100101000001110010110101100000011100101101011000000111001011010110,1,14,14,4;8;12;16;20;24;28;32;36;40;44;48,2;35;101;233;497;1025;2081;4193;8417;16865;33761;67553,n/a,19|0|0|0|0,0.0000,3,1,
0101000101101010000001110010110110100010,40,ratchet-candidate,57,19,540671,540671,0.9825,1,0,0,00010101000001110010110110100000011100101101101000000111001011011010010110010100000111001011011010000001110010110110100000011100101101101010,1,14,14,4;8;12;16;20;24;28;32;36;40;44;48,2;35;101;233;497;1025;2081;4193;8417;16865;33761;67553,n/a,19|0|0|0|0,0.0000,3,1,
0101000101101010000001110010111010100010,40,ratchet-candidate,57,19,540671,540671,0.9825,1,0,0,00010101000001110010111010100000011100101110101000000111001011101010010101010000011100101110101000000111001011101010000001110010111010101010,1,14,14,4;8;12;16;20;24;28;32;36;40;44;48,2;35;101;233;497;1025;2081;4193;8417;16865;33761;67553,n/a,19|0|0|0|0,0.0000,3,1,
0101000101101010000001011101001110100010,40,head-recurrent-other,2135,19,500012,500012,1.0000,1,0,0,00000101110100111010,3,1067,2,1;5,9;19,linear(r2=0.972),19|160327|0|0|0,0.0000,1023,1022,argsz9->19/statesz32->62
0100010101101010001000000111001011010110,40,ratchet-candidate,57,19,540671,540671,0.9825,1,0,0,00010101000001110010110101100000011100101101011000000111001011010110010110100101000001110010110101100000011100101101011000000111001011010110,1,14,14,4;8;12;16;20;24;28;32;36;40;44;48,2;35;101;233;497;1025;2081;4193;8417;16865;33761;67553,n/a,19|0|0|0|0,0.0000,3,1,
0100010101101010001000000111001011011010,40,ratchet-candidate,57,19,540671,540671,0.9825,1,0,0,00010101000001110010110110100000011100101101101000000111001011011010010110010100000111001011011010000001110010110110100000011100101101101010,1,14,14,4;8;12;16;20;24;28;32;36;40;44;48,2;35;101;233;497;1025;2081;4193;8417;16865;33761;67553,n/a,19|0|0|0|0,0.0000,3,1,
0100010101101010001000000111001011101010,40,ratchet-candidate,57,19,540671,540671,0.9825,1,0,0,00010101000001110010111010100000011100101110101000000111001011101010010101010000011100101110101000000111001011101010000001110010111010101010,1,14,14,4;8;12;16;20;24;28;32;36;40;44;48,2;35;101;233;497;1025;2081;4193;8417;16865;33761;67553,n/a,19|0|0|0|0,0.0000,3,1,
0100010101101010001000000101110100111010,40,head-recurrent-other,2135,19,500012,500012,1.0000,1,0,0,00000101110100111010,3,1067,2,1;5,9;19,linear(r2=0.972),19|160327|0|0|0,0.0000,1023,1022,argsz9->19/statesz32->62
0000010100011000110000101101000011011010,40,opaque,20000,19,525,1299,0.0071,0,0,0,,0,0,0,,,linear(r2=0.317),19|300|585|636|525,1.0000,0,0,
0100010110100010000001100101110011010110,40,opaque,20000,19,169923,180546,0.0039,0,0,0,,0,0,0,,,linear(r2=0.904),19|6047|42807|85193|169923,0.9997,2,0,
0100010110100010000001110000111001111010,40,opaque,20000,18,40521,40818,0.0100,0,0,0,,0,0,0,,,linear(r2=1.000),18|2196|10271|20076|40521,0.9998,2,0,
0100010110100010000001011100011100110110,40,opaque,20000,18,254660,256067,0.0196,0,0,0,,0,0,0,,,linear(r2=1.000),18|12015|62260|124697|254660,0.9997,2,0,
0101000110011010000001110011011000011010,40,opaque,20000,19,106722,106722,0.5001,0,0,0,,0,0,0,,,linear(r2=1.000),19|5402|26722|53402|106722,0.9997,2,0,
0101000101101010000001110011011000011010,40,head-recurrent-other,20000,19,106722,106722,0.5001,0,0,0,0000011100110110,2,4,1,3;5,15;7,linear(r2=1.000),19|5378|26722|53378|106722,0.9996,3,0,argsz15->7/statesz28->36
0100011001100110100001100000011100110110,40,head-recurrent-other,20000,19,106666,106669,0.5000,0,0,0,0000011100110110,2,4,1,7;9,15;7,linear(r2=1.000),19|5322|26666|53322|106666,0.9994,3,0,argsz15->7/statesz31->39
0100011001011010100000011001011000111010,40,opaque,20000,19,60034,60037,0.3333,0,0,0,,0,0,0,,,linear(r2=1.000),19|3040|15034|30040|60034,0.9999,1,0,
0100011001011010100000010110110000110110,40,opaque,20000,19,940,1525,0.0100,0,0,0,,0,0,0,,,linear(r2=0.705),19|280|490|925|940,0.9999,1,0,
0100011001011010100000010111010000110110,40,opaque,20000,19,940,1528,0.0100,0,0,0,,0,0,0,,,linear(r2=0.705),19|280|490|925|940,0.9999,1,0,
0100011001011010100000010101101000111010,40,opaque,20000,19,6714,6730,0.3333,0,0,0,,0,0,0,,,linear(r2=1.000),19|384|1714|3384|6714,0.9999,1,0,
0100011001011010100001100000011100110110,40,head-recurrent-other,20000,19,100005,100011,0.4285,0,0,0,0000011100110110,2,4,1,6;9,18;7,linear(r2=1.000),19|5021|25003|50020|100005,0.9994,3,0,argsz18->7/statesz34->42
0100011001011010100001100000011100111010,40,head-recurrent-other,4089,19,500206,500206,0.4996,1,0,0,0000011100111010,2,13,1,6;30,18;7,linear(r2=1.000),19|126041|0|0|0,0.9919,4,0,argsz18->7/statesz34->95
0100010110100110011010000001110011000110,40,blowup,158,19,516099,516099,0.2468,1,0,0,,0,0,0,,,n/a,19|0|0|0|0,0.9747,2,0,
